time, Futek, ENCL, ENCR, X, Y, Z, W 
2.5748 ,8353218 ,-101 ,1 ,0.0 ,0.0 ,0.0 ,0.0
2.5853 ,8353031 ,-101 ,1 ,0.0 ,0.0 ,0.0 ,0.0
2.596 ,8353238 ,-101 ,1 ,0.0 ,0.0 ,0.0 ,0.0
2.6064 ,8352924 ,-101 ,1 ,0.0 ,0.0 ,0.0 ,0.0
2.6169 ,8353055 ,-101 ,1 ,0.0 ,0.0 ,0.0 ,0.0
2.6273 ,8352955 ,-101 ,1 ,-0.00506591796875 ,0.0538330078125 ,0.697265625 ,0.714782714844
2.6378 ,8352885 ,-101 ,1 ,-0.00494384765625 ,0.0537109375 ,0.697082519531 ,0.714904785156
2.6484 ,8352591 ,-101 ,1 ,-0.0048828125 ,0.0535888671875 ,0.696960449219 ,0.715087890625
2.6597 ,8353515 ,-101 ,1 ,-0.0054931640625 ,0.0537109375 ,0.69677734375 ,0.715270996094
2.6741 ,8352751 ,-101 ,1 ,-0.00604248046875 ,0.0538330078125 ,0.696655273438 ,0.715393066406
2.6847 ,8353069 ,-101 ,1 ,-0.00653076171875 ,0.053955078125 ,0.696533203125 ,0.715454101562
2.6953 ,8353065 ,-101 ,1 ,-0.00701904296875 ,0.0540161132812 ,0.696411132812 ,0.715576171875
2.7059 ,8353539 ,-101 ,1 ,-0.0074462890625 ,0.0540161132812 ,0.696350097656 ,0.715637207031
2.7167 ,8352391 ,-101 ,1 ,-0.00787353515625 ,0.053955078125 ,0.696228027344 ,0.715759277344
2.7278 ,8353169 ,-101 ,1 ,-0.00823974609375 ,0.0538940429688 ,0.696166992188 ,0.7158203125
2.7386 ,8353121 ,-101 ,1 ,-0.008544921875 ,0.0538330078125 ,0.696044921875 ,0.715942382812
2.7497 ,8352564 ,-101 ,1 ,-0.00897216796875 ,0.053955078125 ,0.695861816406 ,0.716064453125
2.7657 ,8352882 ,-101 ,1 ,-0.0091552734375 ,0.0541381835938 ,0.69580078125 ,0.716186523438
2.7762 ,8352578 ,-101 ,1 ,-0.00927734375 ,0.05419921875 ,0.695678710938 ,0.716247558594
2.7867 ,8352072 ,-101 ,1 ,-0.00982666015625 ,0.0542602539062 ,0.695495605469 ,0.716430664062
2.7972 ,8352844 ,-101 ,1 ,-0.0101318359375 ,0.05419921875 ,0.6953125 ,0.716613769531
2.8078 ,8352643 ,-101 ,1 ,-0.01025390625 ,0.053955078125 ,0.695129394531 ,0.716796875
2.8191 ,8352425 ,-101 ,1 ,-0.0101928710938 ,0.0535888671875 ,0.694702148438 ,0.717224121094
2.8334 ,8352501 ,-101 ,1 ,-0.01025390625 ,0.0535278320312 ,0.694458007812 ,0.717468261719
2.8438 ,8352384 ,-101 ,1 ,-0.0103759765625 ,0.0535888671875 ,0.694152832031 ,0.7177734375
2.8545 ,8352796 ,-101 ,1 ,-0.0105590820312 ,0.0537109375 ,0.693786621094 ,0.718078613281
2.866 ,8352152 ,-101 ,1 ,-0.0106201171875 ,0.0537719726562 ,0.693420410156 ,0.718444824219
2.8766 ,8352418 ,-101 ,1 ,-0.0106201171875 ,0.0537719726562 ,0.693054199219 ,0.71875
2.8874 ,8351951 ,-101 ,1 ,-0.010498046875 ,0.0537109375 ,0.69287109375 ,0.718994140625
2.898 ,8352076 ,-101 ,1 ,-0.01025390625 ,0.0535888671875 ,0.692687988281 ,0.719177246094
2.9086 ,8352097 ,-101 ,1 ,-0.0105590820312 ,0.0535888671875 ,0.692626953125 ,0.71923828125
2.9193 ,8352661 ,-101 ,1 ,-0.0115356445312 ,0.0540161132812 ,0.692565917969 ,0.71923828125
2.935 ,8352879 ,-101 ,1 ,-0.01220703125 ,0.0543212890625 ,0.692687988281 ,0.719055175781
2.9462 ,8351955 ,-101 ,1 ,-0.0128173828125 ,0.0546264648438 ,0.69287109375 ,0.718872070312
2.9568 ,8352726 ,-101 ,1 ,-0.01318359375 ,0.0548706054688 ,0.693054199219 ,0.718688964844
2.9678 ,8352270 ,-101 ,1 ,-0.0134887695312 ,0.054931640625 ,0.693298339844 ,0.718383789062
2.9791 ,8352159 ,-101 ,1 ,-0.0138549804688 ,0.0549926757812 ,0.693969726562 ,0.7177734375
2.9947 ,8352543 ,-101 ,1 ,-0.0140380859375 ,0.0550537109375 ,0.6943359375 ,0.717407226562
3.0051 ,8352602 ,-101 ,1 ,-0.0143432617188 ,0.0550537109375 ,0.694702148438 ,0.717041015625
3.0168 ,8352667 ,-101 ,1 ,-0.0145874023438 ,0.0550537109375 ,0.695007324219 ,0.716735839844
3.0273 ,8351979 ,-101 ,1 ,-0.0148315429688 ,0.0551147460938 ,0.695251464844 ,0.716491699219
3.0378 ,8352418 ,-101 ,1 ,-0.01513671875 ,0.05517578125 ,0.695495605469 ,0.71630859375
3.0483 ,8352086 ,-101 ,1 ,-0.0154418945312 ,0.0551147460938 ,0.695617675781 ,0.716125488281
3.0592 ,8351962 ,-101 ,1 ,-0.0157470703125 ,0.0548095703125 ,0.695861816406 ,0.715942382812
3.075 ,8352363 ,-101 ,1 ,-0.015625 ,0.0546264648438 ,0.695922851562 ,0.715881347656
3.0856 ,8351993 ,-101 ,1 ,-0.0151977539062 ,0.0543212890625 ,0.695983886719 ,0.7158203125
3.0962 ,8351965 ,-101 ,1 ,-0.0148315429688 ,0.053955078125 ,0.696044921875 ,0.7158203125
3.1067 ,8351768 ,-101 ,1 ,-0.0145874023438 ,0.0538330078125 ,0.696166992188 ,0.715698242188
3.1171 ,8352110 ,-101 ,1 ,-0.0146484375 ,0.053955078125 ,0.6962890625 ,0.715576171875
3.1276 ,8352477 ,-101 ,1 ,-0.0149536132812 ,0.0540771484375 ,0.696472167969 ,0.715393066406
3.1381 ,8351830 ,-101 ,1 ,-0.0151977539062 ,0.054443359375 ,0.696716308594 ,0.715148925781
3.149 ,8351522 ,-101 ,1 ,-0.0152587890625 ,0.0547485351562 ,0.697143554688 ,0.714660644531
3.1665 ,8351539 ,-101 ,1 ,-0.014892578125 ,0.0545654296875 ,0.697570800781 ,0.714294433594
3.1772 ,8352602 ,-101 ,1 ,-0.014404296875 ,0.0543212890625 ,0.697998046875 ,0.7138671875
3.1879 ,8351595 ,-101 ,1 ,-0.013916015625 ,0.0540771484375 ,0.698425292969 ,0.713500976562
3.1985 ,8353103 ,-101 ,1 ,-0.0135498046875 ,0.0538940429688 ,0.698852539062 ,0.713073730469
3.2095 ,8351858 ,-101 ,1 ,-0.0134887695312 ,0.0540161132812 ,0.699768066406 ,0.712219238281
3.2246 ,8352875 ,-101 ,1 ,-0.013671875 ,0.0542602539062 ,0.7001953125 ,0.711791992188
3.2351 ,8351858 ,-101 ,1 ,-0.0137939453125 ,0.054443359375 ,0.700622558594 ,0.711303710938
3.2459 ,8351456 ,-101 ,1 ,-0.0140380859375 ,0.054443359375 ,0.701049804688 ,0.710876464844
3.2564 ,8351595 ,-101 ,1 ,-0.0140380859375 ,0.0542602539062 ,0.701477050781 ,0.710510253906
3.2673 ,8352252 ,-101 ,1 ,-0.0137939453125 ,0.0538940429688 ,0.701782226562 ,0.710205078125
3.2781 ,8352204 ,-101 ,1 ,-0.0131225585938 ,0.0531616210938 ,0.702392578125 ,0.709655761719
3.2935 ,8351661 ,-101 ,1 ,-0.0128784179688 ,0.0530395507812 ,0.70263671875 ,0.709411621094
3.3041 ,8352404 ,-101 ,1 ,-0.0128173828125 ,0.052978515625 ,0.702880859375 ,0.709228515625
3.3171 ,8352404 ,-101 ,1 ,-0.0130004882812 ,0.052978515625 ,0.703125 ,0.708984375
3.3288 ,8351865 ,-101 ,1 ,-0.0128784179688 ,0.0529174804688 ,0.70361328125 ,0.70849609375
3.3432 ,8352007 ,-101 ,1 ,-0.0127563476562 ,0.0528564453125 ,0.703918457031 ,0.708251953125
3.3539 ,8351626 ,-101 ,1 ,-0.0126342773438 ,0.052734375 ,0.7041015625 ,0.7080078125
3.3671 ,8351716 ,-101 ,1 ,-0.0126342773438 ,0.0526123046875 ,0.704406738281 ,0.707763671875
3.3779 ,8352245 ,-101 ,1 ,-0.0126342773438 ,0.052490234375 ,0.704650878906 ,0.70751953125
3.3886 ,8351993 ,-101 ,1 ,-0.0126342773438 ,0.0523681640625 ,0.704956054688 ,0.707214355469
3.3996 ,8351577 ,-101 ,1 ,-0.0123901367188 ,0.0521850585938 ,0.705627441406 ,0.706604003906
3.4166 ,8352048 ,-101 ,1 ,-0.0120849609375 ,0.052001953125 ,0.705993652344 ,0.706237792969
3.4276 ,8352124 ,-101 ,1 ,-0.0117797851562 ,0.052001953125 ,0.706359863281 ,0.705810546875
3.4382 ,8352190 ,-101 ,1 ,-0.0116577148438 ,0.0521240234375 ,0.706787109375 ,0.705444335938
3.4491 ,8352062 ,-101 ,1 ,-0.0116577148438 ,0.0524291992188 ,0.707580566406 ,0.70458984375
3.4665 ,8352103 ,-101 ,1 ,-0.01171875 ,0.052490234375 ,0.707946777344 ,0.704223632812
3.4777 ,8352533 ,-101 ,1 ,-0.0116577148438 ,0.0525512695312 ,0.708251953125 ,0.703918457031
3.4883 ,8351605 ,-101 ,1 ,-0.0115966796875 ,0.052490234375 ,0.708557128906 ,0.70361328125
3.4993 ,8352425 ,-101 ,1 ,-0.0112915039062 ,0.0521850585938 ,0.708984375 ,0.703247070312
3.5174 ,8351692 ,-101 ,1 ,-0.01123046875 ,0.0519409179688 ,0.709045410156 ,0.703125
3.528 ,8352186 ,-101 ,1 ,-0.01123046875 ,0.0516967773438 ,0.709045410156 ,0.703125
3.539 ,8351647 ,-101 ,1 ,-0.011474609375 ,0.0513305664062 ,0.708984375 ,0.703308105469
3.554 ,8351636 ,-101 ,1 ,-0.0115966796875 ,0.0514526367188 ,0.708801269531 ,0.703430175781
3.5672 ,8352159 ,-101 ,1 ,-0.0116577148438 ,0.0515747070312 ,0.708679199219 ,0.703552246094
3.5789 ,8351934 ,-101 ,1 ,-0.0112915039062 ,0.0510864257812 ,0.70849609375 ,0.703796386719
3.5936 ,8351370 ,-101 ,1 ,-0.0108642578125 ,0.0509643554688 ,0.708557128906 ,0.703735351562
3.6041 ,8352270 ,-101 ,1 ,-0.0106201171875 ,0.0506591796875 ,0.708740234375 ,0.703552246094
3.6162 ,8351598 ,-101 ,1 ,-0.0105590820312 ,0.0506591796875 ,0.708923339844 ,0.703430175781
3.6267 ,8352045 ,-101 ,1 ,-0.0105590820312 ,0.0509643554688 ,0.709045410156 ,0.703247070312
3.6375 ,8351398 ,-101 ,1 ,-0.0108032226562 ,0.0512084960938 ,0.709228515625 ,0.703063964844
3.648 ,8351564 ,-101 ,1 ,-0.0110473632812 ,0.0513305664062 ,0.709411621094 ,0.702819824219
3.6591 ,8351363 ,-101 ,1 ,-0.0111083984375 ,0.0513305664062 ,0.7099609375 ,0.702270507812
3.6734 ,8351297 ,-101 ,1 ,-0.0108032226562 ,0.0509643554688 ,0.710205078125 ,0.702087402344
3.6843 ,8351965 ,-101 ,1 ,-0.0103759765625 ,0.0507202148438 ,0.71044921875 ,0.701843261719
3.6947 ,8352186 ,-101 ,1 ,-0.0101318359375 ,0.050537109375 ,0.710632324219 ,0.70166015625
3.7053 ,8351384 ,-101 ,1 ,-0.0101318359375 ,0.0503540039062 ,0.710754394531 ,0.701538085938
3.7166 ,8351121 ,-101 ,0 ,-0.0101928710938 ,0.05029296875 ,0.710815429688 ,0.701477050781
3.727 ,8352020 ,-101 ,0 ,-0.0103759765625 ,0.0503540039062 ,0.710876464844 ,0.701416015625
3.7375 ,8351491 ,-101 ,0 ,-0.0106811523438 ,0.0503540039062 ,0.710876464844 ,0.701416015625
3.7479 ,8351699 ,-101 ,0 ,-0.0108032226562 ,0.0502319335938 ,0.710815429688 ,0.701477050781
3.7585 ,8351775 ,-101 ,0 ,-0.0106811523438 ,0.050048828125 ,0.710754394531 ,0.701599121094
3.7692 ,8351692 ,-101 ,0 ,-0.0101928710938 ,0.0493774414062 ,0.710510253906 ,0.701904296875
3.7839 ,8351342 ,-101 ,0 ,-0.00982666015625 ,0.0490112304688 ,0.710388183594 ,0.702026367188
3.7944 ,8350993 ,-101 ,0 ,-0.0096435546875 ,0.048828125 ,0.710266113281 ,0.702209472656
3.8049 ,8350595 ,-101 ,0 ,-0.0096435546875 ,0.0487670898438 ,0.710144042969 ,0.702331542969
3.8169 ,8351159 ,-101 ,0 ,-0.00982666015625 ,0.0488891601562 ,0.710021972656 ,0.702453613281
3.8277 ,8350484 ,-101 ,0 ,-0.0100708007812 ,0.049072265625 ,0.709899902344 ,0.702514648438
3.8384 ,8350937 ,-101 ,0 ,-0.0103759765625 ,0.04931640625 ,0.709838867188 ,0.702514648438
3.8494 ,8351072 ,-101 ,0 ,-0.0107421875 ,0.0496826171875 ,0.709899902344 ,0.702453613281
3.8672 ,8351072 ,-101 ,0 ,-0.0108032226562 ,0.0498046875 ,0.7099609375 ,0.702392578125
3.8781 ,8351308 ,-101 ,0 ,-0.0108642578125 ,0.0498657226562 ,0.710144042969 ,0.702209472656
3.8889 ,8351546 ,-101 ,0 ,-0.0110473632812 ,0.05029296875 ,0.71044921875 ,0.701843261719
3.9034 ,8351446 ,-101 ,0 ,-0.01123046875 ,0.0504760742188 ,0.710571289062 ,0.701721191406
3.9164 ,8351501 ,-101 ,0 ,-0.0114135742188 ,0.0507202148438 ,0.710754394531 ,0.701477050781
3.9275 ,8351809 ,-101 ,0 ,-0.0121459960938 ,0.05126953125 ,0.711120605469 ,0.701049804688
3.9431 ,8351533 ,-101 ,0 ,-0.0121459960938 ,0.05126953125 ,0.711120605469 ,0.701049804688
3.9539 ,8351536 ,-101 ,0 ,-0.011962890625 ,0.0511474609375 ,0.710998535156 ,0.701232910156
3.9664 ,8351588 ,-101 ,0 ,-0.01171875 ,0.0509643554688 ,0.710815429688 ,0.701416015625
3.9769 ,8351823 ,-101 ,0 ,-0.011474609375 ,0.05078125 ,0.710693359375 ,0.701538085938
3.9877 ,8352297 ,-101 ,0 ,-0.0112915039062 ,0.0507202148438 ,0.710571289062 ,0.701721191406
3.9984 ,8352605 ,-101 ,1 ,-0.0112915039062 ,0.0507202148438 ,0.710327148438 ,0.701965332031
4.0092 ,8351868 ,-101 ,1 ,-0.0113525390625 ,0.0507202148438 ,0.709838867188 ,0.702392578125
4.0233 ,8352180 ,-101 ,1 ,-0.0111694335938 ,0.0506591796875 ,0.709655761719 ,0.70263671875
4.034 ,8352439 ,-101 ,1 ,-0.010498046875 ,0.0504150390625 ,0.709228515625 ,0.703063964844
4.0533 ,8351989 ,-101 ,1 ,-0.0103149414062 ,0.0504150390625 ,0.709106445312 ,0.703247070312
4.066 ,8352709 ,-101 ,1 ,-0.01025390625 ,0.050537109375 ,0.709106445312 ,0.703247070312
4.0768 ,8351470 ,-101 ,1 ,-0.01025390625 ,0.0506591796875 ,0.709228515625 ,0.703063964844
4.0874 ,8352079 ,-101 ,1 ,-0.0105590820312 ,0.0509643554688 ,0.709411621094 ,0.702880859375
4.098 ,8351771 ,-101 ,1 ,-0.0111694335938 ,0.0516357421875 ,0.709411621094 ,0.702758789062
4.1164 ,8351771 ,-101 ,1 ,-0.0113525390625 ,0.0518188476562 ,0.709289550781 ,0.702941894531
4.1273 ,8352131 ,-102 ,1 ,-0.0116577148438 ,0.0523681640625 ,0.708740234375 ,0.703430175781
4.1533 ,8351757 ,-102 ,1 ,-0.0120239257812 ,0.0525512695312 ,0.708068847656 ,0.7041015625
4.1746 ,8352927 ,-102 ,1 ,-0.0123901367188 ,0.0525512695312 ,0.707580566406 ,0.70458984375
4.1862 ,8352661 ,-102 ,1 ,-0.0167846679688 ,0.0526123046875 ,0.698364257812 ,0.713623046875
4.2835 ,8355903 ,-102 ,1 ,-0.0169067382812 ,0.052490234375 ,0.697326660156 ,0.714660644531
4.294 ,8356204 ,-102 ,1 ,-0.017578125 ,0.0532836914062 ,0.694580078125 ,0.717224121094
4.3275 ,8356598 ,-102 ,2 ,-0.0170288085938 ,0.0546875 ,0.693603515625 ,0.718078613281
4.3536 ,8358505 ,-102 ,3 ,-0.0162963867188 ,0.054931640625 ,0.694091796875 ,0.717651367188
4.3666 ,8359027 ,-101 ,4 ,-0.0151977539062 ,0.0552978515625 ,0.695007324219 ,0.716674804688
4.3777 ,8359578 ,-101 ,5 ,-0.0135498046875 ,0.0558471679688 ,0.696472167969 ,0.715270996094
4.3885 ,8358771 ,-101 ,9 ,-0.00067138671875 ,0.0552978515625 ,0.710754394531 ,0.701232910156
4.4338 ,8359546 ,-101 ,10 ,0.00244140625 ,0.054443359375 ,0.713195800781 ,0.698791503906
4.4444 ,8359841 ,-100 ,10 ,0.00616455078125 ,0.0531005859375 ,0.715698242188 ,0.696350097656
4.4554 ,8358636 ,-99 ,10 ,0.0108032226562 ,0.0504760742188 ,0.719360351562 ,0.692749023438
4.4672 ,8357398 ,-99 ,10 ,0.0165405273438 ,0.0474853515625 ,0.72314453125 ,0.688842773438
4.4787 ,8357391 ,-99 ,10 ,0.03955078125 ,0.0242309570312 ,0.759887695312 ,0.6484375
4.5337 ,8356737 ,-98 ,7 ,-0.0460815429688 ,0.102844238281 ,0.783813476562 ,0.610717773438
4.7676 ,8355664 ,-99 ,6 ,-0.0589599609375 ,0.110473632812 ,0.776062011719 ,0.618103027344
4.7867 ,8356366 ,-103 ,6 ,-0.0659790039062 ,0.114379882812 ,0.772521972656 ,0.62109375
4.7985 ,8357470 ,-103 ,6 ,-0.0734252929688 ,0.118713378906 ,0.7685546875 ,0.624389648438
4.8095 ,8357847 ,-103 ,6 ,-0.0885620117188 ,0.127258300781 ,0.759887695312 ,0.631286621094
4.8236 ,8357962 ,-103 ,6 ,-0.094482421875 ,0.130554199219 ,0.755676269531 ,0.634765625
4.8343 ,8358778 ,-103 ,6 ,-0.0999755859375 ,0.133605957031 ,0.751220703125 ,0.638610839844
4.845 ,8358166 ,-103 ,6 ,-0.10498046875 ,0.136474609375 ,0.746337890625 ,0.642883300781
4.8558 ,8359121 ,-103 ,6 ,-0.10986328125 ,0.138671875 ,0.7412109375 ,0.647521972656
4.8667 ,8358370 ,-103 ,6 ,-0.114501953125 ,0.140747070312 ,0.735717773438 ,0.652526855469
4.8776 ,8359052 ,-103 ,6 ,-0.119262695312 ,0.142578125 ,0.72998046875 ,0.65771484375
4.8885 ,8358564 ,-103 ,6 ,-0.123962402344 ,0.144165039062 ,0.724304199219 ,0.662719726562
4.8994 ,8358377 ,-103 ,6 ,-0.13037109375 ,0.145812988281 ,0.713562011719 ,0.672729492188
4.9159 ,8357910 ,-103 ,6 ,-0.130737304688 ,0.146179199219 ,0.708679199219 ,0.677734375
4.9273 ,8356643 ,-103 ,7 ,-0.130432128906 ,0.145202636719 ,0.703918457031 ,0.682922363281
4.9385 ,8355681 ,-103 ,7 ,-0.128967285156 ,0.143981933594 ,0.698852539062 ,0.688659667969
4.9499 ,8354809 ,-102 ,7 ,-0.124450683594 ,0.139099121094 ,0.686706542969 ,0.702514648438
4.9663 ,8353640 ,-102 ,7 ,-0.120056152344 ,0.134521484375 ,0.683532714844 ,0.707336425781
4.9775 ,8352553 ,-102 ,7 ,-0.113952636719 ,0.129333496094 ,0.681640625 ,0.711120605469
4.9886 ,8351920 ,-101 ,7 ,-0.0982666015625 ,0.11767578125 ,0.681579589844 ,0.715515136719
5.0041 ,8352384 ,-101 ,8 ,-0.0885620117188 ,0.111938476562 ,0.683471679688 ,0.715881347656
5.0163 ,8352013 ,-101 ,8 ,-0.0781860351562 ,0.105163574219 ,0.684997558594 ,0.716674804688
5.028 ,8350778 ,-101 ,8 ,-0.0674438476562 ,0.0990600585938 ,0.685485839844 ,0.718139648438
5.0391 ,8350391 ,-101 ,8 ,-0.0477294921875 ,0.0938720703125 ,0.684509277344 ,0.721374511719
5.0535 ,8349899 ,-100 ,8 ,-0.0411987304688 ,0.0926513671875 ,0.680725097656 ,0.725463867188
5.0663 ,8349789 ,-100 ,8 ,-0.0362548828125 ,0.0924072265625 ,0.676025390625 ,0.730163574219
5.0772 ,8349740 ,-100 ,8 ,-0.0269165039062 ,0.0914306640625 ,0.665283203125 ,0.740478515625
5.0943 ,8349024 ,-99 ,8 ,-0.0219116210938 ,0.0885009765625 ,0.659790039062 ,0.745910644531
5.1053 ,8348076 ,-99 ,7 ,-0.0162353515625 ,0.08447265625 ,0.654541015625 ,0.751098632812
5.1162 ,8349007 ,-99 ,7 ,-0.00970458984375 ,0.0797119140625 ,0.649780273438 ,0.755859375
5.1277 ,8348359 ,-99 ,7 ,-0.0025634765625 ,0.0738525390625 ,0.645751953125 ,0.759948730469
5.1392 ,8348709 ,-99 ,6 ,0.0103759765625 ,0.0614624023438 ,0.638488769531 ,0.76708984375
5.1538 ,8348868 ,-99 ,6 ,0.0142822265625 ,0.05810546875 ,0.635620117188 ,0.769714355469
5.166 ,8348681 ,-99 ,6 ,0.0169067382812 ,0.05615234375 ,0.633544921875 ,0.771484375
5.1779 ,8347747 ,-99 ,5 ,0.0187377929688 ,0.0541381835938 ,0.631958007812 ,0.772888183594
5.1892 ,8347699 ,-100 ,5 ,0.0235595703125 ,0.0504760742188 ,0.628723144531 ,0.775634765625
5.2041 ,8347560 ,-100 ,5 ,0.026611328125 ,0.0477905273438 ,0.627685546875 ,0.776550292969
5.2166 ,8346941 ,-100 ,5 ,0.0303344726562 ,0.0443115234375 ,0.626281738281 ,0.777709960938
5.2286 ,8346733 ,-100 ,5 ,0.034912109375 ,0.0403442382812 ,0.625061035156 ,0.778747558594
5.2397 ,8346314 ,-100 ,4 ,0.0432739257812 ,0.0313720703125 ,0.620910644531 ,0.782043457031
5.2535 ,8346058 ,-100 ,4 ,0.0462036132812 ,0.0280151367188 ,0.617919921875 ,0.784362792969
5.266 ,8346501 ,-100 ,4 ,0.0480346679688 ,0.0260009765625 ,0.615600585938 ,0.786193847656
5.2773 ,8346186 ,-101 ,4 ,0.0487670898438 ,0.0249633789062 ,0.613464355469 ,0.787780761719
5.288 ,8345820 ,-101 ,3 ,0.04931640625 ,0.0244140625 ,0.611755371094 ,0.789123535156
5.2989 ,8346349 ,-101 ,3 ,0.0532836914062 ,0.0216064453125 ,0.609619140625 ,0.790649414062
5.316 ,8346121 ,-101 ,3 ,0.0565795898438 ,0.0184936523438 ,0.60888671875 ,0.791015625
5.3268 ,8346505 ,-102 ,3 ,0.0599365234375 ,0.0145263671875 ,0.6083984375 ,0.791259765625
5.3376 ,8346013 ,-102 ,3 ,0.0628662109375 ,0.010986328125 ,0.607849121094 ,0.791442871094
5.3484 ,8346570 ,-102 ,3 ,0.06494140625 ,0.00885009765625 ,0.607299804688 ,0.791748046875
5.3595 ,8346218 ,-102 ,3 ,0.064697265625 ,0.0081787109375 ,0.6064453125 ,0.792419433594
5.3731 ,8345944 ,-103 ,2 ,0.064208984375 ,0.00836181640625 ,0.605712890625 ,0.793029785156
5.3839 ,8346425 ,-103 ,2 ,0.0645751953125 ,0.0079345703125 ,0.604858398438 ,0.793701171875
5.3944 ,8346799 ,-103 ,2 ,0.06591796875 ,0.00634765625 ,0.604431152344 ,0.793884277344
5.4049 ,8346498 ,-103 ,2 ,0.0682983398438 ,0.0035400390625 ,0.604248046875 ,0.793823242188
5.416 ,8346370 ,-103 ,2 ,0.0713500976562 ,0.00018310546875 ,0.60400390625 ,0.793762207031
5.427 ,8347283 ,-104 ,2 ,0.073974609375 ,-0.00286865234375 ,0.603759765625 ,0.793762207031
5.438 ,8346951 ,-104 ,1 ,0.0756225585938 ,-0.00543212890625 ,0.603515625 ,0.793762207031
5.4493 ,8347809 ,-104 ,1 ,0.076904296875 ,-0.009521484375 ,0.603271484375 ,0.793762207031
5.4662 ,8347311 ,-104 ,1 ,0.0773315429688 ,-0.0114135742188 ,0.602844238281 ,0.794006347656
5.4778 ,8347847 ,-104 ,0 ,0.078125 ,-0.013671875 ,0.602111816406 ,0.794494628906
5.4891 ,8347975 ,-104 ,0 ,0.08154296875 ,-0.020263671875 ,0.600341796875 ,0.795349121094
5.5039 ,8348180 ,-104 ,0 ,0.0841674804688 ,-0.0242919921875 ,0.599609375 ,0.795471191406
5.5164 ,8348577 ,-104 ,-1 ,0.0867919921875 ,-0.0277709960938 ,0.598083496094 ,0.796264648438
5.528 ,8349456 ,-104 ,-1 ,0.08837890625 ,-0.02978515625 ,0.594604492188 ,0.798583984375
5.5393 ,8349934 ,-104 ,-1 ,0.0892944335938 ,-0.0321655273438 ,0.590698242188 ,0.80126953125
5.5532 ,8350318 ,-103 ,0 ,0.090087890625 ,-0.0345458984375 ,0.5888671875 ,0.802429199219
5.5659 ,8350318 ,-103 ,0 ,0.0914916992188 ,-0.0380859375 ,0.587280273438 ,0.803344726562
5.577 ,8350038 ,-103 ,1 ,0.0942993164062 ,-0.0418090820312 ,0.586120605469 ,0.803649902344
5.5878 ,8352000 ,-102 ,3 ,0.103454589844 ,-0.0581665039062 ,0.583984375 ,0.803039550781
5.6159 ,8353166 ,-102 ,5 ,0.104248046875 ,-0.0631103515625 ,0.583923339844 ,0.802612304688
5.6273 ,8352989 ,-101 ,7 ,0.104064941406 ,-0.068115234375 ,0.58447265625 ,0.801818847656
5.638 ,8354083 ,-101 ,9 ,0.104675292969 ,-0.0745849609375 ,0.585388183594 ,0.800476074219
5.6497 ,8353744 ,-100 ,12 ,0.106018066406 ,-0.0895385742188 ,0.587036132812 ,0.797607421875
5.6662 ,8354643 ,-99 ,16 ,0.106140136719 ,-0.0963745117188 ,0.587463378906 ,0.796447753906
5.6778 ,8355418 ,-98 ,18 ,0.106689453125 ,-0.103332519531 ,0.587463378906 ,0.795532226562
5.6895 ,8355906 ,-97 ,21 ,0.114074707031 ,-0.121765136719 ,0.585266113281 ,0.793518066406
5.7038 ,8356692 ,-96 ,25 ,0.120422363281 ,-0.133728027344 ,0.584533691406 ,0.791137695312
5.7172 ,8356155 ,-95 ,28 ,0.133972167969 ,-0.155944824219 ,0.571960449219 ,0.794128417969
5.734 ,8356540 ,-95 ,30 ,0.139343261719 ,-0.161987304688 ,0.570251464844 ,0.793212890625
5.7451 ,8356252 ,-95 ,31 ,0.141357421875 ,-0.163391113281 ,0.569152832031 ,0.793334960938
5.7565 ,8354969 ,-96 ,31 ,0.140808105469 ,-0.159973144531 ,0.5693359375 ,0.794006347656
5.7673 ,8354128 ,-96 ,31 ,0.135925292969 ,-0.156005859375 ,0.559020996094 ,0.802917480469
5.779 ,8352865 ,-96 ,31 ,0.129516601562 ,-0.145568847656 ,0.562927246094 ,0.80322265625
5.7941 ,8349768 ,-97 ,30 ,0.128295898438 ,-0.144470214844 ,0.566650390625 ,0.800964355469
5.8052 ,8346750 ,-97 ,29 ,0.127807617188 ,-0.146423339844 ,0.56982421875 ,0.798461914062
5.8173 ,8344564 ,-97 ,27 ,0.125671386719 ,-0.152160644531 ,0.563842773438 ,0.801940917969
5.8286 ,8342408 ,-98 ,26 ,0.128234863281 ,-0.161804199219 ,0.576293945312 ,0.790771484375
5.8438 ,8341494 ,-98 ,24 ,0.132568359375 ,-0.16845703125 ,0.580139160156 ,0.785766601562
5.8554 ,8340820 ,-98 ,23 ,0.139221191406 ,-0.178588867188 ,0.579528808594 ,0.782897949219
5.867 ,8341072 ,-99 ,22 ,0.141906738281 ,-0.193481445312 ,0.565551757812 ,0.789001464844
5.8785 ,8341404 ,-99 ,22 ,0.141662597656 ,-0.20556640625 ,0.596008300781 ,0.76318359375
5.8934 ,8342162 ,-99 ,22 ,0.132690429688 ,-0.198791503906 ,0.628601074219 ,0.740112304688
5.9045 ,8342072 ,-99 ,22 ,0.119689941406 ,-0.178771972656 ,0.658752441406 ,0.720947265625
5.9161 ,8341044 ,-99 ,21 ,0.106872558594 ,-0.147094726562 ,0.678100585938 ,0.712097167969
5.9273 ,8341387 ,-99 ,20 ,0.0950317382812 ,-0.113037109375 ,0.685302734375 ,0.713134765625
5.9385 ,8340477 ,-99 ,20 ,0.0797119140625 ,-0.0816040039062 ,0.68603515625 ,0.718566894531
5.9572 ,8341408 ,-100 ,19 ,0.0791015625 ,-0.0811767578125 ,0.684204101562 ,0.720458984375
5.9689 ,8342667 ,-100 ,19 ,0.0842895507812 ,-0.0880737304688 ,0.690063476562 ,0.713439941406
5.9838 ,8342896 ,-100 ,18 ,0.0885620117188 ,-0.08203125 ,0.696838378906 ,0.70703125
5.9949 ,8342702 ,-100 ,17 ,0.0900268554688 ,-0.0704956054688 ,0.702819824219 ,0.7021484375
6.0059 ,8341058 ,-100 ,17 ,0.08740234375 ,-0.0575561523438 ,0.705749511719 ,0.70068359375
6.0171 ,8341705 ,-100 ,16 ,0.0835571289062 ,-0.0463256835938 ,0.705139160156 ,0.70263671875
6.0283 ,8342387 ,-100 ,16 ,0.0806884765625 ,-0.0382690429688 ,0.703186035156 ,0.705322265625
6.0394 ,8342743 ,-101 ,15 ,0.0802001953125 ,-0.027099609375 ,0.702209472656 ,0.706970214844
6.0535 ,8343231 ,-101 ,14 ,0.081787109375 ,-0.0248413085938 ,0.702514648438 ,0.70654296875
6.066 ,8343304 ,-101 ,14 ,0.0809936523438 ,-0.0260620117188 ,0.701599121094 ,0.707458496094
6.0773 ,8344121 ,-101 ,13 ,0.077392578125 ,-0.0284423828125 ,0.696960449219 ,0.712341308594
6.0887 ,8343615 ,-101 ,12 ,0.0755615234375 ,-0.0183715820312 ,0.684265136719 ,0.72509765625
6.1032 ,8347463 ,-102 ,11 ,0.0723266601562 ,-0.00994873046875 ,0.6845703125 ,0.725280761719
6.1155 ,8350930 ,-102 ,9 ,0.0578002929688 ,-0.00604248046875 ,0.682250976562 ,0.728759765625
6.1264 ,8352190 ,-102 ,9 ,0.0369262695312 ,0.00408935546875 ,0.672546386719 ,0.739135742188
6.1372 ,8354301 ,-102 ,9 ,-0.0172119140625 ,0.0578002929688 ,0.647827148438 ,0.759399414062
6.1534 ,8365131 ,-103 ,12 ,-0.0687255859375 ,0.110900878906 ,0.535766601562 ,0.834228515625
6.2236 ,8378239 ,-103 ,13 ,-0.0665893554688 ,0.111572265625 ,0.522277832031 ,0.842834472656
6.2349 ,8379768 ,-103 ,14 ,-0.0723876953125 ,0.12646484375 ,0.504272460938 ,0.851135253906
6.246 ,8381533 ,-103 ,14 ,-0.0825805664062 ,0.150512695312 ,0.4853515625 ,0.857299804688
6.257 ,8385893 ,-103 ,14 ,-0.0919799804688 ,0.175231933594 ,0.469909667969 ,0.860229492188
6.2681 ,8389588 ,-102 ,14 ,-0.0970458984375 ,0.196105957031 ,0.457458496094 ,0.861877441406
6.2793 ,8390419 ,-102 ,14 ,-0.105346679688 ,0.230102539062 ,0.434814453125 ,0.8642578125
6.2938 ,8393741 ,-102 ,14 ,-0.1083984375 ,0.247192382812 ,0.421447753906 ,0.865783691406
6.3049 ,8394727 ,-102 ,14 ,-0.107116699219 ,0.255310058594 ,0.411499023438 ,0.868347167969
6.3162 ,8397395 ,-102 ,13 ,-0.099365234375 ,0.250122070312 ,0.406677246094 ,0.873046875
6.3274 ,8399537 ,-101 ,13 ,-0.087158203125 ,0.236938476562 ,0.40478515625 ,0.878845214844
6.3385 ,8399097 ,-101 ,12 ,-0.069091796875 ,0.219787597656 ,0.40087890625 ,0.886657714844
6.3535 ,8397917 ,-100 ,12 ,-0.0648803710938 ,0.217346191406 ,0.398071289062 ,0.888854980469
6.3657 ,8397523 ,-100 ,11 ,-0.0601806640625 ,0.213439941406 ,0.396423339844 ,0.890869140625
6.3763 ,8398443 ,-100 ,11 ,-0.0543212890625 ,0.209106445312 ,0.396179199219 ,0.892395019531
6.387 ,8402104 ,-100 ,10 ,-0.0504150390625 ,0.209106445312 ,0.394897460938 ,0.893188476562
6.398 ,8402125 ,-100 ,10 ,-0.0501708984375 ,0.214721679688 ,0.391662597656 ,0.893310546875
6.4091 ,8401530 ,-100 ,10 ,-0.0509033203125 ,0.223266601562 ,0.385131835938 ,0.893981933594
6.4233 ,8402585 ,-100 ,9 ,-0.0480346679688 ,0.220153808594 ,0.385192871094 ,0.894897460938
6.4346 ,8403720 ,-100 ,9 ,-0.0447387695312 ,0.216247558594 ,0.385986328125 ,0.895690917969
6.4457 ,8403796 ,-100 ,9 ,-0.0426635742188 ,0.214721679688 ,0.385986328125 ,0.896118164062
6.4569 ,8403672 ,-100 ,9 ,-0.0415649414062 ,0.214782714844 ,0.385131835938 ,0.896545410156
6.4691 ,8402603 ,-100 ,9 ,-0.0368041992188 ,0.211242675781 ,0.384216308594 ,0.898010253906
6.4839 ,8402253 ,-100 ,8 ,-0.0333251953125 ,0.208190917969 ,0.385681152344 ,0.898193359375
6.4948 ,8402772 ,-100 ,8 ,-0.0284423828125 ,0.204162597656 ,0.387145996094 ,0.898681640625
6.5163 ,8401454 ,-100 ,8 ,-0.026611328125 ,0.201232910156 ,0.387268066406 ,0.899353027344
6.5273 ,8399035 ,-101 ,8 ,-0.021728515625 ,0.193542480469 ,0.388793945312 ,0.900512695312
6.5464 ,8398488 ,-101 ,7 ,-0.0186767578125 ,0.185791015625 ,0.389343261719 ,0.901977539062
6.573 ,8398077 ,-102 ,6 ,-0.0186157226562 ,0.184448242188 ,0.389831542969 ,0.902038574219
6.5835 ,8398121 ,-102 ,6 ,-0.0185546875 ,0.182983398438 ,0.390808105469 ,0.901916503906
6.594 ,8397599 ,-102 ,6 ,-0.018310546875 ,0.181396484375 ,0.392028808594 ,0.901672363281
6.6066 ,8397609 ,-102 ,5 ,-0.0181274414062 ,0.179931640625 ,0.393371582031 ,0.901428222656
6.6178 ,8396488 ,-102 ,5 ,-0.0181884765625 ,0.178771972656 ,0.394348144531 ,0.901245117188
6.6286 ,8394724 ,-103 ,5 ,-0.01708984375 ,0.175964355469 ,0.398193359375 ,0.900085449219
6.6433 ,8394640 ,-103 ,5 ,-0.0152587890625 ,0.172668457031 ,0.40087890625 ,0.899597167969
6.6541 ,8393748 ,-103 ,6 ,-0.0131225585938 ,0.168518066406 ,0.403503417969 ,0.899230957031
6.6656 ,8391191 ,-103 ,8 ,-0.0069580078125 ,0.156494140625 ,0.411499023438 ,0.897827148438
6.693 ,8389229 ,-103 ,11 ,-0.00433349609375 ,0.152099609375 ,0.414916992188 ,0.897033691406
6.7037 ,8383786 ,-103 ,15 ,-0.00018310546875 ,0.146789550781 ,0.419677734375 ,0.895751953125
6.7165 ,8383218 ,-103 ,18 ,0.0122680664062 ,0.139831542969 ,0.390869140625 ,0.90966796875
6.7268 ,8378869 ,-103 ,21 ,0.0213012695312 ,0.131103515625 ,0.399780273438 ,0.906921386719
6.7376 ,8376138 ,-103 ,24 ,0.0320434570312 ,0.12158203125 ,0.409790039062 ,0.903503417969
6.7486 ,8371599 ,-103 ,27 ,0.0568237304688 ,0.106628417969 ,0.432678222656 ,0.893432617188
6.7655 ,8367135 ,-103 ,28 ,0.070068359375 ,0.100769042969 ,0.444458007812 ,0.887329101562
6.7765 ,8363207 ,-103 ,28 ,0.08349609375 ,0.095458984375 ,0.456787109375 ,0.880493164062
6.7875 ,8357128 ,-102 ,28 ,0.0966796875 ,0.0890502929688 ,0.469909667969 ,0.872863769531
6.7986 ,8354740 ,-102 ,28 ,0.1220703125 ,0.0689086914062 ,0.500854492188 ,0.854064941406
6.8159 ,8347543 ,-102 ,27 ,0.134948730469 ,0.0512084960938 ,0.518798828125 ,0.842651367188
6.827 ,8345512 ,-102 ,27 ,0.149963378906 ,0.0278930664062 ,0.538330078125 ,0.828796386719
6.8378 ,8343626 ,-101 ,27 ,0.16845703125 ,0.00030517578125 ,0.558654785156 ,0.812133789062
6.8491 ,8342442 ,-101 ,27 ,0.207641601562 ,-0.0694580078125 ,0.606079101562 ,0.7646484375
6.8663 ,8342809 ,-101 ,26 ,0.224792480469 ,-0.101989746094 ,0.629638671875 ,0.736633300781
6.8775 ,8342498 ,-100 ,26 ,0.237976074219 ,-0.131164550781 ,0.656921386719 ,0.703308105469
6.8887 ,8345072 ,-100 ,25 ,0.231811523438 ,-0.152526855469 ,0.729187011719 ,0.625549316406
6.9033 ,8347155 ,-99 ,24 ,0.211547851562 ,-0.138427734375 ,0.761779785156 ,0.596435546875
6.9158 ,8350391 ,-99 ,23 ,0.189514160156 ,-0.119506835938 ,0.783630371094 ,0.579406738281
6.9266 ,8356200 ,-99 ,-1 ,0.164001464844 ,-0.117248535156 ,0.818786621094 ,0.537536621094
6.9436 ,8359972 ,-99 ,23 ,0.15625 ,-0.119384765625 ,0.832214355469 ,0.518432617188
6.9547 ,8361052 ,-100 ,22 ,0.141662597656 ,-0.111083984375 ,0.84326171875 ,0.506408691406
6.966 ,8360993 ,-100 ,22 ,0.095458984375 ,-0.0818481445312 ,0.859191894531 ,0.495971679688
6.9835 ,8359522 ,-100 ,22 ,0.0721435546875 ,-0.06884765625 ,0.865173339844 ,0.491455078125
6.9952 ,8360166 ,-100 ,21 ,0.0521240234375 ,-0.0565185546875 ,0.868713378906 ,0.489318847656
7.0061 ,8360737 ,-101 ,21 ,0.0462036132812 ,-0.0397338867188 ,0.8759765625 ,0.478454589844
7.0238 ,8361356 ,-101 ,20 ,0.0466918945312 ,-0.0313720703125 ,0.879699707031 ,0.47216796875
7.0354 ,8356937 ,-101 ,19 ,0.0349731445312 ,-0.0208740234375 ,0.880981445312 ,0.471374511719
7.0466 ,8354730 ,-101 ,19 ,0.0150756835938 ,-0.008056640625 ,0.881225585938 ,0.472412109375
7.058 ,8349429 ,-101 ,18 ,-0.006103515625 ,0.00421142578125 ,0.880310058594 ,0.474365234375
7.0696 ,8345263 ,-101 ,17 ,-0.0262451171875 ,0.0184326171875 ,0.875244140625 ,0.482604980469
7.0832 ,8342910 ,-101 ,17 ,-0.0219116210938 ,0.0192260742188 ,0.872436523438 ,0.487915039062
7.0942 ,8341252 ,-101 ,17 ,-0.0105590820312 ,0.01611328125 ,0.868957519531 ,0.494506835938
7.1053 ,8341882 ,-101 ,17 ,0.00958251953125 ,0.00958251953125 ,0.862548828125 ,0.505737304688
7.1178 ,8341370 ,-101 ,16 ,0.0394287109375 ,-0.000732421875 ,0.850341796875 ,0.524780273438
7.1287 ,8342055 ,-101 ,16 ,0.0955810546875 ,-0.0325927734375 ,0.810913085938 ,0.576416015625
7.1431 ,8340674 ,-101 ,15 ,0.100219726562 ,-0.0467529296875 ,0.795715332031 ,0.595520019531
7.1536 ,8341519 ,-101 ,15 ,0.0917358398438 ,-0.0560913085938 ,0.7861328125 ,0.608581542969
7.1653 ,8340442 ,-102 ,14 ,0.0758056640625 ,-0.0587768554688 ,0.780334472656 ,0.617919921875
7.1763 ,8341266 ,-102 ,13 ,0.0574951171875 ,-0.0491943359375 ,0.77392578125 ,0.628723144531
7.1869 ,8341266 ,-102 ,10 ,-0.0218505859375 ,0.0868530273438 ,0.619262695312 ,0.780029296875
7.243 ,8343262 ,-102 ,10 ,-0.0206298828125 ,0.0980834960938 ,0.593627929688 ,0.798461914062
7.254 ,8343525 ,-102 ,10 ,-0.018798828125 ,0.106506347656 ,0.569946289062 ,0.814575195312
7.2656 ,8345017 ,-102 ,10 ,-0.0157470703125 ,0.110656738281 ,0.548889160156 ,0.828430175781
7.2761 ,8345923 ,-102 ,10 ,-0.0162963867188 ,0.111572265625 ,0.528503417969 ,0.841430664062
7.2867 ,8346280 ,-102 ,10 ,-0.024169921875 ,0.107299804688 ,0.509399414062 ,0.853454589844
7.2975 ,8350418 ,-102 ,10 ,-0.0348510742188 ,0.101623535156 ,0.493103027344 ,0.863342285156
7.3086 ,8351633 ,-102 ,10 ,-0.0513305664062 ,0.116638183594 ,0.464477539062 ,0.876342773438
7.3227 ,8356349 ,-102 ,10 ,-0.0762939453125 ,0.130859375 ,0.455383300781 ,0.877319335938
7.3335 ,8358180 ,-102 ,10 ,-0.0960693359375 ,0.161071777344 ,0.443115234375 ,0.876647949219
7.344 ,8359207 ,-102 ,10 ,-0.107604980469 ,0.191711425781 ,0.428588867188 ,0.876342773438
7.3545 ,8362858 ,-102 ,11 ,-0.110290527344 ,0.200256347656 ,0.427124023438 ,0.874816894531
7.3656 ,8365740 ,-101 ,11 ,-0.0950317382812 ,0.196166992188 ,0.421936035156 ,0.880004882812
7.3764 ,8373014 ,-101 ,12 ,-0.0767211914062 ,0.177185058594 ,0.419860839844 ,0.886840820312
7.387 ,8375104 ,-101 ,13 ,-0.0560913085938 ,0.154357910156 ,0.415161132812 ,0.894836425781
7.3975 ,8375685 ,-101 ,14 ,-0.0465698242188 ,0.132934570312 ,0.413269042969 ,0.899658203125
7.4086 ,8375159 ,-101 ,14 ,-0.0546264648438 ,0.160827636719 ,0.404479980469 ,0.898620605469
7.423 ,8372910 ,-100 ,14 ,-0.0655517578125 ,0.19921875 ,0.39794921875 ,0.893127441406
7.4338 ,8374028 ,-100 ,15 ,-0.0687866210938 ,0.225524902344 ,0.397399902344 ,0.886840820312
7.4444 ,8377616 ,-101 ,15 ,-0.0636596679688 ,0.229675292969 ,0.398620605469 ,0.885620117188
7.4551 ,8380837 ,-101 ,15 ,-0.0525512695312 ,0.216796875 ,0.402282714844 ,0.887939453125
7.4656 ,8381945 ,-100 ,15 ,-0.0401000976562 ,0.194946289062 ,0.403869628906 ,0.892944335938
7.4769 ,8381855 ,-100 ,15 ,-0.0304565429688 ,0.178588867188 ,0.399658203125 ,0.898559570312
7.4876 ,8379031 ,-99 ,14 ,-0.0267333984375 ,0.172729492188 ,0.394775390625 ,0.902038574219
7.4984 ,8380557 ,-99 ,14 ,-0.0144653320312 ,0.160400390625 ,0.389953613281 ,0.906616210938
7.5156 ,8383370 ,-99 ,14 ,-0.006103515625 ,0.14794921875 ,0.388488769531 ,0.909484863281
7.5262 ,8383709 ,-98 ,13 ,-0.00201416015625 ,0.141662597656 ,0.385986328125 ,0.911560058594
7.5372 ,8383398 ,-98 ,13 ,-0.00506591796875 ,0.149536132812 ,0.380432128906 ,0.912658691406
7.5481 ,8380353 ,-98 ,12 ,-0.0120849609375 ,0.167175292969 ,0.373779296875 ,0.912231445312
7.5597 ,8380228 ,-98 ,12 ,-0.013427734375 ,0.173767089844 ,0.367797851562 ,0.913391113281
7.5731 ,8382322 ,-99 ,11 ,-0.00592041015625 ,0.159790039062 ,0.369384765625 ,0.915405273438
7.5846 ,8384578 ,-99 ,11 ,0.00189208984375 ,0.144836425781 ,0.370422363281 ,0.91748046875
7.596 ,8381595 ,-99 ,11 ,0.00506591796875 ,0.138244628906 ,0.368957519531 ,0.919128417969
7.6072 ,8380581 ,-99 ,10 ,0.0030517578125 ,0.140380859375 ,0.3662109375 ,0.919860839844
7.619 ,8380786 ,-100 ,10 ,0.00177001953125 ,0.141296386719 ,0.367858886719 ,0.919067382812
7.6342 ,8384242 ,-100 ,9 ,0.00360107421875 ,0.136596679688 ,0.371276855469 ,0.918395996094
7.6454 ,8383481 ,-101 ,9 ,0.0045166015625 ,0.133422851562 ,0.374084472656 ,0.917724609375
7.6567 ,8382353 ,-101 ,9 ,0.0025634765625 ,0.135070800781 ,0.374572753906 ,0.917297363281
7.6671 ,8381215 ,-101 ,8 ,-0.00103759765625 ,0.139709472656 ,0.374145507812 ,0.916809082031
7.6781 ,8381799 ,-101 ,8 ,-0.0035400390625 ,0.142517089844 ,0.375183105469 ,0.915954589844
7.6893 ,8382737 ,-102 ,7 ,0.00146484375 ,0.133056640625 ,0.381469726562 ,0.914733886719
7.7034 ,8383363 ,-102 ,7 ,0.00445556640625 ,0.124328613281 ,0.381591796875 ,0.915893554688
7.7157 ,8383595 ,-102 ,6 ,0.005126953125 ,0.119995117188 ,0.380615234375 ,0.916931152344
7.7269 ,8382651 ,-102 ,6 ,0.00457763671875 ,0.120056152344 ,0.380187988281 ,0.917053222656
7.739 ,8382817 ,-102 ,5 ,0.00634765625 ,0.118774414062 ,0.37890625 ,0.917724609375
7.7532 ,8384350 ,-102 ,4 ,0.0087890625 ,0.1142578125 ,0.377807617188 ,0.918762207031
7.766 ,8384239 ,-102 ,4 ,0.0111694335938 ,0.108581542969 ,0.376770019531 ,0.919860839844
7.7771 ,8383609 ,-102 ,4 ,0.01318359375 ,0.104125976562 ,0.375793457031 ,0.920715332031
7.789 ,8382263 ,-102 ,4 ,0.0162963867188 ,0.0988159179688 ,0.375183105469 ,0.921508789062
7.8034 ,8382301 ,-102 ,4 ,0.0186157226562 ,0.0947265625 ,0.376281738281 ,0.921447753906
7.8157 ,8383578 ,-102 ,4 ,0.021240234375 ,0.0883178710938 ,0.377319335938 ,0.921630859375
7.8265 ,8383696 ,-102 ,5 ,0.0236206054688 ,0.0811767578125 ,0.377807617188 ,0.921997070312
7.8376 ,8382208 ,-101 ,5 ,0.0252685546875 ,0.0753784179688 ,0.378234863281 ,0.922302246094
7.849 ,8381754 ,-101 ,6 ,0.0270385742188 ,0.0678100585938 ,0.380920410156 ,0.921691894531
7.8661 ,8378623 ,-101 ,10 ,0.029052734375 ,0.0608520507812 ,0.38232421875 ,0.921569824219
7.8769 ,8377052 ,-101 ,13 ,0.0330200195312 ,0.0488891601562 ,0.383483886719 ,0.921630859375
7.8883 ,8376557 ,-100 ,16 ,0.046875 ,0.0155029296875 ,0.387756347656 ,0.92041015625
7.9034 ,8373993 ,-100 ,20 ,0.0545043945312 ,6.103515625e-05 ,0.389953613281 ,0.919189453125
7.9159 ,8369533 ,-99 ,23 ,0.06103515625 ,-0.0125122070312 ,0.393249511719 ,0.917297363281
7.9273 ,8368848 ,-99 ,26 ,0.0732421875 ,-0.0282592773438 ,0.400024414062 ,0.913146972656
7.9452 ,8364986 ,-98 ,27 ,0.0795288085938 ,-0.0364379882812 ,0.403503417969 ,0.910766601562
7.9559 ,8362889 ,-98 ,28 ,0.0862426757812 ,-0.0460815429688 ,0.407287597656 ,0.908081054688
7.9668 ,8357194 ,-98 ,28 ,0.0897827148438 ,-0.0613403320312 ,0.364196777344 ,0.924926757812
7.9774 ,8355975 ,-99 ,-1 ,0.0963745117188 ,-0.0722045898438 ,0.372985839844 ,0.919982910156
7.9883 ,8353221 ,-99 ,29 ,0.107971191406 ,-0.0932006835938 ,0.390441894531 ,0.909545898438
8.0029 ,8348851 ,-100 ,29 ,0.115539550781 ,-0.100891113281 ,0.399047851562 ,0.904052734375
8.0164 ,8346962 ,-100 ,28 ,0.114807128906 ,-0.114929199219 ,0.367126464844 ,0.915893554688
8.0267 ,8346190 ,-100 ,28 ,0.123291015625 ,-0.126159667969 ,0.381591796875 ,0.907348632812
8.0429 ,8343491 ,-100 ,-1 ,0.128112792969 ,-0.128845214844 ,0.38720703125 ,0.903930664062
8.0537 ,8341993 ,-100 ,27 ,0.130187988281 ,-0.131286621094 ,0.390808105469 ,0.901733398438
8.0665 ,8341826 ,-100 ,27 ,0.124450683594 ,-0.139526367188 ,0.352783203125 ,0.916870117188
8.0771 ,8341439 ,-100 ,26 ,0.1240234375 ,-0.143859863281 ,0.351989746094 ,0.91650390625
8.0877 ,8341522 ,-101 ,25 ,0.123168945312 ,-0.150695800781 ,0.348876953125 ,0.916748046875
8.0985 ,8341318 ,-101 ,-1 ,0.106079101562 ,-0.171508789062 ,0.328918457031 ,0.922546386719
8.1234 ,8341512 ,-101 ,-1 ,0.101745605469 ,-0.166381835938 ,0.349670410156 ,0.916381835938
8.1339 ,8341512 ,-101 ,-1 ,0.0977783203125 ,-0.151794433594 ,0.37109375 ,0.910888671875
8.1444 ,8341390 ,-101 ,-1 ,0.0938110351562 ,-0.129577636719 ,0.387939453125 ,0.90771484375
8.155 ,8340958 ,-101 ,25 ,0.0911254882812 ,-0.104675292969 ,0.398986816406 ,0.906372070312
8.1654 ,8341304 ,-101 ,25 ,0.0885620117188 ,-0.0819091796875 ,0.405517578125 ,0.906066894531
8.1761 ,8341349 ,-101 ,24 ,0.0859375 ,-0.0630493164062 ,0.409606933594 ,0.906005859375
8.1867 ,8341096 ,-101 ,23 ,0.0838623046875 ,-0.0476684570312 ,0.412719726562 ,0.90576171875
8.1977 ,8341370 ,-101 ,23 ,0.0814819335938 ,-0.0355224609375 ,0.414672851562 ,0.905639648438
8.2093 ,8341044 ,-101 ,22 ,0.072509765625 ,-0.0126342773438 ,0.416076660156 ,0.906372070312
8.2228 ,8341674 ,-101 ,21 ,0.0679931640625 ,-0.00042724609375 ,0.416687011719 ,0.906494140625
8.2333 ,8341643 ,-101 ,20 ,0.0624389648438 ,0.0111083984375 ,0.418029785156 ,0.906188964844
8.2451 ,8342027 ,-101 ,19 ,0.0580444335938 ,0.0216674804688 ,0.419860839844 ,0.905456542969
8.2556 ,8342577 ,-101 ,18 ,0.0553588867188 ,0.03076171875 ,0.421997070312 ,0.904357910156
8.2667 ,8342159 ,-101 ,18 ,0.0542602539062 ,0.0386962890625 ,0.424133300781 ,0.903137207031
8.2774 ,8342048 ,-101 ,17 ,0.0548706054688 ,0.0460205078125 ,0.426147460938 ,0.901794433594
8.2885 ,8343256 ,-101 ,16 ,0.0582275390625 ,0.0581665039062 ,0.429382324219 ,0.899353027344
8.3028 ,8343280 ,-101 ,15 ,0.0590209960938 ,0.063232421875 ,0.429565429688 ,0.898864746094
8.3153 ,8343937 ,-101 ,15 ,0.0574951171875 ,0.0677490234375 ,0.428100585938 ,0.899353027344
8.3258 ,8344193 ,-101 ,14 ,0.0543212890625 ,0.0706787109375 ,0.427368164062 ,0.899658203125
8.3362 ,8344453 ,-101 ,14 ,0.0504760742188 ,0.0730590820312 ,0.427856445312 ,0.899475097656
8.3467 ,8345643 ,-101 ,14 ,0.0476684570312 ,0.0753784179688 ,0.427001953125 ,0.899841308594
8.3572 ,8345799 ,-101 ,14 ,0.0454711914062 ,0.0777587890625 ,0.423950195312 ,0.901184082031
8.3675 ,8347103 ,-101 ,14 ,0.0424194335938 ,0.0814208984375 ,0.420471191406 ,0.902648925781
8.3786 ,8347885 ,-101 ,14 ,0.0306396484375 ,0.0913696289062 ,0.420227050781 ,0.902282714844
8.3929 ,8349716 ,-101 ,14 ,0.0230102539062 ,0.1025390625 ,0.414123535156 ,0.904113769531
8.4034 ,8351571 ,-101 ,14 ,0.0148315429688 ,0.117736816406 ,0.406494140625 ,0.905944824219
8.4153 ,8352827 ,-101 ,14 ,0.004150390625 ,0.132995605469 ,0.400573730469 ,0.906555175781
8.4262 ,8353619 ,-101 ,14 ,-0.0074462890625 ,0.147216796875 ,0.392517089844 ,0.907836914062
8.4368 ,8355020 ,-101 ,14 ,-0.0164184570312 ,0.15869140625 ,0.384094238281 ,0.909423828125
8.4474 ,8355491 ,-101 ,14 ,-0.0231323242188 ,0.164123535156 ,0.377319335938 ,0.9111328125
8.4586 ,8355197 ,-101 ,14 ,-0.0286865234375 ,0.162780761719 ,0.365783691406 ,0.915893554688
8.4726 ,8357512 ,-100 ,15 ,-0.0313720703125 ,0.159729003906 ,0.360168457031 ,0.918579101562
8.483 ,8356789 ,-100 ,15 ,-0.0322265625 ,0.158386230469 ,0.352111816406 ,0.921875
8.4936 ,8356796 ,-100 ,15 ,-0.03271484375 ,0.155151367188 ,0.34716796875 ,0.92431640625
8.5041 ,8356020 ,-100 ,16 ,-0.0309448242188 ,0.147521972656 ,0.348266601562 ,0.925170898438
8.5153 ,8355892 ,-99 ,16 ,-0.0231323242188 ,0.137023925781 ,0.351867675781 ,0.925659179688
8.5263 ,8355477 ,-99 ,17 ,-0.01220703125 ,0.123291015625 ,0.357971191406 ,0.925476074219
8.5368 ,8355180 ,-99 ,17 ,-0.00213623046875 ,0.107727050781 ,0.364013671875 ,0.925170898438
8.5474 ,8355799 ,-99 ,18 ,0.007080078125 ,0.094482421875 ,0.368469238281 ,0.9248046875
8.5587 ,8356754 ,-99 ,18 ,0.0177001953125 ,0.0820922851562 ,0.371154785156 ,0.924743652344
8.5727 ,8357328 ,-98 ,18 ,0.0187377929688 ,0.083251953125 ,0.373596191406 ,0.923645019531
8.5832 ,8356100 ,-98 ,18 ,0.0180053710938 ,0.0886840820312 ,0.373779296875 ,0.923095703125
8.5938 ,8354439 ,-98 ,18 ,0.017578125 ,0.0924072265625 ,0.369873046875 ,0.92431640625
8.6049 ,8354823 ,-98 ,18 ,0.02001953125 ,0.0889282226562 ,0.368225097656 ,0.925231933594
8.6181 ,8354020 ,-98 ,18 ,0.0338745117188 ,0.066162109375 ,0.363708496094 ,0.928527832031
8.6333 ,8354024 ,-98 ,17 ,0.041748046875 ,0.0531616210938 ,0.362060546875 ,0.9296875
8.6446 ,8354045 ,-98 ,16 ,0.0482177734375 ,0.0426635742188 ,0.358947753906 ,0.93115234375
8.6562 ,8354467 ,-99 ,16 ,0.0525512695312 ,0.0368041992188 ,0.355285644531 ,0.932556152344
8.6681 ,8353796 ,-99 ,15 ,0.0501098632812 ,0.0405883789062 ,0.350891113281 ,0.934204101562
8.6833 ,8353543 ,-99 ,14 ,0.0478515625 ,0.0469360351562 ,0.350280761719 ,0.934265136719
8.6951 ,8353315 ,-99 ,13 ,0.0468139648438 ,0.0504150390625 ,0.350036621094 ,0.934204101562
8.7067 ,8354896 ,-99 ,12 ,0.048095703125 ,0.0491943359375 ,0.349304199219 ,0.934509277344
8.7183 ,8355135 ,-100 ,12 ,0.0531005859375 ,0.0379028320312 ,0.346496582031 ,0.935791015625
8.733 ,8355380 ,-100 ,11 ,0.0551147460938 ,0.03271484375 ,0.345458984375 ,0.936218261719
8.7438 ,8355425 ,-100 ,10 ,0.0560913085938 ,0.0296020507812 ,0.344604492188 ,0.936584472656
8.7547 ,8355200 ,-101 ,10 ,0.0560913085938 ,0.0292358398438 ,0.343200683594 ,0.937133789062
8.7654 ,8355152 ,-101 ,9 ,0.0555419921875 ,0.0302734375 ,0.341369628906 ,0.937805175781
8.7769 ,8356294 ,-101 ,9 ,0.054931640625 ,0.0308837890625 ,0.339294433594 ,0.938537597656
8.7876 ,8355972 ,-101 ,8 ,0.05517578125 ,0.0300903320312 ,0.3369140625 ,0.939453125
8.7987 ,8356117 ,-101 ,8 ,0.0576171875 ,0.0243530273438 ,0.332641601562 ,0.940979003906
8.8158 ,8356574 ,-102 ,7 ,0.0590209960938 ,0.0206909179688 ,0.330993652344 ,0.941589355469
8.8275 ,8356685 ,-102 ,7 ,0.0601806640625 ,0.0173950195312 ,0.329772949219 ,0.942016601562
8.8394 ,8356751 ,-102 ,7 ,0.0621948242188 ,0.0125122070312 ,0.328002929688 ,0.942504882812
8.8531 ,8356740 ,-102 ,6 ,0.0634155273438 ,0.01025390625 ,0.327270507812 ,0.942749023438
8.8658 ,8357546 ,-102 ,6 ,0.0648193359375 ,0.00775146484375 ,0.326721191406 ,0.94287109375
8.8768 ,8357965 ,-102 ,5 ,0.0662841796875 ,0.0047607421875 ,0.326171875 ,0.942993164062
8.8885 ,8357654 ,-103 ,5 ,0.0692138671875 ,-0.00250244140625 ,0.32568359375 ,0.942932128906
8.903 ,8357024 ,-103 ,5 ,0.0706787109375 ,-0.00634765625 ,0.325378417969 ,0.942932128906
8.9157 ,8357678 ,-103 ,5 ,0.0721435546875 ,-0.01025390625 ,0.324890136719 ,0.942932128906
8.9274 ,8357543 ,-103 ,5 ,0.0735473632812 ,-0.0144653320312 ,0.324157714844 ,0.943054199219
8.9384 ,8357858 ,-103 ,5 ,0.0769653320312 ,-0.0245361328125 ,0.322326660156 ,0.943176269531
8.9526 ,8358841 ,-103 ,5 ,0.0787963867188 ,-0.0308837890625 ,0.321411132812 ,0.943176269531
8.9665 ,8358616 ,-102 ,6 ,0.0789184570312 ,-0.0416870117188 ,0.278930664062 ,0.956176757812
8.977 ,8358709 ,-102 ,9 ,0.0818481445312 ,-0.076171875 ,0.279418945312 ,0.95361328125
9.0165 ,8360027 ,-101 ,13 ,0.0787963867188 ,-0.0901489257812 ,0.241333007812 ,0.963012695312
9.0272 ,8360841 ,-100 ,16 ,0.07958984375 ,-0.100708007812 ,0.244445800781 ,0.961120605469
9.0382 ,8360138 ,-99 ,19 ,0.081787109375 ,-0.121032714844 ,0.251708984375 ,0.956726074219
9.0526 ,8361311 ,-99 ,23 ,0.0848388671875 ,-0.130981445312 ,0.256042480469 ,0.953979492188
9.0664 ,8362311 ,-96 ,26 ,0.0836791992188 ,-0.144714355469 ,0.225280761719 ,0.959838867188
9.0773 ,8361041 ,-94 ,28 ,0.0884399414062 ,-0.1552734375 ,0.226989746094 ,0.957336425781
9.0884 ,8361235 ,-93 ,31 ,0.100952148438 ,-0.17529296875 ,0.222778320312 ,0.953674316406
9.1028 ,8360823 ,-91 ,35 ,0.108764648438 ,-0.188415527344 ,0.219604492188 ,0.951049804688
9.116 ,8360380 ,-88 ,38 ,0.117492675781 ,-0.204162597656 ,0.21728515625 ,0.947265625
9.1266 ,8359474 ,-86 ,41 ,0.1259765625 ,-0.221496582031 ,0.216979980469 ,0.942321777344
9.1372 ,8358401 ,-86 ,43 ,0.134704589844 ,-0.236694335938 ,0.21875 ,0.93701171875
9.1476 ,8358045 ,-86 ,45 ,0.141540527344 ,-0.246276855469 ,0.221374511719 ,0.932922363281
9.1585 ,8357892 ,-87 ,47 ,0.141967773438 ,-0.252502441406 ,0.199096679688 ,0.936157226562
9.173 ,8356910 ,-87 ,48 ,0.144775390625 ,-0.246459960938 ,0.205688476562 ,0.935974121094
9.1836 ,8356470 ,-87 ,48 ,0.147888183594 ,-0.238098144531 ,0.213134765625 ,0.935974121094
9.1941 ,8354892 ,-87 ,47 ,0.150451660156 ,-0.229431152344 ,0.219177246094 ,0.936340332031
9.2046 ,8353463 ,-88 ,46 ,0.152099609375 ,-0.221496582031 ,0.222412109375 ,0.937194824219
9.2166 ,8353609 ,-88 ,45 ,0.147827148438 ,-0.216857910156 ,0.199890136719 ,0.944030761719
9.229 ,8350730 ,-89 ,43 ,0.14697265625 ,-0.195861816406 ,0.206909179688 ,0.947204589844
9.2427 ,8347761 ,-90 ,41 ,0.144592285156 ,-0.185119628906 ,0.210510253906 ,0.948974609375
9.2531 ,8347761 ,-91 ,38 ,0.141174316406 ,-0.175598144531 ,0.21435546875 ,0.950439453125
9.2683 ,8345501 ,-91 ,36 ,0.128845214844 ,-0.164123535156 ,0.200073242188 ,0.957275390625
9.2833 ,8345591 ,-93 ,33 ,0.122863769531 ,-0.158874511719 ,0.205261230469 ,0.957885742188
9.2939 ,8343193 ,-94 ,31 ,0.116088867188 ,-0.15478515625 ,0.212097167969 ,0.957885742188
9.3044 ,8343252 ,-95 ,29 ,0.109008789062 ,-0.1513671875 ,0.221069335938 ,0.957275390625
9.3165 ,8344567 ,-96 ,27 ,0.09814453125 ,-0.149719238281 ,0.209228515625 ,0.961364746094
9.3268 ,8344294 ,-97 ,25 ,0.0908203125 ,-0.143188476562 ,0.223266601562 ,0.959899902344
9.3374 ,8346304 ,-97 ,22 ,0.0840454101562 ,-0.132019042969 ,0.239501953125 ,0.958190917969
9.3479 ,8345965 ,-98 ,21 ,0.0781860351562 ,-0.114990234375 ,0.255676269531 ,0.956726074219
9.3587 ,8346730 ,-98 ,20 ,0.0680541992188 ,-0.0695190429688 ,0.284423828125 ,0.953735351562
9.3731 ,8352052 ,-99 ,19 ,0.0626220703125 ,-0.0451049804688 ,0.296813964844 ,0.951782226562
9.3837 ,8354768 ,-99 ,18 ,0.0537109375 ,-0.0200805664062 ,0.304748535156 ,0.95068359375
9.3943 ,8357709 ,-100 ,17 ,0.041748046875 ,0.00732421875 ,0.308532714844 ,0.950256347656
9.4049 ,8359536 ,-100 ,15 ,0.0305786132812 ,0.0399780273438 ,0.3115234375 ,0.948913574219
9.4153 ,8360944 ,-101 ,14 ,0.0167846679688 ,0.0758666992188 ,0.311096191406 ,0.947204589844
9.426 ,8362723 ,-101 ,13 ,0.00189208984375 ,0.1103515625 ,0.30810546875 ,0.944946289062
9.4366 ,8365214 ,-101 ,12 ,-0.00885009765625 ,0.140441894531 ,0.304748535156 ,0.941955566406
9.4473 ,8368031 ,-101 ,11 ,-0.0153198242188 ,0.161376953125 ,0.3037109375 ,0.938842773438
9.4583 ,8368031 ,-102 ,10 ,-0.0172729492188 ,0.178527832031 ,0.300231933594 ,0.936828613281
9.4724 ,8372824 ,-102 ,10 ,-0.0193481445312 ,0.183044433594 ,0.29638671875 ,0.937133789062
9.4832 ,8372498 ,-102 ,10 ,-0.0241088867188 ,0.194091796875 ,0.2919921875 ,0.936218261719
9.4964 ,8371270 ,-102 ,10 ,-0.0304565429688 ,0.213623046875 ,0.286987304688 ,0.933349609375
9.507 ,8367599 ,-102 ,10 ,-0.0377807617188 ,0.23583984375 ,0.278137207031 ,0.930358886719
9.5184 ,8367118 ,-102 ,10 ,-0.0430908203125 ,0.257507324219 ,0.261352539062 ,0.929260253906
9.5328 ,8366633 ,-102 ,11 ,-0.0413818359375 ,0.255187988281 ,0.252319335938 ,0.932495117188
9.5433 ,8364896 ,-102 ,11 ,-0.0393676757812 ,0.249694824219 ,0.241882324219 ,0.936767578125
9.5539 ,8363657 ,-102 ,11 ,-0.0385131835938 ,0.245483398438 ,0.230285644531 ,0.940856933594
9.5652 ,8359501 ,-102 ,12 ,-0.03955078125 ,0.244689941406 ,0.21630859375 ,0.9443359375
9.5758 ,8358661 ,-102 ,12 ,-0.0419921875 ,0.24658203125 ,0.201049804688 ,0.947082519531
9.5863 ,8358636 ,-102 ,12 ,-0.0435180664062 ,0.249084472656 ,0.186279296875 ,0.949401855469
9.5968 ,8359290 ,-102 ,12 ,-0.0413818359375 ,0.249328613281 ,0.172119140625 ,0.952087402344
9.6074 ,8360162 ,-102 ,12 ,-0.0425415039062 ,0.242431640625 ,0.159484863281 ,0.955993652344
9.6187 ,8360664 ,-102 ,12 ,-0.0376586914062 ,0.21923828125 ,0.145202636719 ,0.964050292969
9.6372 ,8362685 ,-101 ,13 ,-0.036865234375 ,0.212646484375 ,0.143676757812 ,0.9658203125
9.648 ,8363401 ,-101 ,14 ,-0.0330810546875 ,0.214477539062 ,0.141296386719 ,0.965881347656
9.6586 ,8363768 ,-101 ,14 ,-0.026123046875 ,0.222534179688 ,0.135681152344 ,0.965087890625
9.6728 ,8361983 ,-100 ,15 ,-0.0206298828125 ,0.215148925781 ,0.134521484375 ,0.967041015625
9.6837 ,8362225 ,-100 ,15 ,-0.0120849609375 ,0.200012207031 ,0.134826660156 ,0.970397949219
9.6942 ,8362948 ,-100 ,15 ,-0.00152587890625 ,0.181701660156 ,0.135192871094 ,0.973999023438
9.7047 ,8361463 ,-100 ,15 ,0.007080078125 ,0.165161132812 ,0.13330078125 ,0.977172851562
9.7152 ,8361899 ,-99 ,15 ,0.0140991210938 ,0.153991699219 ,0.128540039062 ,0.979553222656
9.7258 ,8361287 ,-99 ,15 ,0.0189819335938 ,0.147644042969 ,0.12353515625 ,0.981140136719
9.7363 ,8360284 ,-99 ,15 ,0.0232543945312 ,0.143127441406 ,0.120056152344 ,0.982116699219
9.7472 ,8360017 ,-98 ,14 ,0.02587890625 ,0.138366699219 ,0.113037109375 ,0.983581542969
9.7584 ,8360142 ,-98 ,13 ,0.0335083007812 ,0.122619628906 ,0.100463867188 ,0.98681640625
9.7733 ,8361256 ,-98 ,12 ,0.0361328125 ,0.110961914062 ,0.0965576171875 ,0.988464355469
9.7843 ,8361688 ,-98 ,11 ,0.0402221679688 ,0.100952148438 ,0.0908203125 ,0.989929199219
9.7948 ,8361913 ,-98 ,11 ,0.0435791015625 ,0.0940551757812 ,0.0869140625 ,0.990783691406
9.8056 ,8361671 ,-98 ,10 ,0.04541015625 ,0.0899658203125 ,0.083251953125 ,0.991394042969
9.8163 ,8361834 ,-98 ,10 ,0.0465087890625 ,0.0883178710938 ,0.0806884765625 ,0.99169921875
9.8273 ,8361913 ,-98 ,9 ,0.04736328125 ,0.088623046875 ,0.0784912109375 ,0.991821289062
9.8381 ,8362356 ,-98 ,9 ,0.0487670898438 ,0.0890502929688 ,0.07763671875 ,0.991821289062
9.8489 ,8363367 ,-99 ,8 ,0.051513671875 ,0.0857543945312 ,0.0768432617188 ,0.992004394531
9.8653 ,8363367 ,-99 ,8 ,0.0523071289062 ,0.08251953125 ,0.0772094726562 ,0.992248535156
9.8759 ,8363796 ,-99 ,8 ,0.0526733398438 ,0.0791625976562 ,0.0780639648438 ,0.992431640625
9.8869 ,8363778 ,-100 ,7 ,0.0530395507812 ,0.0759887695312 ,0.0794067382812 ,0.992553710938
9.8975 ,8364702 ,-100 ,7 ,0.0534057617188 ,0.0728759765625 ,0.0810546875 ,0.992614746094
9.9085 ,8365491 ,-100 ,7 ,0.0540161132812 ,0.0669555664062 ,0.0836181640625 ,0.992797851562
9.9229 ,8366131 ,-101 ,6 ,0.0538940429688 ,0.0651245117188 ,0.0841064453125 ,0.992858886719
9.9333 ,8365291 ,-101 ,6 ,0.0537719726562 ,0.0638427734375 ,0.0844116210938 ,0.992919921875
9.9443 ,8365688 ,-101 ,6 ,0.0535278320312 ,0.06298828125 ,0.0846557617188 ,0.992980957031
9.9549 ,8365443 ,-102 ,6 ,0.05322265625 ,0.0618286132812 ,0.0850219726562 ,0.993041992188
9.9654 ,8365993 ,-102 ,6 ,0.0532836914062 ,0.0599975585938 ,0.0851440429688 ,0.993103027344
9.976 ,8366695 ,-102 ,6 ,0.0537719726562 ,0.056640625 ,0.0850830078125 ,0.993286132812
9.9867 ,8367806 ,-102 ,5 ,0.054443359375 ,0.052001953125 ,0.0848388671875 ,0.993530273438
9.9974 ,8367951 ,-102 ,5 ,0.0551147460938 ,0.046630859375 ,0.0845336914062 ,0.993774414062
10.0085 ,8367675 ,-102 ,5 ,0.0570068359375 ,0.0362548828125 ,0.0645141601562 ,0.99560546875
10.0226 ,8368654 ,-103 ,5 ,0.0575561523438 ,0.0335083007812 ,0.0645751953125 ,0.995666503906
10.0332 ,8368619 ,-103 ,4 ,0.0580444335938 ,0.0318603515625 ,0.0648193359375 ,0.995727539062
10.0481 ,8369000 ,-103 ,4 ,0.0586547851562 ,0.0299072265625 ,0.065185546875 ,0.995727539062
10.0588 ,8369772 ,-103 ,4 ,0.0606079101562 ,0.0206909179688 ,0.046630859375 ,0.996826171875
10.0726 ,8369778 ,-103 ,3 ,0.061279296875 ,0.0151977539062 ,0.0469970703125 ,0.996887207031
10.0832 ,8370557 ,-102 ,3 ,0.0615844726562 ,0.009521484375 ,0.0473022460938 ,0.996948242188
10.094 ,8371073 ,-102 ,3 ,0.0618286132812 ,0.00341796875 ,0.04736328125 ,0.996948242188
10.1046 ,8371097 ,-102 ,4 ,0.0619506835938 ,-0.00347900390625 ,0.0469360351562 ,0.996948242188
10.1164 ,8371221 ,-101 ,4 ,0.0618896484375 ,-0.0123291015625 ,0.0294799804688 ,0.99755859375
10.1274 ,8370360 ,-100 ,5 ,0.06201171875 ,-0.021240234375 ,0.0280151367188 ,0.997436523438
10.1384 ,8370574 ,-100 ,6 ,0.0613403320312 ,-0.0421752929688 ,0.0191650390625 ,0.997009277344
10.1542 ,8371163 ,-98 ,9 ,0.0604858398438 ,-0.0545043945312 ,0.0137329101562 ,0.99658203125
10.1671 ,8372152 ,-96 ,12 ,0.0587158203125 ,-0.0691528320312 ,-0.00714111328125 ,0.995849609375
10.1786 ,8372841 ,-96 ,16 ,0.0567626953125 ,-0.100891113281 ,-0.0125122070312 ,0.993225097656
10.1934 ,8372900 ,-95 ,21 ,0.0570068359375 ,-0.115905761719 ,-0.0140991210938 ,0.991516113281
10.2045 ,8372889 ,-93 ,25 ,0.0581665039062 ,-0.128295898438 ,-0.0137939453125 ,0.989929199219
10.2173 ,8370671 ,-92 ,28 ,0.0581665039062 ,-0.140075683594 ,-0.0255126953125 ,0.988098144531
10.229 ,8370349 ,-92 ,31 ,0.0676879882812 ,-0.161315917969 ,-0.0214233398438 ,0.984375
10.2433 ,8368453 ,-93 ,35 ,0.0763549804688 ,-0.169555664062 ,-0.0199584960938 ,0.982360839844
10.2545 ,8368408 ,-94 ,37 ,0.0869140625 ,-0.172607421875 ,-0.0204467773438 ,0.98095703125
10.2675 ,8367446 ,-94 ,39 ,0.095458984375 ,-0.170471191406 ,-0.0319213867188 ,0.980224609375
10.2793 ,8366398 ,-94 ,39 ,0.11572265625 ,-0.150268554688 ,-0.0333251953125 ,0.981262207031
10.2937 ,8364782 ,-95 ,39 ,0.1240234375 ,-0.133728027344 ,-0.0357666015625 ,0.982604980469
10.3049 ,8362187 ,-96 ,38 ,0.129699707031 ,-0.112670898438 ,-0.037353515625 ,0.984436035156
10.3167 ,8360169 ,-97 ,38 ,0.133850097656 ,-0.0894165039062 ,-0.0384521484375 ,0.986206054688
10.3278 ,8356789 ,-97 ,37 ,0.135437011719 ,-0.0686645507812 ,-0.0387573242188 ,0.987670898438
10.3391 ,8354778 ,-97 ,36 ,0.130187988281 ,-0.04443359375 ,-0.03857421875 ,0.98974609375
10.3535 ,8350488 ,-98 ,34 ,0.125305175781 ,-0.0408935546875 ,-0.0374755859375 ,0.990539550781
10.3659 ,8348169 ,-98 ,32 ,0.118286132812 ,-0.0425415039062 ,-0.0353393554688 ,0.991455078125
10.3781 ,8346875 ,-98 ,30 ,0.102783203125 ,-0.0578002929688 ,-0.0294799804688 ,0.992553710938
10.3933 ,8344605 ,-98 ,28 ,0.0951538085938 ,-0.0693359375 ,-0.0245361328125 ,0.992736816406
10.4044 ,8344605 ,-98 ,27 ,0.0872192382812 ,-0.0804443359375 ,-0.017822265625 ,0.992797851562
10.4159 ,8343418 ,-98 ,26 ,0.0786743164062 ,-0.0885009765625 ,-0.009521484375 ,0.992919921875
10.4276 ,8343716 ,-98 ,24 ,0.0695190429688 ,-0.09228515625 ,0.00079345703125 ,0.993286132812
10.4391 ,8344401 ,-99 ,23 ,0.0546264648438 ,-0.0861206054688 ,0.0300903320312 ,0.994323730469
10.4533 ,8344069 ,-99 ,22 ,0.0516357421875 ,-0.0744018554688 ,0.0469360351562 ,0.994750976562
10.4654 ,8344844 ,-99 ,21 ,0.0502319335938 ,-0.0578002929688 ,0.0635986328125 ,0.995056152344
10.4767 ,8346640 ,-99 ,21 ,0.0491943359375 ,-0.0391235351562 ,0.0798950195312 ,0.994812011719
10.4879 ,8348218 ,-99 ,20 ,0.0493774414062 ,0.00079345703125 ,0.109558105469 ,0.992736816406
10.5033 ,8351280 ,-99 ,20 ,0.0458374023438 ,0.0219116210938 ,0.120178222656 ,0.991455078125
10.5161 ,8356875 ,-100 ,19 ,0.0364990234375 ,0.0451049804688 ,0.127319335938 ,0.990173339844
10.5273 ,8358501 ,-100 ,18 ,0.0271606445312 ,0.0736694335938 ,0.132934570312 ,0.988037109375
10.539 ,8359823 ,-100 ,18 ,0.00946044921875 ,0.139953613281 ,0.140625 ,0.980102539062
10.5532 ,8363422 ,-101 ,16 ,0.0020751953125 ,0.165161132812 ,0.144714355469 ,0.9755859375
10.5654 ,8366512 ,-101 ,15 ,-0.0006103515625 ,0.180847167969 ,0.14990234375 ,0.972045898438
10.5762 ,8367955 ,-101 ,15 ,-0.00189208984375 ,0.187561035156 ,0.15380859375 ,0.970153808594
10.587 ,8370329 ,-101 ,14 ,-0.002685546875 ,0.19091796875 ,0.156860351562 ,0.968994140625
10.5978 ,8371574 ,-101 ,14 ,-0.00653076171875 ,0.195861816406 ,0.159240722656 ,0.967590332031
10.6089 ,8370664 ,-101 ,13 ,-0.0159912109375 ,0.226623535156 ,0.162780761719 ,0.960144042969
10.6227 ,8368754 ,-101 ,12 ,-0.0217895507812 ,0.247436523438 ,0.162414550781 ,0.954956054688
10.6335 ,8369848 ,-101 ,12 ,-0.0260620117188 ,0.263427734375 ,0.162658691406 ,0.950500488281
10.6443 ,8369599 ,-101 ,11 ,-0.0276489257812 ,0.271362304688 ,0.163940429688 ,0.947998046875
10.655 ,8369498 ,-101 ,11 ,-0.0276489257812 ,0.271423339844 ,0.166198730469 ,0.947570800781
10.6664 ,8367156 ,-101 ,10 ,-0.0269775390625 ,0.266174316406 ,0.168762207031 ,0.948669433594
10.6772 ,8365972 ,-101 ,10 ,-0.025390625 ,0.260559082031 ,0.170471191406 ,0.949951171875
10.6883 ,8364882 ,-101 ,10 ,-0.0250854492188 ,0.259216308594 ,0.172302246094 ,0.950012207031
10.7031 ,8363470 ,-101 ,10 ,-0.025390625 ,0.261474609375 ,0.17333984375 ,0.949157714844
10.7155 ,8363356 ,-100 ,10 ,-0.0264282226562 ,0.2587890625 ,0.174499511719 ,0.949645996094
10.7269 ,8363097 ,-100 ,10 ,-0.025634765625 ,0.249450683594 ,0.176330566406 ,0.951843261719
10.7377 ,8362290 ,-100 ,10 ,-0.02392578125 ,0.238159179688 ,0.1767578125 ,0.954711914062
10.7487 ,8361643 ,-100 ,10 ,-0.0249633789062 ,0.222106933594 ,0.173278808594 ,0.959167480469
10.7653 ,8358391 ,-99 ,10 ,-0.0256958007812 ,0.216003417969 ,0.170349121094 ,0.961059570312
10.7763 ,8357996 ,-99 ,11 ,-0.0245971679688 ,0.206604003906 ,0.170959472656 ,0.963073730469
10.7871 ,8358194 ,-99 ,12 ,-0.0242309570312 ,0.1904296875 ,0.178527832031 ,0.965026855469
10.7978 ,8358546 ,-99 ,12 ,-0.0186767578125 ,0.172424316406 ,0.186767578125 ,0.966979980469
10.8092 ,8359107 ,-99 ,13 ,-0.00848388671875 ,0.138610839844 ,0.202819824219 ,0.969299316406
10.8227 ,8357117 ,-97 ,13 ,-0.00567626953125 ,0.123291015625 ,0.206481933594 ,0.970642089844
10.8335 ,8355488 ,-97 ,14 ,-0.0037841796875 ,0.110656738281 ,0.207397460938 ,0.971984863281
10.8442 ,8353526 ,-97 ,14 ,-0.00140380859375 ,0.102355957031 ,0.208557128906 ,0.97265625
10.8549 ,8352775 ,-97 ,14 ,0.00152587890625 ,0.0973510742188 ,0.207336425781 ,0.973388671875
10.8653 ,8351924 ,-97 ,14 ,0.00439453125 ,0.0921020507812 ,0.203674316406 ,0.974670410156
10.8765 ,8351948 ,-96 ,14 ,0.0093994140625 ,0.0845336914062 ,0.201416015625 ,0.975830078125
10.8873 ,8351948 ,-96 ,13 ,0.0170288085938 ,0.0733032226562 ,0.202026367188 ,0.976501464844
10.8984 ,8353003 ,-96 ,13 ,0.029296875 ,0.0449829101562 ,0.202087402344 ,0.977905273438
10.9156 ,8352339 ,-96 ,12 ,0.033447265625 ,0.0350341796875 ,0.200744628906 ,0.978454589844
10.9269 ,8352228 ,-96 ,11 ,0.0360717773438 ,0.0302734375 ,0.200988769531 ,0.978454589844
10.9377 ,8351667 ,-96 ,10 ,0.0372314453125 ,0.0302124023438 ,0.201049804688 ,0.978393554688
10.9487 ,8351972 ,-96 ,10 ,0.039306640625 ,0.0343017578125 ,0.194641113281 ,0.9794921875
10.9657 ,8351418 ,-97 ,9 ,0.0405883789062 ,0.0316162109375 ,0.191528320312 ,0.980163574219
10.9768 ,8352591 ,-97 ,-1 ,0.04248046875 ,0.0250244140625 ,0.187866210938 ,0.98095703125
10.9879 ,8352228 ,-97 ,8 ,0.045166015625 ,0.0156860351562 ,0.185913085938 ,0.981384277344
10.9989 ,8352868 ,-98 ,8 ,0.0501098632812 ,-0.00079345703125 ,0.185302734375 ,0.981384277344
11.0159 ,8353135 ,-99 ,7 ,0.0507202148438 ,-0.00335693359375 ,0.185729980469 ,0.981262207031
11.0268 ,8354533 ,-99 ,7 ,0.0502319335938 ,-0.00146484375 ,0.186401367188 ,0.981201171875
11.0379 ,8353079 ,-99 ,7 ,0.049072265625 ,0.0030517578125 ,0.187255859375 ,0.981079101562
11.0494 ,8353633 ,-100 ,7 ,0.047607421875 ,0.0087890625 ,0.188354492188 ,0.980895996094
11.0657 ,8354045 ,-100 ,6 ,0.04833984375 ,0.00604248046875 ,0.188781738281 ,0.980834960938
11.077 ,8354349 ,-100 ,6 ,0.0504760742188 ,-0.00079345703125 ,0.189697265625 ,0.980529785156
11.0878 ,8355249 ,-100 ,6 ,0.0530395507812 ,-0.0093994140625 ,0.1904296875 ,0.980224609375
11.0988 ,8355501 ,-101 ,6 ,0.0565185546875 ,-0.0210571289062 ,0.190673828125 ,0.979797363281
11.1155 ,8356052 ,-101 ,5 ,0.0567626953125 ,-0.0219116210938 ,0.189636230469 ,0.97998046875
11.1263 ,8355744 ,-101 ,5 ,0.0565795898438 ,-0.0208129882812 ,0.188171386719 ,0.980285644531
11.1374 ,8356408 ,-101 ,16 ,0.0618896484375 ,-0.138610839844 ,0.149230957031 ,0.97705078125
11.2831 ,8357020 ,-100 ,21 ,0.0618896484375 ,-0.149841308594 ,0.147583007812 ,0.975708007812
11.2945 ,8361349 ,-94 ,25 ,0.0624389648438 ,-0.161010742188 ,0.146484375 ,0.973999023438
11.3056 ,8364135 ,-92 ,28 ,0.063720703125 ,-0.172302246094 ,0.14501953125 ,0.972229003906
11.3171 ,8366010 ,-90 ,30 ,0.066650390625 ,-0.183410644531 ,0.140625 ,0.970642089844
11.3293 ,8368128 ,-89 ,32 ,0.0769653320312 ,-0.200744628906 ,0.138488769531 ,0.966735839844
11.3433 ,8368803 ,-89 ,36 ,0.0847778320312 ,-0.203674316406 ,0.137451171875 ,0.965637207031
11.355 ,8369457 ,-90 ,40 ,0.0939331054688 ,-0.202270507812 ,0.135925292969 ,0.965270996094
11.3668 ,8369457 ,-91 ,44 ,0.105041503906 ,-0.197509765625 ,0.131286621094 ,0.965759277344
11.3779 ,8371900 ,-91 ,48 ,0.117858886719 ,-0.189880371094 ,0.128234863281 ,0.966247558594
11.3886 ,8373180 ,-91 ,51 ,0.140991210938 ,-0.166625976562 ,0.121826171875 ,0.96826171875
11.4031 ,8374934 ,-92 ,52 ,0.149475097656 ,-0.147705078125 ,0.119384765625 ,0.970336914062
11.4157 ,8374789 ,-93 ,52 ,0.152465820312 ,-0.117736816406 ,0.115600585938 ,0.974426269531
11.426 ,8374256 ,-93 ,51 ,0.1552734375 ,-0.0877075195312 ,0.111694335938 ,0.977600097656
11.4368 ,8372709 ,-93 ,50 ,0.156372070312 ,-0.0580444335938 ,0.108032226562 ,0.980041503906
11.4475 ,8371889 ,-94 ,48 ,0.155578613281 ,-0.0353393554688 ,0.104248046875 ,0.981689453125
11.4588 ,8369709 ,-94 ,-1 ,0.148071289062 ,-0.02490234375 ,0.0953369140625 ,0.984069824219
11.4727 ,8365661 ,-94 ,43 ,0.142822265625 ,-0.0264892578125 ,0.0908203125 ,0.985229492188
11.4836 ,8362111 ,-94 ,41 ,0.135864257812 ,-0.029052734375 ,0.0857543945312 ,0.986572265625
11.4944 ,8358751 ,-94 ,39 ,0.127563476562 ,-0.0298461914062 ,0.0813598632812 ,0.988037109375
11.5051 ,8357581 ,-94 ,35 ,0.106994628906 ,-0.0245971679688 ,0.075439453125 ,0.991088867188
11.5235 ,8351979 ,-95 ,32 ,0.095458984375 ,-0.0208740234375 ,0.0732421875 ,0.992492675781
11.5342 ,8350294 ,-95 ,30 ,0.0841064453125 ,-0.0172119140625 ,0.0721435546875 ,0.993713378906
11.5449 ,8348979 ,-95 ,28 ,0.0736083984375 ,-0.0140380859375 ,0.0721435546875 ,0.994567871094
11.5556 ,8348436 ,-95 ,26 ,0.0643310546875 ,-0.0103759765625 ,0.0716552734375 ,0.995300292969
11.5663 ,8348934 ,-95 ,25 ,0.0570678710938 ,-0.0037841796875 ,0.0730590820312 ,0.995666503906
11.5774 ,8348622 ,-95 ,24 ,0.0498046875 ,0.00274658203125 ,0.0745239257812 ,0.995971679688
11.5885 ,8349135 ,-95 ,23 ,0.0394897460938 ,0.0213623046875 ,0.078125 ,0.995910644531
11.6028 ,8350930 ,-96 ,22 ,0.0353393554688 ,0.0363159179688 ,0.0808715820312 ,0.995422363281
11.6154 ,8356256 ,-96 ,21 ,0.032958984375 ,0.0551147460938 ,0.0833740234375 ,0.994445800781
11.6265 ,8358664 ,-96 ,20 ,0.030517578125 ,0.0739135742188 ,0.0858764648438 ,0.993103027344
11.6373 ,8362550 ,-96 ,20 ,0.0258178710938 ,0.101379394531 ,0.0873413085938 ,0.990661621094
11.6484 ,8366342 ,-97 ,19 ,0.0164794921875 ,0.162719726562 ,0.0861206054688 ,0.982788085938
11.6654 ,8369280 ,-97 ,18 ,0.0123291015625 ,0.188720703125 ,0.0855102539062 ,0.978210449219
11.6762 ,8371879 ,-97 ,17 ,0.00811767578125 ,0.214538574219 ,0.0848388671875 ,0.972961425781
11.6867 ,8377128 ,-98 ,17 ,0.00701904296875 ,0.226745605469 ,0.08544921875 ,0.970153808594
11.6974 ,8381675 ,-98 ,16 ,0.00579833984375 ,0.235961914062 ,0.0858764648438 ,0.967956542969
11.7089 ,8384101 ,-98 ,16 ,0.00225830078125 ,0.260986328125 ,0.0874633789062 ,0.961364746094
11.7235 ,8386166 ,-98 ,15 ,0.0003662109375 ,0.277282714844 ,0.089599609375 ,0.956604003906
11.7348 ,8387862 ,-98 ,14 ,-0.00079345703125 ,0.292846679688 ,0.0924072265625 ,0.95166015625
11.7459 ,8389066 ,-99 ,14 ,-0.00152587890625 ,0.305541992188 ,0.0952758789062 ,0.947387695312
11.7573 ,8389741 ,-99 ,13 ,-0.00189208984375 ,0.315063476562 ,0.0986328125 ,0.943908691406
11.7693 ,8388803 ,-99 ,12 ,-0.002197265625 ,0.327270507812 ,0.1064453125 ,0.938903808594
11.7833 ,8387498 ,-99 ,11 ,-0.001708984375 ,0.328979492188 ,0.111572265625 ,0.937744140625
11.7941 ,8385305 ,-99 ,11 ,-0.00079345703125 ,0.327209472656 ,0.116577148438 ,0.937744140625
11.8048 ,8383152 ,-99 ,11 ,-0.00042724609375 ,0.322143554688 ,0.121826171875 ,0.938842773438
11.8155 ,8382471 ,-99 ,11 ,0.000244140625 ,0.314453125 ,0.127319335938 ,0.940673828125
11.8265 ,8379865 ,-98 ,11 ,-0.000244140625 ,0.305297851562 ,0.132568359375 ,0.942993164062
11.8373 ,8378156 ,-98 ,11 ,-0.00115966796875 ,0.295288085938 ,0.137451171875 ,0.945495605469
11.8484 ,8376879 ,-97 ,11 ,-0.00445556640625 ,0.273620605469 ,0.146667480469 ,0.950561523438
11.8653 ,8373187 ,-97 ,11 ,-0.00616455078125 ,0.261535644531 ,0.151062011719 ,0.953247070312
11.8767 ,8373138 ,-97 ,11 ,-0.00860595703125 ,0.248962402344 ,0.154907226562 ,0.955993652344
11.8872 ,8371910 ,-98 ,11 ,-0.00933837890625 ,0.238037109375 ,0.1572265625 ,0.958435058594
11.8984 ,8370896 ,-98 ,11 ,-0.01611328125 ,0.216491699219 ,0.164672851562 ,0.962158203125
11.9157 ,8370969 ,-98 ,-1 ,-0.0192260742188 ,0.203674316406 ,0.171508789062 ,0.963684082031
11.9276 ,8368571 ,-97 ,-1 ,-0.021240234375 ,0.189697265625 ,0.180419921875 ,0.964904785156
11.9391 ,8368924 ,-97 ,11 ,-0.0203247070312 ,0.165161132812 ,0.192565917969 ,0.967041015625
11.9534 ,8367059 ,-96 ,12 ,-0.0182495117188 ,0.151123046875 ,0.197937011719 ,0.968322753906
11.9659 ,8365038 ,-96 ,12 ,-0.0149536132812 ,0.134582519531 ,0.204223632812 ,0.969543457031
11.977 ,8363855 ,-96 ,13 ,-0.0098876953125 ,0.121520996094 ,0.209594726562 ,0.970153808594
11.988 ,8363955 ,-96 ,13 ,-0.00543212890625 ,0.112426757812 ,0.215454101562 ,0.970031738281
11.999 ,8363522 ,-97 ,14 ,0.00274658203125 ,0.0972290039062 ,0.223388671875 ,0.969848632812
12.0154 ,8363848 ,-97 ,14 ,0.0074462890625 ,0.0867309570312 ,0.227294921875 ,0.969909667969
12.0269 ,8364256 ,-97 ,14 ,0.0114135742188 ,0.0774536132812 ,0.230346679688 ,0.969970703125
12.0377 ,8365090 ,-97 ,13 ,0.0137329101562 ,0.0725708007812 ,0.230773925781 ,0.97021484375
12.049 ,8364460 ,-97 ,13 ,0.0147705078125 ,0.0742797851562 ,0.227233886719 ,0.970886230469
12.0668 ,8364913 ,-98 ,11 ,0.0145263671875 ,0.0755615234375 ,0.229064941406 ,0.970397949219
12.0787 ,8365107 ,-98 ,11 ,0.016845703125 ,0.071044921875 ,0.22705078125 ,0.971130371094
12.0931 ,8365955 ,-99 ,10 ,0.0186157226562 ,0.0656127929688 ,0.226989746094 ,0.971496582031
12.1051 ,8367021 ,-100 ,10 ,0.020263671875 ,0.061279296875 ,0.226684570312 ,0.971801757812
12.1169 ,8366716 ,-100 ,9 ,0.0208740234375 ,0.0591430664062 ,0.227111816406 ,0.971862792969
12.1444 ,8367218 ,-100 ,9 ,0.0216064453125 ,0.0568237304688 ,0.226806640625 ,0.972045898438
12.1556 ,8367173 ,-101 ,8 ,0.0225830078125 ,0.0530395507812 ,0.226623535156 ,0.972290039062
12.167 ,8366560 ,-101 ,8 ,0.0234985351562 ,0.0494384765625 ,0.228881835938 ,0.971923828125
12.1787 ,8367294 ,-101 ,8 ,0.025634765625 ,0.0437622070312 ,0.223999023438 ,0.973266601562
12.1933 ,8367308 ,-101 ,5 ,0.0266723632812 ,0.0411376953125 ,0.220031738281 ,0.974243164062
12.2047 ,8367377 ,-101 ,5 ,0.0283813476562 ,0.03759765625 ,0.216064453125 ,0.975219726562
12.2172 ,8367630 ,-101 ,4 ,0.030517578125 ,0.0322265625 ,0.212585449219 ,0.976135253906
12.2288 ,8368003 ,-101 ,3 ,0.0355834960938 ,0.016845703125 ,0.203674316406 ,0.978271484375
12.2433 ,8368432 ,-101 ,2 ,0.037353515625 ,0.0089111328125 ,0.198791503906 ,0.979309082031
12.2544 ,8367882 ,-100 ,2 ,0.0382690429688 ,0.0020751953125 ,0.193298339844 ,0.980407714844
12.2669 ,8366249 ,-100 ,1 ,0.0388793945312 ,-0.00335693359375 ,0.189453125 ,0.981140136719
12.2779 ,8366619 ,-100 ,1 ,0.0391235351562 ,-0.00885009765625 ,0.183044433594 ,0.982299804688
12.2893 ,8365744 ,-99 ,1 ,0.0386352539062 ,-0.0233154296875 ,0.168518066406 ,0.984680175781
12.303 ,8365111 ,-98 ,1 ,0.037353515625 ,-0.0321655273438 ,0.160278320312 ,0.98583984375
12.3165 ,8366336 ,-98 ,1 ,0.034912109375 ,-0.04150390625 ,0.152770996094 ,0.986755371094
12.3284 ,8366969 ,-97 ,8 ,-0.017578125 ,-0.095947265625 ,0.0472412109375 ,0.994140625
12.4244 ,8376235 ,-94 ,12 ,-0.017333984375 ,-0.0907592773438 ,0.0355224609375 ,0.9951171875
12.4353 ,8384907 ,-95 ,15 ,-0.015380859375 ,-0.0822143554688 ,0.0234375 ,0.996215820312
12.446 ,8385865 ,-95 ,18 ,-0.0101318359375 ,-0.0719604492188 ,0.0130615234375 ,0.997253417969
12.4568 ,8387204 ,-96 ,20 ,-0.00396728515625 ,-0.0611572265625 ,6.103515625e-05 ,0.998107910156
12.468 ,8387204 ,-96 ,22 ,0.0514526367188 ,0.0477294921875 ,-0.084228515625 ,0.993957519531
12.5665 ,8364439 ,-97 ,22 ,0.049560546875 ,0.038818359375 ,-0.0831909179688 ,0.994567871094
12.5771 ,8352086 ,-98 ,21 ,0.0424194335938 ,0.00494384765625 ,-0.0864868164062 ,0.995361328125
12.5929 ,8348204 ,-98 ,21 ,0.0372924804688 ,-0.0167236328125 ,-0.08740234375 ,0.995361328125
12.6036 ,8346325 ,-98 ,18 ,-0.0150756835938 ,-0.0576782226562 ,-6.103515625e-05 ,0.998229980469
12.697 ,8341048 ,-99 ,18 ,-0.00701904296875 ,-0.0278930664062 ,0.0161743164062 ,0.999450683594
12.7078 ,8342418 ,-99 ,17 ,0.00311279296875 ,0.0108642578125 ,0.0385131835938 ,0.999206542969
12.7334 ,8341570 ,-100 ,16 ,0.00445556640625 ,0.010498046875 ,0.0550537109375 ,0.998413085938
12.7441 ,8342155 ,-100 ,7 ,0.00225830078125 ,0.138854980469 ,0.208435058594 ,0.968139648438
12.8829 ,8342498 ,-100 ,7 ,0.00042724609375 ,0.1611328125 ,0.212524414062 ,0.963745117188
12.8937 ,8355477 ,-98 ,8 ,0.00048828125 ,0.0487060546875 ,0.295288085938 ,0.954162597656
13.0329 ,8356636 ,-97 ,9 ,0.0047607421875 ,0.0381469726562 ,0.302429199219 ,0.952392578125
13.0437 ,8357187 ,-97 ,9 ,0.0050048828125 ,0.037353515625 ,0.309020996094 ,0.950317382812
13.0545 ,8357588 ,-97 ,10 ,0.0029296875 ,0.0421142578125 ,0.31201171875 ,0.949157714844
13.0664 ,8356498 ,-96 ,10 ,0.0009765625 ,0.052001953125 ,0.317016601562 ,0.947021484375
13.0774 ,8355886 ,-96 ,11 ,-0.00079345703125 ,0.0596313476562 ,0.320617675781 ,0.9453125
13.0886 ,8355398 ,-96 ,11 ,0.00640869140625 ,0.0468139648438 ,0.330078125 ,0.942749023438
13.1028 ,8355605 ,-97 ,11 ,0.014404296875 ,0.0315551757812 ,0.333618164062 ,0.942077636719
13.1152 ,8355737 ,-97 ,11 ,0.022216796875 ,0.0193481445312 ,0.3369140625 ,0.941101074219
13.1267 ,8355522 ,-97 ,11 ,0.0258178710938 ,0.0112915039062 ,0.3388671875 ,0.9404296875
13.1375 ,8356017 ,-97 ,10 ,0.0279541015625 ,0.0078125 ,0.33984375 ,0.940002441406
13.1485 ,8354726 ,-97 ,10 ,0.0305786132812 ,0.00665283203125 ,0.340087890625 ,0.939880371094
13.1652 ,8354052 ,-98 ,9 ,0.0313110351562 ,0.005126953125 ,0.337280273438 ,0.940856933594
13.1765 ,8354059 ,-98 ,8 ,0.032958984375 ,0.00286865234375 ,0.334594726562 ,0.941772460938
13.1878 ,8355100 ,-99 ,8 ,0.0350952148438 ,-0.0006103515625 ,0.332763671875 ,0.9423828125
13.1992 ,8353436 ,-99 ,7 ,0.0384521484375 ,-0.0069580078125 ,0.328491210938 ,0.943725585938
13.2168 ,8353519 ,-99 ,6 ,0.039306640625 ,-0.00750732421875 ,0.331970214844 ,0.942443847656
13.2277 ,8353363 ,-100 ,5 ,0.0396728515625 ,-0.00775146484375 ,0.330383300781 ,0.942993164062
13.2386 ,8352882 ,-100 ,5 ,0.041748046875 ,-0.0126342773438 ,0.329772949219 ,0.943054199219
13.2528 ,8352328 ,-100 ,4 ,0.0440673828125 ,-0.0166625976562 ,0.329040527344 ,0.943115234375
13.2666 ,8352598 ,-101 ,4 ,0.0466918945312 ,-0.0208129882812 ,0.33349609375 ,0.941345214844
13.278 ,8353574 ,-101 ,3 ,0.0489501953125 ,-0.0247192382812 ,0.332214355469 ,0.941589355469
13.2892 ,8353681 ,-101 ,3 ,0.0513305664062 ,-0.02734375 ,0.328002929688 ,0.94287109375
13.3032 ,8353190 ,-101 ,2 ,0.05126953125 ,-0.0269775390625 ,0.326049804688 ,0.943542480469
13.3168 ,8353363 ,-101 ,2 ,0.0518798828125 ,-0.0271606445312 ,0.329406738281 ,0.9423828125
13.3286 ,8352702 ,-102 ,2 ,0.0556640625 ,-0.0347900390625 ,0.325866699219 ,0.943115234375
13.3429 ,8353097 ,-102 ,1 ,0.0591430664062 ,-0.0423583984375 ,0.324157714844 ,0.943176269531
13.354 ,8352629 ,-102 ,0 ,0.0685424804688 ,-0.0648193359375 ,0.319885253906 ,0.942749023438
13.3889 ,8351318 ,-102 ,-1 ,0.0715942382812 ,-0.0750732421875 ,0.309448242188 ,0.945251464844
13.4033 ,8350612 ,-101 ,0 ,0.0723876953125 ,-0.0809326171875 ,0.303833007812 ,0.946533203125
13.4172 ,8351712 ,-101 ,0 ,0.0735473632812 ,-0.0880126953125 ,0.301025390625 ,0.946716308594
13.4293 ,8351391 ,-101 ,0 ,0.0744018554688 ,-0.109008789062 ,0.289794921875 ,0.947937011719
13.4432 ,8350861 ,-100 ,0 ,0.0735473632812 ,-0.121643066406 ,0.2841796875 ,0.948181152344
13.4545 ,8351017 ,-100 ,-1 ,0.0718994140625 ,-0.134643554688 ,0.278076171875 ,0.948364257812
13.4669 ,8350941 ,-99 ,-1 ,0.068603515625 ,-0.146728515625 ,0.272705078125 ,0.948364257812
13.4788 ,8351024 ,-98 ,0 ,0.0567626953125 ,-0.1650390625 ,0.253356933594 ,0.951477050781
13.4935 ,8351052 ,-97 ,0 ,0.0490112304688 ,-0.172302246094 ,0.240356445312 ,0.954040527344
13.5047 ,8352342 ,-96 ,-2 ,0.0404663085938 ,-0.180297851562 ,0.225280761719 ,0.956604003906
13.516 ,8352654 ,-95 ,-2 ,0.0242309570312 ,-0.199584960938 ,0.192138671875 ,0.960571289062
13.5333 ,8356854 ,-94 ,-1 ,0.016845703125 ,-0.208129882812 ,0.175903320312 ,0.962036132812
13.5444 ,8358083 ,-95 ,-2 ,0.009765625 ,-0.21337890625 ,0.15966796875 ,0.963806152344
13.5555 ,8359446 ,-95 ,0 ,-0.010009765625 ,-0.1904296875 ,0.0994873046875 ,0.976623535156
13.587 ,8367830 ,-96 ,0 ,-0.01318359375 ,-0.167175292969 ,0.0751953125 ,0.982971191406
13.5985 ,8372512 ,-97 ,1 ,-0.00970458984375 ,-0.122192382812 ,0.0248413085938 ,0.992126464844
13.6161 ,8378180 ,-97 ,4 ,-0.0057373046875 ,-0.106872558594 ,-0.00323486328125 ,0.994262695312
13.6269 ,8379287 ,-98 ,7 ,-0.00146484375 ,-0.0928955078125 ,-0.0291748046875 ,0.995239257812
13.6384 ,8387955 ,-98 ,10 ,0.0138549804688 ,-0.0531005859375 ,-0.0720825195312 ,0.995910644531
13.6531 ,8392789 ,-98 ,17 ,0.0255737304688 ,-0.0303955078125 ,-0.0909423828125 ,0.995056152344
13.6658 ,8396198 ,-98 ,21 ,0.0377807617188 ,-0.0142211914062 ,-0.106994628906 ,0.993469238281
13.6773 ,8399689 ,-98 ,25 ,0.05029296875 ,-0.0078125 ,-0.123962402344 ,0.990966796875
13.6887 ,8398772 ,-98 ,28 ,0.0723266601562 ,-0.00970458984375 ,-0.15087890625 ,0.98583984375
13.7033 ,8399786 ,-97 ,32 ,0.0861206054688 ,-0.00762939453125 ,-0.1640625 ,0.982666015625
13.7157 ,8398177 ,-97 ,34 ,0.09912109375 ,-0.00335693359375 ,-0.175842285156 ,0.979431152344
13.7262 ,8395263 ,-97 ,35 ,0.109436035156 ,0.00128173828125 ,-0.186767578125 ,0.976257324219
13.7367 ,8390433 ,-97 ,35 ,0.117370605469 ,0.00738525390625 ,-0.197875976562 ,0.97314453125
13.7475 ,8384827 ,-97 ,34 ,0.124328613281 ,0.0166015625 ,-0.206176757812 ,0.970458984375
13.7585 ,8378568 ,-97 ,33 ,0.133361816406 ,0.0372924804688 ,-0.221130371094 ,0.965393066406
13.7725 ,8367958 ,-97 ,31 ,0.134155273438 ,0.038818359375 ,-0.228698730469 ,0.963439941406
13.7831 ,8364156 ,-97 ,29 ,0.130737304688 ,0.0304565429688 ,-0.236389160156 ,0.962341308594
13.7939 ,8352993 ,-98 ,27 ,0.124145507812 ,0.0136108398438 ,-0.244689941406 ,0.961547851562
13.8046 ,8349806 ,-98 ,26 ,0.115051269531 ,-0.0093994140625 ,-0.254821777344 ,0.960083007812
13.8154 ,8344179 ,-98 ,24 ,0.10595703125 ,-0.03662109375 ,-0.26806640625 ,0.956848144531
13.827 ,8342166 ,-98 ,24 ,0.092041015625 ,-0.0670166015625 ,-0.283081054688 ,0.952331542969
13.8384 ,8342031 ,-98 ,22 ,0.040283203125 ,-0.134948730469 ,-0.304748535156 ,0.941955566406
13.8531 ,8343024 ,-99 ,20 ,0.00140380859375 ,-0.170043945312 ,-0.302429199219 ,0.937866210938
13.8657 ,8341619 ,-99 ,19 ,-0.0376586914062 ,-0.196838378906 ,-0.295288085938 ,0.934143066406
13.8776 ,8340705 ,-100 ,19 ,-0.0545654296875 ,-0.201599121094 ,-0.283264160156 ,0.93603515625
13.889 ,8339429 ,-100 ,18 ,-0.001708984375 ,-0.158996582031 ,-0.238586425781 ,0.9580078125
13.9032 ,8338273 ,-101 ,18 ,0.0411987304688 ,-0.128173828125 ,-0.207092285156 ,0.968994140625
13.9156 ,8340031 ,-101 ,18 ,0.0631103515625 ,-0.108093261719 ,-0.167724609375 ,0.977844238281
13.9265 ,8341529 ,-101 ,16 ,0.0752563476562 ,-0.109741210938 ,-0.0186157226562 ,0.990905761719
13.9657 ,8342349 ,-101 ,15 ,0.077392578125 ,-0.079345703125 ,0.00543212890625 ,0.993835449219
13.9776 ,8342550 ,-101 ,14 ,0.0719604492188 ,-0.0386962890625 ,0.0360717773438 ,0.996032714844
13.9891 ,8342657 ,-101 ,12 ,0.03857421875 ,0.0740356445312 ,0.143737792969 ,0.986083984375
14.0032 ,8343166 ,-101 ,11 ,0.02880859375 ,0.124389648438 ,0.196899414062 ,0.972045898438
14.0153 ,8343124 ,-101 ,9 ,0.0191040039062 ,0.149353027344 ,0.236328125 ,0.9599609375
14.0256 ,8343605 ,-101 ,9 ,0.0169677734375 ,0.144592285156 ,0.259704589844 ,0.954650878906
14.0362 ,8344743 ,-101 ,8 ,0.0271606445312 ,0.120483398438 ,0.268615722656 ,0.955322265625
14.0467 ,8347820 ,-101 ,7 ,0.0473022460938 ,0.0909423828125 ,0.263549804688 ,0.959167480469
14.0572 ,8348145 ,-101 ,6 ,0.0689086914062 ,0.0648193359375 ,0.253051757812 ,0.962829589844
14.0685 ,8347346 ,-99 ,5 ,0.079833984375 ,0.0306396484375 ,0.366027832031 ,0.926696777344
14.1027 ,8350449 ,-98 ,4 ,0.0752563476562 ,0.028076171875 ,0.390197753906 ,0.917236328125
14.1175 ,8356304 ,-98 ,4 ,0.0725708007812 ,0.0203247070312 ,0.414123535156 ,0.907104492188
14.1283 ,8357858 ,-97 ,5 ,0.0740966796875 ,0.0172729492188 ,0.44580078125 ,0.891906738281
14.1428 ,8363097 ,-96 ,5 ,0.0701293945312 ,0.013427734375 ,0.455871582031 ,0.88720703125
14.1536 ,8365131 ,-96 ,6 ,0.063720703125 ,0.00958251953125 ,0.463806152344 ,0.883605957031
14.1651 ,8365045 ,-96 ,6 ,0.0506591796875 ,0.0104370117188 ,0.472900390625 ,0.879577636719
14.1759 ,8364460 ,-96 ,6 ,0.0321655273438 ,0.023681640625 ,0.474792480469 ,0.879211425781
14.1867 ,8363844 ,-96 ,6 ,0.0096435546875 ,0.040283203125 ,0.471923828125 ,0.880676269531
14.1975 ,8365879 ,-96 ,6 ,-0.004150390625 ,0.0496826171875 ,0.474914550781 ,0.878601074219
14.2086 ,8370633 ,-96 ,6 ,-0.00048828125 ,0.0330200195312 ,0.493774414062 ,0.868957519531
14.2224 ,8375931 ,-97 ,6 ,0.00592041015625 ,0.0205688476562 ,0.502807617188 ,0.864135742188
14.2329 ,8375931 ,-97 ,6 ,0.00531005859375 ,0.0147094726562 ,0.509643554688 ,0.860229492188
14.2469 ,8377367 ,-98 ,7 ,-0.00067138671875 ,0.0167236328125 ,0.516296386719 ,0.856262207031
14.2574 ,8376540 ,-98 ,7 ,-0.00787353515625 ,0.0238647460938 ,0.523559570312 ,0.851623535156
14.2684 ,8376149 ,-99 ,8 ,-0.00933837890625 ,0.0335083007812 ,0.536987304688 ,0.842834472656
14.2931 ,8380201 ,-100 ,7 ,-0.0111083984375 ,0.0352783203125 ,0.539428710938 ,0.841247558594
14.3038 ,8379574 ,-100 ,7 ,-0.0159912109375 ,0.0404663085938 ,0.53955078125 ,0.8408203125
14.3153 ,8376751 ,-100 ,7 ,-0.0191650390625 ,0.0438842773438 ,0.538208007812 ,0.841430664062
14.3267 ,8376028 ,-101 ,7 ,-0.0159301757812 ,0.0402221679688 ,0.536499023438 ,0.842834472656
14.3373 ,8376021 ,-101 ,6 ,-0.0057373046875 ,0.0304565429688 ,0.535949707031 ,0.843688964844
14.3481 ,8376401 ,-101 ,5 ,0.0104370117188 ,0.01220703125 ,0.532897949219 ,0.846008300781
14.3651 ,8375536 ,-101 ,4 ,0.0109252929688 ,0.0114135742188 ,0.528442382812 ,0.848815917969
14.376 ,8374599 ,-101 ,3 ,0.0096435546875 ,0.0136108398438 ,0.523254394531 ,0.851989746094
14.3872 ,8369785 ,-101 ,2 ,0.0101928710938 ,0.0140991210938 ,0.518737792969 ,0.854736328125
14.3979 ,8369152 ,-101 ,1 ,0.019287109375 ,0.0064697265625 ,0.512939453125 ,0.858215332031
14.4152 ,8368183 ,-101 ,0 ,0.0241088867188 ,0.00103759765625 ,0.509948730469 ,0.85986328125
14.4255 ,8367201 ,-101 ,0 ,0.0276489257812 ,-0.00408935546875 ,0.506164550781 ,0.861999511719
14.4361 ,8366401 ,-101 ,0 ,0.0305786132812 ,-0.00885009765625 ,0.502502441406 ,0.863952636719
14.4467 ,8363675 ,-101 ,-1 ,0.0333862304688 ,-0.0137939453125 ,0.499145507812 ,0.865783691406
14.4576 ,8362993 ,-101 ,-1 ,0.03662109375 ,-0.0189208984375 ,0.495971679688 ,0.867370605469
14.4685 ,8363048 ,-101 ,-1 ,0.0518188476562 ,-0.0482788085938 ,0.482604980469 ,0.872985839844
14.503 ,8362256 ,-100 ,-2 ,0.0531005859375 ,-0.054443359375 ,0.477416992188 ,0.875427246094
14.5154 ,8358633 ,-99 ,-2 ,0.0534057617188 ,-0.060302734375 ,0.471435546875 ,0.878234863281
14.5264 ,8357733 ,-99 ,-2 ,0.053955078125 ,-0.0682373046875 ,0.464477539062 ,0.881286621094
14.5373 ,8356740 ,-98 ,-2 ,0.0558471679688 ,-0.0798950195312 ,0.456848144531 ,0.884216308594
14.5479 ,8357166 ,-98 ,-3 ,0.0549926757812 ,-0.165832519531 ,0.402404785156 ,0.898681640625
14.5936 ,8350481 ,-92 ,-3 ,0.04833984375 ,-0.18115234375 ,0.385864257812 ,0.9033203125
14.6041 ,8349325 ,-91 ,-5 ,0.0399780273438 ,-0.197448730469 ,0.366882324219 ,0.908203125
14.6151 ,8348885 ,-89 ,-5 ,0.03125 ,-0.215881347656 ,0.346984863281 ,0.912170410156
14.6266 ,8349584 ,-88 ,-5 ,0.0225830078125 ,-0.236633300781 ,0.326843261719 ,0.914672851562
14.6371 ,8348809 ,-87 ,-5 ,0.0147094726562 ,-0.258544921875 ,0.306274414062 ,0.916015625
14.6479 ,8350007 ,-87 ,-5 ,0.00689697265625 ,-0.278503417969 ,0.2861328125 ,0.916809082031
14.6588 ,8349968 ,-88 ,-5 ,-0.013916015625 ,-0.303771972656 ,0.2451171875 ,0.920593261719
14.6725 ,8351564 ,-88 ,-5 ,-0.0252075195312 ,-0.305847167969 ,0.221557617188 ,0.925598144531
14.6831 ,8356470 ,-90 ,-4 ,-0.0579833984375 ,-0.24462890625 ,0.105224609375 ,0.962158203125
14.7241 ,8361893 ,-91 ,-4 ,-0.0601806640625 ,-0.221313476562 ,0.0733642578125 ,0.970581054688
14.7347 ,8366498 ,-91 ,-3 ,-0.0588989257812 ,-0.197692871094 ,0.0385131835938 ,0.977722167969
14.7452 ,8371048 ,-92 ,-1 ,-0.05322265625 ,-0.172973632812 ,0.001708984375 ,0.983459472656
14.7562 ,8376986 ,-93 ,0 ,-0.0496826171875 ,-0.147155761719 ,-0.0317993164062 ,0.987365722656
14.7671 ,8382955 ,-94 ,1 ,-0.0437622070312 ,-0.117858886719 ,-0.0640258789062 ,0.989990234375
14.778 ,8388097 ,-94 ,2 ,-0.0269165039062 ,-0.0501708984375 ,-0.11962890625 ,0.9912109375
14.793 ,8398288 ,-95 ,4 ,-0.0169677734375 ,-0.019775390625 ,-0.143676757812 ,0.9892578125
14.8037 ,8405443 ,-95 ,6 ,-0.00653076171875 ,0.0006103515625 ,-0.168029785156 ,0.985778808594
14.8151 ,8415959 ,-95 ,8 ,0.000732421875 ,0.0103149414062 ,-0.188659667969 ,0.981994628906
14.8263 ,8420558 ,-95 ,11 ,0.00738525390625 ,0.0171508789062 ,-0.206604003906 ,0.978271484375
14.8371 ,8426046 ,-95 ,14 ,0.0152587890625 ,0.0287475585938 ,-0.221923828125 ,0.974487304688
14.8479 ,8426046 ,-95 ,17 ,0.0262451171875 ,0.0454711914062 ,-0.236267089844 ,0.970275878906
14.8588 ,8430738 ,-96 ,20 ,0.0492553710938 ,0.076904296875 ,-0.2578125 ,0.961853027344
14.8725 ,8432541 ,-96 ,35 ,0.0842895507812 ,0.111389160156 ,-0.277099609375 ,0.950622558594
14.9072 ,8428004 ,-96 ,40 ,0.0968017578125 ,0.114379882812 ,-0.280944824219 ,0.947937011719
14.9189 ,8422226 ,-96 ,44 ,0.118469238281 ,0.10107421875 ,-0.289306640625 ,0.944458007812
14.9326 ,8416316 ,-97 ,47 ,0.126770019531 ,0.0921020507812 ,-0.294128417969 ,0.94287109375
14.9432 ,8408911 ,-97 ,47 ,0.133666992188 ,0.0848388671875 ,-0.298095703125 ,0.941345214844
14.9541 ,8394883 ,-97 ,46 ,0.14013671875 ,0.0777587890625 ,-0.30078125 ,0.940124511719
14.965 ,8386011 ,-97 ,44 ,0.143920898438 ,0.0699462890625 ,-0.302795410156 ,0.939514160156
14.9759 ,8370830 ,-97 ,42 ,0.145141601562 ,0.0614013671875 ,-0.305236816406 ,0.939147949219
14.9865 ,8370830 ,-97 ,40 ,0.143920898438 ,0.0510864257812 ,-0.308227539062 ,0.93896484375
14.9971 ,8350612 ,-98 ,38 ,0.138549804688 ,0.0363159179688 ,-0.312194824219 ,0.939147949219
15.0081 ,8345349 ,-98 ,36 ,0.118347167969 ,-0.0147705078125 ,-0.323059082031 ,0.938842773438
15.0223 ,8342792 ,-99 ,32 ,0.109497070312 ,-0.0538330078125 ,-0.335021972656 ,0.934265136719
15.0328 ,8342332 ,-99 ,30 ,0.09619140625 ,-0.0973510742188 ,-0.349365234375 ,0.926940917969
15.0433 ,8341934 ,-100 ,28 ,0.0682373046875 ,-0.146118164062 ,-0.358032226562 ,0.919677734375
15.0542 ,8342470 ,-100 ,27 ,0.0252075195312 ,-0.196105957031 ,-0.357177734375 ,0.912841796875
15.0651 ,8340719 ,-100 ,25 ,-0.02734375 ,-0.236938476562 ,-0.346313476562 ,0.907287597656
15.076 ,8339280 ,-101 ,23 ,-0.0734252929688 ,-0.261962890625 ,-0.324890136719 ,0.90576171875
15.0866 ,8340508 ,-101 ,22 ,-0.0717163085938 ,-0.276184082031 ,-0.274536132812 ,0.918273925781
15.0973 ,8341297 ,-101 ,21 ,-0.00830078125 ,-0.273315429688 ,-0.190490722656 ,0.94287109375
15.1085 ,8341622 ,-101 ,20 ,0.0787353515625 ,-0.210754394531 ,0.00823974609375 ,0.974304199219
15.1225 ,8341352 ,-102 ,19 ,0.083740234375 ,-0.193725585938 ,0.0809936523438 ,0.97412109375
15.1334 ,8341951 ,-102 ,18 ,0.0896606445312 ,-0.185607910156 ,0.148498535156 ,0.967224121094
15.1442 ,8343280 ,-102 ,17 ,0.0902099609375 ,-0.173950195312 ,0.215698242188 ,0.956604003906
15.1547 ,8342889 ,-102 ,16 ,0.0899658203125 ,-0.141784667969 ,0.270874023438 ,0.947875976562
15.165 ,8344027 ,-102 ,16 ,0.08740234375 ,-0.0944213867188 ,0.308715820312 ,0.9423828125
15.1754 ,8347328 ,-102 ,15 ,0.0916748046875 ,-0.046142578125 ,0.336730957031 ,0.935974121094
15.1862 ,8351221 ,-101 ,14 ,0.0955200195312 ,-0.00323486328125 ,0.361328125 ,0.927551269531
15.1969 ,8355889 ,-101 ,13 ,0.083251953125 ,0.0198974609375 ,0.380554199219 ,0.920776367188
15.2077 ,8362484 ,-101 ,12 ,0.0433349609375 ,0.0193481445312 ,0.39697265625 ,0.916625976562
15.2184 ,8365799 ,-100 ,11 ,0.00067138671875 ,0.0827026367188 ,0.424743652344 ,0.901550292969
15.2326 ,8368273 ,-99 ,10 ,-0.0353393554688 ,0.100830078125 ,0.448852539062 ,0.88720703125
15.2434 ,8373239 ,-98 ,10 ,-0.0370483398438 ,0.112609863281 ,0.480651855469 ,0.868835449219
15.2541 ,8382568 ,-99 ,9 ,-0.0286254882812 ,0.0972900390625 ,0.50439453125 ,0.857482910156
15.2652 ,8392883 ,-98 ,-1 ,-0.001220703125 ,0.0765991210938 ,0.527404785156 ,0.846130371094
15.2757 ,8404385 ,-98 ,9 ,0.007568359375 ,0.0584106445312 ,0.546325683594 ,0.835510253906
15.2862 ,8404132 ,-97 ,9 ,-0.00701904296875 ,0.0709838867188 ,0.558532714844 ,0.826416015625
15.2968 ,8403495 ,-97 ,9 ,-0.0488891601562 ,0.0985717773438 ,0.580444335938 ,0.806823730469
15.3164 ,8405571 ,-96 ,9 ,-0.0355834960938 ,0.0870971679688 ,0.597839355469 ,0.796081542969
15.3273 ,8412271 ,-96 ,10 ,-0.0144653320312 ,0.0650024414062 ,0.609375 ,0.790100097656
15.338 ,8411855 ,-96 ,10 ,-0.0462646484375 ,0.08740234375 ,0.608154296875 ,0.78759765625
15.3524 ,8406063 ,-96 ,10 ,-0.0902099609375 ,0.128356933594 ,0.601440429688 ,0.783386230469
15.3654 ,8408616 ,-97 ,9 ,-0.100769042969 ,0.137512207031 ,0.600830078125 ,0.780944824219
15.3767 ,8416779 ,-97 ,9 ,-0.0807495117188 ,0.111877441406 ,0.605529785156 ,0.783813476562
15.3873 ,8418610 ,-97 ,9 ,-0.05615234375 ,0.0825805664062 ,0.609069824219 ,0.786804199219
15.3984 ,8417838 ,-98 ,10 ,-0.0543212890625 ,0.0724487304688 ,0.607604980469 ,0.7890625
15.4152 ,8417973 ,-98 ,10 ,-0.06103515625 ,0.078369140625 ,0.610473632812 ,0.785827636719
15.4297 ,8421769 ,-99 ,9 ,-0.0480346679688 ,0.0669555664062 ,0.6201171875 ,0.780212402344
15.4427 ,8420790 ,-99 ,9 ,-0.0518188476562 ,0.0687255859375 ,0.621337890625 ,0.77880859375
15.4534 ,8419617 ,-99 ,9 ,-0.0643310546875 ,0.0806884765625 ,0.619201660156 ,0.778442382812
15.465 ,8419883 ,-99 ,9 ,-0.0718994140625 ,0.0899047851562 ,0.618835449219 ,0.777038574219
15.4753 ,8421174 ,-99 ,8 ,-0.0699462890625 ,0.08935546875 ,0.622314453125 ,0.774475097656
15.486 ,8422053 ,-100 ,8 ,-0.0662841796875 ,0.0853881835938 ,0.624938964844 ,0.773132324219
15.4965 ,8420343 ,-100 ,8 ,-0.0669555664062 ,0.0852661132812 ,0.624084472656 ,0.773803710938
15.5071 ,8417592 ,-100 ,8 ,-0.0669555664062 ,0.0848388671875 ,0.6220703125 ,0.775451660156
15.5184 ,8418457 ,-100 ,7 ,-0.0423583984375 ,0.0614013671875 ,0.624755859375 ,0.777221679688
15.534 ,8417752 ,-100 ,7 ,-0.0332641601562 ,0.0517578125 ,0.625854492188 ,0.777526855469
15.5448 ,8415025 ,-100 ,6 ,-0.0352172851562 ,0.053466796875 ,0.624206542969 ,0.778625488281
15.5558 ,8414343 ,-100 ,5 ,-0.04052734375 ,0.0599365234375 ,0.621215820312 ,0.7802734375
15.567 ,8413658 ,-100 ,5 ,-0.0399780273438 ,0.0608520507812 ,0.619873046875 ,0.781311035156
15.5781 ,8412360 ,-100 ,4 ,-0.0326538085938 ,0.0535888671875 ,0.619262695312 ,0.78271484375
15.5927 ,8409118 ,-100 ,4 ,-0.0344848632812 ,0.054931640625 ,0.617126464844 ,0.7841796875
15.6035 ,8407814 ,-99 ,3 ,-0.0352172851562 ,0.0543823242188 ,0.614685058594 ,0.786071777344
15.6173 ,8400561 ,-99 ,3 ,-0.0301513671875 ,0.0465087890625 ,0.613037109375 ,0.788146972656
15.6279 ,8398153 ,-98 ,3 ,-0.0180053710938 ,0.0233764648438 ,0.608154296875 ,0.793273925781
15.6427 ,8391986 ,-97 ,2 ,-0.0195922851562 ,0.0180053710938 ,0.602478027344 ,0.797668457031
15.6534 ,8388159 ,-97 ,2 ,-0.0223388671875 ,0.0134887695312 ,0.595336914062 ,0.803039550781
15.6651 ,8384395 ,-97 ,2 ,-0.0223388671875 ,0.00518798828125 ,0.588256835938 ,0.808349609375
15.6758 ,8381222 ,-96 ,2 ,-0.0199584960938 ,-0.006591796875 ,0.581481933594 ,0.813293457031
15.6865 ,8376554 ,-95 ,2 ,-0.0188598632812 ,-0.0181274414062 ,0.573669433594 ,0.818664550781
15.6969 ,8373723 ,-95 ,2 ,-0.0214233398438 ,-0.026611328125 ,0.564331054688 ,0.824829101562
15.7074 ,8372336 ,-95 ,2 ,-0.0281372070312 ,-0.04150390625 ,0.543518066406 ,0.837890625
15.7223 ,8361678 ,-94 ,2 ,-0.02783203125 ,-0.054443359375 ,0.533020019531 ,0.843872070312
15.7329 ,8357190 ,-94 ,2 ,-0.025634765625 ,-0.0701293945312 ,0.522216796875 ,0.849548339844
15.7434 ,8353640 ,-93 ,2 ,-0.023193359375 ,-0.0855102539062 ,0.509338378906 ,0.85595703125
15.7539 ,8350557 ,-93 ,2 ,-0.021484375 ,-0.0997314453125 ,0.494262695312 ,0.86328125
15.7652 ,8346391 ,-93 ,2 ,-0.0192260742188 ,-0.114929199219 ,0.476623535156 ,0.871337890625
15.7761 ,8344415 ,-93 ,2 ,-0.014892578125 ,-0.135559082031 ,0.456787109375 ,0.879028320312
15.7866 ,8343214 ,-93 ,2 ,-0.00750732421875 ,-0.163879394531 ,0.433776855469 ,0.885986328125
15.7971 ,8342169 ,-93 ,3 ,0.00262451171875 ,-0.199829101562 ,0.406555175781 ,0.891479492188
15.808 ,8342200 ,-94 ,3 ,0.0180053710938 ,-0.287109375 ,0.337890625 ,0.896179199219
15.8225 ,8343228 ,-94 ,4 ,0.0182495117188 ,-0.330383300781 ,0.296630859375 ,0.895874023438
15.833 ,8343017 ,-94 ,6 ,0.0126953125 ,-0.365051269531 ,0.256286621094 ,0.894897460938
15.8435 ,8343823 ,-94 ,8 ,0.0076904296875 ,-0.382690429688 ,0.222595214844 ,0.896606445312
15.8543 ,8344827 ,-94 ,10 ,0.00958251953125 ,-0.379455566406 ,0.194946289062 ,0.904357910156
15.8651 ,8344529 ,-94 ,13 ,0.0165405273438 ,-0.359313964844 ,0.167602539062 ,0.917907714844
15.8774 ,8345384 ,-94 ,15 ,0.0223999023438 ,-0.33056640625 ,0.137023925781 ,0.933532714844
15.8883 ,8345325 ,-95 ,17 ,0.0283203125 ,-0.272644042969 ,0.0740966796875 ,0.958862304688
15.9028 ,8350097 ,-95 ,19 ,0.033203125 ,-0.243347167969 ,0.0465087890625 ,0.96826171875
15.9152 ,8354744 ,-95 ,21 ,0.036865234375 ,-0.209350585938 ,0.0233764648438 ,0.976867675781
15.9258 ,8361913 ,-95 ,21 ,0.0399780273438 ,-0.166320800781 ,-0.00274658203125 ,0.985229492188
15.9363 ,8363813 ,-95 ,21 ,0.0450439453125 ,-0.113586425781 ,-0.0293579101562 ,0.992065429688
15.9473 ,8365913 ,-95 ,21 ,0.0543823242188 ,-0.0565795898438 ,-0.0478515625 ,0.995788574219
15.9585 ,8367263 ,-95 ,20 ,0.0650634765625 ,0.0250854492188 ,-0.0692749023438 ,0.995178222656
15.9724 ,8372086 ,-95 ,19 ,0.0714111328125 ,0.0277709960938 ,-0.077392578125 ,0.994079589844
15.983 ,8377471 ,-95 ,-1 ,0.0757446289062 ,0.0116577148438 ,-0.0855102539062 ,0.993408203125
15.9935 ,8380848 ,-95 ,19 ,0.0772094726562 ,-0.00665283203125 ,-0.093994140625 ,0.992553710938
16.0043 ,8380924 ,-95 ,19 ,0.074951171875 ,-0.011474609375 ,-0.105529785156 ,0.991516113281
16.0153 ,8379647 ,-95 ,18 ,0.0732421875 ,-0.0028076171875 ,-0.115112304688 ,0.990661621094
16.026 ,8372650 ,-95 ,17 ,0.0714721679688 ,0.00836181640625 ,-0.121337890625 ,0.989990234375
16.0366 ,8372356 ,-96 ,17 ,0.0703735351562 ,0.0123901367188 ,-0.123718261719 ,0.98974609375
16.0474 ,8370592 ,-96 ,16 ,0.070068359375 ,0.00445556640625 ,-0.123291015625 ,0.989868164062
16.0586 ,8368502 ,-96 ,16 ,0.0668334960938 ,-0.0069580078125 ,-0.120910644531 ,0.990417480469
16.0723 ,8362626 ,-96 ,15 ,0.0654907226562 ,0.0120239257812 ,-0.122253417969 ,0.990234375
16.0828 ,8358913 ,-96 ,15 ,0.0648803710938 ,0.0370483398438 ,-0.122497558594 ,0.989624023438
16.0935 ,8355913 ,-97 ,14 ,0.0647583007812 ,0.054931640625 ,-0.121032714844 ,0.989013671875
16.104 ,8351588 ,-97 ,14 ,0.0645141601562 ,0.0588989257812 ,-0.11767578125 ,0.989196777344
16.1151 ,8351401 ,-97 ,14 ,0.06494140625 ,0.0502319335938 ,-0.111938476562 ,0.990295410156
16.1263 ,8349463 ,-97 ,14 ,0.065673828125 ,0.0365600585938 ,-0.105102539062 ,0.991638183594
16.1368 ,8348861 ,-98 ,13 ,0.0650634765625 ,0.0253295898438 ,-0.0982666015625 ,0.992736816406
16.1474 ,8347397 ,-98 ,13 ,0.064208984375 ,0.0167846679688 ,-0.0918579101562 ,0.993530273438
16.1589 ,8347591 ,-98 ,13 ,0.0638427734375 ,-0.00018310546875 ,-0.0736083984375 ,0.995239257812
16.1728 ,8347567 ,-98 ,12 ,0.0650024414062 ,-0.0025634765625 ,-0.0601806640625 ,0.99609375
16.1836 ,8348436 ,-99 ,12 ,0.0667114257812 ,0.0050048828125 ,-0.0463256835938 ,0.996704101562
16.1941 ,8353131 ,-99 ,10 ,0.0477294921875 ,0.127624511719 ,0.0552978515625 ,0.989135742188
16.2561 ,8358339 ,-99 ,9 ,0.042724609375 ,0.141052246094 ,0.0728759765625 ,0.986389160156
16.2668 ,8359578 ,-98 ,9 ,0.0387573242188 ,0.15283203125 ,0.0899658203125 ,0.9833984375
16.278 ,8360681 ,-98 ,8 ,0.030517578125 ,0.169128417969 ,0.125244140625 ,0.977111816406
16.2927 ,8361104 ,-98 ,8 ,0.027587890625 ,0.169311523438 ,0.142883300781 ,0.974731445312
16.3032 ,8361906 ,-98 ,7 ,0.0252685546875 ,0.162353515625 ,0.161987304688 ,0.973022460938
16.315 ,8364052 ,-97 ,7 ,0.0260620117188 ,0.151794433594 ,0.180603027344 ,0.971435546875
16.3254 ,8365986 ,-97 ,6 ,0.0263061523438 ,0.141845703125 ,0.201171875 ,0.968872070312
16.3361 ,8367291 ,-97 ,6 ,0.0255737304688 ,0.13623046875 ,0.221252441406 ,0.96533203125
16.3466 ,8368093 ,-97 ,6 ,0.023681640625 ,0.136047363281 ,0.239624023438 ,0.960998535156
16.3574 ,8367938 ,-96 ,6 ,0.018310546875 ,0.137268066406 ,0.260864257812 ,0.955383300781
16.3683 ,8371495 ,-96 ,5 ,0.0115966796875 ,0.138488769531 ,0.294494628906 ,0.945495605469
16.3825 ,8372567 ,-96 ,5 ,0.0072021484375 ,0.134826660156 ,0.308654785156 ,0.941528320312
16.3931 ,8377093 ,-95 ,5 ,0.0035400390625 ,0.131225585938 ,0.320678710938 ,0.938049316406
16.4036 ,8379152 ,-95 ,5 ,-0.00067138671875 ,0.124267578125 ,0.33056640625 ,0.935546875
16.4149 ,8378637 ,-95 ,5 ,-0.00286865234375 ,0.114135742188 ,0.339233398438 ,0.933715820312
16.4257 ,8380485 ,-95 ,5 ,-0.0042724609375 ,0.106567382812 ,0.346313476562 ,0.932006835938
16.4362 ,8380654 ,-95 ,6 ,-0.00628662109375 ,0.104797363281 ,0.352844238281 ,0.929748535156
16.4466 ,8381723 ,-95 ,7 ,-0.0108642578125 ,0.104797363281 ,0.358642578125 ,0.927490234375
16.4572 ,8381575 ,-95 ,7 ,-0.0162963867188 ,0.105224609375 ,0.363708496094 ,0.925415039062
16.4674 ,8380464 ,-95 ,7 ,-0.0214233398438 ,0.105407714844 ,0.367614746094 ,0.923706054688
16.4781 ,8380197 ,-95 ,7 ,-0.0287475585938 ,0.100524902344 ,0.380310058594 ,0.9189453125
16.4927 ,8380834 ,-96 ,7 ,-0.0293579101562 ,0.0963745117188 ,0.387817382812 ,0.916198730469
16.5035 ,8382637 ,-96 ,8 ,-0.0283203125 ,0.0922241210938 ,0.394592285156 ,0.913757324219
16.515 ,8383959 ,-96 ,8 ,-0.0267944335938 ,0.08642578125 ,0.399841308594 ,0.912109375
16.526 ,8383761 ,-96 ,8 ,-0.0244140625 ,0.0792236328125 ,0.40283203125 ,0.911499023438
16.5366 ,8382838 ,-96 ,9 ,-0.0217895507812 ,0.072509765625 ,0.405029296875 ,0.911193847656
16.5471 ,8383616 ,-96 ,9 ,-0.0198974609375 ,0.069091796875 ,0.406860351562 ,0.91064453125
16.5584 ,8383696 ,-97 ,8 ,-0.0189819335938 ,0.0703125 ,0.40673828125 ,0.91064453125
16.5724 ,8383298 ,-97 ,8 ,-0.0174560546875 ,0.0687255859375 ,0.406311035156 ,0.911010742188
16.5832 ,8382779 ,-97 ,8 ,-0.0150756835938 ,0.064208984375 ,0.406555175781 ,0.911254882812
16.5942 ,8382540 ,-97 ,8 ,-0.0125732421875 ,0.0590209960938 ,0.406066894531 ,0.911865234375
16.6047 ,8380872 ,-97 ,7 ,-0.010498046875 ,0.0552368164062 ,0.404907226562 ,0.91259765625
16.6152 ,8381457 ,-97 ,7 ,-0.00848388671875 ,0.0513916015625 ,0.403259277344 ,0.913635253906
16.6267 ,8380183 ,-97 ,6 ,-0.00555419921875 ,0.0459594726562 ,0.40087890625 ,0.914978027344
16.6372 ,8379533 ,-98 ,5 ,-0.00238037109375 ,0.0398559570312 ,0.398620605469 ,0.916259765625
16.6482 ,8379630 ,-98 ,5 ,0.000732421875 ,0.0343017578125 ,0.39306640625 ,0.918884277344
16.6652 ,8377568 ,-98 ,4 ,0.000732421875 ,0.0347290039062 ,0.3896484375 ,0.920288085938
16.6755 ,8376945 ,-98 ,3 ,0.0015869140625 ,0.0345458984375 ,0.386352539062 ,0.921691894531
16.6861 ,8376682 ,-98 ,2 ,0.003662109375 ,0.0315551757812 ,0.383361816406 ,0.923034667969
16.6966 ,8376239 ,-98 ,2 ,0.00958251953125 ,0.0214233398438 ,0.377868652344 ,0.925537109375
16.7149 ,8375619 ,-98 ,1 ,0.0119018554688 ,0.0174560546875 ,0.374694824219 ,0.926940917969
16.7263 ,8374927 ,-98 ,1 ,0.013671875 ,0.0140991210938 ,0.371276855469 ,0.928283691406
16.7368 ,8374457 ,-98 ,0 ,0.0153198242188 ,0.0109252929688 ,0.36767578125 ,0.929748535156
16.7474 ,8374339 ,-98 ,0 ,0.0194702148438 ,0.0020751953125 ,0.360595703125 ,0.932495117188
16.7662 ,8374228 ,-98 ,-1 ,0.0219116210938 ,-0.0037841796875 ,0.3505859375 ,0.936279296875
16.7765 ,8374502 ,-97 ,-1 ,0.0267333984375 ,-0.021240234375 ,0.336120605469 ,0.941223144531
16.8025 ,8371325 ,-96 ,-1 ,0.0282592773438 ,-0.0280151367188 ,0.330444335938 ,0.942993164062
16.8163 ,8370675 ,-95 ,-2 ,0.0296020507812 ,-0.0366821289062 ,0.318359375 ,0.94677734375
16.8268 ,8370675 ,-95 ,-2 ,0.0305786132812 ,-0.056884765625 ,0.303771972656 ,0.950561523438
16.8462 ,8369592 ,-93 ,-2 ,0.0294799804688 ,-0.0673828125 ,0.295043945312 ,0.95263671875
16.8568 ,8368235 ,-93 ,-2 ,0.0272216796875 ,-0.0775146484375 ,0.285095214844 ,0.954956054688
16.8685 ,8368477 ,-91 ,-3 ,0.0187377929688 ,-0.0965576171875 ,0.253295898438 ,0.96240234375
16.8824 ,8368152 ,-90 ,-5 ,0.0136108398438 ,-0.106750488281 ,0.23974609375 ,0.96484375
16.8932 ,8367872 ,-89 ,-5 ,0.007568359375 ,-0.118286132812 ,0.225646972656 ,0.966979980469
16.9037 ,8368273 ,-88 ,-5 ,0.00091552734375 ,-0.131103515625 ,0.210693359375 ,0.96875
16.9151 ,8368623 ,-87 ,-5 ,-0.00653076171875 ,-0.143737792969 ,0.195861816406 ,0.970031738281
16.926 ,8369827 ,-86 ,-5 ,-0.0147094726562 ,-0.153686523438 ,0.180541992188 ,0.971374511719
16.9365 ,8369284 ,-86 ,-5 ,-0.0224609375 ,-0.160827636719 ,0.165161132812 ,0.972778320312
16.947 ,8370799 ,-86 ,-5 ,-0.0309448242188 ,-0.1650390625 ,0.148559570312 ,0.974548339844
16.958 ,8371069 ,-87 ,-4 ,-0.0453491210938 ,-0.164733886719 ,0.114318847656 ,0.978637695312
16.9723 ,8373640 ,-87 ,-4 ,-0.0516357421875 ,-0.159301757812 ,0.0950317382812 ,0.981262207031
16.9831 ,8376059 ,-87 ,-3 ,-0.0563354492188 ,-0.151306152344 ,0.07373046875 ,0.984130859375
16.9936 ,8376761 ,-88 ,-2 ,-0.059814453125 ,-0.140869140625 ,0.05078125 ,0.986938476562
17.0045 ,8378744 ,-88 ,-1 ,-0.0618286132812 ,-0.128601074219 ,0.0277709960938 ,0.989379882812
17.0151 ,8381049 ,-89 ,-1 ,-0.0620727539062 ,-0.113830566406 ,0.0023193359375 ,0.991577148438
17.0261 ,8384685 ,-89 ,-1 ,-0.0580444335938 ,-0.0957641601562 ,-0.0239868164062 ,0.993408203125
17.0371 ,8386090 ,-89 ,-1 ,-0.0538330078125 ,-0.0759887695312 ,-0.0479736328125 ,0.994506835938
17.0481 ,8390848 ,-90 ,-1 ,-0.0372924804688 ,-0.0401611328125 ,-0.0941772460938 ,0.994018554688
17.0654 ,8392838 ,-90 ,4 ,-0.0281982421875 ,-0.0279541015625 ,-0.114135742188 ,0.99267578125
17.0766 ,8394170 ,-91 ,7 ,-0.0178833007812 ,-0.018798828125 ,-0.133850097656 ,0.990661621094
17.088 ,8397568 ,-91 ,9 ,0.0069580078125 ,-0.0103149414062 ,-0.166076660156 ,0.986022949219
17.1025 ,8397343 ,-91 ,12 ,0.0177612304688 ,-0.0155029296875 ,-0.181457519531 ,0.983093261719
17.1152 ,8398108 ,-91 ,15 ,0.02783203125 ,-0.0232543945312 ,-0.195129394531 ,0.980102539062
17.1259 ,8395748 ,-91 ,17 ,0.0380249023438 ,-0.0267333984375 ,-0.208618164062 ,0.976867675781
17.1365 ,8394135 ,-91 ,18 ,0.04736328125 ,-0.0221557617188 ,-0.218505859375 ,0.974426269531
17.1474 ,8390249 ,-91 ,19 ,0.0596313476562 ,-0.0116577148438 ,-0.228637695312 ,0.971618652344
17.1586 ,8386191 ,-91 ,19 ,0.0778198242188 ,0.011474609375 ,-0.249938964844 ,0.965087890625
17.1723 ,8379796 ,-92 ,19 ,0.084228515625 ,0.0210571289062 ,-0.255187988281 ,0.962951660156
17.1831 ,8373460 ,-92 ,19 ,0.0884399414062 ,0.0270385742188 ,-0.2587890625 ,0.961486816406
17.1939 ,8368176 ,-92 ,19 ,0.0907592773438 ,0.028076171875 ,-0.26123046875 ,0.960571289062
17.2045 ,8360716 ,-93 ,18 ,0.0902709960938 ,0.02294921875 ,-0.262451171875 ,0.96044921875
17.2162 ,8355892 ,-93 ,17 ,0.0874633789062 ,0.0103149414062 ,-0.270812988281 ,0.958557128906
17.2274 ,8348048 ,-94 ,16 ,0.082275390625 ,-0.006103515625 ,-0.269958496094 ,0.959350585938
17.2384 ,8346833 ,-94 ,15 ,0.0643920898438 ,-0.0547485351562 ,-0.269226074219 ,0.959350585938
17.2526 ,8342564 ,-94 ,13 ,0.0535278320312 ,-0.0856323242188 ,-0.269226074219 ,0.957763671875
17.2649 ,8341183 ,-95 ,10 ,0.0404052734375 ,-0.11572265625 ,-0.266723632812 ,0.955932617188
17.2767 ,8341979 ,-95 ,8 ,0.0216674804688 ,-0.140563964844 ,-0.260681152344 ,0.954895019531
17.2874 ,8341588 ,-96 ,6 ,-0.0020751953125 ,-0.158630371094 ,-0.249389648438 ,0.955322265625
17.298 ,8341536 ,-96 ,5 ,-0.0474853515625 ,-0.168212890625 ,-0.208251953125 ,0.962341308594
17.3149 ,8341031 ,-96 ,4 ,-0.0379028320312 ,-0.15087890625 ,-0.165283203125 ,0.973876953125
17.3258 ,8341172 ,-96 ,4 ,-0.0145263671875 ,-0.118774414062 ,-0.104736328125 ,0.9873046875
17.3364 ,8342017 ,-97 ,3 ,-0.00848388671875 ,-0.0820922851562 ,-0.0353393554688 ,0.995971679688
17.3469 ,8341529 ,-97 ,3 ,-0.0037841796875 ,-0.0519409179688 ,0.024169921875 ,0.998352050781
17.3578 ,8342176 ,-97 ,2 ,0.03173828125 ,-0.0078125 ,0.0809936523438 ,0.996154785156
17.3721 ,8344294 ,-97 ,1 ,0.0358276367188 ,0.00714111328125 ,0.0977172851562 ,0.994567871094
17.3826 ,8347114 ,-98 ,0 ,0.034423828125 ,0.0136108398438 ,0.133361816406 ,0.990356445312
17.3931 ,8350100 ,-98 ,-1 ,0.0399169921875 ,0.0230102539062 ,0.174865722656 ,0.983520507812
17.4036 ,8355041 ,-98 ,-2 ,0.0431518554688 ,0.0377197265625 ,0.196716308594 ,0.978759765625
17.4148 ,8359730 ,-98 ,-2 ,0.0280151367188 ,0.0582275390625 ,0.190368652344 ,0.979553222656
17.425 ,8363595 ,-98 ,-3 ,0.0109252929688 ,0.0880737304688 ,0.200988769531 ,0.9755859375
17.4355 ,8365024 ,-98 ,-2 ,-0.0020751953125 ,0.131958007812 ,0.2177734375 ,0.967041015625
17.446 ,8365024 ,-98 ,-3 ,-0.022216796875 ,0.183288574219 ,0.221313476562 ,0.957580566406
17.4579 ,8368394 ,-98 ,-3 ,-0.0388793945312 ,0.256286621094 ,0.2314453125 ,0.937683105469
17.4724 ,8375325 ,-98 ,-3 ,-0.0353393554688 ,0.261474609375 ,0.235412597656 ,0.935363769531
17.4832 ,8377976 ,-98 ,-3 ,-0.0289916992188 ,0.253723144531 ,0.236206054688 ,0.937561035156
17.4937 ,8377893 ,-98 ,-3 ,-0.0262451171875 ,0.23828125 ,0.242309570312 ,0.940124511719
17.5044 ,8377343 ,-98 ,-3 ,-0.0247192382812 ,0.223022460938 ,0.251281738281 ,0.941528320312
17.5165 ,8370990 ,-97 ,-1 ,-0.0205688476562 ,0.212951660156 ,0.254455566406 ,0.943115234375
17.5277 ,8369128 ,-97 ,-1 ,-0.0106811523438 ,0.191650390625 ,0.255187988281 ,0.947631835938
17.5424 ,8368737 ,-96 ,-3 ,-0.0035400390625 ,0.170715332031 ,0.257629394531 ,0.951049804688
17.5531 ,8368823 ,-96 ,-3 ,0.00225830078125 ,0.151611328125 ,0.262939453125 ,0.952819824219
17.5647 ,8366879 ,-96 ,-3 ,0.0001220703125 ,0.140380859375 ,0.269165039062 ,0.952819824219
17.5761 ,8363778 ,-95 ,-3 ,-0.0042724609375 ,0.13720703125 ,0.270690917969 ,0.952819824219
17.5867 ,8362180 ,-94 ,-4 ,-0.0091552734375 ,0.139770507812 ,0.266662597656 ,0.953552246094
17.5976 ,8361173 ,-93 ,-4 ,-0.0170288085938 ,0.129821777344 ,0.266845703125 ,0.954833984375
17.6147 ,8360301 ,-93 ,-4 ,-0.0138549804688 ,0.11181640625 ,0.272155761719 ,0.955627441406
17.6252 ,8362699 ,-93 ,-4 ,-0.00897216796875 ,0.0850830078125 ,0.282104492188 ,0.95556640625
17.6361 ,8365976 ,-93 ,-3 ,0.00054931640625 ,0.0586547851562 ,0.291137695312 ,0.954895019531
17.6476 ,8366958 ,-93 ,-3 ,0.005859375 ,0.0396118164062 ,0.298828125 ,0.953491210938
17.6588 ,8365927 ,-93 ,-3 ,-0.0018310546875 ,0.0487060546875 ,0.305908203125 ,0.950805664062
17.6728 ,8363007 ,-93 ,-2 ,-0.0096435546875 ,0.0645751953125 ,0.309753417969 ,0.948547363281
17.6834 ,8363547 ,-93 ,-2 ,-0.0119018554688 ,0.0717163085938 ,0.315856933594 ,0.946044921875
17.6942 ,8364955 ,-94 ,-1 ,-0.00848388671875 ,0.0667724609375 ,0.322326660156 ,0.944213867188
17.7049 ,8365633 ,-94 ,-1 ,-0.002197265625 ,0.0568237304688 ,0.327209472656 ,0.943237304688
17.7155 ,8365782 ,-94 ,-1 ,0.00286865234375 ,0.0481567382812 ,0.330932617188 ,0.942443847656
17.7266 ,8365425 ,-94 ,-1 ,0.004638671875 ,0.041748046875 ,0.332946777344 ,0.942016601562
17.7381 ,8363976 ,-95 ,-1 ,0.0084228515625 ,0.0316162109375 ,0.337524414062 ,0.940734863281
17.7526 ,8363938 ,-95 ,-2 ,0.0101318359375 ,0.02880859375 ,0.338684082031 ,0.9404296875
17.7648 ,8362758 ,-96 ,-3 ,0.010498046875 ,0.0283813476562 ,0.337951660156 ,0.940673828125
17.776 ,8363581 ,-96 ,-3 ,0.0109252929688 ,0.0297241210938 ,0.337707519531 ,0.940734863281
17.7866 ,8363899 ,-96 ,-4 ,0.0119018554688 ,0.0301513671875 ,0.33740234375 ,0.940795898438
17.7972 ,8363872 ,-96 ,-5 ,0.0126342773438 ,0.0287475585938 ,0.336242675781 ,0.941223144531
17.8083 ,8362799 ,-97 ,-5 ,0.012451171875 ,0.0307006835938 ,0.331909179688 ,0.942749023438
17.8222 ,8362214 ,-97 ,-6 ,0.012451171875 ,0.0315551757812 ,0.329284667969 ,0.943603515625
17.8331 ,8361526 ,-97 ,-6 ,0.0145263671875 ,0.0283813476562 ,0.328002929688 ,0.944152832031
17.8438 ,8361899 ,-97 ,-7 ,0.0187377929688 ,0.0214233398438 ,0.327453613281 ,0.944458007812
17.8544 ,8361899 ,-97 ,-7 ,0.0238037109375 ,0.0133666992188 ,0.325927734375 ,0.945007324219
17.8647 ,8363405 ,-97 ,-7 ,0.0280151367188 ,0.0064697265625 ,0.323791503906 ,0.945678710938
17.8751 ,8362377 ,-97 ,-8 ,0.0305786132812 ,0.002197265625 ,0.321655273438 ,0.946350097656
17.8861 ,8362418 ,-97 ,-8 ,0.0316772460938 ,0.00146484375 ,0.318786621094 ,0.947326660156
17.8975 ,8362114 ,-98 ,-8 ,0.03173828125 ,0.0030517578125 ,0.315307617188 ,0.948425292969
17.9084 ,8361308 ,-98 ,-9 ,0.032958984375 ,0.00341796875 ,0.311462402344 ,0.94970703125
17.9274 ,8362034 ,-98 ,-9 ,0.0361328125 ,-0.00189208984375 ,0.310241699219 ,0.949951171875
17.9383 ,8361266 ,-98 ,-9 ,0.0447387695312 ,-0.0198974609375 ,0.307678222656 ,0.950256347656
17.9521 ,8361329 ,-98 ,-10 ,0.0477294921875 ,-0.02685546875 ,0.305603027344 ,0.950561523438
17.9648 ,8361329 ,-98 ,-10 ,0.04931640625 ,-0.0315551757812 ,0.299682617188 ,0.952209472656
17.9837 ,8360027 ,-98 ,-10 ,0.0496215820312 ,-0.03271484375 ,0.295532226562 ,0.953491210938
17.9942 ,8359903 ,-97 ,-10 ,0.0509643554688 ,-0.0364379882812 ,0.291259765625 ,0.95458984375
18.0049 ,8360322 ,-97 ,-10 ,0.0536499023438 ,-0.043701171875 ,0.287048339844 ,0.955444335938
18.0159 ,8360924 ,-97 ,-11 ,0.0563354492188 ,-0.05419921875 ,0.272033691406 ,0.959106445312
18.027 ,8361156 ,-97 ,-11 ,0.0587768554688 ,-0.0648803710938 ,0.267150878906 ,0.959655761719
18.038 ,8360771 ,-96 ,-11 ,0.0593872070312 ,-0.0810546875 ,0.256042480469 ,0.96142578125
18.052 ,8361086 ,-95 ,-11 ,0.0575561523438 ,-0.0863037109375 ,0.250183105469 ,0.962646484375
18.0658 ,8361284 ,-95 ,-11 ,0.05419921875 ,-0.0918579101562 ,0.234497070312 ,0.966247558594
18.0768 ,8360716 ,-94 ,-1 ,0.051513671875 ,-0.0988159179688 ,0.228454589844 ,0.967163085938
18.0876 ,8360155 ,-93 ,-11 ,0.0450439453125 ,-0.121643066406 ,0.213928222656 ,0.968200683594
18.1023 ,8360595 ,-92 ,-12 ,0.0404663085938 ,-0.135498046875 ,0.204711914062 ,0.968566894531
18.1153 ,8360546 ,-90 ,-12 ,0.0344848632812 ,-0.148681640625 ,0.193664550781 ,0.969116210938
18.1261 ,8360017 ,-89 ,-11 ,0.0272827148438 ,-0.160400390625 ,0.181091308594 ,0.969909667969
18.1369 ,8361252 ,-87 ,-10 ,0.0191650390625 ,-0.171325683594 ,0.167236328125 ,0.970703125
18.1476 ,8362706 ,-85 ,-8 ,0.0008544921875 ,-0.195739746094 ,0.139099121094 ,0.970764160156
18.1648 ,8365893 ,-83 ,-3 ,-0.00732421875 ,-0.210144042969 ,0.127075195312 ,0.969360351562
18.1756 ,8367425 ,-81 ,0 ,-0.0139770507812 ,-0.225708007812 ,0.117309570312 ,0.967041015625
18.1865 ,8369097 ,-81 ,3 ,-0.019775390625 ,-0.241943359375 ,0.107116699219 ,0.964172363281
18.1969 ,8369474 ,-81 ,5 ,-0.025146484375 ,-0.251281738281 ,0.096923828125 ,0.962707519531
18.2078 ,8369969 ,-81 ,7 ,-0.0289916992188 ,-0.238220214844 ,0.0725708007812 ,0.968078613281
18.2219 ,8369090 ,-81 ,16 ,0.0125732421875 ,-0.183532714844 ,-0.0145874023438 ,0.982849121094
18.2878 ,8366221 ,-82 ,16 ,0.0282592773438 ,-0.16259765625 ,-0.0398559570312 ,0.985473632812
18.3024 ,8365747 ,-83 ,15 ,0.0333862304688 ,-0.151184082031 ,-0.0518798828125 ,0.986572265625
18.315 ,8364526 ,-83 ,15 ,0.0370483398438 ,-0.139587402344 ,-0.06201171875 ,0.987548828125
18.3256 ,8363571 ,-84 ,14 ,0.0371704101562 ,-0.129699707031 ,-0.069580078125 ,0.988403320312
18.3362 ,8361266 ,-85 ,14 ,0.0364379882812 ,-0.121704101562 ,-0.0767211914062 ,0.988952636719
18.3467 ,8361803 ,-85 ,12 ,0.0313720703125 ,-0.106079101562 ,-0.0867919921875 ,0.990051269531
18.3659 ,8360962 ,-86 ,10 ,0.0267333984375 ,-0.0975341796875 ,-0.0983276367188 ,0.989990234375
18.3772 ,8358578 ,-86 ,9 ,0.0176391601562 ,-0.0842895507812 ,-0.100219726562 ,0.9912109375
18.3922 ,8352695 ,-88 ,7 ,0.0122680664062 ,-0.0818481445312 ,-0.0980834960938 ,0.991760253906
18.403 ,8351481 ,-88 ,6 ,0.0068359375 ,-0.0798950195312 ,-0.093994140625 ,0.992309570312
18.4146 ,8349377 ,-89 ,5 ,0.0020751953125 ,-0.0753784179688 ,-0.0885009765625 ,0.993225097656
18.4255 ,8348546 ,-89 ,4 ,-0.001953125 ,-0.0673217773438 ,-0.0816650390625 ,0.994384765625
18.4361 ,8348778 ,-89 ,4 ,-0.00714111328125 ,-0.0477905273438 ,-0.0654907226562 ,0.996704101562
18.452 ,8345404 ,-91 ,4 ,-0.00738525390625 ,-0.0411376953125 ,-0.0564575195312 ,0.99755859375
18.4646 ,8345664 ,-91 ,4 ,-0.0059814453125 ,-0.0386962890625 ,-0.0464477539062 ,0.998168945312
18.4749 ,8345307 ,-91 ,4 ,-0.002197265625 ,-0.0400390625 ,-0.0352172851562 ,0.998596191406
18.4864 ,8346467 ,-92 ,3 ,0.00250244140625 ,-0.04345703125 ,-0.023193359375 ,0.998779296875
18.497 ,8347363 ,-93 ,3 ,0.0059814453125 ,-0.0451049804688 ,-0.0113525390625 ,0.998901367188
18.5079 ,8347449 ,-93 ,2 ,0.0133056640625 ,-0.0299072265625 ,0.008544921875 ,0.999450683594
18.5222 ,8349058 ,-94 ,2 ,0.0166625976562 ,-0.0114135742188 ,0.0177612304688 ,0.999633789062
18.5329 ,8350183 ,-94 ,1 ,0.0164184570312 ,0.01220703125 ,0.0252685546875 ,0.999450683594
18.5434 ,8351612 ,-95 ,0 ,0.0150756835938 ,0.0389404296875 ,0.0328369140625 ,0.998596191406
18.5539 ,8353484 ,-95 ,-1 ,0.0142211914062 ,0.067626953125 ,0.039306640625 ,0.996826171875
18.5646 ,8355100 ,-96 ,-2 ,0.0126342773438 ,0.096923828125 ,0.041259765625 ,0.994323730469
18.5753 ,8357128 ,-96 ,-3 ,0.0101318359375 ,0.125305175781 ,0.0428466796875 ,0.991149902344
18.5861 ,8357097 ,-96 ,-3 ,0.0076904296875 ,0.151000976562 ,0.0435791015625 ,0.987548828125
18.5969 ,8358283 ,-96 ,-4 ,0.005859375 ,0.169494628906 ,0.0448608398438 ,0.984497070312
18.6081 ,8359432 ,-96 ,-5 ,0.00506591796875 ,0.179748535156 ,0.0563354492188 ,0.982116699219
18.6228 ,8360758 ,-97 ,-5 ,0.00653076171875 ,0.177734375 ,0.064453125 ,0.98193359375
18.6334 ,8360778 ,-97 ,-6 ,0.00701904296875 ,0.177917480469 ,0.0725708007812 ,0.981323242188
18.6438 ,8361854 ,-97 ,-7 ,0.0062255859375 ,0.214965820312 ,0.08984375 ,0.972473144531
18.6752 ,8360564 ,-97 ,-7 ,0.00439453125 ,0.23046875 ,0.0931396484375 ,0.968627929688
18.6857 ,8360896 ,-97 ,-8 ,0.00390625 ,0.2412109375 ,0.0962524414062 ,0.965698242188
18.6962 ,8361595 ,-97 ,-1 ,0.00469970703125 ,0.244750976562 ,0.0986938476562 ,0.964538574219
18.7069 ,8361820 ,-97 ,-1 ,0.00543212890625 ,0.241638183594 ,0.100708007812 ,0.965087890625
18.718 ,8361820 ,-97 ,-1 ,0.0068359375 ,0.232849121094 ,0.101013183594 ,0.967224121094
18.7321 ,8361159 ,-97 ,-1 ,0.006103515625 ,0.231811523438 ,0.0985717773438 ,0.967712402344
18.743 ,8359879 ,-96 ,-1 ,0.0050048828125 ,0.232849121094 ,0.09375 ,0.967956542969
18.7537 ,8359394 ,-96 ,-1 ,0.00311279296875 ,0.231872558594 ,0.0884399414062 ,0.968688964844
18.7648 ,8359754 ,-96 ,-1 ,0.00213623046875 ,0.226501464844 ,0.0830078125 ,0.970458984375
18.7763 ,8359207 ,-96 ,-1 ,0.00048828125 ,0.215942382812 ,0.0777587890625 ,0.973327636719
18.7876 ,8358616 ,-95 ,-9 ,0.00225830078125 ,0.18701171875 ,0.0704345703125 ,0.979858398438
18.8021 ,8355827 ,-95 ,-9 ,-0.0009765625 ,0.170227050781 ,0.074951171875 ,0.982543945312
18.8145 ,8355000 ,-95 ,-8 ,0.00091552734375 ,0.155456542969 ,0.0816040039062 ,0.984497070312
18.826 ,8354256 ,-94 ,-8 ,0.002685546875 ,0.141784667969 ,0.0891723632812 ,0.98583984375
18.8365 ,8354515 ,-94 ,-7 ,0.00238037109375 ,0.129821777344 ,0.094482421875 ,0.986999511719
18.847 ,8352571 ,-93 ,-6 ,0.00506591796875 ,0.120544433594 ,0.0979614257812 ,0.987854003906
18.8583 ,8351685 ,-93 ,-6 ,0.00775146484375 ,0.094970703125 ,0.0980224609375 ,0.990600585938
18.8722 ,8349228 ,-92 ,-5 ,0.0105590820312 ,0.0768432617188 ,0.095947265625 ,0.992370605469
18.8828 ,8349782 ,-92 ,-5 ,0.014892578125 ,0.060302734375 ,0.0946655273438 ,0.993591308594
18.8939 ,8348840 ,-92 ,-5 ,0.01904296875 ,0.0457153320312 ,0.0931396484375 ,0.994445800781
18.9044 ,8348391 ,-92 ,-5 ,0.0228271484375 ,0.0330200195312 ,0.0908203125 ,0.995056152344
18.9149 ,8348380 ,-92 ,-5 ,0.0276489257812 ,0.0220336914062 ,0.089599609375 ,0.995361328125
18.9262 ,8348792 ,-92 ,-5 ,0.033447265625 ,0.01318359375 ,0.0901489257812 ,0.995300292969
18.9367 ,8348498 ,-92 ,-5 ,0.0370483398438 ,0.006591796875 ,0.0903930664062 ,0.995178222656
18.9476 ,8348501 ,-92 ,-5 ,0.0386352539062 ,-0.00177001953125 ,0.088623046875 ,0.995300292969
18.9645 ,8347923 ,-92 ,-6 ,0.0408325195312 ,-0.00592041015625 ,0.0894775390625 ,0.9951171875
18.9756 ,8349065 ,-92 ,-6 ,0.043701171875 ,-0.0123291015625 ,0.0904541015625 ,0.994873046875
18.9861 ,8348633 ,-92 ,-7 ,0.0457763671875 ,-0.0206298828125 ,0.0874633789062 ,0.994873046875
18.9967 ,8349121 ,-93 ,-7 ,0.0472412109375 ,-0.0301513671875 ,0.0833740234375 ,0.994934082031
19.0076 ,8349359 ,-93 ,-8 ,0.0496826171875 ,-0.0442504882812 ,0.0750732421875 ,0.994934082031
19.022 ,8349446 ,-93 ,-8 ,0.0494384765625 ,-0.04541015625 ,0.0704956054688 ,0.995239257812
19.0326 ,8349076 ,-93 ,-9 ,0.048828125 ,-0.0435791015625 ,0.0673828125 ,0.99560546875
19.0431 ,8349304 ,-94 ,-9 ,0.0487670898438 ,-0.0408325195312 ,0.06494140625 ,0.995849609375
19.0536 ,8349799 ,-94 ,-10 ,0.0486450195312 ,-0.0397338867188 ,0.0638427734375 ,0.995971679688
19.0647 ,8349685 ,-94 ,-10 ,0.0482177734375 ,-0.0413208007812 ,0.0634765625 ,0.995971679688
19.0749 ,8349719 ,-95 ,-11 ,0.0487670898438 ,-0.0452270507812 ,0.0631103515625 ,0.995788574219
19.0855 ,8350180 ,-95 ,-11 ,0.0507202148438 ,-0.0631713867188 ,0.0615844726562 ,0.994812011719
19.122 ,8350180 ,-95 ,-12 ,0.0507202148438 ,-0.0648193359375 ,0.0606079101562 ,0.994750976562
19.1347 ,8349813 ,-96 ,-12 ,0.0505981445312 ,-0.066162109375 ,0.0596313476562 ,0.994750976562
19.1454 ,8351366 ,-96 ,-12 ,0.0518188476562 ,-0.0714721679688 ,0.0587768554688 ,0.994384765625
19.1658 ,8351370 ,-96 ,-12 ,0.0523071289062 ,-0.0765991210938 ,0.0535278320312 ,0.994262695312
19.1768 ,8351353 ,-96 ,-12 ,0.053466796875 ,-0.0822143554688 ,0.0531616210938 ,0.993774414062
19.1875 ,8352342 ,-96 ,-12 ,0.0545043945312 ,-0.0877075195312 ,0.052734375 ,0.993286132812
19.1983 ,8351602 ,-96 ,-12 ,0.0559692382812 ,-0.0972290039062 ,0.0512084960938 ,0.992370605469
19.2158 ,8351951 ,-96 ,-12 ,0.0560913085938 ,-0.101379394531 ,0.0463256835938 ,0.9921875
19.227 ,8352131 ,-96 ,-12 ,0.0568237304688 ,-0.105163574219 ,0.0457153320312 ,0.991760253906
19.2377 ,8352681 ,-96 ,-12 ,0.0582885742188 ,-0.11474609375 ,0.0442504882812 ,0.99072265625
19.2522 ,8353110 ,-96 ,-12 ,0.0587158203125 ,-0.120666503906 ,0.0435180664062 ,0.989990234375
19.2662 ,8353564 ,-95 ,-12 ,0.0585327148438 ,-0.127075195312 ,0.0390014648438 ,0.989379882812
19.2775 ,8353415 ,-95 ,-12 ,0.0584106445312 ,-0.133361816406 ,0.0377807617188 ,0.988647460938
19.288 ,8354173 ,-95 ,-12 ,0.0576171875 ,-0.146789550781 ,0.0333251953125 ,0.986938476562
19.3022 ,8353764 ,-94 ,-13 ,0.0567626953125 ,-0.154357910156 ,0.0301513671875 ,0.985900878906
19.3162 ,8355304 ,-93 ,-13 ,0.0543823242188 ,-0.1630859375 ,0.021484375 ,0.98486328125
19.3266 ,8355633 ,-92 ,-1 ,0.0521850585938 ,-0.172119140625 ,0.0171508789062 ,0.983520507812
19.3372 ,8356062 ,-91 ,-12 ,0.0491333007812 ,-0.181030273438 ,0.0123901367188 ,0.982177734375
19.3481 ,8356778 ,-90 ,-11 ,0.0398559570312 ,-0.197387695312 ,0.001708984375 ,0.9794921875
19.3659 ,8358128 ,-89 ,-9 ,0.032958984375 ,-0.204406738281 ,-0.0089111328125 ,0.978271484375
19.3768 ,8359813 ,-87 ,-8 ,0.0269165039062 ,-0.210388183594 ,-0.0152587890625 ,0.977111816406
19.3875 ,8359695 ,-86 ,-4 ,0.0139770507812 ,-0.220458984375 ,-0.0303955078125 ,0.974792480469
19.4045 ,8364380 ,-84 ,-1 ,0.008544921875 ,-0.226379394531 ,-0.037353515625 ,0.973266601562
19.4158 ,8365401 ,-82 ,2 ,0.00189208984375 ,-0.235229492188 ,-0.0462646484375 ,0.970825195312
19.4262 ,8366844 ,-80 ,5 ,-0.00323486328125 ,-0.246948242188 ,-0.0520629882812 ,0.967651367188
19.4368 ,8367073 ,-80 ,8 ,-0.00811767578125 ,-0.25927734375 ,-0.056396484375 ,0.964111328125
19.4473 ,8367315 ,-79 ,11 ,-0.0115356445312 ,-0.272888183594 ,-0.0578002929688 ,0.960266113281
19.4581 ,8365837 ,-79 ,14 ,-0.013671875 ,-0.298706054688 ,-0.0641479492188 ,0.952087402344
19.4727 ,8366512 ,-79 ,17 ,-0.00927734375 ,-0.299987792969 ,-0.067138671875 ,0.951538085938
19.4834 ,8364325 ,-78 ,18 ,-0.00341796875 ,-0.294006347656 ,-0.0715942382812 ,0.953125
19.4941 ,8364325 ,-78 ,18 ,0.0029296875 ,-0.285034179688 ,-0.0777587890625 ,0.955322265625
19.5046 ,8363751 ,-78 ,18 ,0.01171875 ,-0.266296386719 ,-0.0841064453125 ,0.960144042969
19.5222 ,8358190 ,-79 ,17 ,0.016357421875 ,-0.25439453125 ,-0.0863037109375 ,0.963073730469
19.5332 ,8356609 ,-79 ,16 ,0.0194091796875 ,-0.241516113281 ,-0.0886840820312 ,0.966125488281
19.5438 ,8352681 ,-80 ,15 ,0.0210571289062 ,-0.229736328125 ,-0.0908203125 ,0.96875
19.5543 ,8351169 ,-80 ,14 ,0.0199584960938 ,-0.222778320312 ,-0.0921630859375 ,0.970275878906
19.5658 ,8347228 ,-81 ,14 ,0.015869140625 ,-0.223327636719 ,-0.0927734375 ,0.97021484375
19.5771 ,8344913 ,-81 ,13 ,0.00970458984375 ,-0.22998046875 ,-0.0897216796875 ,0.968994140625
19.5877 ,8344546 ,-82 ,12 ,-0.00494384765625 ,-0.245849609375 ,-0.08056640625 ,0.965942382812
19.6023 ,8343384 ,-82 ,11 ,-0.010986328125 ,-0.250061035156 ,-0.0728759765625 ,0.965393066406
19.6159 ,8343131 ,-83 ,10 ,-0.0177612304688 ,-0.251281738281 ,-0.0657348632812 ,0.965515136719
19.6264 ,8343231 ,-83 ,8 ,-0.0406494140625 ,-0.229797363281 ,-0.022705078125 ,0.972106933594
19.6553 ,8344020 ,-85 ,8 ,-0.0400390625 ,-0.214721679688 ,-0.00262451171875 ,0.975830078125
19.6657 ,8344750 ,-85 ,7 ,-0.033935546875 ,-0.197509765625 ,0.0161743164062 ,0.979553222656
19.6769 ,8343982 ,-86 ,7 ,-0.0267333984375 ,-0.181091308594 ,0.031982421875 ,0.982604980469
19.6879 ,8343955 ,-87 ,7 ,-0.01513671875 ,-0.160888671875 ,0.0611572265625 ,0.984985351562
19.7024 ,8344743 ,-87 ,7 ,-0.007568359375 ,-0.156188964844 ,0.07861328125 ,0.984558105469
19.7151 ,8345339 ,-88 ,7 ,0.004150390625 ,-0.151062011719 ,0.0916748046875 ,0.984252929688
19.7262 ,8346269 ,-89 ,6 ,0.0160522460938 ,-0.144226074219 ,0.0986328125 ,0.984497070312
19.7371 ,8347280 ,-90 ,5 ,0.0233154296875 ,-0.134704589844 ,0.101623535156 ,0.985412597656
19.7478 ,8348681 ,-90 ,5 ,0.0231323242188 ,-0.105163574219 ,0.115295410156 ,0.987487792969
19.7647 ,8349681 ,-91 ,3 ,0.0264892578125 ,-0.0801391601562 ,0.120300292969 ,0.989135742188
19.7755 ,8350913 ,-92 ,2 ,0.0275268554688 ,-0.0514526367188 ,0.1240234375 ,0.990539550781
19.7863 ,8351214 ,-92 ,1 ,0.0232543945312 ,-0.0241088867188 ,0.128479003906 ,0.991149902344
19.7971 ,8352643 ,-93 ,0 ,0.021240234375 ,0.0008544921875 ,0.132202148438 ,0.990966796875
19.8086 ,8352730 ,-93 ,-1 ,0.0194702148438 ,0.0380859375 ,0.141174316406 ,0.989074707031
19.8219 ,8354048 ,-94 ,-2 ,0.0181884765625 ,0.0501708984375 ,0.145690917969 ,0.987915039062
19.8327 ,8354723 ,-94 ,-3 ,0.018310546875 ,0.0604858398438 ,0.149536132812 ,0.986755371094
19.8434 ,8354903 ,-95 ,-3 ,0.0164794921875 ,0.0706176757812 ,0.152709960938 ,0.985595703125
19.854 ,8355533 ,-95 ,-4 ,0.0142211914062 ,0.0831909179688 ,0.154541015625 ,0.984375
19.8647 ,8355460 ,-95 ,-5 ,0.0114135742188 ,0.0982055664062 ,0.154479980469 ,0.983032226562
19.8761 ,8355529 ,-95 ,-6 ,0.00732421875 ,0.113647460938 ,0.15380859375 ,0.981506347656
19.8866 ,8355425 ,-96 ,-6 ,0.003662109375 ,0.1279296875 ,0.152221679688 ,0.980041503906
19.8977 ,8355764 ,-96 ,-7 ,-0.00140380859375 ,0.147521972656 ,0.146789550781 ,0.978088378906
19.9154 ,8356391 ,-96 ,-7 ,-0.0025634765625 ,0.152648925781 ,0.142639160156 ,0.977905273438
19.9262 ,8357277 ,-96 ,-8 ,-0.00390625 ,0.156433105469 ,0.136596679688 ,0.978210449219
19.9369 ,8356602 ,-96 ,-8 ,-0.00634765625 ,0.160583496094 ,0.128540039062 ,0.978576660156
19.9476 ,8357429 ,-96 ,-7 ,-0.012451171875 ,0.173828125 ,0.105407714844 ,0.979064941406
19.9666 ,8357415 ,-96 ,-7 ,-0.0161743164062 ,0.18115234375 ,0.0916748046875 ,0.979064941406
19.9776 ,8358484 ,-96 ,-6 ,-0.017822265625 ,0.191223144531 ,0.0601806640625 ,0.979553222656
19.9922 ,8359138 ,-95 ,-7 ,-0.0197143554688 ,0.191284179688 ,0.0449829101562 ,0.980285644531
20.0028 ,8359204 ,-95 ,-7 ,-0.0200805664062 ,0.187683105469 ,0.0328369140625 ,0.9814453125
20.0147 ,8359854 ,-95 ,-7 ,-0.0176391601562 ,0.182312011719 ,0.027099609375 ,0.982727050781
20.0252 ,8360048 ,-95 ,-1 ,-0.0177612304688 ,0.177124023438 ,0.0247802734375 ,0.983703613281
20.0357 ,8360764 ,-95 ,-5 ,-0.013427734375 ,0.174621582031 ,0.0223999023438 ,0.984313964844
20.0462 ,8359311 ,-94 ,-5 ,-0.009765625 ,0.173706054688 ,0.019287109375 ,0.984558105469
20.0568 ,8356401 ,-94 ,-4 ,-0.006591796875 ,0.1689453125 ,0.0177001953125 ,0.985473632812
20.0679 ,8355138 ,-94 ,-4 ,0.00262451171875 ,0.137329101562 ,0.0233154296875 ,0.990234375
20.0822 ,8354526 ,-94 ,-3 ,0.01025390625 ,0.115356445312 ,0.0274658203125 ,0.992919921875
20.0927 ,8354948 ,-94 ,-3 ,0.0171508789062 ,0.09521484375 ,0.0303955078125 ,0.994812011719
20.1032 ,8355228 ,-93 ,-3 ,0.0225219726562 ,0.0797119140625 ,0.030029296875 ,0.99609375
20.1146 ,8355415 ,-92 ,-3 ,0.02783203125 ,0.070556640625 ,0.0276489257812 ,0.996765136719
20.1254 ,8355436 ,-92 ,-3 ,0.030029296875 ,0.0664672851562 ,0.0214233398438 ,0.997131347656
20.1359 ,8353318 ,-92 ,-3 ,0.030029296875 ,0.0639038085938 ,0.0130004882812 ,0.997436523438
20.1464 ,8352349 ,-92 ,-4 ,0.031494140625 ,0.0620727539062 ,0.00457763671875 ,0.99755859375
20.1569 ,8353097 ,-92 ,-4 ,0.0321655273438 ,0.0596313476562 ,-0.0030517578125 ,0.997680664062
20.1681 ,8353526 ,-92 ,-5 ,0.0350341796875 ,0.0477905273438 ,-0.012939453125 ,0.998168945312
20.1822 ,8353460 ,-91 ,-5 ,0.0383911132812 ,0.0379028320312 ,-0.0162963867188 ,0.998413085938
20.1928 ,8354847 ,-91 ,-6 ,0.0414428710938 ,0.0274047851562 ,-0.01953125 ,0.998596191406
20.2033 ,8353654 ,-91 ,-6 ,0.0443725585938 ,0.0187377929688 ,-0.0219116210938 ,0.998596191406
20.2146 ,8353744 ,-91 ,-7 ,0.0451049804688 ,0.0128784179688 ,-0.0238037109375 ,0.998596191406
20.2258 ,8353726 ,-91 ,-8 ,0.0449829101562 ,0.0101928710938 ,-0.0247192382812 ,0.998657226562
20.2363 ,8353394 ,-91 ,-8 ,0.0460205078125 ,0.00994873046875 ,-0.0238037109375 ,0.998596191406
20.2467 ,8353965 ,-91 ,-8 ,0.0469360351562 ,0.0111694335938 ,-0.0223388671875 ,0.998596191406
20.2577 ,8354017 ,-91 ,-8 ,0.0509643554688 ,0.01025390625 ,-0.0187377929688 ,0.998474121094
20.272 ,8354162 ,-91 ,-9 ,0.0516967773438 ,0.0052490234375 ,-0.017578125 ,0.998474121094
20.2827 ,8354173 ,-92 ,-9 ,0.0523071289062 ,-0.0018310546875 ,-0.016845703125 ,0.998474121094
20.2934 ,8353436 ,-92 ,-9 ,0.0533447265625 ,-0.00909423828125 ,-0.0181274414062 ,0.998352050781
20.3044 ,8353425 ,-92 ,-9 ,0.05322265625 ,-0.0159301757812 ,-0.0187377929688 ,0.998291015625
20.315 ,8353505 ,-92 ,-9 ,0.0536499023438 ,-0.0242919921875 ,-0.0192260742188 ,0.998107910156
20.3326 ,8353906 ,-93 ,-9 ,0.0538940429688 ,-0.0252075195312 ,-0.0189208984375 ,0.998046875
20.3435 ,8354488 ,-93 ,-10 ,0.0543823242188 ,-0.02392578125 ,-0.0186767578125 ,0.998046875
20.354 ,8354470 ,-93 ,-1 ,0.0549926757812 ,-0.0216064453125 ,-0.0181884765625 ,0.998107910156
20.3646 ,8354719 ,-93 ,-1 ,0.0550537109375 ,-0.020263671875 ,-0.016845703125 ,0.998107910156
20.3757 ,8354356 ,-94 ,-1 ,0.0553588867188 ,-0.0216064453125 ,-0.0147094726562 ,0.998107910156
20.3863 ,8354989 ,-94 ,-1 ,0.055908203125 ,-0.0263671875 ,-0.0120849609375 ,0.997985839844
20.3978 ,8355654 ,-94 ,-1 ,0.0581665039062 ,-0.0421142578125 ,-0.00750732421875 ,0.997375488281
20.4147 ,8356778 ,-94 ,-1 ,0.0594482421875 ,-0.0494995117188 ,-0.00634765625 ,0.997009277344
20.4252 ,8356778 ,-94 ,-1 ,0.0615234375 ,-0.0574340820312 ,-0.0057373046875 ,0.996459960938
20.4462 ,8358854 ,-95 ,-1 ,0.0624389648438 ,-0.0580444335938 ,-0.00555419921875 ,0.996337890625
20.4568 ,8359546 ,-95 ,-1 ,0.0634155273438 ,-0.057861328125 ,-0.00506591796875 ,0.996276855469
20.468 ,8360318 ,-95 ,-10 ,0.06640625 ,-0.0596313476562 ,-0.00286865234375 ,0.996032714844
20.4824 ,8360322 ,-95 ,-10 ,0.0684814453125 ,-0.0630493164062 ,-0.001220703125 ,0.995666503906
20.4931 ,8359996 ,-95 ,-10 ,0.0708618164062 ,-0.0685424804688 ,0.00079345703125 ,0.9951171875
20.5037 ,8359982 ,-95 ,-9 ,0.073486328125 ,-0.075439453125 ,0.00299072265625 ,0.994445800781
20.516 ,8360796 ,-95 ,-9 ,0.076171875 ,-0.0828247070312 ,0.00537109375 ,0.99365234375
20.5263 ,8361076 ,-95 ,-1 ,0.0792236328125 ,-0.0899047851562 ,0.00799560546875 ,0.992736816406
20.5376 ,8361156 ,-94 ,-1 ,0.085693359375 ,-0.100708007812 ,0.0138549804688 ,0.991088867188
20.552 ,8360771 ,-94 ,-1 ,0.0892333984375 ,-0.104675292969 ,0.0170288085938 ,0.990356445312
20.5658 ,8360443 ,-94 ,-1 ,0.0927734375 ,-0.108825683594 ,0.0191650390625 ,0.989562988281
20.5766 ,8360726 ,-94 ,-1 ,0.0964965820312 ,-0.1142578125 ,0.0223388671875 ,0.988525390625
20.5874 ,8360131 ,-93 ,-1 ,0.100402832031 ,-0.121520996094 ,0.025634765625 ,0.987182617188
20.598 ,8360318 ,-93 ,-9 ,0.108825683594 ,-0.141479492188 ,0.033203125 ,0.9833984375
20.6159 ,8359948 ,-92 ,-5 ,0.113891601562 ,-0.153259277344 ,0.0371704101562 ,0.980895996094
20.6268 ,8361007 ,-91 ,-2 ,0.119079589844 ,-0.165649414062 ,0.04296875 ,0.97802734375
20.6377 ,8361249 ,-91 ,0 ,0.129943847656 ,-0.189270019531 ,0.0565185546875 ,0.971618652344
20.652 ,8362844 ,-86 ,8 ,0.145141601562 ,-0.218566894531 ,0.0809326171875 ,0.961547851562
20.6869 ,8360571 ,-85 ,11 ,0.15087890625 ,-0.22705078125 ,0.0881958007812 ,0.958068847656
20.6977 ,8359394 ,-83 ,15 ,0.162902832031 ,-0.245483398438 ,0.0977172851562 ,0.950622558594
20.7159 ,8359789 ,-82 ,20 ,0.168212890625 ,-0.257629394531 ,0.0995483398438 ,0.9462890625
20.7264 ,8359052 ,-81 ,22 ,0.174072265625 ,-0.271728515625 ,0.101379394531 ,0.941040039062
20.7377 ,8359149 ,-78 ,23 ,0.178344726562 ,-0.300537109375 ,0.108459472656 ,0.9306640625
20.752 ,8358533 ,-77 ,23 ,0.176330566406 ,-0.30859375 ,0.113891601562 ,0.927734375
20.7658 ,8355197 ,-77 ,23 ,0.169860839844 ,-0.311706542969 ,0.117919921875 ,0.927429199219
20.7766 ,8354360 ,-77 ,23 ,0.162780761719 ,-0.309387207031 ,0.129699707031 ,0.927856445312
20.7874 ,8352636 ,-77 ,22 ,0.155151367188 ,-0.303955078125 ,0.141418457031 ,0.929260253906
20.798 ,8351328 ,-77 ,22 ,0.138610839844 ,-0.296020507812 ,0.165893554688 ,0.930419921875
20.816 ,8349238 ,-78 ,20 ,0.131103515625 ,-0.295043945312 ,0.176086425781 ,0.929931640625
20.827 ,8347273 ,-78 ,18 ,0.118347167969 ,-0.292663574219 ,0.193542480469 ,0.928894042969
20.8377 ,8346923 ,-78 ,5 ,0.0575561523438 ,-0.196838378906 ,0.250793457031 ,0.946044921875
20.915 ,8345110 ,-80 ,3 ,0.0557250976562 ,-0.212829589844 ,0.257141113281 ,0.940979003906
20.9254 ,8353737 ,-85 ,-2 ,0.0228881835938 ,-0.100891113281 ,0.25732421875 ,0.960754394531
20.9947 ,8353737 ,-86 ,-4 ,0.0211181640625 ,-0.0671997070312 ,0.2490234375 ,0.965942382812
21.0158 ,8356117 ,-86 ,-6 ,0.0217895507812 ,-0.0601806640625 ,0.244506835938 ,0.967529296875
21.0268 ,8356771 ,-88 ,-8 ,0.0255737304688 ,-0.0410766601562 ,0.219177246094 ,0.974487304688
21.0547 ,8357162 ,-88 ,-9 ,0.0233154296875 ,-0.0249633789062 ,0.208740234375 ,0.977355957031
21.065 ,8357730 ,-88 ,-10 ,0.018310546875 ,-0.0001220703125 ,0.197021484375 ,0.980224609375
21.0761 ,8358522 ,-89 ,-11 ,0.0121459960938 ,0.0299072265625 ,0.184692382812 ,0.982299804688
21.0866 ,8358785 ,-90 ,-12 ,0.0069580078125 ,0.0585327148438 ,0.171630859375 ,0.9833984375
21.0974 ,8359882 ,-90 ,-13 ,0.001953125 ,0.0932006835938 ,0.146728515625 ,0.984802246094
21.1147 ,8362443 ,-91 ,-14 ,0.00201416015625 ,0.100341796875 ,0.134948730469 ,0.985778808594
21.1257 ,8362242 ,-91 ,-14 ,0.00103759765625 ,0.106384277344 ,0.123229980469 ,0.986633300781
21.1364 ,8362242 ,-91 ,-14 ,-0.0047607421875 ,0.13232421875 ,0.0968627929688 ,0.986450195312
21.1521 ,8363176 ,-92 ,-15 ,-0.00909423828125 ,0.153137207031 ,0.0820922851562 ,0.984741210938
21.165 ,8364083 ,-92 ,-15 ,-0.0130004882812 ,0.175170898438 ,0.0661010742188 ,0.982238769531
21.1762 ,8366467 ,-93 ,-14 ,-0.0164794921875 ,0.194030761719 ,0.051025390625 ,0.979553222656
21.1871 ,8366467 ,-93 ,-14 ,-0.0183715820312 ,0.207336425781 ,0.035400390625 ,0.977478027344
21.1979 ,8369868 ,-93 ,-13 ,-0.0203247070312 ,0.221008300781 ,0.00323486328125 ,0.975036621094
21.2146 ,8370675 ,-93 ,-12 ,-0.0231323242188 ,0.228698730469 ,-0.0157470703125 ,0.973083496094
21.2253 ,8372443 ,-93 ,-11 ,-0.0240478515625 ,0.239379882812 ,-0.035888671875 ,0.969970703125
21.2359 ,8372443 ,-93 ,-11 ,-0.0226440429688 ,0.252807617188 ,-0.0674438476562 ,0.964904785156
21.2521 ,8375564 ,-94 ,-10 ,-0.0197143554688 ,0.250793457031 ,-0.0765991210938 ,0.964782714844
21.2648 ,8379246 ,-94 ,-9 ,-0.01416015625 ,0.247009277344 ,-0.08349609375 ,0.96533203125
21.276 ,8379699 ,-94 ,-8 ,-0.00738525390625 ,0.24609375 ,-0.0932006835938 ,0.964721679688
21.2865 ,8378692 ,-94 ,-6 ,-0.0018310546875 ,0.248046875 ,-0.104797363281 ,0.963073730469
21.2971 ,8377837 ,-93 ,-4 ,0.0383911132812 ,0.197448730469 ,-0.127380371094 ,0.971252441406
21.3568 ,8375993 ,-92 ,-4 ,0.0432739257812 ,0.189270019531 ,-0.130554199219 ,0.972229003906
21.3676 ,8378844 ,-91 ,-1 ,0.0526733398438 ,0.169494628906 ,-0.140319824219 ,0.974060058594
21.3821 ,8381118 ,-90 ,-4 ,0.0568237304688 ,0.162170410156 ,-0.147094726562 ,0.974060058594
21.3927 ,8382083 ,-89 ,-5 ,0.0594482421875 ,0.159912109375 ,-0.154174804688 ,0.973205566406
21.4076 ,8382398 ,-88 ,-5 ,0.0619506835938 ,0.160766601562 ,-0.162048339844 ,0.971618652344
21.422 ,8380249 ,-88 ,-6 ,0.0630493164062 ,0.156982421875 ,-0.166137695312 ,0.971496582031
21.4335 ,8382132 ,-88 ,-7 ,0.0643920898438 ,0.150756835938 ,-0.173461914062 ,0.971130371094
21.4441 ,8382796 ,-87 ,-7 ,0.06591796875 ,0.141784667969 ,-0.178161621094 ,0.971496582031
21.4553 ,8384685 ,-87 ,-8 ,0.066650390625 ,0.132263183594 ,-0.181884765625 ,0.972106933594
21.466 ,8383277 ,-87 ,-8 ,0.066162109375 ,0.123046875 ,-0.184936523438 ,0.972778320312
21.477 ,8381979 ,-87 ,-9 ,0.06591796875 ,0.115905761719 ,-0.187438964844 ,0.973205566406
21.4878 ,8382872 ,-87 ,-10 ,0.067626953125 ,0.112548828125 ,-0.190490722656 ,0.972839355469
21.5021 ,8383177 ,-87 ,-10 ,0.06982421875 ,0.114990234375 ,-0.190856933594 ,0.972351074219
21.5147 ,8382592 ,-87 ,-11 ,0.0713500976562 ,0.116882324219 ,-0.19140625 ,0.971923828125
21.5253 ,8382806 ,-87 ,-11 ,0.0718994140625 ,0.116638183594 ,-0.192749023438 ,0.971618652344
21.5359 ,8381966 ,-87 ,-12 ,0.0718383789062 ,0.114379882812 ,-0.194091796875 ,0.971618652344
21.5465 ,8381758 ,-88 ,-12 ,0.0719604492188 ,0.11083984375 ,-0.194396972656 ,0.971984863281
21.5578 ,8381720 ,-88 ,-13 ,0.070556640625 ,0.0977172851562 ,-0.192443847656 ,0.973876953125
21.572 ,8383433 ,-89 ,-13 ,0.0692138671875 ,0.0890502929688 ,-0.190856933594 ,0.97509765625
21.5828 ,8383270 ,-89 ,-13 ,0.0675659179688 ,0.0822143554688 ,-0.189331054688 ,0.976135253906
21.5936 ,8382962 ,-89 ,-14 ,0.0669555664062 ,0.0811767578125 ,-0.188537597656 ,0.976440429688
21.6042 ,8382914 ,-89 ,-14 ,0.067626953125 ,0.0858154296875 ,-0.187683105469 ,0.976135253906
21.6157 ,8382367 ,-89 ,-14 ,0.068603515625 ,0.0884399414062 ,-0.190124511719 ,0.975341796875
21.6267 ,8382644 ,-90 ,-15 ,0.0691528320312 ,0.0913696289062 ,-0.18798828125 ,0.975463867188
21.6378 ,8383211 ,-90 ,-15 ,0.0684204101562 ,0.086181640625 ,-0.185485839844 ,0.976440429688
21.652 ,8383052 ,-90 ,-16 ,0.0678100585938 ,0.08203125 ,-0.185424804688 ,0.976867675781
21.6659 ,8381765 ,-91 ,-16 ,0.0677490234375 ,0.0759887695312 ,-0.188659667969 ,0.976745605469
21.6768 ,8382073 ,-91 ,-16 ,0.0673828125 ,0.0701293945312 ,-0.1884765625 ,0.977233886719
21.6874 ,8381834 ,-91 ,-17 ,0.06689453125 ,0.0637817382812 ,-0.188171386719 ,0.977783203125
21.6981 ,8382021 ,-92 ,-1 ,0.0679321289062 ,0.058837890625 ,-0.186889648438 ,0.978271484375
21.716 ,8381692 ,-92 ,-1 ,0.0696411132812 ,0.058837890625 ,-0.189697265625 ,0.977600097656
21.7271 ,8381145 ,-92 ,-16 ,0.0746459960938 ,0.0477294921875 ,-0.180541992188 ,0.979553222656
21.7658 ,8377135 ,-93 ,-16 ,0.0759887695312 ,0.0400390625 ,-0.178955078125 ,0.980102539062
21.7763 ,8375817 ,-93 ,-15 ,0.0771484375 ,0.032470703125 ,-0.175231933594 ,0.98095703125
21.788 ,8374737 ,-93 ,-15 ,0.0808715820312 ,0.0208740234375 ,-0.166320800781 ,0.982543945312
21.8022 ,8374737 ,-93 ,-1 ,0.0851440429688 ,0.009033203125 ,-0.158569335938 ,0.983642578125
21.8222 ,8372194 ,-93 ,-12 ,0.087158203125 ,0.002685546875 ,-0.153442382812 ,0.984313964844
21.8328 ,8361477 ,-92 ,-2 ,0.101745605469 ,-0.0404052734375 ,-0.125854492188 ,0.985961914062
21.8776 ,8358813 ,-92 ,-1 ,0.111083984375 ,-0.0750122070312 ,-0.103881835938 ,0.985534667969
21.8924 ,8356726 ,-92 ,5 ,0.1171875 ,-0.0941162109375 ,-0.0901489257812 ,0.984497070312
21.9031 ,8354228 ,-92 ,7 ,0.123901367188 ,-0.114440917969 ,-0.0750122070312 ,0.982788085938
21.9152 ,8352027 ,-91 ,11 ,0.131530761719 ,-0.136413574219 ,-0.0599975585938 ,0.980041503906
21.9262 ,8350148 ,-91 ,15 ,0.141235351562 ,-0.159606933594 ,-0.0455932617188 ,0.975952148438
21.9367 ,8348325 ,-90 ,20 ,0.152954101562 ,-0.183471679688 ,-0.0322265625 ,0.970520019531
21.9475 ,8348325 ,-89 ,25 ,0.180603027344 ,-0.23095703125 ,-0.00799560546875 ,0.9560546875
21.965 ,8347027 ,-88 ,31 ,0.193359375 ,-0.253356933594 ,0.00372314453125 ,0.947875976562
21.9757 ,8346986 ,-87 ,33 ,0.202209472656 ,-0.273803710938 ,0.0156860351562 ,0.940185546875
21.9867 ,8346429 ,-87 ,34 ,0.209228515625 ,-0.291137695312 ,0.029541015625 ,0.933044433594
21.9975 ,8346134 ,-88 ,-1 ,0.215759277344 ,-0.304016113281 ,0.0470581054688 ,0.926696777344
22.0081 ,8345550 ,-88 ,-1 ,0.222229003906 ,-0.313293457031 ,0.0877075195312 ,0.919128417969
22.022 ,8344591 ,-90 ,-1 ,0.223327636719 ,-0.311950683594 ,0.10791015625 ,0.917175292969
22.0325 ,8344702 ,-90 ,34 ,0.224792480469 ,-0.307983398438 ,0.130187988281 ,0.915222167969
22.043 ,8343830 ,-90 ,-1 ,0.224548339844 ,-0.2998046875 ,0.151123046875 ,0.914794921875
22.0538 ,8344494 ,-91 ,33 ,0.219116210938 ,-0.287963867188 ,0.168701171875 ,0.916870117188
22.0648 ,8344093 ,-91 ,31 ,0.206970214844 ,-0.271423339844 ,0.191955566406 ,0.920104980469
22.0757 ,8343114 ,-92 ,30 ,0.190124511719 ,-0.244689941406 ,0.219055175781 ,0.925231933594
22.0865 ,8343529 ,-92 ,27 ,0.171997070312 ,-0.210388183594 ,0.246337890625 ,0.930297851562
22.097 ,8343636 ,-92 ,24 ,0.153869628906 ,-0.173034667969 ,0.274230957031 ,0.933349609375
22.1081 ,8343211 ,-92 ,20 ,0.107543945312 ,-0.101440429688 ,0.330871582031 ,0.932006835938
22.1221 ,8343678 ,-92 ,16 ,0.0806274414062 ,-0.0687866210938 ,0.354919433594 ,0.928833007812
22.133 ,8343141 ,-92 ,14 ,0.0579833984375 ,-0.0404052734375 ,0.374938964844 ,0.924377441406
22.1435 ,8343304 ,-92 ,12 ,0.0430908203125 ,-0.0186767578125 ,0.390991210938 ,0.919189453125
22.1545 ,8342581 ,-92 ,11 ,0.035888671875 ,-0.00506591796875 ,0.404235839844 ,0.913940429688
22.1659 ,8342442 ,-92 ,9 ,0.0326538085938 ,0.0008544921875 ,0.412841796875 ,0.910217285156
22.1769 ,8342020 ,-92 ,8 ,0.03076171875 ,-0.0009765625 ,0.415710449219 ,0.908996582031
22.1877 ,8341422 ,-92 ,7 ,0.0388793945312 ,-0.0308227539062 ,0.392517089844 ,0.918395996094
22.2026 ,8341647 ,-92 ,5 ,0.0543212890625 ,-0.0640869140625 ,0.373229980469 ,0.923889160156
22.2148 ,8341608 ,-92 ,3 ,0.0602416992188 ,-0.0953979492188 ,0.370849609375 ,0.921813964844
22.2255 ,8342432 ,-92 ,-1 ,0.0474853515625 ,-0.106018066406 ,0.382934570312 ,0.916442871094
22.2361 ,8342467 ,-92 ,-1 ,0.0307006835938 ,-0.0999145507812 ,0.39599609375 ,0.912292480469
22.2466 ,8342570 ,-92 ,-1 ,0.0194091796875 ,-0.0779418945312 ,0.401184082031 ,0.912475585938
22.2576 ,8342038 ,-91 ,-1 ,-0.00494384765625 ,0.004638671875 ,0.390869140625 ,0.92041015625
22.2718 ,8341788 ,-91 ,-1 ,-0.0201416015625 ,0.0408935546875 ,0.381530761719 ,0.923217773438
22.2827 ,8340954 ,-91 ,-1 ,-0.028564453125 ,0.0615844726562 ,0.372314453125 ,0.925659179688
22.2932 ,8341695 ,-91 ,-1 ,-0.03173828125 ,0.0667724609375 ,0.362548828125 ,0.929016113281
22.304 ,8341865 ,-91 ,-1 ,-0.0324096679688 ,0.06103515625 ,0.352844238281 ,0.93310546875
22.3146 ,8341830 ,-91 ,-1 ,-0.03076171875 ,0.0486450195312 ,0.341613769531 ,0.938049316406
22.3256 ,8342570 ,-91 ,-1 ,-0.0271606445312 ,0.032470703125 ,0.326538085938 ,0.944213867188
22.3364 ,8341792 ,-91 ,-1 ,-0.0230102539062 ,0.0159301757812 ,0.305236816406 ,0.951843261719
22.347 ,8342529 ,-91 ,-1 ,-0.018798828125 ,0.00201416015625 ,0.278930664062 ,0.960144042969
22.3577 ,8342359 ,-91 ,-1 ,-0.0126342773438 ,-0.00750732421875 ,0.221740722656 ,0.974975585938
22.3719 ,8343048 ,-91 ,-1 ,-0.011474609375 ,-0.00286865234375 ,0.193664550781 ,0.981018066406
22.3825 ,8343429 ,-91 ,-1 ,-0.011962890625 ,0.00640869140625 ,0.167541503906 ,0.985778808594
22.3931 ,8342757 ,-91 ,1 ,-0.0142822265625 ,0.0175170898438 ,0.143371582031 ,0.989440917969
22.4038 ,8343477 ,-91 ,1 ,-0.0170288085938 ,0.0267333984375 ,0.119934082031 ,0.992248535156
22.4145 ,8344688 ,-91 ,1 ,-0.0173950195312 ,0.034912109375 ,0.0958251953125 ,0.99462890625
22.4249 ,8345218 ,-91 ,2 ,-0.00665283203125 ,0.04931640625 ,0.0411987304688 ,0.997924804688
22.443 ,8349007 ,-91 ,3 ,-0.0020751953125 ,0.0546875 ,0.0112915039062 ,0.998413085938
22.4535 ,8351138 ,-92 ,3 ,-0.00909423828125 ,0.060302734375 ,-0.0191040039062 ,0.997985839844
22.4645 ,8351882 ,-92 ,3 ,-0.0186767578125 ,0.0703735351562 ,-0.041015625 ,0.996520996094
22.4776 ,8356865 ,-92 ,4 ,-0.00775146484375 ,0.113891601562 ,-0.080322265625 ,0.990234375
22.4921 ,8361661 ,-92 ,5 ,-0.007568359375 ,0.136657714844 ,-0.0948486328125 ,0.986022949219
22.5027 ,8363605 ,-92 ,6 ,0.0029296875 ,0.154296875 ,-0.111145019531 ,0.981750488281
22.5159 ,8374291 ,-92 ,6 ,0.0132446289062 ,0.165100097656 ,-0.131103515625 ,0.977416992188
22.5273 ,8376201 ,-92 ,6 ,0.0205688476562 ,0.165893554688 ,-0.1455078125 ,0.975158691406
22.5381 ,8382578 ,-91 ,5 ,0.0274658203125 ,0.1572265625 ,-0.169067382812 ,0.972595214844
22.5521 ,8386329 ,-91 ,5 ,0.0318603515625 ,0.164855957031 ,-0.17919921875 ,0.969360351562
22.5649 ,8388879 ,-91 ,5 ,0.0405883789062 ,0.184631347656 ,-0.189270019531 ,0.963562011719
22.5752 ,8391163 ,-91 ,-1 ,0.0510864257812 ,0.206481933594 ,-0.197021484375 ,0.95703125
22.5858 ,8393194 ,-90 ,-1 ,0.0592651367188 ,0.216857910156 ,-0.201782226562 ,0.953308105469
22.5965 ,8394260 ,-90 ,5 ,0.0638427734375 ,0.213623046875 ,-0.204040527344 ,0.953247070312
22.607 ,8394488 ,-90 ,4 ,0.0654296875 ,0.2041015625 ,-0.205444335938 ,0.954895019531
22.6185 ,8395104 ,-90 ,4 ,0.0721435546875 ,0.193420410156 ,-0.212585449219 ,0.955078125
22.6324 ,8396333 ,-91 ,4 ,0.076904296875 ,0.189697265625 ,-0.216613769531 ,0.954528808594
22.6436 ,8400388 ,-91 ,4 ,0.0787963867188 ,0.182434082031 ,-0.220764160156 ,0.954833984375
22.6542 ,8402312 ,-90 ,3 ,0.07861328125 ,0.175842285156 ,-0.224243164062 ,0.955322265625
22.6646 ,8401962 ,-89 ,3 ,0.0782470703125 ,0.17529296875 ,-0.226806640625 ,0.954833984375
22.6754 ,8401461 ,-89 ,2 ,0.0791015625 ,0.180114746094 ,-0.228881835938 ,0.953369140625
22.6859 ,8401180 ,-89 ,2 ,0.080810546875 ,0.184936523438 ,-0.230590820312 ,0.951904296875
22.6968 ,8402160 ,-89 ,2 ,0.082275390625 ,0.183959960938 ,-0.231018066406 ,0.951843261719
22.7083 ,8403346 ,-89 ,1 ,0.0822143554688 ,0.178100585938 ,-0.22998046875 ,0.953247070312
22.7219 ,8403049 ,-88 ,1 ,0.0835571289062 ,0.179443359375 ,-0.230041503906 ,0.952819824219
22.7325 ,8402564 ,-88 ,1 ,0.0842895507812 ,0.178894042969 ,-0.231018066406 ,0.95263671875
22.7437 ,8401513 ,-88 ,0 ,0.08349609375 ,0.172790527344 ,-0.231750488281 ,0.953674316406
22.7543 ,8401153 ,-88 ,0 ,0.0819702148438 ,0.164123535156 ,-0.231323242188 ,0.955444335938
22.7645 ,8401547 ,-88 ,0 ,0.0813598632812 ,0.159057617188 ,-0.230285644531 ,0.956604003906
22.7756 ,8401547 ,-88 ,0 ,0.0820922851562 ,0.159851074219 ,-0.229919433594 ,0.956481933594
22.7867 ,8399170 ,-88 ,0 ,0.083251953125 ,0.162841796875 ,-0.230224609375 ,0.955810546875
22.7978 ,8398748 ,-89 ,0 ,0.08251953125 ,0.158447265625 ,-0.228698730469 ,0.956970214844
22.8145 ,8400025 ,-89 ,0 ,0.081787109375 ,0.153930664062 ,-0.227294921875 ,0.958068847656
22.825 ,8398883 ,-89 ,0 ,0.08154296875 ,0.151611328125 ,-0.226440429688 ,0.958679199219
22.8356 ,8398256 ,-89 ,0 ,0.0811767578125 ,0.150146484375 ,-0.225891113281 ,0.959106445312
22.8462 ,8396782 ,-89 ,0 ,0.080322265625 ,0.146606445312 ,-0.224975585938 ,0.959899902344
22.857 ,8396917 ,-90 ,0 ,0.0792846679688 ,0.141052246094 ,-0.223266601562 ,0.961242675781
22.8678 ,8396623 ,-90 ,0 ,0.0787963867188 ,0.135192871094 ,-0.218566894531 ,0.963195800781
22.8821 ,8395080 ,-90 ,0 ,0.079345703125 ,0.136169433594 ,-0.216918945312 ,0.96337890625
22.8928 ,8393201 ,-90 ,0 ,0.0799560546875 ,0.136962890625 ,-0.215087890625 ,0.963623046875
22.9033 ,8391263 ,-91 ,0 ,0.0805053710938 ,0.135925292969 ,-0.21240234375 ,0.96435546875
22.9157 ,8391305 ,-91 ,0 ,0.083984375 ,0.131713867188 ,-0.226989746094 ,0.961303710938
22.9266 ,8389118 ,-91 ,0 ,0.0848388671875 ,0.128173828125 ,-0.224365234375 ,0.962280273438
22.9374 ,8389118 ,-91 ,1 ,0.0855712890625 ,0.12451171875 ,-0.222351074219 ,0.963195800781
22.9477 ,8386007 ,-91 ,1 ,0.0873413085938 ,0.114868164062 ,-0.217163085938 ,0.965393066406
22.9658 ,8385097 ,-92 ,1 ,0.0902709960938 ,0.107971191406 ,-0.230163574219 ,0.962951660156
22.9766 ,8383405 ,-92 ,2 ,0.0913696289062 ,0.102844238281 ,-0.227172851562 ,0.964111328125
22.9874 ,8381495 ,-92 ,-1 ,0.0938720703125 ,0.094482421875 ,-0.220336914062 ,0.96630859375
23.0022 ,8378934 ,-92 ,-1 ,0.095458984375 ,0.0905151367188 ,-0.216064453125 ,0.967468261719
23.0157 ,8376824 ,-92 ,-1 ,0.0985107421875 ,0.084716796875 ,-0.225708007812 ,0.965515136719
23.027 ,8375277 ,-92 ,-1 ,0.100280761719 ,0.0797729492188 ,-0.220520019531 ,0.966918945312
23.038 ,8374574 ,-92 ,-1 ,0.103271484375 ,0.0703125 ,-0.209228515625 ,0.969848632812
23.052 ,8371737 ,-92 ,3 ,0.104858398438 ,0.0656127929688 ,-0.20263671875 ,0.971435546875
23.0661 ,8368256 ,-92 ,7 ,0.107666015625 ,0.0584106445312 ,-0.206726074219 ,0.970703125
23.0773 ,8366761 ,-92 ,11 ,0.113464355469 ,0.0345458984375 ,-0.186096191406 ,0.975341796875
23.0925 ,8360003 ,-91 ,15 ,0.117248535156 ,0.0155029296875 ,-0.174987792969 ,0.977416992188
23.1035 ,8357934 ,-91 ,18 ,0.122497558594 ,-0.0068359375 ,-0.163208007812 ,0.978942871094
23.1149 ,8355830 ,-91 ,21 ,0.129760742188 ,-0.03125 ,-0.150390625 ,0.979553222656
23.1258 ,8352488 ,-91 ,24 ,0.139282226562 ,-0.0565185546875 ,-0.137329101562 ,0.979064941406
23.1363 ,8352488 ,-91 ,29 ,0.151000976562 ,-0.0830688476562 ,-0.123962402344 ,0.977233886719
23.1473 ,8349792 ,-90 ,33 ,0.165161132812 ,-0.10986328125 ,-0.110473632812 ,0.973876953125
23.1582 ,8349543 ,-90 ,36 ,0.195251464844 ,-0.162170410156 ,-0.0791625976562 ,0.963989257812
23.1718 ,8348117 ,-90 ,39 ,0.207946777344 ,-0.184631347656 ,-0.0611572265625 ,0.958618164062
23.1827 ,8348117 ,-89 ,41 ,0.220397949219 ,-0.202697753906 ,-0.0418090820312 ,0.953186035156
23.1933 ,8347526 ,-89 ,-1 ,0.230102539062 ,-0.217041015625 ,-0.01904296875 ,0.948486328125
23.204 ,8347301 ,-88 ,42 ,0.234741210938 ,-0.228332519531 ,0.006103515625 ,0.94482421875
23.2151 ,8346823 ,-88 ,41 ,0.236999511719 ,-0.236145019531 ,0.0320434570312 ,0.941833496094
23.2257 ,8345719 ,-87 ,41 ,0.236877441406 ,-0.241333007812 ,0.0618896484375 ,0.939086914062
23.2362 ,8345588 ,-87 ,40 ,0.234069824219 ,-0.241149902344 ,0.0945434570312 ,0.937072753906
23.2467 ,8346024 ,-86 ,-1 ,0.230529785156 ,-0.239807128906 ,0.124084472656 ,0.934875488281
23.2581 ,8347318 ,-86 ,39 ,0.203979492188 ,-0.247497558594 ,0.197875976562 ,0.92626953125
23.2719 ,8347294 ,-86 ,36 ,0.185241699219 ,-0.242980957031 ,0.242431640625 ,0.920776367188
23.2828 ,8347294 ,-86 ,33 ,0.161437988281 ,-0.2080078125 ,0.302795410156 ,0.915954589844
23.3021 ,8349827 ,-87 ,29 ,0.147338867188 ,-0.201232910156 ,0.315368652344 ,0.915588378906
23.3147 ,8352695 ,-87 ,-1 ,0.135192871094 ,-0.20068359375 ,0.331604003906 ,0.911865234375
23.3255 ,8355273 ,-87 ,-1 ,0.124877929688 ,-0.200439453125 ,0.352294921875 ,0.905578613281
23.3361 ,8356924 ,-87 ,-1 ,0.110107421875 ,-0.196350097656 ,0.374084472656 ,0.899658203125
23.3467 ,8358062 ,-87 ,27 ,0.09716796875 ,-0.174133300781 ,0.38916015625 ,0.899353027344
23.3576 ,8359155 ,-88 ,26 ,0.0668334960938 ,-0.129699707031 ,0.413024902344 ,0.89892578125
23.3722 ,8359526 ,-88 ,24 ,0.0563354492188 ,-0.114318847656 ,0.424621582031 ,0.896362304688
23.3827 ,8359654 ,-88 ,23 ,0.04931640625 ,-0.106506347656 ,0.434875488281 ,0.892822265625
23.3932 ,8360751 ,-88 ,-1 ,0.04541015625 ,-0.100769042969 ,0.447814941406 ,0.887268066406
23.4038 ,8359443 ,-88 ,-1 ,0.0426025390625 ,-0.09326171875 ,0.456237792969 ,0.883911132812
23.4157 ,8358965 ,-88 ,23 ,0.0359497070312 ,-0.0824584960938 ,0.449890136719 ,0.888549804688
23.4268 ,8356176 ,-88 ,22 ,0.0286254882812 ,-0.0650024414062 ,0.456298828125 ,0.886962890625
23.4376 ,8354097 ,-88 ,21 ,0.00616455078125 ,-0.0225830078125 ,0.465942382812 ,0.884521484375
23.4522 ,8352616 ,-88 ,20 ,-0.00335693359375 ,-0.00469970703125 ,0.466552734375 ,0.884460449219
23.4645 ,8350851 ,-88 ,19 ,-0.008056640625 ,0.00762939453125 ,0.466674804688 ,0.884338378906
23.4754 ,8348266 ,-88 ,18 ,-0.00823974609375 ,0.0134887695312 ,0.466125488281 ,0.884582519531
23.4864 ,8346283 ,-88 ,18 ,-0.00421142578125 ,0.0109252929688 ,0.459899902344 ,0.887878417969
23.502 ,8345453 ,-88 ,17 ,-0.00244140625 ,0.00946044921875 ,0.453796386719 ,0.891052246094
23.5144 ,8342564 ,-88 ,16 ,-0.0023193359375 ,0.00830078125 ,0.444213867188 ,0.895874023438
23.5256 ,8342595 ,-88 ,15 ,-0.00384521484375 ,0.00689697265625 ,0.4306640625 ,0.902465820312
23.5363 ,8341519 ,-88 ,14 ,-0.00628662109375 ,0.00341796875 ,0.413696289062 ,0.910400390625
23.5469 ,8341010 ,-88 ,13 ,-0.00927734375 ,-0.0037841796875 ,0.394165039062 ,0.919006347656
23.5578 ,8341550 ,-88 ,13 ,-0.0173950195312 ,-0.02587890625 ,0.35546875 ,0.934143066406
23.5718 ,8341301 ,-88 ,12 ,-0.0222778320312 ,-0.0339965820312 ,0.341247558594 ,0.939086914062
23.5822 ,8341384 ,-88 ,11 ,-0.02734375 ,-0.0358276367188 ,0.330993652344 ,0.942565917969
23.5927 ,8341332 ,-88 ,10 ,-0.0315551757812 ,-0.0310668945312 ,0.321533203125 ,0.945861816406
23.6077 ,8341640 ,-88 ,10 ,-0.0401000976562 ,-0.00616455078125 ,0.296447753906 ,0.954162597656
23.6223 ,8341134 ,-88 ,9 ,-0.0448608398438 ,0.00677490234375 ,0.278747558594 ,0.959289550781
23.6328 ,8342065 ,-88 ,9 ,-0.047119140625 ,0.0169067382812 ,0.258972167969 ,0.964599609375
23.6433 ,8341640 ,-88 ,9 ,-0.0479125976562 ,0.0225219726562 ,0.238464355469 ,0.9697265625
23.6538 ,8342498 ,-88 ,9 ,-0.0485229492188 ,0.0230102539062 ,0.218811035156 ,0.974304199219
23.6654 ,8342750 ,-88 ,9 ,-0.0474853515625 ,0.0202026367188 ,0.199401855469 ,0.978576660156
23.6764 ,8342172 ,-88 ,9 ,-0.0440063476562 ,0.0159912109375 ,0.1787109375 ,0.982788085938
23.6872 ,8343501 ,-88 ,10 ,-0.0408325195312 ,0.0144653320312 ,0.15478515625 ,0.986999511719
23.6978 ,8342705 ,-88 ,10 ,-0.035888671875 ,0.024169921875 ,0.0984497070312 ,0.994201660156
23.7144 ,8342577 ,-89 ,10 ,-0.0315551757812 ,0.0328369140625 ,0.06640625 ,0.996765136719
23.7246 ,8342975 ,-89 ,10 ,-0.0260009765625 ,0.0399780273438 ,0.0352172851562 ,0.998229980469
23.7353 ,8343678 ,-89 ,11 ,-0.0198974609375 ,0.0413208007812 ,0.0074462890625 ,0.998901367188
23.7458 ,8344221 ,-89 ,11 ,-0.0143432617188 ,0.0369873046875 ,-0.0149536132812 ,0.999084472656
23.7564 ,8343937 ,-89 ,12 ,-0.0091552734375 ,0.0266723632812 ,-0.0333862304688 ,0.9990234375
23.7676 ,8346297 ,-90 ,12 ,0.0111083984375 ,0.0068359375 ,-0.064208984375 ,0.997863769531
23.7822 ,8349560 ,-90 ,12 ,0.0189208984375 ,0.00439453125 ,-0.073974609375 ,0.9970703125
23.7927 ,8350754 ,-90 ,13 ,0.0125732421875 ,0.0101318359375 ,-0.08349609375 ,0.996398925781
23.8047 ,8356571 ,-90 ,13 ,0.00897216796875 ,0.028076171875 ,-0.0972290039062 ,0.994812011719
23.816 ,8362899 ,-90 ,13 ,0.0184326171875 ,0.0614013671875 ,-0.114074707031 ,0.991394042969
23.8273 ,8364924 ,-90 ,13 ,0.0221557617188 ,0.107421875 ,-0.130920410156 ,0.985290527344
23.8378 ,8367903 ,-90 ,13 ,0.0372314453125 ,0.187805175781 ,-0.159301757812 ,0.968505859375
23.8517 ,8370477 ,-90 ,12 ,0.0433959960938 ,0.198120117188 ,-0.167602539062 ,0.964782714844
23.8643 ,8376104 ,-90 ,12 ,0.047607421875 ,0.186462402344 ,-0.172424316406 ,0.966064453125
23.8752 ,8382533 ,-90 ,12 ,0.04833984375 ,0.167053222656 ,-0.178405761719 ,0.968444824219
23.8859 ,8384042 ,-90 ,12 ,0.0510864257812 ,0.157043457031 ,-0.185607910156 ,0.968627929688
23.8967 ,8384685 ,-89 ,12 ,0.0549926757812 ,0.161865234375 ,-0.19482421875 ,0.9658203125
23.9079 ,8384831 ,-89 ,11 ,0.064697265625 ,0.181457519531 ,-0.205993652344 ,0.959411621094
23.9223 ,8386042 ,-89 ,11 ,0.0691528320312 ,0.180603027344 ,-0.206176757812 ,0.959228515625
23.9329 ,8388149 ,-89 ,11 ,0.0722045898438 ,0.178649902344 ,-0.205810546875 ,0.959411621094
23.9435 ,8389308 ,-89 ,-1 ,0.0760498046875 ,0.184448242188 ,-0.207214355469 ,0.957763671875
23.9542 ,8389668 ,-89 ,11 ,0.08203125 ,0.195983886719 ,-0.209777832031 ,0.954406738281
23.9645 ,8389872 ,-89 ,11 ,0.0862426757812 ,0.202514648438 ,-0.212951660156 ,0.951965332031
23.9756 ,8391239 ,-89 ,11 ,0.0875854492188 ,0.197692871094 ,-0.216125488281 ,0.9521484375
23.9861 ,8393530 ,-88 ,11 ,0.0875854492188 ,0.185424804688 ,-0.218200683594 ,0.9541015625
23.9967 ,8393938 ,-88 ,-1 ,0.0875854492188 ,0.174926757812 ,-0.219055175781 ,0.955871582031
24.0076 ,8394630 ,-87 ,-1 ,0.0878295898438 ,0.17431640625 ,-0.222595214844 ,0.955139160156
24.022 ,8392644 ,-87 ,-1 ,0.0877075195312 ,0.174987792969 ,-0.223937988281 ,0.954772949219
24.0327 ,8393883 ,-87 ,-1 ,0.0879516601562 ,0.171569824219 ,-0.224060058594 ,0.955322265625
24.0436 ,8395744 ,-86 ,10 ,0.0880737304688 ,0.168701171875 ,-0.225463867188 ,0.955505371094
24.0542 ,8396319 ,-86 ,10 ,0.0891723632812 ,0.170715332031 ,-0.227172851562 ,0.95458984375
24.0648 ,8395571 ,-86 ,10 ,0.0902099609375 ,0.175537109375 ,-0.228576660156 ,0.953308105469
24.0772 ,8394720 ,-86 ,10 ,0.0906982421875 ,0.1767578125 ,-0.229125976562 ,0.952941894531
24.0878 ,8394966 ,-86 ,9 ,0.090576171875 ,0.166076660156 ,-0.228576660156 ,0.954956054688
24.102 ,8394935 ,-86 ,9 ,0.0907592773438 ,0.162109375 ,-0.22802734375 ,0.955749511719
24.1155 ,8394554 ,-86 ,9 ,0.0931396484375 ,0.160400390625 ,-0.240173339844 ,0.952819824219
24.1262 ,8393862 ,-86 ,9 ,0.0929565429688 ,0.16015625 ,-0.240417480469 ,0.952819824219
24.1368 ,8393651 ,-86 ,9 ,0.0924072265625 ,0.158264160156 ,-0.240234375 ,0.953247070312
24.1476 ,8394640 ,-86 ,8 ,0.0923461914062 ,0.154357910156 ,-0.237976074219 ,0.954467773438
24.1656 ,8395308 ,-86 ,8 ,0.0936279296875 ,0.153198242188 ,-0.248901367188 ,0.951721191406
24.1765 ,8394845 ,-87 ,8 ,0.092529296875 ,0.153198242188 ,-0.248291015625 ,0.952026367188
24.1873 ,8395083 ,-87 ,7 ,0.0916748046875 ,0.153686523438 ,-0.245727539062 ,0.952697753906
24.2018 ,8394647 ,-87 ,7 ,0.0918579101562 ,0.155334472656 ,-0.244079589844 ,0.952819824219
24.2158 ,8394395 ,-87 ,6 ,0.0936889648438 ,0.155944824219 ,-0.25341796875 ,0.950073242188
24.227 ,8394156 ,-88 ,6 ,0.0933837890625 ,0.156921386719 ,-0.251892089844 ,0.950378417969
24.2378 ,8393986 ,-88 ,6 ,0.0933227539062 ,0.158569335938 ,-0.248229980469 ,0.951049804688
24.2517 ,8393121 ,-88 ,5 ,0.0936889648438 ,0.159057617188 ,-0.245788574219 ,0.951599121094
24.2655 ,8393094 ,-88 ,5 ,0.0949096679688 ,0.157104492188 ,-0.252746582031 ,0.949951171875
24.2771 ,8392827 ,-88 ,5 ,0.0942993164062 ,0.155395507812 ,-0.250793457031 ,0.950805664062
24.2876 ,8392204 ,-89 ,4 ,0.093994140625 ,0.155578613281 ,-0.246032714844 ,0.952087402344
24.3019 ,8391883 ,-89 ,4 ,0.0942993164062 ,0.156860351562 ,-0.243103027344 ,0.952575683594
24.3155 ,8392249 ,-89 ,4 ,0.0957641601562 ,0.156799316406 ,-0.248962402344 ,0.950927734375
24.3265 ,8391827 ,-89 ,5 ,0.0955200195312 ,0.157348632812 ,-0.245910644531 ,0.95166015625
24.3375 ,8390146 ,-89 ,5 ,0.0950927734375 ,0.158935546875 ,-0.239196777344 ,0.953125
24.352 ,8389803 ,-89 ,6 ,0.0952758789062 ,0.158508300781 ,-0.235046386719 ,0.954223632812
24.3658 ,8389644 ,-89 ,7 ,0.0968017578125 ,0.155212402344 ,-0.240173339844 ,0.953369140625
24.3765 ,8388986 ,-89 ,8 ,0.0967407226562 ,0.1513671875 ,-0.236267089844 ,0.954956054688
24.3872 ,8388450 ,-89 ,9 ,0.0972290039062 ,0.142028808594 ,-0.228332519531 ,0.958251953125
24.4017 ,8386786 ,-89 ,10 ,0.0983276367188 ,0.137390136719 ,-0.223815917969 ,0.959899902344
24.4158 ,8385505 ,-89 ,12 ,0.101379394531 ,0.132141113281 ,-0.226501464844 ,0.959655761719
24.427 ,8383959 ,-88 ,14 ,0.103637695312 ,0.1279296875 ,-0.221130371094 ,0.961242675781
24.4376 ,8384035 ,-88 ,15 ,0.10791015625 ,0.119018554688 ,-0.209411621094 ,0.964538574219
24.4516 ,8381889 ,-88 ,17 ,0.109680175781 ,0.113525390625 ,-0.203063964844 ,0.966369628906
24.4655 ,8380851 ,-88 ,19 ,0.1123046875 ,0.106506347656 ,-0.204345703125 ,0.966613769531
24.4762 ,8379523 ,-88 ,20 ,0.114196777344 ,0.0997314453125 ,-0.197509765625 ,0.968505859375
24.487 ,8378076 ,-88 ,21 ,0.1162109375 ,0.0924682617188 ,-0.190612792969 ,0.970336914062
24.4976 ,8377059 ,-88 ,22 ,0.119995117188 ,0.078125 ,-0.176513671875 ,0.973815917969
24.5156 ,8372917 ,-88 ,22 ,0.122314453125 ,0.0714721679688 ,-0.176940917969 ,0.973999023438
24.5264 ,8371166 ,-87 ,22 ,0.123291015625 ,0.066650390625 ,-0.168701171875 ,0.975646972656
24.5373 ,8367830 ,-87 ,22 ,0.121948242188 ,0.0553588867188 ,-0.149719238281 ,0.979614257812
24.5518 ,8362806 ,-87 ,21 ,0.119445800781 ,0.0474853515625 ,-0.139221191406 ,0.981872558594
24.5658 ,8359775 ,-87 ,21 ,0.11572265625 ,0.037109375 ,-0.130065917969 ,0.984008789062
24.5769 ,8359775 ,-87 ,21 ,0.111145019531 ,0.0243530273438 ,-0.118408203125 ,0.986450195312
24.5877 ,8356266 ,-87 ,20 ,0.100646972656 ,-0.0076904296875 ,-0.0914916992188 ,0.990661621094
24.6025 ,8352906 ,-87 ,20 ,0.0952758789062 ,-0.0239868164062 ,-0.0755615234375 ,0.992309570312
24.6147 ,8352906 ,-87 ,19 ,0.0906372070312 ,-0.0384521484375 ,-0.0595092773438 ,0.993347167969
24.6276 ,8350851 ,-87 ,19 ,0.0814819335938 ,-0.0559692382812 ,-0.025146484375 ,0.994812011719
24.6421 ,8349460 ,-87 ,18 ,0.074951171875 ,-0.05126953125 ,-0.001953125 ,0.995849609375
24.6533 ,8349872 ,-87 ,18 ,0.06982421875 ,-0.0321044921875 ,0.0183715820312 ,0.996887207031
24.6651 ,8349702 ,-87 ,18 ,0.06591796875 ,-0.003173828125 ,0.0343017578125 ,0.997253417969
24.6756 ,8349968 ,-87 ,17 ,0.059814453125 ,0.0271606445312 ,0.0475463867188 ,0.996704101562
24.6864 ,8351159 ,-87 ,17 ,0.05615234375 ,0.04736328125 ,0.0516357421875 ,0.995971679688
24.6978 ,8351837 ,-87 ,17 ,0.0537719726562 ,0.0278930664062 ,0.0619506835938 ,0.996215820312
24.715 ,8352667 ,-87 ,16 ,0.0535278320312 ,0.0028076171875 ,0.0662841796875 ,0.996337890625
24.7276 ,8354055 ,-87 ,16 ,0.059326171875 ,-0.0435791015625 ,0.0753784179688 ,0.994445800781
24.7422 ,8353366 ,-87 ,16 ,0.0575561523438 ,-0.0545043945312 ,0.0794677734375 ,0.99365234375
24.7532 ,8352979 ,-87 ,15 ,0.055908203125 ,-0.0498657226562 ,0.083984375 ,0.99365234375
24.7645 ,8352851 ,-87 ,15 ,0.0526123046875 ,-0.0316162109375 ,0.087890625 ,0.994262695312
24.7754 ,8353346 ,-87 ,15 ,0.0476684570312 ,-0.0069580078125 ,0.091552734375 ,0.99462890625
24.786 ,8352903 ,-87 ,15 ,0.0437622070312 ,0.0170288085938 ,0.093994140625 ,0.994445800781
24.7975 ,8353422 ,-87 ,14 ,0.0397338867188 ,0.0453491210938 ,0.0927734375 ,0.993835449219
24.8145 ,8353872 ,-87 ,14 ,0.038818359375 ,0.0468139648438 ,0.090087890625 ,0.994079589844
24.8253 ,8354007 ,-87 ,13 ,0.0387573242188 ,0.0421752929688 ,0.0872192382812 ,0.994567871094
24.8383 ,8354121 ,-87 ,13 ,0.0382690429688 ,0.0291137695312 ,0.0816650390625 ,0.995483398438
24.8519 ,8359145 ,-87 ,13 ,0.0637817382812 ,0.114990234375 ,-0.136291503906 ,0.98193359375
25.1662 ,8363758 ,-87 ,13 ,0.063232421875 ,0.113037109375 ,-0.136352539062 ,0.982177734375
25.1774 ,8362695 ,-87 ,13 ,0.06201171875 ,0.106262207031 ,-0.136108398438 ,0.983032226562
25.1921 ,8362335 ,-87 ,13 ,0.0620727539062 ,0.106201171875 ,-0.13720703125 ,0.982849121094
25.2032 ,8363654 ,-87 ,13 ,0.0626831054688 ,0.107971191406 ,-0.138610839844 ,0.982421875
25.2147 ,8363329 ,-87 ,13 ,0.0630493164062 ,0.109619140625 ,-0.140258789062 ,0.981994628906
25.2255 ,8362592 ,-87 ,13 ,0.0631713867188 ,0.109252929688 ,-0.1416015625 ,0.981872558594
25.2363 ,8362810 ,-87 ,13 ,0.0631103515625 ,0.106750488281 ,-0.142150878906 ,0.982055664062
25.2475 ,8362647 ,-87 ,13 ,0.0626831054688 ,0.100280761719 ,-0.142272949219 ,0.982727050781
25.2646 ,8362602 ,-87 ,13 ,0.0629272460938 ,0.098876953125 ,-0.142578125 ,0.982849121094
25.2761 ,8361882 ,-87 ,13 ,0.0632934570312 ,0.0986328125 ,-0.143005371094 ,0.982788085938
25.2872 ,8363010 ,-87 ,13 ,0.063720703125 ,0.09765625 ,-0.143676757812 ,0.982727050781
25.302 ,8362380 ,-87 ,13 ,0.063720703125 ,0.0963745117188 ,-0.14404296875 ,0.982788085938
25.3156 ,8363041 ,-87 ,13 ,0.063720703125 ,0.0950927734375 ,-0.144653320312 ,0.982849121094
25.3263 ,8362470 ,-87 ,12 ,0.0638427734375 ,0.0942993164062 ,-0.145568847656 ,0.982788085938
25.3379 ,8363090 ,-87 ,12 ,0.0642700195312 ,0.0934448242188 ,-0.148132324219 ,0.982421875
25.3525 ,8362602 ,-87 ,12 ,0.0643310546875 ,0.09228515625 ,-0.149353027344 ,0.982360839844
25.3663 ,8362519 ,-87 ,12 ,0.0643310546875 ,0.0904541015625 ,-0.150329589844 ,0.982360839844
25.3777 ,8362844 ,-87 ,12 ,0.0642700195312 ,0.0858764648438 ,-0.151794433594 ,0.982543945312
25.3924 ,8362723 ,-87 ,12 ,0.0640869140625 ,0.0840454101562 ,-0.152221679688 ,0.982666015625
25.4033 ,8362391 ,-87 ,12 ,0.064208984375 ,0.0830688476562 ,-0.153137207031 ,0.982604980469
25.4159 ,8362796 ,-87 ,12 ,0.064453125 ,0.082763671875 ,-0.153869628906 ,0.982482910156
25.4274 ,8362723 ,-87 ,12 ,0.0651245117188 ,0.083251953125 ,-0.155090332031 ,0.982238769531
25.4423 ,8362166 ,-87 ,12 ,0.0654296875 ,0.083251953125 ,-0.155944824219 ,0.982055664062
25.454 ,8362197 ,-87 ,11 ,0.0656127929688 ,0.08251953125 ,-0.15673828125 ,0.981994628906
25.4667 ,8362111 ,-87 ,11 ,0.0657348632812 ,0.0811157226562 ,-0.158996582031 ,0.981750488281
25.4778 ,8362782 ,-87 ,11 ,0.0659790039062 ,0.0791625976562 ,-0.16064453125 ,0.981628417969
25.4925 ,8362657 ,-87 ,11 ,0.0662231445312 ,0.07861328125 ,-0.161254882812 ,0.981567382812
25.5033 ,8362024 ,-87 ,11 ,0.0664672851562 ,0.0780639648438 ,-0.161865234375 ,0.981506347656
25.5156 ,8361450 ,-88 ,11 ,0.066650390625 ,0.077392578125 ,-0.162353515625 ,0.9814453125
25.5267 ,8361093 ,-88 ,11 ,0.0668334960938 ,0.07666015625 ,-0.1630859375 ,0.981384277344
25.5377 ,8361547 ,-88 ,11 ,0.0673217773438 ,0.0755615234375 ,-0.164855957031 ,0.981140136719
25.5519 ,8360553 ,-88 ,10 ,0.067626953125 ,0.0752563476562 ,-0.165893554688 ,0.98095703125
25.5658 ,8360623 ,-88 ,10 ,0.0678100585938 ,0.0748901367188 ,-0.167053222656 ,0.980773925781
25.5768 ,8360948 ,-88 ,10 ,0.0680541992188 ,0.0742797851562 ,-0.168151855469 ,0.980590820312
25.5876 ,8360477 ,-88 ,10 ,0.0682373046875 ,0.0719604492188 ,-0.169921875 ,0.98046875
25.6017 ,8360557 ,-88 ,10 ,0.0684204101562 ,0.0709228515625 ,-0.170715332031 ,0.980346679688
25.6155 ,8359827 ,-88 ,10 ,0.0687255859375 ,0.070556640625 ,-0.171508789062 ,0.980224609375
25.6259 ,8359737 ,-88 ,9 ,0.0692138671875 ,0.0709838867188 ,-0.172241210938 ,0.980041503906
25.6364 ,8359315 ,-88 ,9 ,0.0697631835938 ,0.072021484375 ,-0.173034667969 ,0.979797363281
25.6474 ,8359553 ,-88 ,9 ,0.0708618164062 ,0.0741577148438 ,-0.174682617188 ,0.979248046875
25.6658 ,8359560 ,-88 ,9 ,0.0712280273438 ,0.07421875 ,-0.17578125 ,0.979064941406
25.6768 ,8359245 ,-88 ,8 ,0.071533203125 ,0.0734252929688 ,-0.176635742188 ,0.978942871094
25.6884 ,8359470 ,-88 ,8 ,0.0715942382812 ,0.070556640625 ,-0.178588867188 ,0.978759765625
25.7023 ,8359457 ,-88 ,8 ,0.0717163085938 ,0.0695190429688 ,-0.179626464844 ,0.978637695312
25.7157 ,8359491 ,-88 ,7 ,0.0718994140625 ,0.0689086914062 ,-0.181274414062 ,0.978393554688
25.7276 ,8359401 ,-88 ,7 ,0.0722045898438 ,0.0682373046875 ,-0.183715820312 ,0.977966308594
25.742 ,8359633 ,-89 ,7 ,0.0723266601562 ,0.0680541992188 ,-0.18505859375 ,0.977722167969
25.7528 ,8359910 ,-89 ,7 ,0.0725708007812 ,0.0678100585938 ,-0.186462402344 ,0.977416992188
25.7656 ,8360086 ,-89 ,6 ,0.0726318359375 ,0.0675659179688 ,-0.18701171875 ,0.977355957031
25.7775 ,8359931 ,-89 ,6 ,0.0728759765625 ,0.06689453125 ,-0.190002441406 ,0.976806640625
25.7923 ,8360176 ,-89 ,6 ,0.0730590820312 ,0.066650390625 ,-0.19140625 ,0.976501464844
25.8032 ,8360730 ,-89 ,5 ,0.0733642578125 ,0.0662231445312 ,-0.194274902344 ,0.975952148438
25.8237 ,8360533 ,-89 ,5 ,0.0736694335938 ,0.0659790039062 ,-0.195678710938 ,0.975646972656
25.8344 ,8361142 ,-89 ,5 ,0.0737915039062 ,0.065673828125 ,-0.197082519531 ,0.975402832031
25.8451 ,8361685 ,-89 ,5 ,0.0740966796875 ,0.0643920898438 ,-0.200134277344 ,0.974853515625
25.8655 ,8361405 ,-89 ,4 ,0.0741577148438 ,0.0635986328125 ,-0.201416015625 ,0.974609375
25.8763 ,8361976 ,-89 ,4 ,0.074462890625 ,0.0602416992188 ,-0.2060546875 ,0.973815917969
25.9022 ,8362027 ,-89 ,4 ,0.0744018554688 ,0.05859375 ,-0.20751953125 ,0.9736328125
25.9162 ,8362744 ,-89 ,4 ,0.0743408203125 ,0.0569458007812 ,-0.209106445312 ,0.973388671875
25.9278 ,8362446 ,-89 ,4 ,0.0739135742188 ,0.05419921875 ,-0.210693359375 ,0.973266601562
25.9422 ,8361896 ,-89 ,3 ,0.0772094726562 ,0.0462036132812 ,-0.219482421875 ,0.971435546875
26.052 ,8362304 ,-89 ,3 ,0.0774536132812 ,0.0445556640625 ,-0.221008300781 ,0.97119140625
26.0765 ,8362827 ,-89 ,3 ,0.07763671875 ,0.0447387695312 ,-0.221313476562 ,0.971069335938
26.0875 ,8361938 ,-89 ,3 ,0.078125 ,0.0455932617188 ,-0.221984863281 ,0.970825195312
26.102 ,8362429 ,-89 ,3 ,0.0782470703125 ,0.045654296875 ,-0.222412109375 ,0.970703125
26.1157 ,8363207 ,-89 ,3 ,0.078125 ,0.0452880859375 ,-0.222839355469 ,0.970642089844
26.1271 ,8363699 ,-89 ,3 ,0.0776977539062 ,0.0440063476562 ,-0.223388671875 ,0.970642089844
26.1417 ,8362602 ,-89 ,3 ,0.0774536132812 ,0.0438842773438 ,-0.223571777344 ,0.970642089844
26.1525 ,8363190 ,-89 ,2 ,0.0773315429688 ,0.0444946289062 ,-0.223815917969 ,0.970520019531
26.1657 ,8363810 ,-89 ,2 ,0.0772094726562 ,0.045654296875 ,-0.22412109375 ,0.970397949219
26.1768 ,8363654 ,-89 ,2 ,0.0771484375 ,0.0470581054688 ,-0.224365234375 ,0.970275878906
26.1879 ,8364557 ,-89 ,2 ,0.076904296875 ,0.049560546875 ,-0.224609375 ,0.970153808594
26.2021 ,8364969 ,-89 ,2 ,0.0767211914062 ,0.050537109375 ,-0.224670410156 ,0.970092773438
26.2154 ,8364661 ,-89 ,2 ,0.0765380859375 ,0.051513671875 ,-0.224792480469 ,0.970031738281
26.2268 ,8365387 ,-89 ,2 ,0.0763549804688 ,0.0523681640625 ,-0.224914550781 ,0.969970703125
26.2376 ,8365595 ,-89 ,2 ,0.0758056640625 ,0.0538940429688 ,-0.225280761719 ,0.969848632812
26.2517 ,8365616 ,-89 ,2 ,0.0753784179688 ,0.0546875 ,-0.225524902344 ,0.969787597656
26.2655 ,8366512 ,-89 ,2 ,0.0747680664062 ,0.0555419921875 ,-0.225769042969 ,0.9697265625
26.277 ,8366796 ,-89 ,2 ,0.0736083984375 ,0.0582885742188 ,-0.226013183594 ,0.969604492188
26.2917 ,8367574 ,-89 ,2 ,0.0731811523438 ,0.0602416992188 ,-0.226013183594 ,0.969482421875
26.3022 ,8368138 ,-89 ,2 ,0.0728759765625 ,0.0623779296875 ,-0.225891113281 ,0.969421386719
26.3152 ,8368021 ,-89 ,2 ,0.0724487304688 ,0.0643310546875 ,-0.2255859375 ,0.969421386719
26.3265 ,8368048 ,-89 ,1 ,0.0720825195312 ,0.06591796875 ,-0.225158691406 ,0.969421386719
26.3373 ,8368038 ,-89 ,1 ,0.0712280273438 ,0.0679931640625 ,-0.22412109375 ,0.969604492188
26.3516 ,8368412 ,-89 ,1 ,0.0709228515625 ,0.0690307617188 ,-0.223693847656 ,0.969604492188
26.3654 ,8368093 ,-90 ,1 ,0.070556640625 ,0.0701293945312 ,-0.223327636719 ,0.969665527344
26.3764 ,8368730 ,-90 ,1 ,0.0703125 ,0.0713500976562 ,-0.223083496094 ,0.969665527344
26.3872 ,8368972 ,-90 ,1 ,0.06982421875 ,0.0738525390625 ,-0.222839355469 ,0.969543457031
26.4016 ,8369311 ,-90 ,1 ,0.069580078125 ,0.0751342773438 ,-0.222717285156 ,0.969482421875
26.4153 ,8369228 ,-90 ,1 ,0.0693359375 ,0.076416015625 ,-0.222595214844 ,0.969421386719
26.4257 ,8369228 ,-90 ,1 ,0.068603515625 ,0.0816650390625 ,-0.222045898438 ,0.969177246094
26.4651 ,8370554 ,-90 ,1 ,0.068359375 ,0.0824584960938 ,-0.221557617188 ,0.96923828125
26.4763 ,8369474 ,-90 ,1 ,0.068115234375 ,0.0830078125 ,-0.221374511719 ,0.96923828125
26.4872 ,8369675 ,-90 ,1 ,0.0677490234375 ,0.0844116210938 ,-0.221313476562 ,0.969177246094
26.5051 ,8369560 ,-90 ,1 ,0.0676879882812 ,0.0852661132812 ,-0.221313476562 ,0.969116210938
26.5163 ,8370398 ,-90 ,1 ,0.067626953125 ,0.0861206054688 ,-0.221374511719 ,0.968994140625
26.5279 ,8370235 ,-90 ,1 ,0.0674438476562 ,0.0877685546875 ,-0.221557617188 ,0.968872070312
26.5424 ,8370000 ,-90 ,0 ,0.0673217773438 ,0.0884399414062 ,-0.221557617188 ,0.968811035156
26.5532 ,8370114 ,-90 ,0 ,0.0671997070312 ,0.089111328125 ,-0.221618652344 ,0.96875
26.5662 ,8369938 ,-90 ,0 ,0.0670776367188 ,0.0897827148438 ,-0.2216796875 ,0.968627929688
26.5767 ,8369765 ,-90 ,0 ,0.06689453125 ,0.0911865234375 ,-0.221313476562 ,0.968627929688
26.5925 ,8370605 ,-90 ,0 ,0.0667724609375 ,0.0918579101562 ,-0.221069335938 ,0.968627929688
26.604 ,8370135 ,-90 ,0 ,0.0667114257812 ,0.0923461914062 ,-0.220764160156 ,0.968627929688
26.6156 ,8370048 ,-90 ,0 ,0.066650390625 ,0.0928955078125 ,-0.220520019531 ,0.968688964844
26.6262 ,8370256 ,-90 ,0 ,0.0665893554688 ,0.0934448242188 ,-0.220153808594 ,0.968688964844
26.6371 ,8370346 ,-90 ,0 ,0.0664672851562 ,0.0943603515625 ,-0.219543457031 ,0.96875
26.6526 ,8370322 ,-90 ,0 ,0.06640625 ,0.0946655273438 ,-0.21923828125 ,0.968811035156
26.6662 ,8370266 ,-90 ,0 ,0.0662841796875 ,0.0949096679688 ,-0.21875 ,0.968872070312
26.6778 ,8370363 ,-90 ,0 ,0.0661010742188 ,0.0953979492188 ,-0.218200683594 ,0.968994140625
26.6928 ,8369889 ,-90 ,0 ,0.0660400390625 ,0.0958862304688 ,-0.217895507812 ,0.968994140625
26.7036 ,8369910 ,-90 ,0 ,0.0661010742188 ,0.0964965820312 ,-0.217529296875 ,0.969055175781
26.7161 ,8370477 ,-90 ,0 ,0.066162109375 ,0.0969848632812 ,-0.217651367188 ,0.968933105469
26.727 ,8370246 ,-90 ,0 ,0.0660400390625 ,0.0975341796875 ,-0.217163085938 ,0.968994140625
26.7421 ,8370291 ,-90 ,0 ,0.0659790039062 ,0.0975952148438 ,-0.216796875 ,0.969055175781
26.753 ,8371214 ,-90 ,0 ,0.06591796875 ,0.0975952148438 ,-0.216491699219 ,0.969177246094
26.7659 ,8370318 ,-90 ,0 ,0.0658569335938 ,0.0975952148438 ,-0.216552734375 ,0.969177246094
26.7776 ,8371010 ,-90 ,0 ,0.0657958984375 ,0.0980224609375 ,-0.215698242188 ,0.969299316406
26.7924 ,8370239 ,-90 ,0 ,0.0657348632812 ,0.0980834960938 ,-0.215270996094 ,0.969360351562
26.803 ,8370879 ,-90 ,0 ,0.0657348632812 ,0.0980224609375 ,-0.214904785156 ,0.969482421875
26.8162 ,8370194 ,-90 ,0 ,0.0656127929688 ,0.0977783203125 ,-0.214660644531 ,0.969543457031
26.8272 ,8370111 ,-90 ,0 ,0.0654296875 ,0.0975341796875 ,-0.214172363281 ,0.9697265625
26.8428 ,8370100 ,-90 ,0 ,0.0653686523438 ,0.0974731445312 ,-0.213989257812 ,0.969787597656
26.8535 ,8370488 ,-90 ,0 ,0.0653076171875 ,0.09765625 ,-0.213806152344 ,0.969787597656
26.8655 ,8370304 ,-90 ,0 ,0.0653076171875 ,0.0980834960938 ,-0.213562011719 ,0.969787597656
26.8765 ,8369699 ,-90 ,0 ,0.0653076171875 ,0.0986938476562 ,-0.213317871094 ,0.969787597656
26.8872 ,8369958 ,-90 ,0 ,0.0653076171875 ,0.099609375 ,-0.213012695312 ,0.969787597656
26.9019 ,8369678 ,-90 ,0 ,0.0653076171875 ,0.0997314453125 ,-0.212890625 ,0.969787597656
26.914 ,8369069 ,-90 ,0 ,0.0653076171875 ,0.0996704101562 ,-0.212829589844 ,0.969787597656
26.9254 ,8369630 ,-90 ,0 ,0.0650634765625 ,0.0994262695312 ,-0.212829589844 ,0.969848632812
26.9365 ,8369720 ,-90 ,0 ,0.0648803710938 ,0.0990600585938 ,-0.212707519531 ,0.969909667969
26.9474 ,8369495 ,-90 ,0 ,0.0646362304688 ,0.0989379882812 ,-0.212585449219 ,0.969970703125
26.9655 ,8369038 ,-90 ,0 ,0.0646362304688 ,0.0993041992188 ,-0.212463378906 ,0.969970703125
26.9764 ,8369270 ,-90 ,0 ,0.0645751953125 ,0.099853515625 ,-0.21240234375 ,0.969909667969
26.9879 ,8369664 ,-90 ,0 ,0.0645751953125 ,0.100708007812 ,-0.212341308594 ,0.969848632812
27.0021 ,8370010 ,-90 ,0 ,0.0645141601562 ,0.100952148438 ,-0.21240234375 ,0.969787597656
27.0148 ,8369630 ,-90 ,0 ,0.064453125 ,0.100952148438 ,-0.212463378906 ,0.969787597656
27.0258 ,8370412 ,-90 ,0 ,0.0643920898438 ,0.100708007812 ,-0.212585449219 ,0.969787597656
27.0368 ,8369266 ,-90 ,0 ,0.0642700195312 ,0.100402832031 ,-0.212707519531 ,0.969787597656
27.0474 ,8369862 ,-90 ,0 ,0.0640258789062 ,0.100463867188 ,-0.212951660156 ,0.969787597656
27.0661 ,8369699 ,-90 ,0 ,0.06396484375 ,0.100769042969 ,-0.213012695312 ,0.9697265625
27.0776 ,8369938 ,-90 ,0 ,0.0638427734375 ,0.101501464844 ,-0.213073730469 ,0.969665527344
