time, Futek, ENCL, ENCR, X, Y, Z, W 
2.5777 ,8341494 ,-130 ,0 ,0.0 ,0.0 ,0.0 ,0.0
2.589 ,8341287 ,-130 ,0 ,0.0 ,0.0 ,0.0 ,0.0
2.6001 ,8341183 ,-130 ,0 ,0.0 ,0.0 ,0.0 ,0.0
2.6142 ,8341079 ,-130 ,0 ,0.0 ,0.0 ,0.0 ,0.0
2.6255 ,8341114 ,-130 ,0 ,-0.0342407226562 ,0.0912475585938 ,0.0773315429688 ,-0.992248535156
2.6359 ,8340833 ,-130 ,0 ,-0.0342407226562 ,0.0912475585938 ,0.0772094726562 ,-0.992248535156
2.6465 ,8340899 ,-130 ,0 ,-0.0341796875 ,0.091552734375 ,0.0770263671875 ,-0.992248535156
2.6569 ,8341114 ,-130 ,0 ,-0.0335693359375 ,0.0945434570312 ,0.07666015625 ,-0.992004394531
2.6691 ,8341114 ,-130 ,0 ,-0.0322265625 ,0.100830078125 ,0.0762939453125 ,-0.991455078125
2.6869 ,8340948 ,-130 ,0 ,-0.031494140625 ,0.103820800781 ,0.0762939453125 ,-0.991149902344
2.6973 ,8340861 ,-130 ,0 ,-0.030029296875 ,0.109436035156 ,0.0763549804688 ,-0.990600585938
2.7192 ,8341307 ,-130 ,0 ,-0.029296875 ,0.112121582031 ,0.0762329101562 ,-0.990356445312
2.73 ,8340733 ,-130 ,0 ,-0.0286254882812 ,0.114624023438 ,0.0760498046875 ,-0.990051269531
2.7416 ,8341131 ,-130 ,0 ,-0.0274047851562 ,0.119201660156 ,0.0755615234375 ,-0.989624023438
2.7573 ,8340754 ,-130 ,0 ,-0.02685546875 ,0.121215820312 ,0.075439453125 ,-0.989379882812
2.7693 ,8340093 ,-130 ,0 ,-0.0263671875 ,0.122924804688 ,0.0753173828125 ,-0.989196777344
2.7804 ,8341131 ,-130 ,0 ,-0.0259399414062 ,0.124450683594 ,0.0753173828125 ,-0.989013671875
2.792 ,8340647 ,-130 ,0 ,-0.0252075195312 ,0.127380371094 ,0.0753173828125 ,-0.988647460938
2.8068 ,8340141 ,-130 ,0 ,-0.02490234375 ,0.128540039062 ,0.0752563476562 ,-0.988525390625
2.819 ,8340674 ,-130 ,0 ,-0.0245971679688 ,0.129577636719 ,0.0750732421875 ,-0.988403320312
2.8304 ,8341508 ,-130 ,0 ,-0.0243530273438 ,0.130493164062 ,0.0748291015625 ,-0.988342285156
2.8415 ,8340965 ,-130 ,0 ,-0.02392578125 ,0.132263183594 ,0.0742797851562 ,-0.988159179688
2.8568 ,8341328 ,-130 ,0 ,-0.0237426757812 ,0.133239746094 ,0.0740356445312 ,-0.988037109375
2.8695 ,8341328 ,-130 ,0 ,-0.0234985351562 ,0.13427734375 ,0.07373046875 ,-0.987915039062
2.8807 ,8341435 ,-130 ,0 ,-0.0233154296875 ,0.135314941406 ,0.0734252929688 ,-0.98779296875
2.8916 ,8341141 ,-130 ,0 ,-0.0228881835938 ,0.137390136719 ,0.0725708007812 ,-0.987609863281
2.9087 ,8340259 ,-130 ,0 ,-0.0227661132812 ,0.138366699219 ,0.0721435546875 ,-0.987487792969
2.9199 ,8341321 ,-130 ,0 ,-0.0225830078125 ,0.139282226562 ,0.0717163085938 ,-0.987365722656
2.9314 ,8341204 ,-130 ,0 ,-0.0223388671875 ,0.141052246094 ,0.0711059570312 ,-0.987182617188
2.947 ,8340913 ,-130 ,0 ,-0.0221557617188 ,0.141906738281 ,0.0709228515625 ,-0.987121582031
2.9583 ,8341162 ,-130 ,0 ,-0.02197265625 ,0.142639160156 ,0.0707397460938 ,-0.986999511719
2.9694 ,8341301 ,-130 ,0 ,-0.021728515625 ,0.143371582031 ,0.0707397460938 ,-0.986877441406
2.9804 ,8340923 ,-130 ,0 ,-0.0214233398438 ,0.14404296875 ,0.0706787109375 ,-0.98681640625
2.9915 ,8341560 ,-130 ,0 ,-0.020751953125 ,0.145263671875 ,0.0707397460938 ,-0.986633300781
3.007 ,8341172 ,-130 ,-1 ,-0.0203247070312 ,0.145874023438 ,0.0708618164062 ,-0.986572265625
3.019 ,8340996 ,-130 ,-1 ,-0.0198974609375 ,0.146606445312 ,0.0709228515625 ,-0.986450195312
3.0302 ,8341370 ,-130 ,-1 ,-0.01953125 ,0.147399902344 ,0.071044921875 ,-0.986328125
3.0412 ,8340993 ,-130 ,-1 ,-0.0191650390625 ,0.148315429688 ,0.0712280273438 ,-0.986206054688
3.0517 ,8341622 ,-130 ,-1 ,-0.0186157226562 ,0.150085449219 ,0.0715942382812 ,-0.985900878906
3.0689 ,8341124 ,-130 ,-1 ,-0.0184936523438 ,0.15087890625 ,0.07177734375 ,-0.985778808594
3.0802 ,8341148 ,-130 ,-1 ,-0.0183715820312 ,0.151611328125 ,0.0718383789062 ,-0.985656738281
3.0914 ,8341993 ,-130 ,-1 ,-0.0184326171875 ,0.153625488281 ,0.07177734375 ,-0.9853515625
3.107 ,8341207 ,-130 ,-1 ,-0.0185546875 ,0.154602050781 ,0.07177734375 ,-0.985168457031
3.1193 ,8341024 ,-130 ,-1 ,-0.0186157226562 ,0.155517578125 ,0.0717163085938 ,-0.985046386719
3.1311 ,8341730 ,-130 ,-1 ,-0.0186767578125 ,0.156372070312 ,0.0717163085938 ,-0.984924316406
3.142 ,8340069 ,-130 ,0 ,-0.0189208984375 ,0.157775878906 ,0.0712890625 ,-0.984741210938
3.1567 ,8341519 ,-130 ,0 ,-0.01904296875 ,0.158264160156 ,0.0708618164062 ,-0.984680175781
3.1706 ,8340463 ,-130 ,0 ,-0.0188598632812 ,0.158630371094 ,0.072509765625 ,-0.984497070312
3.1817 ,8340768 ,-130 ,0 ,-0.0191040039062 ,0.159057617188 ,0.071533203125 ,-0.984497070312
3.1966 ,8340775 ,-130 ,1 ,-0.019287109375 ,0.159118652344 ,0.071044921875 ,-0.984497070312
3.2071 ,8341020 ,-130 ,1 ,-0.0194091796875 ,0.159240722656 ,0.0706176757812 ,-0.984497070312
3.2202 ,8340816 ,-130 ,1 ,-0.0191040039062 ,0.159240722656 ,0.0731811523438 ,-0.984313964844
3.2313 ,8340896 ,-130 ,1 ,-0.0194702148438 ,0.158935546875 ,0.0721435546875 ,-0.984436035156
3.2464 ,8341242 ,-130 ,0 ,-0.0195922851562 ,0.158935546875 ,0.0716552734375 ,-0.984497070312
3.2569 ,8341096 ,-130 ,1 ,-0.0197143554688 ,0.1591796875 ,0.0712280273438 ,-0.984497070312
3.2704 ,8341342 ,-130 ,1 ,-0.0193481445312 ,0.159484863281 ,0.0738525390625 ,-0.984252929688
3.2815 ,8341778 ,-130 ,1 ,-0.0195922851562 ,0.159851074219 ,0.0730590820312 ,-0.984252929688
3.2962 ,8341249 ,-130 ,1 ,-0.019775390625 ,0.16015625 ,0.07275390625 ,-0.984191894531
3.3068 ,8340581 ,-130 ,1 ,-0.0199584960938 ,0.160522460938 ,0.0724487304688 ,-0.984191894531
3.3202 ,8341688 ,-130 ,1 ,-0.019775390625 ,0.161010742188 ,0.07470703125 ,-0.983947753906
3.3309 ,8340602 ,-130 ,1 ,-0.0199584960938 ,0.161560058594 ,0.074462890625 ,-0.983825683594
3.3415 ,8340806 ,-130 ,1 ,-0.0203247070312 ,0.162719726562 ,0.0742797851562 ,-0.983642578125
3.3564 ,8340761 ,-130 ,1 ,-0.0204467773438 ,0.163208007812 ,0.07421875 ,-0.983581542969
3.3702 ,8341273 ,-130 ,1 ,-0.0202026367188 ,0.163696289062 ,0.076171875 ,-0.983337402344
3.3812 ,8341830 ,-130 ,1 ,-0.0204467773438 ,0.164733886719 ,0.0755615234375 ,-0.983215332031
3.3966 ,8340861 ,-130 ,1 ,-0.0205688476562 ,0.165161132812 ,0.0751953125 ,-0.983154296875
3.4071 ,8340557 ,-130 ,1 ,-0.0206909179688 ,0.165405273438 ,0.0747680664062 ,-0.983154296875
3.4201 ,8341764 ,-130 ,1 ,-0.0204467773438 ,0.165588378906 ,0.076416015625 ,-0.983032226562
3.4317 ,8340788 ,-130 ,1 ,-0.0205688476562 ,0.165466308594 ,0.0760498046875 ,-0.983093261719
3.4461 ,8340937 ,-130 ,1 ,-0.0205688476562 ,0.165222167969 ,0.0758666992188 ,-0.983093261719
3.4571 ,8340830 ,-130 ,1 ,-0.0205078125 ,0.164916992188 ,0.0758666992188 ,-0.983154296875
3.4705 ,8341148 ,-130 ,1 ,-0.02001953125 ,0.164733886719 ,0.078125 ,-0.983032226562
3.482 ,8341148 ,-130 ,0 ,-0.0197143554688 ,0.164611816406 ,0.0784912109375 ,-0.983032226562
3.4966 ,8341024 ,-130 ,0 ,-0.0194702148438 ,0.164733886719 ,0.078857421875 ,-0.982971191406
3.5071 ,8341480 ,-130 ,0 ,-0.0191650390625 ,0.164855957031 ,0.0792846679688 ,-0.98291015625
3.52 ,8341107 ,-130 ,0 ,-0.0186157226562 ,0.165161132812 ,0.0816650390625 ,-0.982727050781
3.5314 ,8341231 ,-130 ,0 ,-0.0181274414062 ,0.166198730469 ,0.0825805664062 ,-0.982482910156
3.5465 ,8340899 ,-130 ,0 ,-0.0180053710938 ,0.166931152344 ,0.0830078125 ,-0.982299804688
3.5571 ,8340650 ,-130 ,0 ,-0.0178833007812 ,0.167663574219 ,0.0834350585938 ,-0.982116699219
3.5701 ,8340498 ,-130 ,0 ,-0.0176391601562 ,0.16845703125 ,0.0851440429688 ,-0.981872558594
3.5814 ,8340757 ,-130 ,0 ,-0.0177001953125 ,0.169982910156 ,0.08544921875 ,-0.981567382812
3.5965 ,8342128 ,-130 ,0 ,-0.017822265625 ,0.170776367188 ,0.08544921875 ,-0.9814453125
3.6079 ,8340598 ,-130 ,0 ,-0.0180053710938 ,0.171569824219 ,0.0853271484375 ,-0.981323242188
3.6202 ,8340574 ,-130 ,0 ,-0.0178833007812 ,0.172485351562 ,0.0870971679688 ,-0.981018066406
3.631 ,8340629 ,-130 ,0 ,-0.0181884765625 ,0.173034667969 ,0.0867919921875 ,-0.980895996094
3.6414 ,8341411 ,-130 ,1 ,-0.0187377929688 ,0.173156738281 ,0.0863647460938 ,-0.980895996094
3.6567 ,8340923 ,-130 ,1 ,-0.0189819335938 ,0.172912597656 ,0.0860595703125 ,-0.981018066406
3.6702 ,8341138 ,-130 ,1 ,-0.0189819335938 ,0.172546386719 ,0.086669921875 ,-0.981018066406
3.6812 ,8341249 ,-130 ,1 ,-0.01953125 ,0.171508789062 ,0.0858154296875 ,-0.981262207031
3.6965 ,8341342 ,-130 ,1 ,-0.0198364257812 ,0.171203613281 ,0.0855102539062 ,-0.981323242188
3.7072 ,8341660 ,-130 ,1 ,-0.0202026367188 ,0.171020507812 ,0.0851440429688 ,-0.981384277344
3.7202 ,8340435 ,-130 ,1 ,-0.0202026367188 ,0.170715332031 ,0.087158203125 ,-0.981262207031
3.7307 ,8341363 ,-130 ,1 ,-0.0206298828125 ,0.170104980469 ,0.0870971679688 ,-0.981384277344
3.7417 ,8340806 ,-130 ,1 ,-0.021240234375 ,0.16845703125 ,0.0875854492188 ,-0.981567382812
3.7557 ,8340802 ,-130 ,1 ,-0.0213012695312 ,0.167724609375 ,0.0879516601562 ,-0.981689453125
3.7703 ,8341003 ,-130 ,1 ,-0.0211181640625 ,0.167358398438 ,0.0883178710938 ,-0.981689453125
3.7809 ,8341076 ,-130 ,1 ,-0.0206909179688 ,0.167175292969 ,0.0885009765625 ,-0.981750488281
3.7915 ,8341138 ,-130 ,1 ,-0.0196533203125 ,0.167114257812 ,0.0888061523438 ,-0.981750488281
3.8059 ,8340736 ,-130 ,1 ,-0.0191650390625 ,0.167358398438 ,0.0890502929688 ,-0.981689453125
3.8195 ,8341515 ,-130 ,1 ,-0.0185546875 ,0.167663574219 ,0.0892944335938 ,-0.981628417969
3.83 ,8341408 ,-130 ,1 ,-0.01806640625 ,0.168395996094 ,0.0894775390625 ,-0.981506347656
3.8409 ,8341653 ,-130 ,1 ,-0.016845703125 ,0.171813964844 ,0.09033203125 ,-0.980834960938
3.8556 ,8341463 ,-130 ,1 ,-0.0162353515625 ,0.173950195312 ,0.0905151367188 ,-0.98046875
3.8702 ,8341633 ,-130 ,1 ,-0.0154418945312 ,0.175842285156 ,0.0908203125 ,-0.980102539062
3.8815 ,8341266 ,-130 ,1 ,-0.013916015625 ,0.178588867188 ,0.0899658203125 ,-0.979675292969
3.8957 ,8341439 ,-130 ,1 ,-0.0130615234375 ,0.179748535156 ,0.0895385742188 ,-0.979553222656
3.9061 ,8341235 ,-130 ,2 ,-0.011962890625 ,0.180725097656 ,0.0892333984375 ,-0.979370117188
3.9192 ,8340781 ,-130 ,2 ,-0.0103759765625 ,0.181579589844 ,0.0910034179688 ,-0.979125976562
3.9299 ,8341301 ,-130 ,2 ,-0.0087890625 ,0.182189941406 ,0.0911865234375 ,-0.97900390625
3.9405 ,8340896 ,-130 ,2 ,-0.007080078125 ,0.182556152344 ,0.091552734375 ,-0.978881835938
3.9514 ,8341110 ,-130 ,2 ,-0.00335693359375 ,0.181701660156 ,0.0927734375 ,-0.978942871094
3.9694 ,8341131 ,-130 ,2 ,-0.00140380859375 ,0.180419921875 ,0.0945434570312 ,-0.979064941406
3.9803 ,8341404 ,-130 ,2 ,0.00018310546875 ,0.179321289062 ,0.094970703125 ,-0.979187011719
3.9912 ,8340958 ,-130 ,2 ,0.003173828125 ,0.178955078125 ,0.0961303710938 ,-0.979125976562
4.0059 ,8341806 ,-129 ,2 ,0.00469970703125 ,0.180236816406 ,0.0967407226562 ,-0.978820800781
4.0194 ,8340975 ,-129 ,2 ,0.00634765625 ,0.182373046875 ,0.0983276367188 ,-0.978271484375
4.0307 ,8341366 ,-129 ,2 ,0.00946044921875 ,0.187744140625 ,0.100158691406 ,-0.97705078125
4.0493 ,8341096 ,-129 ,2 ,0.0108642578125 ,0.190490722656 ,0.101623535156 ,-0.976379394531
4.0606 ,8341781 ,-129 ,3 ,0.011962890625 ,0.193054199219 ,0.103393554688 ,-0.975646972656
4.0724 ,8341903 ,-129 ,3 ,0.0143432617188 ,0.197631835938 ,0.107604980469 ,-0.974243164062
4.0876 ,8342058 ,-129 ,3 ,0.01513671875 ,0.199584960938 ,0.108459472656 ,-0.973754882812
4.0993 ,8340982 ,-129 ,3 ,0.0158081054688 ,0.201110839844 ,0.108520507812 ,-0.973388671875
4.1107 ,8341290 ,-128 ,3 ,0.0153198242188 ,0.203186035156 ,0.108093261719 ,-0.973022460938
4.1217 ,8341211 ,-128 ,4 ,0.0147705078125 ,0.207824707031 ,0.107971191406 ,-0.972045898438
4.1356 ,8341889 ,-128 ,4 ,0.0152587890625 ,0.21044921875 ,0.105407714844 ,-0.971801757812
4.1468 ,8342211 ,-128 ,5 ,0.0161743164062 ,0.213195800781 ,0.102233886719 ,-0.971496582031
4.158 ,8341401 ,-128 ,6 ,0.0170288085938 ,0.215942382812 ,0.0990600585938 ,-0.971252441406
4.1695 ,8341387 ,-128 ,8 ,0.0169067382812 ,0.219604492188 ,0.0974731445312 ,-0.970581054688
4.1801 ,8341757 ,-128 ,9 ,0.0150146484375 ,0.224182128906 ,0.0963134765625 ,-0.969665527344
4.1912 ,8341093 ,-128 ,11 ,0.0096435546875 ,0.235107421875 ,0.0983276367188 ,-0.966918945312
4.2058 ,8341878 ,-128 ,14 ,0.00628662109375 ,0.239929199219 ,0.101867675781 ,-0.965393066406
4.2199 ,8342349 ,-128 ,16 ,0.003173828125 ,0.243469238281 ,0.109130859375 ,-0.963745117188
4.2314 ,8341602 ,-128 ,17 ,-0.00738525390625 ,0.2431640625 ,0.112976074219 ,-0.96337890625
4.2454 ,8342273 ,-128 ,18 ,-0.0133666992188 ,0.239929199219 ,0.113830566406 ,-0.963989257812
4.2561 ,8341961 ,-128 ,18 ,-0.019775390625 ,0.234252929688 ,0.115173339844 ,-0.965148925781
4.2696 ,8341723 ,-128 ,18 ,-0.0252685546875 ,0.226623535156 ,0.12060546875 ,-0.966186523438
4.2806 ,8341972 ,-128 ,18 ,-0.0322265625 ,0.217834472656 ,0.123474121094 ,-0.967590332031
4.2916 ,8342508 ,-129 ,18 ,-0.0487060546875 ,0.197998046875 ,0.117736816406 ,-0.971862792969
4.3056 ,8342667 ,-129 ,17 ,-0.053955078125 ,0.189453125 ,0.110168457031 ,-0.974182128906
4.319 ,8342719 ,-129 ,16 ,-0.0562744140625 ,0.182250976562 ,0.102966308594 ,-0.976257324219
4.3297 ,8342477 ,-129 ,15 ,-0.0563354492188 ,0.177368164062 ,0.0926513671875 ,-0.978149414062
4.3403 ,8342435 ,-129 ,14 ,-0.0587768554688 ,0.170776367188 ,0.0643310546875 ,-0.9814453125
4.3556 ,8342477 ,-129 ,13 ,-0.0623779296875 ,0.166076660156 ,0.048583984375 ,-0.98291015625
4.3691 ,8342986 ,-129 ,13 ,-0.065185546875 ,0.159729003906 ,0.0333862304688 ,-0.984436035156
4.3806 ,8343799 ,-129 ,12 ,-0.0675659179688 ,0.151916503906 ,0.0166625976562 ,-0.985961914062
4.3912 ,8343449 ,-129 ,11 ,-0.0771484375 ,0.134216308594 ,-0.0241088867188 ,-0.987670898438
4.4056 ,8343370 ,-129 ,10 ,-0.0849609375 ,0.126525878906 ,-0.0450439453125 ,-0.9873046875
4.4182 ,8344633 ,-129 ,10 ,-0.0924072265625 ,0.119384765625 ,-0.0634155273438 ,-0.986511230469
4.4294 ,8345785 ,-129 ,10 ,-0.0982055664062 ,0.110961914062 ,-0.0792846679688 ,-0.985778808594
4.4399 ,8345785 ,-129 ,9 ,-0.101989746094 ,0.0897216796875 ,-0.108642578125 ,-0.984741210938
4.4558 ,8347422 ,-129 ,9 ,-0.10107421875 ,0.0787963867188 ,-0.119812011719 ,-0.984497070312
4.4681 ,8350349 ,-129 ,9 ,-0.0989990234375 ,0.0675659179688 ,-0.128601074219 ,-0.984436035156
4.4789 ,8350861 ,-129 ,9 ,-0.0957641601562 ,0.0567626953125 ,-0.138671875 ,-0.984069824219
4.4894 ,8350135 ,-129 ,9 ,-0.0924072265625 ,0.0458374023438 ,-0.148254394531 ,-0.983581542969
4.4999 ,8351605 ,-129 ,9 ,-0.09130859375 ,0.0353393554688 ,-0.1552734375 ,-0.983032226562
4.5108 ,8352110 ,-129 ,9 ,-0.0906982421875 ,0.0219116210938 ,-0.169738769531 ,-0.981079101562
4.5253 ,8353280 ,-130 ,9 ,-0.09228515625 ,0.0177001953125 ,-0.175476074219 ,-0.97998046875
4.5361 ,8354315 ,-130 ,8 ,-0.0935668945312 ,0.0133056640625 ,-0.179077148438 ,-0.979309082031
4.5466 ,8353477 ,-130 ,8 ,-0.0927734375 ,0.006591796875 ,-0.18212890625 ,-0.978881835938
4.5574 ,8354474 ,-130 ,8 ,-0.0901489257812 ,-0.00457763671875 ,-0.183898925781 ,-0.978759765625
4.5679 ,8353771 ,-130 ,8 ,-0.0869750976562 ,-0.0187377929688 ,-0.184204101562 ,-0.978881835938
4.5791 ,8352103 ,-130 ,7 ,-0.0830688476562 ,-0.0317993164062 ,-0.18408203125 ,-0.978881835938
4.5896 ,8351823 ,-130 ,7 ,-0.0799560546875 ,-0.0411987304688 ,-0.182495117188 ,-0.979064941406
4.6001 ,8351851 ,-130 ,7 ,-0.0786743164062 ,-0.0450439453125 ,-0.180419921875 ,-0.979431152344
4.6112 ,8351013 ,-130 ,7 ,-0.0786743164062 ,-0.0376586914062 ,-0.174743652344 ,-0.980712890625
4.6253 ,8349276 ,-130 ,6 ,-0.0790405273438 ,-0.0319213867188 ,-0.170715332031 ,-0.981628417969
4.6359 ,8349000 ,-130 ,6 ,-0.0786743164062 ,-0.0286865234375 ,-0.166442871094 ,-0.982482910156
4.6468 ,8347557 ,-130 ,6 ,-0.0773315429688 ,-0.0288696289062 ,-0.161682128906 ,-0.9833984375
4.6593 ,8346266 ,-130 ,6 ,-0.0755615234375 ,-0.0315551757812 ,-0.15673828125 ,-0.984252929688
4.6703 ,8346958 ,-130 ,6 ,-0.0736694335938 ,-0.0344848632812 ,-0.151184082031 ,-0.985168457031
4.6812 ,8345121 ,-130 ,6 ,-0.0696411132812 ,-0.0328979492188 ,-0.138488769531 ,-0.987365722656
4.6955 ,8345121 ,-130 ,6 ,-0.0674438476562 ,-0.02685546875 ,-0.132263183594 ,-0.988525390625
4.707 ,8345183 ,-130 ,6 ,-0.0652465820312 ,-0.0181884765625 ,-0.1259765625 ,-0.98974609375
4.7178 ,8344847 ,-130 ,6 ,-0.0626220703125 ,-0.0076904296875 ,-0.120300292969 ,-0.99072265625
4.7288 ,8344681 ,-130 ,6 ,-0.0599365234375 ,0.00238037109375 ,-0.115844726562 ,-0.991455078125
4.7393 ,8345654 ,-130 ,6 ,-0.057373046875 ,0.0104370117188 ,-0.112243652344 ,-0.991943359375
4.7497 ,8344401 ,-130 ,6 ,-0.0535278320312 ,0.0221557617188 ,-0.106384277344 ,-0.992614746094
4.7678 ,8343885 ,-131 ,5 ,-0.05419921875 ,0.02880859375 ,-0.10302734375 ,-0.992797851562
4.7783 ,8343581 ,-131 ,5 ,-0.0562744140625 ,0.0408935546875 ,-0.1044921875 ,-0.992065429688
4.7892 ,8342871 ,-131 ,5 ,-0.0599975585938 ,0.0587768554688 ,-0.111145019531 ,-0.990234375
4.8002 ,8342463 ,-131 ,5 ,-0.0645751953125 ,0.0789794921875 ,-0.118469238281 ,-0.987731933594
4.8112 ,8342245 ,-130 ,5 ,-0.0681762695312 ,0.113830566406 ,-0.118225097656 ,-0.984069824219
4.8256 ,8342467 ,-130 ,5 ,-0.0681762695312 ,0.124633789062 ,-0.118530273438 ,-0.982727050781
4.8364 ,8342553 ,-130 ,5 ,-0.0651245117188 ,0.131225585938 ,-0.119506835938 ,-0.981994628906
4.8471 ,8342588 ,-130 ,6 ,-0.060302734375 ,0.132995605469 ,-0.118896484375 ,-0.982116699219
4.8576 ,8343463 ,-130 ,6 ,-0.053955078125 ,0.12841796875 ,-0.117248535156 ,-0.983276367188
4.869 ,8343439 ,-130 ,6 ,-0.0460815429688 ,0.11669921875 ,-0.113708496094 ,-0.985534667969
4.8795 ,8342923 ,-130 ,6 ,-0.0437622070312 ,0.100341796875 ,-0.118896484375 ,-0.986877441406
4.89 ,8342705 ,-130 ,6 ,-0.0464477539062 ,0.0847778320312 ,-0.121337890625 ,-0.987915039062
4.9008 ,8340913 ,-130 ,6 ,-0.05517578125 ,0.0813598632812 ,-0.120788574219 ,-0.98779296875
4.919 ,8341889 ,-130 ,7 ,-0.0593872070312 ,0.095458984375 ,-0.117736816406 ,-0.986633300781
4.9299 ,8341647 ,-130 ,7 ,-0.0623779296875 ,0.113647460938 ,-0.116882324219 ,-0.984680175781
4.9407 ,8341588 ,-130 ,7 ,-0.0629272460938 ,0.144775390625 ,-0.124450683594 ,-0.979553222656
4.9553 ,8341965 ,-130 ,7 ,-0.0603637695312 ,0.150207519531 ,-0.131469726562 ,-0.97802734375
4.9679 ,8342245 ,-130 ,7 ,-0.0591430664062 ,0.148193359375 ,-0.137512207031 ,-0.9775390625
4.9782 ,8342145 ,-130 ,7 ,-0.0603637695312 ,0.143737792969 ,-0.141174316406 ,-0.977600097656
4.989 ,8340927 ,-130 ,7 ,-0.0634155273438 ,0.142395019531 ,-0.141418457031 ,-0.977600097656
4.9995 ,8341363 ,-130 ,7 ,-0.0664672851562 ,0.148132324219 ,-0.13671875 ,-0.977233886719
5.01 ,8341778 ,-130 ,7 ,-0.0681762695312 ,0.158996582031 ,-0.131469726562 ,-0.97607421875
5.0212 ,8341373 ,-131 ,7 ,-0.068603515625 ,0.179931640625 ,-0.127136230469 ,-0.973022460938
5.0353 ,8341377 ,-131 ,6 ,-0.0671997070312 ,0.185363769531 ,-0.128295898438 ,-0.971923828125
5.0461 ,8341716 ,-131 ,6 ,-0.06591796875 ,0.185974121094 ,-0.128479003906 ,-0.971862792969
5.0566 ,8341598 ,-131 ,6 ,-0.0655517578125 ,0.183776855469 ,-0.126525878906 ,-0.972595214844
5.0695 ,8340712 ,-131 ,6 ,-0.0658569335938 ,0.181579589844 ,-0.123657226562 ,-0.973327636719
5.081 ,8342148 ,-131 ,5 ,-0.0670166015625 ,0.182800292969 ,-0.118896484375 ,-0.9736328125
5.0955 ,8341051 ,-131 ,-1 ,-0.0674438476562 ,0.185180664062 ,-0.116760253906 ,-0.973388671875
5.1065 ,8341273 ,-131 ,-1 ,-0.0675048828125 ,0.1875 ,-0.114501953125 ,-0.973266601562
5.1193 ,8341923 ,-131 ,-1 ,-0.0665283203125 ,0.189270019531 ,-0.107849121094 ,-0.973693847656
5.1305 ,8341923 ,-131 ,-1 ,-0.0662231445312 ,0.189758300781 ,-0.105285644531 ,-0.973937988281
5.1416 ,8341702 ,-131 ,5 ,-0.0657348632812 ,0.189270019531 ,-0.100830078125 ,-0.974487304688
5.1553 ,8341865 ,-131 ,4 ,-0.0658569335938 ,0.189758300781 ,-0.09912109375 ,-0.974609375
5.1689 ,8341657 ,-131 ,4 ,-0.0654907226562 ,0.191345214844 ,-0.0936889648438 ,-0.974853515625
5.1803 ,8341228 ,-132 ,4 ,-0.0660400390625 ,0.193664550781 ,-0.092041015625 ,-0.974487304688
5.191 ,8341871 ,-132 ,3 ,-0.0668334960938 ,0.200134277344 ,-0.0878295898438 ,-0.973510742188
5.2054 ,8341681 ,-132 ,3 ,-0.066650390625 ,0.204406738281 ,-0.0848388671875 ,-0.972961425781
5.2189 ,8341737 ,-132 ,2 ,-0.0645751953125 ,0.210388183594 ,-0.0755004882812 ,-0.972534179688
5.2296 ,8342339 ,-132 ,2 ,-0.0637817382812 ,0.217346191406 ,-0.0718994140625 ,-0.971374511719
5.2403 ,8342141 ,-132 ,2 ,-0.0631103515625 ,0.225402832031 ,-0.0678100585938 ,-0.969848632812
5.251 ,8342027 ,-132 ,2 ,-0.0628051757812 ,0.242797851562 ,-0.0591430664062 ,-0.966247558594
5.269 ,8342256 ,-132 ,1 ,-0.0613403320312 ,0.250732421875 ,-0.0499267578125 ,-0.964782714844
5.2797 ,8343134 ,-132 ,1 ,-0.0604248046875 ,0.257751464844 ,-0.04638671875 ,-0.963195800781
5.2906 ,8342304 ,-132 ,1 ,-0.0573120117188 ,0.267944335938 ,-0.0427856445312 ,-0.960815429688
5.3051 ,8343280 ,-131 ,1 ,-0.055908203125 ,0.269653320312 ,-0.04248046875 ,-0.960388183594
5.3189 ,8344204 ,-131 ,2 ,-0.0541381835938 ,0.269653320312 ,-0.03662109375 ,-0.960754394531
5.33 ,8344159 ,-131 ,2 ,-0.0526733398438 ,0.268493652344 ,-0.0348510742188 ,-0.961181640625
5.3411 ,8346069 ,-131 ,2 ,-0.03857421875 ,0.266174316406 ,-0.03125 ,-0.962646484375
5.3552 ,8346775 ,-131 ,2 ,-0.0284423828125 ,0.265747070312 ,-0.0278930664062 ,-0.963195800781
5.3689 ,8347041 ,-131 ,3 ,-0.0176391601562 ,0.265686035156 ,-0.0192260742188 ,-0.963684082031
5.3802 ,8349086 ,-131 ,4 ,-0.00994873046875 ,0.264770507812 ,-0.0153198242188 ,-0.964111328125
5.3908 ,8349131 ,-131 ,5 ,0.00616455078125 ,0.260314941406 ,-0.00775146484375 ,-0.965454101562
5.4051 ,8350723 ,-131 ,7 ,0.0113525390625 ,0.256591796875 ,-0.0032958984375 ,-0.966430664062
5.4189 ,8352716 ,-131 ,9 ,0.01708984375 ,0.253356933594 ,0.00726318359375 ,-0.967163085938
5.4295 ,8357235 ,-132 ,17 ,0.0176391601562 ,0.227111816406 ,0.0366821289062 ,-0.973022460938
5.4611 ,8359484 ,-132 ,18 ,0.0125732421875 ,0.182556152344 ,0.0686645507812 ,-0.980712890625
5.4755 ,8358782 ,-132 ,20 ,0.00714111328125 ,0.15869140625 ,0.0850219726562 ,-0.983642578125
5.4863 ,8357418 ,-132 ,21 ,0.00274658203125 ,0.140014648438 ,0.0982055664062 ,-0.985290527344
5.4968 ,8355937 ,-132 ,22 ,-0.0020751953125 ,0.12939453125 ,0.10888671875 ,-0.985595703125
5.5077 ,8355539 ,-132 ,22 ,-0.0072021484375 ,0.126403808594 ,0.118347167969 ,-0.98486328125
5.5189 ,8353564 ,-133 ,23 ,-0.0114135742188 ,0.128479003906 ,0.1279296875 ,-0.983337402344
5.5294 ,8351394 ,-133 ,23 ,-0.0160522460938 ,0.133117675781 ,0.13427734375 ,-0.981811523438
5.54 ,8348100 ,-133 ,23 ,-0.0225830078125 ,0.141235351562 ,0.14306640625 ,-0.979309082031
5.5553 ,8343069 ,-133 ,22 ,-0.0262451171875 ,0.144897460938 ,0.143798828125 ,-0.978576660156
5.5688 ,8342692 ,-133 ,21 ,-0.0294189453125 ,0.150817871094 ,0.149963378906 ,-0.976684570312
5.58 ,8340871 ,-133 ,20 ,-0.0328369140625 ,0.163391113281 ,0.152404785156 ,-0.974182128906
5.5908 ,8342224 ,-133 ,19 ,-0.030029296875 ,0.209777832031 ,0.165954589844 ,-0.963073730469
5.6055 ,8340536 ,-133 ,18 ,-0.02197265625 ,0.232238769531 ,0.167297363281 ,-0.957885742188
5.6176 ,8341055 ,-133 ,18 ,-0.0160522460938 ,0.245544433594 ,0.152526855469 ,-0.957153320312
5.6285 ,8341183 ,-133 ,17 ,-0.0224609375 ,0.227233886719 ,0.0907592773438 ,-0.969360351562
5.6449 ,8340809 ,-133 ,-1 ,-0.0340576171875 ,0.199157714844 ,0.07177734375 ,-0.976745605469
5.6553 ,8341439 ,-133 ,-1 ,-0.0464477539062 ,0.169677734375 ,0.0643310546875 ,-0.982299804688
5.6677 ,8340159 ,-133 ,-1 ,-0.0533447265625 ,0.14697265625 ,0.0609130859375 ,-0.98583984375
5.6783 ,8341176 ,-133 ,-1 ,-0.0586547851562 ,0.131591796875 ,0.0540161132812 ,-0.988098144531
5.6889 ,8340951 ,-133 ,-1 ,-0.0634155273438 ,0.119079589844 ,0.0449829101562 ,-0.989807128906
5.6995 ,8341404 ,-133 ,-1 ,-0.0628051757812 ,0.108581542969 ,0.0307006835938 ,-0.991638183594
5.7106 ,8341294 ,-133 ,15 ,-0.0648193359375 ,0.0769653320312 ,0.00347900390625 ,-0.994934082031
5.7253 ,8341318 ,-133 ,15 ,-0.06689453125 ,0.0552368164062 ,-0.00347900390625 ,-0.996215820312
5.7364 ,8342937 ,-133 ,14 ,-0.068359375 ,0.0382080078125 ,-0.007568359375 ,-0.996887207031
5.7476 ,8342543 ,-133 ,13 ,-0.0711059570312 ,0.0225830078125 ,-0.0116577148438 ,-0.997131347656
5.7593 ,8343743 ,-133 ,13 ,-0.0787963867188 ,0.01025390625 ,-0.0165405273438 ,-0.996704101562
5.7715 ,8343487 ,-133 ,12 ,-0.0963134765625 ,-0.0068359375 ,-0.0231323242188 ,-0.995056152344
5.7882 ,8343346 ,-133 ,12 ,-0.0963134765625 ,-0.0120849609375 ,-0.0200805664062 ,-0.995056152344
5.8002 ,8343391 ,-133 ,11 ,-0.0912475585938 ,-0.0140380859375 ,-0.01708984375 ,-0.99560546875
5.8121 ,8344010 ,-133 ,11 ,-0.0836181640625 ,-0.00665283203125 ,-0.0204467773438 ,-0.996276855469
5.8258 ,8344837 ,-133 ,11 ,-0.0800170898438 ,0.00115966796875 ,-0.02294921875 ,-0.996520996094
5.8373 ,8343515 ,-133 ,11 ,-0.073486328125 ,0.0108642578125 ,-0.0228271484375 ,-0.996948242188
5.8487 ,8344384 ,-133 ,11 ,-0.0675659179688 ,0.0199584960938 ,-0.0205078125 ,-0.997314453125
5.8596 ,8345276 ,-133 ,11 ,-0.0634155273438 ,0.0289306640625 ,-0.0191650390625 ,-0.997375488281
5.8712 ,8346401 ,-133 ,11 ,-0.0560913085938 ,0.0375366210938 ,-0.0160522460938 ,-0.997619628906
5.8855 ,8346699 ,-133 ,12 ,-0.0521850585938 ,0.0328979492188 ,-0.0079345703125 ,-0.998046875
5.8967 ,8347830 ,-133 ,12 ,-0.0476684570312 ,0.0220336914062 ,0.0001220703125 ,-0.998596191406
5.9073 ,8347654 ,-133 ,12 ,-0.0404663085938 ,0.00634765625 ,0.0074462890625 ,-0.999145507812
5.9184 ,8347093 ,-133 ,12 ,-0.032470703125 ,-0.0116577148438 ,0.0198364257812 ,-0.999206542969
5.9296 ,8346622 ,-132 ,13 ,-0.0272216796875 ,-0.028076171875 ,0.0352172851562 ,-0.998596191406
5.9403 ,8346657 ,-132 ,13 ,-0.0143432617188 ,-0.0355834960938 ,0.0509033203125 ,-0.997985839844
5.9552 ,8345089 ,-132 ,13 ,-0.010498046875 ,-0.0223388671875 ,0.0531005859375 ,-0.998291015625
5.9678 ,8344480 ,-132 ,13 ,-0.0110473632812 ,-0.00128173828125 ,0.0528564453125 ,-0.99853515625
5.9798 ,8345190 ,-132 ,14 ,-0.0147705078125 ,0.0231323242188 ,0.0504150390625 ,-0.998352050781
5.9905 ,8344827 ,-132 ,-1 ,-0.0279541015625 ,0.0614013671875 ,0.0426025390625 ,-0.996826171875
6.005 ,8344671 ,-133 ,14 ,-0.03369140625 ,0.0694580078125 ,0.0413208007812 ,-0.996154785156
6.0174 ,8344252 ,-133 ,14 ,-0.038818359375 ,0.0731201171875 ,0.0416870117188 ,-0.995666503906
6.0282 ,8343965 ,-132 ,14 ,-0.045166015625 ,0.0755615234375 ,0.0424194335938 ,-0.995239257812
6.0388 ,8343775 ,-132 ,14 ,-0.0518188476562 ,0.080810546875 ,0.038330078125 ,-0.99462890625
6.0494 ,8343131 ,-132 ,14 ,-0.0564575195312 ,0.0878295898438 ,0.032470703125 ,-0.994018554688
6.0603 ,8343041 ,-132 ,14 ,-0.0608520507812 ,0.110961914062 ,0.03857421875 ,-0.9912109375
6.0746 ,8342757 ,-132 ,14 ,-0.0619506835938 ,0.127319335938 ,0.0487670898438 ,-0.988708496094
6.0851 ,8343505 ,-132 ,-1 ,-0.0609741210938 ,0.141296386719 ,0.0590209960938 ,-0.986328125
6.0958 ,8344474 ,-133 ,14 ,-0.05712890625 ,0.148315429688 ,0.0665283203125 ,-0.985046386719
6.1064 ,8343733 ,-133 ,13 ,-0.0520629882812 ,0.145629882812 ,0.0695190429688 ,-0.985534667969
6.1175 ,8343484 ,-133 ,13 ,-0.050048828125 ,0.136657714844 ,0.0700073242188 ,-0.986877441406
6.1286 ,8342733 ,-133 ,12 ,-0.05126953125 ,0.126647949219 ,0.0733642578125 ,-0.987915039062
6.1391 ,8342352 ,-133 ,12 ,-0.053955078125 ,0.121459960938 ,0.0775756835938 ,-0.988098144531
6.1497 ,8341612 ,-133 ,12 ,-0.0557250976562 ,0.126220703125 ,0.0779418945312 ,-0.987365722656
6.1605 ,8342072 ,-133 ,11 ,-0.0521240234375 ,0.158874511719 ,0.0723876953125 ,-0.983276367188
6.1747 ,8342512 ,-133 ,11 ,-0.05078125 ,0.1767578125 ,0.0691528320312 ,-0.980529785156
6.1854 ,8342598 ,-133 ,11 ,-0.0508422851562 ,0.189392089844 ,0.0639038085938 ,-0.978515625
6.1972 ,8343079 ,-133 ,10 ,-0.0527954101562 ,0.194274902344 ,0.0567626953125 ,-0.977905273438
6.2081 ,8342775 ,-133 ,10 ,-0.0562133789062 ,0.193603515625 ,0.0515747070312 ,-0.978088378906
6.219 ,8343560 ,-133 ,10 ,-0.0584716796875 ,0.191162109375 ,0.0515747070312 ,-0.978454589844
6.2297 ,8342297 ,-133 ,10 ,-0.0581665039062 ,0.190612792969 ,0.0549926757812 ,-0.978393554688
6.2404 ,8342207 ,-134 ,10 ,-0.0560913085938 ,0.199096679688 ,0.0603637695312 ,-0.976501464844
6.255 ,8343148 ,-134 ,9 ,-0.0576171875 ,0.204284667969 ,0.0623168945312 ,-0.975219726562
6.2684 ,8344169 ,-134 ,9 ,-0.0587158203125 ,0.207153320312 ,0.070556640625 ,-0.973999023438
6.2789 ,8342692 ,-134 ,9 ,-0.0596923828125 ,0.204833984375 ,0.073486328125 ,-0.974182128906
6.2895 ,8343408 ,-134 ,9 ,-0.059326171875 ,0.1982421875 ,0.0758666992188 ,-0.975402832031
6.3002 ,8343197 ,-134 ,8 ,-0.0589599609375 ,0.190490722656 ,0.0768432617188 ,-0.976928710938
6.3111 ,8343678 ,-134 ,8 ,-0.0604858398438 ,0.183837890625 ,0.0780639648438 ,-0.977966308594
6.3251 ,8343038 ,-134 ,8 ,-0.0610961914062 ,0.187561035156 ,0.076904296875 ,-0.977294921875
6.3356 ,8342653 ,-134 ,7 ,-0.0607299804688 ,0.195251464844 ,0.0765991210938 ,-0.975891113281
6.3461 ,8343422 ,-134 ,7 ,-0.0594482421875 ,0.204040527344 ,0.0770874023438 ,-0.97412109375
6.3565 ,8343467 ,-135 ,7 ,-0.05810546875 ,0.212341308594 ,0.077880859375 ,-0.972351074219
6.3684 ,8342975 ,-135 ,6 ,-0.0560302734375 ,0.220520019531 ,0.0833129882812 ,-0.97021484375
6.379 ,8342889 ,-135 ,6 ,-0.0547485351562 ,0.228271484375 ,0.0848999023438 ,-0.968322753906
6.3896 ,8342889 ,-135 ,6 ,-0.05322265625 ,0.242126464844 ,0.0869140625 ,-0.964904785156
6.4053 ,8344314 ,-135 ,5 ,-0.0526123046875 ,0.247375488281 ,0.088623046875 ,-0.963439941406
6.419 ,8344913 ,-135 ,5 ,-0.0504760742188 ,0.25146484375 ,0.0970458984375 ,-0.961669921875
6.4303 ,8344647 ,-135 ,5 ,-0.0498657226562 ,0.253784179688 ,0.104064941406 ,-0.960327148438
6.4451 ,8344570 ,-135 ,5 ,-0.0488891601562 ,0.252380371094 ,0.107421875 ,-0.960388183594
6.4562 ,8345328 ,-135 ,5 ,-0.046875 ,0.250305175781 ,0.109741210938 ,-0.960815429688
6.4694 ,8345432 ,-135 ,5 ,-0.0425415039062 ,0.248840332031 ,0.116088867188 ,-0.960632324219
6.4807 ,8346103 ,-135 ,5 ,-0.0347900390625 ,0.248229980469 ,0.117126464844 ,-0.9609375
6.4949 ,8346761 ,-135 ,6 ,-0.0303344726562 ,0.2509765625 ,0.115905761719 ,-0.960571289062
6.5061 ,8345747 ,-134 ,-1 ,-0.024658203125 ,0.257202148438 ,0.114135742188 ,-0.959289550781
6.5186 ,8345982 ,-134 ,8 ,-0.0162963867188 ,0.266174316406 ,0.116088867188 ,-0.956787109375
6.5291 ,8346584 ,-134 ,9 ,-0.008544921875 ,0.276306152344 ,0.113586425781 ,-0.954284667969
6.5401 ,8346975 ,-134 ,11 ,0.0059814453125 ,0.296508789062 ,0.1064453125 ,-0.949096679688
6.5548 ,8346858 ,-133 ,15 ,0.0127563476562 ,0.304077148438 ,0.106689453125 ,-0.946594238281
6.5687 ,8348166 ,-133 ,18 ,0.0193481445312 ,0.309020996094 ,0.112365722656 ,-0.944213867188
6.5795 ,8348543 ,-132 ,21 ,0.0230102539062 ,0.311157226562 ,0.114624023438 ,-0.943176269531
6.5904 ,8350072 ,-132 ,24 ,0.0241088867188 ,0.308532714844 ,0.117309570312 ,-0.943664550781
6.6049 ,8349484 ,-132 ,27 ,0.0198974609375 ,0.305541992188 ,0.12109375 ,-0.944274902344
6.6184 ,8349508 ,-132 ,28 ,0.0189819335938 ,0.304809570312 ,0.129638671875 ,-0.943359375
6.6288 ,8349989 ,-132 ,29 ,0.0172119140625 ,0.307250976562 ,0.132385253906 ,-0.942199707031
6.6394 ,8349716 ,-132 ,29 ,0.01220703125 ,0.311218261719 ,0.135620117188 ,-0.940551757812
6.6501 ,8350155 ,-132 ,29 ,0.00701904296875 ,0.313781738281 ,0.139953613281 ,-0.939086914062
6.6609 ,8348238 ,-132 ,29 ,0.00177001953125 ,0.307861328125 ,0.153137207031 ,-0.939025878906
6.6748 ,8346709 ,-132 ,29 ,-0.00286865234375 ,0.297119140625 ,0.157653808594 ,-0.941711425781
6.6866 ,8345356 ,-132 ,28 ,-0.005126953125 ,0.284057617188 ,0.161437988281 ,-0.945129394531
6.6971 ,8344038 ,-132 ,28 ,-0.004638671875 ,0.271179199219 ,0.165710449219 ,-0.948120117188
6.7106 ,8340961 ,-132 ,28 ,-0.0009765625 ,0.263061523438 ,0.177673339844 ,-0.948303222656
6.725 ,8341024 ,-132 ,27 ,0.0008544921875 ,0.274536132812 ,0.186157226562 ,-0.943359375
6.7362 ,8341529 ,-132 ,27 ,0.00592041015625 ,0.292175292969 ,0.196166992188 ,-0.93603515625
6.7473 ,8341491 ,-132 ,26 ,0.0179443359375 ,0.309814453125 ,0.200378417969 ,-0.929260253906
6.7586 ,8340712 ,-132 ,25 ,0.0343627929688 ,0.321899414062 ,0.18603515625 ,-0.927673339844
6.7696 ,8341242 ,-132 ,24 ,0.0488891601562 ,0.322692871094 ,0.155090332031 ,-0.932434082031
6.7803 ,8340394 ,-132 ,24 ,0.0516967773438 ,0.289611816406 ,0.101440429688 ,-0.950317382812
6.7948 ,8340477 ,-132 ,24 ,0.0392456054688 ,0.261474609375 ,0.0964965820312 ,-0.959594726562
6.8057 ,8340394 ,-132 ,24 ,0.0277709960938 ,0.234130859375 ,0.100402832031 ,-0.966613769531
6.8175 ,8340885 ,-132 ,24 ,0.0151977539062 ,0.208862304688 ,0.1025390625 ,-0.972412109375
6.828 ,8340781 ,-132 ,24 ,0.00653076171875 ,0.182373046875 ,0.0986938476562 ,-0.978271484375
6.8389 ,8341325 ,-132 ,24 ,0.0069580078125 ,0.152648925781 ,0.0883178710938 ,-0.984313964844
6.8494 ,8340321 ,-132 ,23 ,0.0067138671875 ,0.124694824219 ,0.0748291015625 ,-0.989318847656
6.8608 ,8341650 ,-133 ,22 ,-0.00531005859375 ,0.0870361328125 ,0.0592651367188 ,-0.994445800781
6.8755 ,8341307 ,-133 ,20 ,-0.00921630859375 ,0.0803833007812 ,0.05908203125 ,-0.994995117188
6.8866 ,8340806 ,-133 ,19 ,-0.0112915039062 ,0.0840454101562 ,0.0639038085938 ,-0.994323730469
6.8981 ,8341519 ,-133 ,18 ,-0.0123901367188 ,0.092529296875 ,0.0729370117188 ,-0.992980957031
6.9087 ,8342044 ,-133 ,17 ,-0.0145263671875 ,0.0980224609375 ,0.0860595703125 ,-0.991333007812
6.9192 ,8342906 ,-133 ,14 ,-0.0182495117188 ,0.096923828125 ,0.101196289062 ,-0.989990234375
6.9302 ,8342352 ,-133 ,13 ,-0.0308227539062 ,0.068359375 ,0.132385253906 ,-0.988342285156
6.945 ,8342048 ,-133 ,12 ,-0.04150390625 ,0.046630859375 ,0.143737792969 ,-0.987670898438
6.9561 ,8342408 ,-133 ,11 ,-0.0516967773438 ,0.02734375 ,0.152160644531 ,-0.986633300781
6.9674 ,8342259 ,-134 ,10 ,-0.0559692382812 ,0.0137939453125 ,0.156494140625 ,-0.986022949219
6.9778 ,8342750 ,-134 ,9 ,-0.0540161132812 ,0.0078125 ,0.1552734375 ,-0.986389160156
6.9889 ,8342782 ,-134 ,9 ,-0.045654296875 ,0.00634765625 ,0.149047851562 ,-0.987731933594
6.9998 ,8342768 ,-134 ,8 ,-0.0371704101562 ,0.005126953125 ,0.140869140625 ,-0.989318847656
7.0107 ,8342972 ,-134 ,8 ,-0.0382080078125 ,-0.00408935546875 ,0.135131835938 ,-0.990112304688
7.025 ,8343764 ,-134 ,7 ,-0.0477294921875 ,-0.0120849609375 ,0.139831542969 ,-0.988952636719
7.0356 ,8343968 ,-134 ,8 ,-0.0558471679688 ,-0.0214233398438 ,0.148681640625 ,-0.987060546875
7.0468 ,8344065 ,-134 ,8 ,-0.0555419921875 ,-0.0285034179688 ,0.158386230469 ,-0.985412597656
7.0578 ,8343013 ,-134 ,8 ,-0.0482788085938 ,-0.0309448242188 ,0.1650390625 ,-0.984619140625
7.0691 ,8343307 ,-134 ,8 ,-0.0402221679688 ,-0.0285034179688 ,0.169128417969 ,-0.984375
7.0805 ,8344034 ,-133 ,9 ,-0.0314331054688 ,-0.0134887695312 ,0.18359375 ,-0.982421875
7.0949 ,8344775 ,-133 ,9 ,-0.0267333984375 ,-0.0052490234375 ,0.195068359375 ,-0.980407714844
7.1056 ,8344605 ,-133 ,9 ,-0.02294921875 ,0.0006103515625 ,0.206420898438 ,-0.978210449219
7.1171 ,8344643 ,-133 ,9 ,-0.0200805664062 ,0.00396728515625 ,0.215270996094 ,-0.976318359375
7.1274 ,8344179 ,-133 ,9 ,-0.0175170898438 ,0.00982666015625 ,0.217346191406 ,-0.975891113281
7.1379 ,8345193 ,-132 ,11 ,-0.0167236328125 ,0.0194702148438 ,0.212280273438 ,-0.976867675781
7.1485 ,8344276 ,-132 ,11 ,-0.0184936523438 ,0.0328369140625 ,0.206420898438 ,-0.977722167969
7.1596 ,8345124 ,-132 ,11 ,-0.0230102539062 ,0.0477905273438 ,0.202026367188 ,-0.977966308594
7.1702 ,8345062 ,-132 ,12 ,-0.0330200195312 ,0.072998046875 ,0.195617675781 ,-0.977416992188
7.1847 ,8345352 ,-131 ,13 ,-0.035400390625 ,0.0824584960938 ,0.19775390625 ,-0.976135253906
7.1952 ,8345851 ,-130 ,13 ,-0.0368041992188 ,0.0909423828125 ,0.203002929688 ,-0.974243164062
7.2058 ,8346065 ,-129 ,13 ,-0.038330078125 ,0.0979614257812 ,0.203857421875 ,-0.973327636719
7.2172 ,8345269 ,-129 ,12 ,-0.04052734375 ,0.0993041992188 ,0.202575683594 ,-0.973388671875
7.2287 ,8345093 ,-129 ,12 ,-0.0438232421875 ,0.09765625 ,0.20458984375 ,-0.972961425781
7.2393 ,8343875 ,-129 ,12 ,-0.04736328125 ,0.098876953125 ,0.211303710938 ,-0.971252441406
7.2505 ,8343719 ,-129 ,12 ,-0.04541015625 ,0.116638183594 ,0.226806640625 ,-0.965881347656
7.2674 ,8344235 ,-129 ,11 ,-0.041015625 ,0.129333496094 ,0.230895996094 ,-0.963439941406
7.278 ,8344228 ,-130 ,11 ,-0.0360107421875 ,0.139709472656 ,0.232299804688 ,-0.961853027344
7.2886 ,8344394 ,-130 ,10 ,-0.0325927734375 ,0.147094726562 ,0.233459472656 ,-0.960632324219
7.2991 ,8343498 ,-130 ,10 ,-0.0316772460938 ,0.15185546875 ,0.23486328125 ,-0.959594726562
7.3095 ,8343498 ,-130 ,9 ,-0.0316162109375 ,0.164733886719 ,0.233825683594 ,-0.957702636719
7.3349 ,8342844 ,-131 ,9 ,-0.0296020507812 ,0.17578125 ,0.230407714844 ,-0.956604003906
7.3457 ,8342889 ,-131 ,8 ,-0.0285034179688 ,0.187683105469 ,0.228515625 ,-0.954833984375
7.3565 ,8342134 ,-132 ,8 ,-0.0283203125 ,0.197692871094 ,0.227294921875 ,-0.953125
7.3671 ,8342865 ,-132 ,8 ,-0.0283203125 ,0.203186035156 ,0.224853515625 ,-0.952575683594
7.3782 ,8342868 ,-132 ,7 ,-0.0285034179688 ,0.20263671875 ,0.220703125 ,-0.95361328125
7.3889 ,8343460 ,-132 ,7 ,-0.0291748046875 ,0.197326660156 ,0.21630859375 ,-0.955749511719
7.3993 ,8343525 ,-132 ,7 ,-0.0302124023438 ,0.189697265625 ,0.212829589844 ,-0.9580078125
7.4104 ,8343709 ,-132 ,6 ,-0.0325927734375 ,0.178100585938 ,0.21435546875 ,-0.959838867188
7.4245 ,8343813 ,-133 ,6 ,-0.0319213867188 ,0.178100585938 ,0.217712402344 ,-0.959106445312
7.4356 ,8343335 ,-133 ,6 ,-0.03076171875 ,0.182006835938 ,0.220397949219 ,-0.957763671875
7.4463 ,8343076 ,-133 ,5 ,-0.0298461914062 ,0.187927246094 ,0.222473144531 ,-0.956176757812
7.4571 ,8343764 ,-133 ,5 ,-0.0294189453125 ,0.193969726562 ,0.224304199219 ,-0.95458984375
7.4687 ,8343761 ,-133 ,4 ,-0.0296630859375 ,0.198852539062 ,0.223266601562 ,-0.953796386719
7.4795 ,8343190 ,-133 ,4 ,-0.029052734375 ,0.202331542969 ,0.225769042969 ,-0.952514648438
7.4901 ,8344349 ,-133 ,4 ,-0.0269775390625 ,0.205261230469 ,0.230102539062 ,-0.950866699219
7.5047 ,8343972 ,-133 ,3 ,-0.026123046875 ,0.206176757812 ,0.232055664062 ,-0.950256347656
7.5183 ,8344951 ,-134 ,2 ,-0.0223388671875 ,0.21533203125 ,0.23291015625 ,-0.948120117188
7.555 ,8345525 ,-134 ,2 ,-0.0221557617188 ,0.217834472656 ,0.232849121094 ,-0.947570800781
7.5685 ,8345173 ,-134 ,2 ,-0.0225830078125 ,0.220581054688 ,0.2294921875 ,-0.94775390625
7.5792 ,8345290 ,-134 ,2 ,-0.0215454101562 ,0.224182128906 ,0.22802734375 ,-0.947265625
7.5899 ,8346076 ,-133 ,2 ,-0.0199584960938 ,0.228576660156 ,0.226135253906 ,-0.946716308594
7.6005 ,8346363 ,-133 ,2 ,-0.01806640625 ,0.237121582031 ,0.222839355469 ,-0.945373535156
7.6186 ,8347654 ,-133 ,3 ,-0.0176391601562 ,0.240051269531 ,0.218505859375 ,-0.945678710938
7.6295 ,8349380 ,-133 ,-1 ,-0.015625 ,0.241149902344 ,0.218078613281 ,-0.945556640625
7.6404 ,8349436 ,-132 ,-1 ,-0.010498046875 ,0.236450195312 ,0.219787597656 ,-0.946411132812
7.6549 ,8349491 ,-132 ,-1 ,-0.0081787109375 ,0.233154296875 ,0.218444824219 ,-0.947570800781
7.6685 ,8349180 ,-131 ,-1 ,-0.00506591796875 ,0.233520507812 ,0.215026855469 ,-0.9482421875
7.6796 ,8349463 ,-131 ,8 ,0.00189208984375 ,0.251831054688 ,0.205627441406 ,-0.945678710938
7.6948 ,8349335 ,-130 ,11 ,0.00494384765625 ,0.26806640625 ,0.199951171875 ,-0.9423828125
7.7052 ,8351657 ,-128 ,14 ,0.0084228515625 ,0.28662109375 ,0.193176269531 ,-0.938354492188
7.7174 ,8352834 ,-127 ,16 ,0.0106201171875 ,0.304809570312 ,0.187316894531 ,-0.933776855469
7.728 ,8355107 ,-124 ,17 ,0.0128784179688 ,0.319885253906 ,0.184143066406 ,-0.929321289062
7.7388 ,8355315 ,-122 ,18 ,0.0169677734375 ,0.328918457031 ,0.182678222656 ,-0.926391601562
7.7495 ,8355148 ,-120 ,17 ,0.022216796875 ,0.331237792969 ,0.18017578125 ,-0.925903320312
7.7603 ,8353896 ,-118 ,-1 ,0.0357666015625 ,0.323974609375 ,0.166015625 ,-0.9306640625
7.7744 ,8353097 ,-117 ,17 ,0.045166015625 ,0.317749023438 ,0.156433105469 ,-0.93408203125
7.785 ,8352456 ,-117 ,17 ,0.0543212890625 ,0.313720703125 ,0.143798828125 ,-0.93701171875
7.7954 ,8348664 ,-117 ,16 ,0.0638427734375 ,0.315307617188 ,0.12890625 ,-0.938049316406
7.8059 ,8348453 ,-117 ,16 ,0.0726318359375 ,0.324340820312 ,0.114074707031 ,-0.936218261719
7.8174 ,8346557 ,-118 ,15 ,0.079345703125 ,0.337768554688 ,0.0966796875 ,-0.932861328125
7.8281 ,8344335 ,-118 ,15 ,0.0831909179688 ,0.352294921875 ,0.0789184570312 ,-0.928833007812
7.8388 ,8341131 ,-119 ,14 ,0.0833129882812 ,0.366027832031 ,0.0645751953125 ,-0.924621582031
7.8495 ,8341131 ,-119 ,13 ,0.0809936523438 ,0.3798828125 ,0.0546875 ,-0.919860839844
7.8603 ,8341477 ,-120 ,12 ,0.0639038085938 ,0.411193847656 ,0.0556030273438 ,-0.907592773438
7.8745 ,8341301 ,-122 ,12 ,0.0545654296875 ,0.42578125 ,0.0681762695312 ,-0.900573730469
7.8852 ,8341089 ,-122 ,12 ,0.0518798828125 ,0.43212890625 ,0.0848388671875 ,-0.896301269531
7.8963 ,8339851 ,-123 ,12 ,0.05859375 ,0.42529296875 ,0.0919799804688 ,-0.8984375
7.907 ,8339851 ,-124 ,12 ,0.0645751953125 ,0.404174804688 ,0.0758056640625 ,-0.909240722656
7.9174 ,8341169 ,-125 ,12 ,0.0670776367188 ,0.370239257812 ,0.0513305664062 ,-0.925109863281
7.9284 ,8341169 ,-125 ,12 ,0.0272216796875 ,0.250122070312 ,0.0597534179688 ,-0.966003417969
7.9576 ,8341044 ,-126 ,12 ,0.0166015625 ,0.211791992188 ,0.0714111328125 ,-0.974548339844
7.9692 ,8340664 ,-127 ,12 ,0.0125122070312 ,0.177734375 ,0.071044921875 ,-0.9814453125
7.98 ,8341460 ,-127 ,11 ,-0.00360107421875 ,0.137878417969 ,0.049560546875 ,-0.989196777344
7.9947 ,8341878 ,-127 ,10 ,-0.0167236328125 ,0.130676269531 ,0.04541015625 ,-0.990234375
8.0052 ,8341121 ,-128 ,9 ,-0.0288696289062 ,0.131408691406 ,0.0498046875 ,-0.989685058594
8.0172 ,8341878 ,-128 ,8 ,-0.0374145507812 ,0.133483886719 ,0.0604248046875 ,-0.988525390625
8.0282 ,8342702 ,-128 ,7 ,-0.0414428710938 ,0.135620117188 ,0.0740356445312 ,-0.987121582031
8.0397 ,8342183 ,-128 ,6 ,-0.0432739257812 ,0.128479003906 ,0.0912475585938 ,-0.986572265625
8.0504 ,8343435 ,-128 ,5 ,-0.0512084960938 ,0.084228515625 ,0.128295898438 ,-0.98681640625
8.0672 ,8342892 ,-129 ,4 ,-0.05810546875 ,0.0570068359375 ,0.144226074219 ,-0.986206054688
8.0776 ,8342602 ,-129 ,4 ,-0.0658569335938 ,0.0344848632812 ,0.155090332031 ,-0.985107421875
8.0882 ,8342788 ,-129 ,3 ,-0.0711669921875 ,0.020751953125 ,0.159240722656 ,-0.984436035156
8.0989 ,8342311 ,-130 ,2 ,-0.0697021484375 ,0.0167846679688 ,0.155212402344 ,-0.985290527344
8.1098 ,8343892 ,-130 ,2 ,-0.0620727539062 ,0.01904296875 ,0.144592285156 ,-0.987365722656
8.1205 ,8343543 ,-130 ,1 ,-0.0521240234375 ,0.0277709960938 ,0.120056152344 ,-0.991027832031
8.1347 ,8345269 ,-131 ,1 ,-0.0519409179688 ,0.0256958007812 ,0.121826171875 ,-0.990844726562
8.1453 ,8346681 ,-131 ,0 ,-0.0543212890625 ,0.0152587890625 ,0.129272460938 ,-0.989990234375
8.1558 ,8348474 ,-132 ,0 ,-0.0548095703125 ,0.000732421875 ,0.128112792969 ,-0.990234375
8.1675 ,8350062 ,-132 ,0 ,-0.0472412109375 ,-0.0140380859375 ,0.117736816406 ,-0.991821289062
8.1778 ,8352242 ,-132 ,0 ,-0.0421752929688 ,-0.0333251953125 ,0.120361328125 ,-0.991271972656
8.1885 ,8354086 ,-132 ,0 ,-0.043212890625 ,-0.0591430664062 ,0.133239746094 ,-0.988342285156
8.1991 ,8357612 ,-132 ,1 ,-0.0397338867188 ,-0.0921020507812 ,0.141235351562 ,-0.98486328125
8.2095 ,8358142 ,-132 ,1 ,-0.0358276367188 ,-0.130432128906 ,0.153930664062 ,-0.978759765625
8.2206 ,8359104 ,-132 ,2 ,-0.0322875976562 ,-0.188049316406 ,0.179992675781 ,-0.964965820312
8.2347 ,8358851 ,-131 ,2 ,-0.0271606445312 ,-0.1953125 ,0.190002441406 ,-0.961791992188
8.2457 ,8359498 ,-131 ,2 ,-0.0250854492188 ,-0.190673828125 ,0.198486328125 ,-0.961059570312
8.2562 ,8361055 ,-131 ,2 ,-0.0225219726562 ,-0.179992675781 ,0.20556640625 ,-0.961669921875
8.2672 ,8361408 ,-131 ,2 ,-0.0191650390625 ,-0.165649414062 ,0.207458496094 ,-0.963928222656
8.278 ,8362194 ,-131 ,2 ,-0.020263671875 ,-0.149291992188 ,0.208374023438 ,-0.966369628906
8.2886 ,8362290 ,-130 ,2 ,-0.0198364257812 ,-0.135620117188 ,0.208068847656 ,-0.968444824219
8.2996 ,8358986 ,-130 ,3 ,-0.021484375 ,-0.126403808594 ,0.208190917969 ,-0.969665527344
8.3105 ,8358093 ,-130 ,4 ,-0.0258178710938 ,-0.114990234375 ,0.20166015625 ,-0.972351074219
8.3244 ,8357581 ,-130 ,5 ,-0.0299682617188 ,-0.10546875 ,0.196960449219 ,-0.974243164062
8.335 ,8358723 ,-130 ,5 ,-0.0330200195312 ,-0.0924072265625 ,0.194885253906 ,-0.975891113281
8.3503 ,8358585 ,-129 ,5 ,-0.0377197265625 ,-0.072265625 ,0.195373535156 ,-0.977355957031
8.3671 ,8355685 ,-129 ,5 ,-0.0374755859375 ,-0.0665283203125 ,0.199096679688 ,-0.976989746094
8.3779 ,8354114 ,-128 ,5 ,-0.037353515625 ,-0.0579223632812 ,0.205322265625 ,-0.976257324219
8.3891 ,8352889 ,-128 ,5 ,-0.0355224609375 ,-0.0449829101562 ,0.210632324219 ,-0.975891113281
8.3999 ,8353294 ,-128 ,4 ,-0.0323486328125 ,-0.030517578125 ,0.215698242188 ,-0.975463867188
8.4112 ,8355155 ,-128 ,4 ,-0.0323486328125 ,-0.0145263671875 ,0.223693847656 ,-0.973999023438
8.4246 ,8355266 ,-128 ,3 ,-0.0331420898438 ,-0.00921630859375 ,0.225769042969 ,-0.973571777344
8.4351 ,8354650 ,-128 ,2 ,-0.032470703125 ,-0.0029296875 ,0.228393554688 ,-0.973022460938
8.4459 ,8354837 ,-128 ,2 ,-0.0305786132812 ,0.0030517578125 ,0.23046875 ,-0.972595214844
8.4565 ,8353366 ,-128 ,1 ,-0.0286254882812 ,0.00579833984375 ,0.2314453125 ,-0.972412109375
8.4673 ,8353879 ,-129 ,0 ,-0.0292358398438 ,0.0048828125 ,0.231628417969 ,-0.972351074219
8.478 ,8355321 ,-129 ,0 ,-0.0314331054688 ,0.00189208984375 ,0.232177734375 ,-0.97216796875
8.4891 ,8355623 ,-129 ,-1 ,-0.032958984375 ,-0.001220703125 ,0.232666015625 ,-0.971984863281
8.4996 ,8355910 ,-129 ,-1 ,-0.0339965820312 ,-0.00250244140625 ,0.234313964844 ,-0.971557617188
8.5106 ,8355456 ,-130 ,-2 ,-0.031494140625 ,-0.001708984375 ,0.233703613281 ,-0.971801757812
8.5247 ,8355768 ,-130 ,-2 ,-0.0315551757812 ,0.00152587890625 ,0.230590820312 ,-0.972534179688
8.5353 ,8355574 ,-130 ,-3 ,-0.0304565429688 ,0.00567626953125 ,0.231628417969 ,-0.972290039062
8.5458 ,8357560 ,-130 ,-3 ,-0.0289306640625 ,0.009765625 ,0.232482910156 ,-0.972106933594
8.5566 ,8357865 ,-130 ,-4 ,-0.0285034179688 ,0.0110473632812 ,0.234008789062 ,-0.971740722656
8.567 ,8358875 ,-130 ,-4 ,-0.028564453125 ,0.00909423828125 ,0.236267089844 ,-0.97119140625
8.5782 ,8358823 ,-131 ,-4 ,-0.0289916992188 ,0.00537109375 ,0.238464355469 ,-0.970703125
8.5889 ,8358180 ,-131 ,-4 ,-0.0291748046875 ,0.00262451171875 ,0.239929199219 ,-0.970336914062
8.5995 ,8358903 ,-131 ,-5 ,-0.0274047851562 ,0.0074462890625 ,0.239685058594 ,-0.970458984375
8.6177 ,8359931 ,-131 ,-5 ,-0.0258178710938 ,0.01416015625 ,0.2392578125 ,-0.970520019531
8.629 ,8360664 ,-131 ,-5 ,-0.0245971679688 ,0.0208129882812 ,0.239501953125 ,-0.970336914062
8.6396 ,8360553 ,-131 ,-5 ,-0.0233764648438 ,0.0266723632812 ,0.240600585938 ,-0.969970703125
8.6547 ,8360678 ,-132 ,-6 ,-0.0236206054688 ,0.0263061523438 ,0.240661621094 ,-0.969970703125
8.6672 ,8360730 ,-132 ,-6 ,-0.0238647460938 ,0.0263671875 ,0.240661621094 ,-0.969970703125
8.6781 ,8361733 ,-132 ,-6 ,-0.0234985351562 ,0.0283813476562 ,0.240112304688 ,-0.970031738281
8.6889 ,8361194 ,-132 ,-6 ,-0.0230102539062 ,0.031982421875 ,0.239318847656 ,-0.970153808594
8.6994 ,8361194 ,-132 ,-5 ,-0.021728515625 ,0.0402221679688 ,0.236450195312 ,-0.970581054688
8.7172 ,8363010 ,-132 ,-5 ,-0.0209350585938 ,0.0443115234375 ,0.234497070312 ,-0.970886230469
8.7286 ,8363761 ,-131 ,-4 ,-0.0199584960938 ,0.0490112304688 ,0.232482910156 ,-0.97119140625
8.7392 ,8364322 ,-131 ,-4 ,-0.0186157226562 ,0.0548095703125 ,0.230712890625 ,-0.971313476562
8.7506 ,8365792 ,-131 ,-3 ,-0.0144653320312 ,0.0697631835938 ,0.227355957031 ,-0.97119140625
8.7686 ,8365135 ,-131 ,0 ,-0.0111694335938 ,0.0780639648438 ,0.227172851562 ,-0.970642089844
8.7801 ,8364325 ,-130 ,3 ,-0.00311279296875 ,0.0964965820312 ,0.221374511719 ,-0.970397949219
8.7946 ,8363758 ,-130 ,8 ,0.00067138671875 ,0.108215332031 ,0.215942382812 ,-0.970397949219
8.8051 ,8363529 ,-129 ,14 ,0.00555419921875 ,0.137023925781 ,0.202026367188 ,-0.9697265625
8.8242 ,8364816 ,-128 ,18 ,0.0068359375 ,0.153381347656 ,0.19287109375 ,-0.969116210938
8.8356 ,8366491 ,-127 ,21 ,0.0059814453125 ,0.169860839844 ,0.184326171875 ,-0.968078613281
8.8464 ,8365391 ,-126 ,23 ,0.0042724609375 ,0.184997558594 ,0.177185058594 ,-0.966613769531
8.858 ,8365951 ,-126 ,24 ,0.00341796875 ,0.198486328125 ,0.170227050781 ,-0.965209960938
8.869 ,8364557 ,-125 ,24 ,0.00311279296875 ,0.20947265625 ,0.161865234375 ,-0.96435546875
8.8802 ,8361190 ,-125 ,25 ,0.001220703125 ,0.220153808594 ,0.134338378906 ,-0.966186523438
8.8947 ,8359415 ,-127 ,25 ,0.00042724609375 ,0.220031738281 ,0.117980957031 ,-0.968322753906
8.9054 ,8358342 ,-127 ,25 ,-0.0009765625 ,0.219482421875 ,0.0992431640625 ,-0.970520019531
8.9181 ,8355633 ,-127 ,25 ,-0.00103759765625 ,0.219604492188 ,0.0830078125 ,-0.972045898438
8.9293 ,8355086 ,-127 ,24 ,-0.00177001953125 ,0.219848632812 ,0.0679321289062 ,-0.97314453125
8.9399 ,8352204 ,-128 ,24 ,-0.00225830078125 ,0.217163085938 ,0.0377197265625 ,-0.975402832031
8.9547 ,8348958 ,-128 ,23 ,-0.00140380859375 ,0.213256835938 ,0.0247192382812 ,-0.976684570312
8.9682 ,8347145 ,-128 ,22 ,-0.00128173828125 ,0.207397460938 ,0.0118408203125 ,-0.978210449219
8.9787 ,8344986 ,-128 ,20 ,-0.00189208984375 ,0.200622558594 ,-0.00201416015625 ,-0.979675292969
8.9892 ,8343321 ,-128 ,19 ,-0.00286865234375 ,0.194396972656 ,-0.0166625976562 ,-0.980773925781
9.0002 ,8342602 ,-129 ,18 ,-0.0047607421875 ,0.181457519531 ,-0.0523681640625 ,-0.981994628906
9.0173 ,8342989 ,-129 ,16 ,-0.006591796875 ,0.171813964844 ,-0.0692749023438 ,-0.982666015625
9.028 ,8342307 ,-129 ,14 ,-0.0105590820312 ,0.161926269531 ,-0.0825805664062 ,-0.983276367188
9.0391 ,8342013 ,-129 ,13 ,-0.0158081054688 ,0.153076171875 ,-0.094970703125 ,-0.983520507812
9.0499 ,8342294 ,-129 ,12 ,-0.0249633789062 ,0.129577636719 ,-0.129699707031 ,-0.982727050781
9.0672 ,8343442 ,-129 ,11 ,-0.0303344726562 ,0.113159179688 ,-0.147033691406 ,-0.982177734375
9.0786 ,8344197 ,-129 ,10 ,-0.0396728515625 ,0.0956420898438 ,-0.161010742188 ,-0.981506347656
9.0891 ,8345301 ,-129 ,9 ,-0.0511474609375 ,0.0789794921875 ,-0.172302246094 ,-0.980529785156
9.1005 ,8345851 ,-129 ,9 ,-0.0752563476562 ,0.056884765625 ,-0.177429199219 ,-0.979614257812
9.1173 ,8349280 ,-129 ,7 ,-0.0844116210938 ,0.0560302734375 ,-0.171936035156 ,-0.979858398438
9.129 ,8351927 ,-129 ,6 ,-0.0860595703125 ,0.0579833984375 ,-0.167114257812 ,-0.98046875
9.1397 ,8353366 ,-129 ,4 ,-0.082763671875 ,0.035888671875 ,-0.156433105469 ,-0.983581542969
9.1546 ,8353231 ,-129 ,3 ,-0.0802001953125 ,0.00848388671875 ,-0.147338867188 ,-0.985778808594
9.1669 ,8354536 ,-129 ,3 ,-0.072509765625 ,-0.0195922851562 ,-0.142944335938 ,-0.986877441406
9.1777 ,8356138 ,-129 ,2 ,-0.0682373046875 ,-0.046630859375 ,-0.137512207031 ,-0.987060546875
9.1884 ,8358055 ,-129 ,2 ,-0.0669555664062 ,-0.0701293945312 ,-0.130859375 ,-0.986633300781
9.1996 ,8359751 ,-129 ,2 ,-0.06396484375 ,-0.102661132812 ,-0.11474609375 ,-0.986022949219
9.217 ,8361377 ,-129 ,1 ,-0.0618286132812 ,-0.114868164062 ,-0.104309082031 ,-0.985961914062
9.2279 ,8361114 ,-130 ,1 ,-0.0590209960938 ,-0.126953125 ,-0.0929565429688 ,-0.985778808594
9.2385 ,8359076 ,-130 ,2 ,-0.0560302734375 ,-0.140747070312 ,-0.080322265625 ,-0.985168457031
9.2491 ,8358477 ,-130 ,2 ,-0.0525512695312 ,-0.157836914062 ,-0.0662841796875 ,-0.983825683594
9.2605 ,8359052 ,-130 ,2 ,-0.046875 ,-0.189208984375 ,-0.0375366210938 ,-0.980102539062
9.2742 ,8358965 ,-130 ,2 ,-0.0455932617188 ,-0.196228027344 ,-0.0234375 ,-0.979248046875
9.285 ,8359529 ,-130 ,2 ,-0.044921875 ,-0.196533203125 ,-0.0086669921875 ,-0.979431152344
9.2956 ,8359363 ,-130 ,2 ,-0.043701171875 ,-0.193115234375 ,0.00653076171875 ,-0.980163574219
9.3063 ,8359173 ,-130 ,2 ,-0.0413208007812 ,-0.18994140625 ,0.0206909179688 ,-0.980712890625
9.3171 ,8359204 ,-130 ,2 ,-0.0382080078125 ,-0.190368652344 ,0.0343627929688 ,-0.980346679688
9.3282 ,8359204 ,-130 ,3 ,-0.0343627929688 ,-0.195129394531 ,0.0484619140625 ,-0.97900390625
9.3389 ,8360633 ,-130 ,3 ,-0.0302124023438 ,-0.200927734375 ,0.0634155273438 ,-0.977111816406
9.3497 ,8360944 ,-130 ,3 ,-0.0264282226562 ,-0.204711914062 ,0.0783081054688 ,-0.975341796875
9.3605 ,8359931 ,-130 ,1 ,-0.020263671875 ,-0.19580078125 ,0.105773925781 ,-0.974731445312
9.3744 ,8358740 ,-129 ,0 ,-0.0176391601562 ,-0.182189941406 ,0.10888671875 ,-0.97705078125
9.3851 ,8359072 ,-129 ,1 ,-0.0152587890625 ,-0.165771484375 ,0.105651855469 ,-0.980346679688
9.3956 ,8359591 ,-128 ,1 ,-0.0165405273438 ,-0.151000976562 ,0.103637695312 ,-0.982971191406
9.4064 ,8357090 ,-128 ,2 ,-0.0150756835938 ,-0.141418457031 ,0.1015625 ,-0.984619140625
9.4169 ,8355453 ,-128 ,2 ,-0.0145263671875 ,-0.136352539062 ,0.100646972656 ,-0.985412597656
9.4275 ,8353183 ,-128 ,2 ,-0.0147094726562 ,-0.129272460938 ,0.0999145507812 ,-0.986450195312
9.4381 ,8352875 ,-127 ,2 ,-0.0150756835938 ,-0.114501953125 ,0.0960693359375 ,-0.988647460938
9.4487 ,8351989 ,-126 ,3 ,-0.0155029296875 ,-0.0939331054688 ,0.0914916992188 ,-0.991271972656
9.4598 ,8352020 ,-126 ,3 ,-0.017822265625 ,-0.0580444335938 ,0.089111328125 ,-0.994140625
9.4746 ,8350481 ,-126 ,3 ,-0.0182495117188 ,-0.0411987304688 ,0.0877075195312 ,-0.9951171875
9.4852 ,8349110 ,-126 ,3 ,-0.0189208984375 ,-0.0247192382812 ,0.0867919921875 ,-0.995727539062
9.4959 ,8349366 ,-126 ,3 ,-0.0205078125 ,-0.0128784179688 ,0.0875244140625 ,-0.995849609375
9.5064 ,8348740 ,-126 ,3 ,-0.0228271484375 ,-0.0079345703125 ,0.0889282226562 ,-0.995727539062
9.5168 ,8349636 ,-126 ,3 ,-0.025146484375 ,-0.00677490234375 ,0.0884399414062 ,-0.995727539062
9.5275 ,8349079 ,-126 ,3 ,-0.0274047851562 ,-0.00445556640625 ,0.087890625 ,-0.995727539062
9.538 ,8349712 ,-126 ,2 ,-0.0297241210938 ,0.00067138671875 ,0.0884399414062 ,-0.995666503906
9.5489 ,8349159 ,-126 ,2 ,-0.0311889648438 ,0.0064697265625 ,0.0887451171875 ,-0.995544433594
9.5598 ,8349159 ,-126 ,1 ,-0.0322875976562 ,0.0111083984375 ,0.088623046875 ,-0.995483398438
9.5707 ,8348543 ,-126 ,1 ,-0.035888671875 ,0.0228881835938 ,0.0897216796875 ,-0.995056152344
9.5845 ,8349283 ,-127 ,0 ,-0.03564453125 ,0.0313110351562 ,0.0916137695312 ,-0.994689941406
9.5953 ,8349612 ,-127 ,0 ,-0.0353393554688 ,0.0386962890625 ,0.0940551757812 ,-0.994201660156
9.6063 ,8349436 ,-128 ,-1 ,-0.0361938476562 ,0.0400390625 ,0.0968017578125 ,-0.993835449219
9.6468 ,8350944 ,-128 ,-1 ,-0.0362548828125 ,0.03857421875 ,0.0950927734375 ,-0.994079589844
9.6572 ,8350975 ,-129 ,-1 ,-0.0363159179688 ,0.0396118164062 ,0.0928344726562 ,-0.994201660156
9.6682 ,8351962 ,-129 ,-2 ,-0.0364990234375 ,0.0430908203125 ,0.0904541015625 ,-0.994323730469
9.6796 ,8352657 ,-129 ,-2 ,-0.0365600585938 ,0.0487060546875 ,0.088134765625 ,-0.994262695312
9.6903 ,8352657 ,-129 ,-2 ,-0.036376953125 ,0.057373046875 ,0.0850219726562 ,-0.994079589844
9.7045 ,8353415 ,-130 ,-2 ,-0.0366821289062 ,0.0581665039062 ,0.0839233398438 ,-0.994079589844
9.7169 ,8353249 ,-130 ,-3 ,-0.037353515625 ,0.0576782226562 ,0.0828247070312 ,-0.994201660156
9.7344 ,8354411 ,-130 ,-3 ,-0.0380859375 ,0.058349609375 ,0.0836181640625 ,-0.994079589844
9.7451 ,8354809 ,-130 ,-4 ,-0.03857421875 ,0.06005859375 ,0.084228515625 ,-0.993896484375
9.7558 ,8355183 ,-130 ,-4 ,-0.039306640625 ,0.0632934570312 ,0.085205078125 ,-0.993591308594
9.767 ,8355785 ,-131 ,-4 ,-0.0399169921875 ,0.0675659179688 ,0.0863037109375 ,-0.9931640625
9.7783 ,8355747 ,-131 ,-4 ,-0.0406494140625 ,0.0722045898438 ,0.0868530273438 ,-0.992797851562
9.789 ,8356283 ,-131 ,-3 ,-0.041748046875 ,0.0767822265625 ,0.08642578125 ,-0.992431640625
9.7997 ,8356418 ,-131 ,-3 ,-0.0431518554688 ,0.0872192382812 ,0.08154296875 ,-0.991882324219
9.8168 ,8357411 ,-131 ,-2 ,-0.04345703125 ,0.09423828125 ,0.0771484375 ,-0.991577148438
9.8275 ,8357591 ,-131 ,-1 ,-0.0432739257812 ,0.1025390625 ,0.0728759765625 ,-0.991088867188
9.8381 ,8358249 ,-131 ,1 ,-0.0428466796875 ,0.11083984375 ,0.0689697265625 ,-0.990539550781
9.8487 ,8358339 ,-130 ,3 ,-0.04150390625 ,0.118469238281 ,0.06591796875 ,-0.989929199219
9.8592 ,8356920 ,-130 ,7 ,-0.039794921875 ,0.1259765625 ,0.0626831054688 ,-0.9892578125
9.8702 ,8357076 ,-130 ,12 ,-0.0404052734375 ,0.148986816406 ,0.0523071289062 ,-0.986633300781
9.8841 ,8358121 ,-128 ,15 ,-0.0418701171875 ,0.1669921875 ,0.0457763671875 ,-0.984008789062
9.8948 ,8359443 ,-127 ,16 ,-0.044921875 ,0.187194824219 ,0.038818359375 ,-0.980529785156
9.9057 ,8360135 ,-125 ,18 ,-0.0487060546875 ,0.207153320312 ,0.0325927734375 ,-0.9765625
9.917 ,8361041 ,-123 ,18 ,-0.0501708984375 ,0.224304199219 ,0.0289306640625 ,-0.972778320312
9.9276 ,8360764 ,-122 ,18 ,-0.0490112304688 ,0.236450195312 ,0.0272216796875 ,-0.970031738281
9.9386 ,8359650 ,-121 ,18 ,-0.0463256835938 ,0.242858886719 ,0.023681640625 ,-0.968688964844
9.9491 ,8359162 ,-120 ,-1 ,-0.0421142578125 ,0.246215820312 ,0.0174560546875 ,-0.968139648438
9.96 ,8358432 ,-119 ,-1 ,-0.0324096679688 ,0.253723144531 ,0.0001220703125 ,-0.966735839844
9.9741 ,8357104 ,-120 ,-1 ,-0.0281982421875 ,0.259399414062 ,-0.0139770507812 ,-0.965270996094
9.9849 ,8354934 ,-122 ,18 ,-0.0252685546875 ,0.265991210938 ,-0.0300903320312 ,-0.963195800781
9.9955 ,8353052 ,-122 ,18 ,-0.0224609375 ,0.270324707031 ,-0.0451049804688 ,-0.96142578125
10.0061 ,8352892 ,-122 ,18 ,-0.02099609375 ,0.268127441406 ,-0.0599365234375 ,-0.961303710938
10.0169 ,8350955 ,-123 ,17 ,-0.0105590820312 ,0.19580078125 ,-0.100158691406 ,-0.975463867188
10.045 ,8345391 ,-125 ,17 ,-0.01025390625 ,0.168334960938 ,-0.105895996094 ,-0.97998046875
10.0559 ,8343591 ,-126 ,17 ,-0.0123901367188 ,0.152709960938 ,-0.114685058594 ,-0.981506347656
10.0667 ,8343204 ,-126 ,16 ,-0.013916015625 ,0.143310546875 ,-0.12451171875 ,-0.981689453125
10.0772 ,8342536 ,-127 ,16 ,-0.0164794921875 ,0.137756347656 ,-0.132751464844 ,-0.981384277344
10.088 ,8341750 ,-127 ,16 ,-0.02294921875 ,0.137329101562 ,-0.139343261719 ,-0.980407714844
10.0987 ,8342076 ,-127 ,16 ,-0.0321044921875 ,0.142333984375 ,-0.143737792969 ,-0.978820800781
10.1099 ,8341491 ,-128 ,15 ,-0.045166015625 ,0.153381347656 ,-0.148254394531 ,-0.975952148438
10.1246 ,8341172 ,-128 ,15 ,-0.0466918945312 ,0.148864746094 ,-0.154113769531 ,-0.975646972656
10.1351 ,8341896 ,-128 ,15 ,-0.0467529296875 ,0.135375976562 ,-0.161987304688 ,-0.976318359375
10.1458 ,8342159 ,-128 ,14 ,-0.0482788085938 ,0.114379882812 ,-0.16943359375 ,-0.977722167969
10.1572 ,8342314 ,-128 ,14 ,-0.0514526367188 ,0.0887451171875 ,-0.176330566406 ,-0.97900390625
10.168 ,8341228 ,-128 ,13 ,-0.053955078125 ,0.0615234375 ,-0.182189941406 ,-0.979858398438
10.1789 ,8342463 ,-127 ,12 ,-0.0559692382812 ,0.0382080078125 ,-0.186279296875 ,-0.980163574219
10.1903 ,8342899 ,-127 ,11 ,-0.067626953125 ,0.0176391601562 ,-0.186767578125 ,-0.979919433594
10.2045 ,8343740 ,-127 ,10 ,-0.07568359375 ,0.0171508789062 ,-0.181701660156 ,-0.980285644531
10.2168 ,8344934 ,-127 ,9 ,-0.08251953125 ,0.019775390625 ,-0.173522949219 ,-0.981140136719
10.2282 ,8346058 ,-127 ,8 ,-0.0865478515625 ,0.0237426757812 ,-0.162292480469 ,-0.982666015625
10.2391 ,8346204 ,-127 ,6 ,-0.0875854492188 ,0.0275268554688 ,-0.148132324219 ,-0.984680175781
10.2503 ,8348391 ,-128 ,6 ,-0.0846557617188 ,0.0237426757812 ,-0.121520996094 ,-0.988708496094
10.2671 ,8350186 ,-128 ,5 ,-0.0799560546875 ,0.0081787109375 ,-0.109008789062 ,-0.990783691406
10.2786 ,8350432 ,-128 ,4 ,-0.0728149414062 ,-0.0173950195312 ,-0.093505859375 ,-0.992797851562
10.2893 ,8351180 ,-128 ,4 ,-0.0656127929688 ,-0.04931640625 ,-0.0777587890625 ,-0.993591308594
10.3006 ,8351034 ,-128 ,4 ,-0.0509643554688 ,-0.10888671875 ,-0.0501098632812 ,-0.991455078125
10.3176 ,8351709 ,-128 ,4 ,-0.0478515625 ,-0.127563476562 ,-0.03466796875 ,-0.990051269531
10.3293 ,8353117 ,-128 ,4 ,-0.04638671875 ,-0.136169433594 ,-0.021484375 ,-0.989379882812
10.3401 ,8353823 ,-129 ,4 ,-0.0443115234375 ,-0.137390136719 ,0.0087890625 ,-0.989501953125
10.3543 ,8355450 ,-129 ,4 ,-0.042236328125 ,-0.138732910156 ,0.025390625 ,-0.989074707031
10.3666 ,8357713 ,-129 ,4 ,-0.038330078125 ,-0.145324707031 ,0.0422973632812 ,-0.987731933594
10.377 ,8357692 ,-129 ,5 ,-0.0296020507812 ,-0.178955078125 ,0.0842895507812 ,-0.979797363281
10.3962 ,8360944 ,-129 ,5 ,-0.0247192382812 ,-0.200927734375 ,0.10595703125 ,-0.973571777344
10.4067 ,8361972 ,-129 ,5 ,-0.021728515625 ,-0.22021484375 ,0.126770019531 ,-0.966918945312
10.4175 ,8363422 ,-129 ,5 ,-0.0218505859375 ,-0.23193359375 ,0.14599609375 ,-0.961486816406
10.4284 ,8365595 ,-129 ,5 ,-0.0203857421875 ,-0.23388671875 ,0.160766601562 ,-0.958679199219
10.439 ,8367034 ,-129 ,6 ,-0.0220336914062 ,-0.216674804688 ,0.181396484375 ,-0.958984375
10.4592 ,8369038 ,-129 ,6 ,-0.02294921875 ,-0.205200195312 ,0.189514160156 ,-0.959899902344
10.4705 ,8368432 ,-128 ,6 ,-0.02978515625 ,-0.193054199219 ,0.20947265625 ,-0.958129882812
10.4844 ,8368308 ,-128 ,7 ,-0.0346069335938 ,-0.190368652344 ,0.215270996094 ,-0.957214355469
10.4949 ,8368374 ,-127 ,8 ,-0.041259765625 ,-0.18701171875 ,0.219177246094 ,-0.956726074219
10.5059 ,8367495 ,-127 ,8 ,-0.0484619140625 ,-0.182373046875 ,0.221618652344 ,-0.956665039062
10.5167 ,8366720 ,-127 ,8 ,-0.0543823242188 ,-0.176086425781 ,0.223571777344 ,-0.957092285156
10.5275 ,8367169 ,-127 ,8 ,-0.058837890625 ,-0.16552734375 ,0.22705078125 ,-0.957885742188
10.538 ,8367906 ,-127 ,8 ,-0.0618896484375 ,-0.150146484375 ,0.231628417969 ,-0.959167480469
10.5486 ,8370592 ,-125 ,8 ,-0.0631103515625 ,-0.133911132812 ,0.23828125 ,-0.959838867188
10.5595 ,8373291 ,-124 ,8 ,-0.0625610351562 ,-0.121948242188 ,0.244567871094 ,-0.959899902344
10.5701 ,8372208 ,-124 ,8 ,-0.0628051757812 ,-0.114440917969 ,0.255310058594 ,-0.9580078125
10.5842 ,8371976 ,-124 ,7 ,-0.062255859375 ,-0.111206054688 ,0.260803222656 ,-0.956970214844
10.5948 ,8373014 ,-124 ,7 ,-0.0619506835938 ,-0.106140136719 ,0.266540527344 ,-0.955932617188
10.6057 ,8373111 ,-124 ,6 ,-0.0628662109375 ,-0.101196289062 ,0.271362304688 ,-0.955078125
10.6167 ,8373606 ,-124 ,6 ,-0.06396484375 ,-0.0972900390625 ,0.275207519531 ,-0.954284667969
10.6277 ,8373792 ,-124 ,6 ,-0.0640258789062 ,-0.0919189453125 ,0.277404785156 ,-0.954223632812
10.6382 ,8373412 ,-125 ,5 ,-0.0620727539062 ,-0.0823364257812 ,0.279296875 ,-0.954650878906
10.6491 ,8372557 ,-125 ,5 ,-0.0586547851562 ,-0.0702514648438 ,0.280883789062 ,-0.955383300781
10.6603 ,8374301 ,-125 ,5 ,-0.0556640625 ,-0.0574951171875 ,0.281188964844 ,-0.956298828125
10.674 ,8374917 ,-126 ,4 ,-0.0580444335938 ,-0.06201171875 ,0.280639648438 ,-0.9560546875
10.6849 ,8374865 ,-126 ,4 ,-0.0597534179688 ,-0.0675659179688 ,0.279968261719 ,-0.955749511719
10.6954 ,8374865 ,-127 ,3 ,-0.0593872070312 ,-0.0695190429688 ,0.279113769531 ,-0.955871582031
10.7087 ,8373900 ,-127 ,3 ,-0.0579223632812 ,-0.0673828125 ,0.27734375 ,-0.956665039062
10.7189 ,8373782 ,-128 ,3 ,-0.0565795898438 ,-0.0643310546875 ,0.2744140625 ,-0.957763671875
10.7296 ,8373498 ,-128 ,2 ,-0.0565185546875 ,-0.062744140625 ,0.268432617188 ,-0.959594726562
10.7438 ,8373253 ,-129 ,2 ,-0.0564575195312 ,-0.0616455078125 ,0.266357421875 ,-0.960266113281
10.7544 ,8372702 ,-129 ,1 ,-0.0550537109375 ,-0.0580444335938 ,0.26416015625 ,-0.961181640625
10.7667 ,8372747 ,-129 ,1 ,-0.0536499023438 ,-0.0535278320312 ,0.262634277344 ,-0.9619140625
10.7773 ,8373024 ,-129 ,0 ,-0.0530395507812 ,-0.051025390625 ,0.264099121094 ,-0.961669921875
10.7942 ,8373429 ,-129 ,-1 ,-0.0532836914062 ,-0.052001953125 ,0.265502929688 ,-0.961242675781
10.8049 ,8374135 ,-129 ,-1 ,-0.0534057617188 ,-0.051513671875 ,0.267150878906 ,-0.960815429688
10.8177 ,8374412 ,-129 ,-1 ,-0.0521850585938 ,-0.04931640625 ,0.254089355469 ,-0.964538574219
10.8289 ,8375523 ,-129 ,-2 ,-0.0516967773438 ,-0.0449829101562 ,0.255310058594 ,-0.964416503906
10.84 ,8375540 ,-129 ,-2 ,-0.05078125 ,-0.034912109375 ,0.257446289062 ,-0.96435546875
10.8542 ,8375737 ,-130 ,-2 ,-0.0498657226562 ,-0.0282592773438 ,0.257873535156 ,-0.964477539062
10.8677 ,8375647 ,-130 ,-1 ,-0.048583984375 ,-0.0213012695312 ,0.244873046875 ,-0.968078613281
10.8781 ,8375934 ,-130 ,-1 ,-0.0477905273438 ,-0.013916015625 ,0.243774414062 ,-0.968566894531
10.8889 ,8375173 ,-130 ,-1 ,-0.0470581054688 ,-0.0074462890625 ,0.242126464844 ,-0.969055175781
10.9 ,8376010 ,-130 ,0 ,-0.044921875 ,0.00396728515625 ,0.237243652344 ,-0.970397949219
10.9177 ,8375021 ,-130 ,2 ,-0.0433349609375 ,0.00921630859375 ,0.222412109375 ,-0.973937988281
10.9292 ,8373747 ,-130 ,4 ,-0.041748046875 ,0.0147094726562 ,0.218872070312 ,-0.974731445312
10.9402 ,8372284 ,-130 ,7 ,-0.0399169921875 ,0.0283203125 ,0.208984375 ,-0.976684570312
10.9546 ,8370782 ,-129 ,12 ,-0.0390014648438 ,0.0406494140625 ,0.202026367188 ,-0.977783203125
10.9673 ,8368294 ,-129 ,16 ,-0.0380859375 ,0.0580444335938 ,0.194580078125 ,-0.978454589844
10.9783 ,8367547 ,-129 ,19 ,-0.0374755859375 ,0.0785522460938 ,0.185546875 ,-0.978759765625
10.9892 ,8366602 ,-128 ,21 ,-0.0379638671875 ,0.099365234375 ,0.174438476562 ,-0.978881835938
10.9999 ,8365588 ,-127 ,23 ,-0.0430297851562 ,0.134460449219 ,0.152893066406 ,-0.978088378906
11.0181 ,8361508 ,-126 ,25 ,-0.046142578125 ,0.147583007812 ,0.140563964844 ,-0.977905273438
11.0292 ,8358588 ,-125 ,26 ,-0.0477294921875 ,0.158996582031 ,0.127990722656 ,-0.977783203125
11.0402 ,8355443 ,-125 ,26 ,-0.0459594726562 ,0.18408203125 ,0.0935668945312 ,-0.977355957031
11.0544 ,8353512 ,-125 ,25 ,-0.0424194335938 ,0.198791503906 ,0.0728759765625 ,-0.976379394531
11.0673 ,8351079 ,-126 ,25 ,-0.0389404296875 ,0.212585449219 ,0.0494995117188 ,-0.97509765625
11.079 ,8348622 ,-127 ,25 ,-0.035888671875 ,0.225158691406 ,0.0242919921875 ,-0.973327636719
11.0904 ,8348328 ,-127 ,24 ,-0.0291748046875 ,0.247436523438 ,-0.02880859375 ,-0.968017578125
11.1048 ,8346944 ,-128 ,23 ,-0.0253295898438 ,0.246704101562 ,-0.0569458007812 ,-0.967102050781
11.1169 ,8346159 ,-128 ,22 ,-0.0216674804688 ,0.229614257812 ,-0.0856323242188 ,-0.969299316406
11.1276 ,8345529 ,-128 ,21 ,-0.0171508789062 ,0.200134277344 ,-0.114685058594 ,-0.972900390625
11.1381 ,8345951 ,-128 ,20 ,-0.0103759765625 ,0.164794921875 ,-0.141174316406 ,-0.976135253906
11.1486 ,8344609 ,-128 ,19 ,-0.00250244140625 ,0.126953125 ,-0.164611816406 ,-0.978149414062
11.1596 ,8344851 ,-129 ,18 ,0.00457763671875 ,0.09130859375 ,-0.188537597656 ,-0.977783203125
11.1703 ,8343539 ,-129 ,17 ,0.0127563476562 ,0.0416870117188 ,-0.233825683594 ,-0.971313476562
11.1843 ,8342944 ,-129 ,16 ,0.0127563476562 ,0.0328979492188 ,-0.252746582031 ,-0.966918945312
11.1953 ,8342944 ,-129 ,16 ,0.0064697265625 ,0.0347900390625 ,-0.268371582031 ,-0.962646484375
11.2059 ,8342557 ,-129 ,16 ,-0.006103515625 ,0.04638671875 ,-0.280151367188 ,-0.958801269531
11.217 ,8342166 ,-129 ,15 ,-0.0195922851562 ,0.0654907226562 ,-0.291259765625 ,-0.954223632812
11.228 ,8342532 ,-129 ,15 ,-0.0291137695312 ,0.082275390625 ,-0.306091308594 ,-0.947998046875
11.2396 ,8342238 ,-129 ,15 ,-0.0463256835938 ,0.0919189453125 ,-0.330993652344 ,-0.93798828125
11.2541 ,8342591 ,-129 ,14 ,-0.0541381835938 ,0.0811767578125 ,-0.335998535156 ,-0.936828613281
11.2668 ,8341854 ,-129 ,13 ,-0.0573120117188 ,0.0623779296875 ,-0.335754394531 ,-0.938110351562
11.2774 ,8341723 ,-129 ,12 ,-0.0567626953125 ,0.0399169921875 ,-0.331237792969 ,-0.940979003906
11.2882 ,8341871 ,-129 ,11 ,-0.05615234375 ,0.0202026367188 ,-0.32470703125 ,-0.943908691406
11.2987 ,8341871 ,-129 ,10 ,-0.0613403320312 ,0.00244140625 ,-0.310302734375 ,-0.948669433594
11.3166 ,8341792 ,-129 ,7 ,-0.0711059570312 ,-0.0001220703125 ,-0.290344238281 ,-0.954284667969
11.3366 ,8342470 ,-129 ,6 ,-0.0745849609375 ,-0.00048828125 ,-0.277221679688 ,-0.957885742188
11.3475 ,8344034 ,-130 ,5 ,-0.0763549804688 ,-0.00445556640625 ,-0.260498046875 ,-0.962463378906
11.3589 ,8343975 ,-130 ,5 ,-0.0767211914062 ,-0.01318359375 ,-0.240844726562 ,-0.967407226562
11.3703 ,8345387 ,-130 ,5 ,-0.0756225585938 ,-0.0354614257812 ,-0.199157714844 ,-0.976379394531
11.3851 ,8344273 ,-130 ,5 ,-0.0734252929688 ,-0.0445556640625 ,-0.177856445312 ,-0.980285644531
11.3966 ,8345643 ,-130 ,5 ,-0.0682983398438 ,-0.0530395507812 ,-0.156616210938 ,-0.98388671875
11.4071 ,8346128 ,-130 ,5 ,-0.0609130859375 ,-0.062744140625 ,-0.135498046875 ,-0.986938476562
11.4181 ,8347096 ,-131 ,5 ,-0.0537109375 ,-0.0745849609375 ,-0.115234375 ,-0.989074707031
11.4294 ,8347553 ,-131 ,5 ,-0.0474853515625 ,-0.0888671875 ,-0.0963134765625 ,-0.990234375
11.4397 ,8348740 ,-131 ,5 ,-0.033935546875 ,-0.123718261719 ,-0.059814453125 ,-0.989929199219
11.4543 ,8351346 ,-131 ,5 ,-0.0280151367188 ,-0.140808105469 ,-0.040771484375 ,-0.98876953125
11.4668 ,8350055 ,-131 ,5 ,-0.0233764648438 ,-0.154724121094 ,-0.0224609375 ,-0.987426757812
11.4778 ,8353180 ,-131 ,6 ,-0.0182495117188 ,-0.16357421875 ,-0.0069580078125 ,-0.986328125
11.489 ,8354086 ,-131 ,6 ,-0.0133666992188 ,-0.167358398438 ,0.008056640625 ,-0.985778808594
11.5002 ,8355595 ,-130 ,6 ,-0.00689697265625 ,-0.169494628906 ,0.0398559570312 ,-0.984680175781
11.5174 ,8356325 ,-130 ,6 ,-0.00244140625 ,-0.171020507812 ,0.0552368164062 ,-0.983703613281
11.5307 ,8357398 ,-130 ,11 ,-0.03173828125 ,-0.0836791992188 ,0.0921630859375 ,-0.99169921875
11.6255 ,8350809 ,-125 ,11 ,-0.0372924804688 ,-0.0613403320312 ,0.0942993164062 ,-0.992980957031
11.636 ,8351951 ,-125 ,11 ,-0.0407104492188 ,-0.0436401367188 ,0.095458984375 ,-0.99365234375
11.6465 ,8351342 ,-125 ,11 ,-0.0416259765625 ,-0.0322875976562 ,0.0984497070312 ,-0.993774414062
11.6571 ,8351847 ,-125 ,10 ,-0.041259765625 ,-0.0260620117188 ,0.104736328125 ,-0.993286132812
11.6678 ,8351460 ,-125 ,5 ,-0.0396728515625 ,0.0415649414062 ,0.147155761719 ,-0.987426757812
11.759 ,8349595 ,-127 ,4 ,-0.0394897460938 ,0.0433349609375 ,0.149658203125 ,-0.986999511719
11.7702 ,8349256 ,-127 ,3 ,-0.0411987304688 ,0.0236206054688 ,0.149475097656 ,-0.987609863281
11.7841 ,8349588 ,-128 ,3 ,-0.0411987304688 ,0.0131225585938 ,0.148986816406 ,-0.987915039062
11.7945 ,8349588 ,-128 ,2 ,-0.0427856445312 ,0.00634765625 ,0.146606445312 ,-0.988220214844
11.8049 ,8349297 ,-128 ,0 ,-0.0426635742188 ,0.0411987304688 ,0.146423339844 ,-0.987426757812
11.9115 ,8351380 ,-130 ,-1 ,-0.04248046875 ,0.0540771484375 ,0.145874023438 ,-0.986938476562
11.924 ,8352062 ,-131 ,-1 ,-0.0422973632812 ,0.061767578125 ,0.145568847656 ,-0.986511230469
11.9353 ,8352640 ,-131 ,-1 ,-0.042236328125 ,0.0676879882812 ,0.144836425781 ,-0.986267089844
11.9458 ,8352546 ,-131 ,-1 ,-0.0423583984375 ,0.0711059570312 ,0.143615722656 ,-0.986145019531
11.9564 ,8352865 ,-131 ,-1 ,-0.0428466796875 ,0.0720825195312 ,0.142028808594 ,-0.986328125
11.9669 ,8353211 ,-131 ,-1 ,-0.0438842773438 ,0.071533203125 ,0.139831542969 ,-0.986633300781
11.9778 ,8352370 ,-131 ,-1 ,-0.0449829101562 ,0.0713500976562 ,0.136657714844 ,-0.986999511719
11.9883 ,8352256 ,-131 ,19 ,-0.0714111328125 ,0.193786621094 ,0.0519409179688 ,-0.97705078125
12.0889 ,8350532 ,-130 ,21 ,-0.0813598632812 ,0.208862304688 ,0.036376953125 ,-0.973876953125
12.0994 ,8352107 ,-127 ,-4 ,-0.0414428710938 ,-0.0668334960938 ,0.211669921875 ,-0.974182128906
12.9843 ,8376052 ,-128 ,-5 ,-0.04150390625 ,-0.063232421875 ,0.21240234375 ,-0.974243164062
12.9949 ,8376536 ,-128 ,-5 ,-0.0409545898438 ,-0.05712890625 ,0.213623046875 ,-0.974365234375
13.0096 ,8377329 ,-128 ,-6 ,-0.03857421875 ,-0.0435791015625 ,0.214111328125 ,-0.975036621094
13.0238 ,8377298 ,-129 ,-6 ,-0.0379638671875 ,-0.0375366210938 ,0.214233398438 ,-0.975341796875
13.0346 ,8376484 ,-129 ,-5 ,-0.0377807617188 ,-0.0317993164062 ,0.213012695312 ,-0.975830078125
13.0451 ,8376830 ,-129 ,-5 ,-0.0375366210938 ,-0.02587890625 ,0.210998535156 ,-0.976440429688
13.0557 ,8375616 ,-129 ,-5 ,-0.036865234375 ,-0.019775390625 ,0.208740234375 ,-0.97705078125
13.0677 ,8375900 ,-129 ,-1 ,-0.0358276367188 ,-0.013671875 ,0.2041015625 ,-0.978210449219
13.0786 ,8374595 ,-129 ,-1 ,-0.034423828125 ,-0.0078125 ,0.201171875 ,-0.978942871094
13.0894 ,8374266 ,-129 ,-1 ,-0.03271484375 ,-0.00213623046875 ,0.19775390625 ,-0.979675292969
13.1 ,8371958 ,-129 ,-1 ,-0.0282592773438 ,0.0127563476562 ,0.189208984375 ,-0.9814453125
13.1177 ,8369270 ,-129 ,-1 ,-0.0263671875 ,0.024658203125 ,0.182006835938 ,-0.982604980469
13.129 ,8367519 ,-129 ,-5 ,-0.0250244140625 ,0.0408935546875 ,0.1748046875 ,-0.983459472656
13.1397 ,8366356 ,-128 ,1 ,-0.0234985351562 ,0.083740234375 ,0.158081054688 ,-0.983581542969
13.1552 ,8362713 ,-128 ,4 ,-0.0243530273438 ,0.1064453125 ,0.147155761719 ,-0.983032226562
13.1672 ,8357982 ,-128 ,7 ,-0.02783203125 ,0.127258300781 ,0.136352539062 ,-0.982055664062
13.1789 ,8355526 ,-127 ,10 ,-0.0323486328125 ,0.146179199219 ,0.12548828125 ,-0.980712890625
13.1899 ,8355200 ,-127 ,12 ,-0.0405883789062 ,0.178344726562 ,0.103332519531 ,-0.977661132812
13.2042 ,8352010 ,-126 ,13 ,-0.0443725585938 ,0.19189453125 ,0.0880737304688 ,-0.976440429688
13.2168 ,8349937 ,-126 ,-1 ,-0.0455322265625 ,0.205871582031 ,0.0702514648438 ,-0.974975585938
13.2285 ,8347501 ,-125 ,-1 ,-0.0443115234375 ,0.220153808594 ,0.0506591796875 ,-0.97314453125
13.2393 ,8344955 ,-125 ,15 ,-0.045166015625 ,0.234191894531 ,0.0291137695312 ,-0.970703125
13.25 ,8345166 ,-125 ,15 ,-0.0447998046875 ,0.266052246094 ,-0.0202026367188 ,-0.962707519531
13.2671 ,8343121 ,-126 ,14 ,-0.0427856445312 ,0.282165527344 ,-0.044189453125 ,-0.957397460938
13.2777 ,8342771 ,-126 ,14 ,-0.042724609375 ,0.295227050781 ,-0.0667724609375 ,-0.9521484375
13.2884 ,8342401 ,-126 ,-1 ,-0.0435180664062 ,0.303161621094 ,-0.088623046875 ,-0.947814941406
13.2991 ,8341501 ,-126 ,12 ,-0.0422973632812 ,0.303588867188 ,-0.109558105469 ,-0.945556640625
13.3103 ,8341134 ,-126 ,11 ,-0.0309448242188 ,0.283325195312 ,-0.142333984375 ,-0.947875976562
13.3242 ,8340384 ,-127 ,9 ,-0.0260009765625 ,0.268493652344 ,-0.156127929688 ,-0.9501953125
13.3347 ,8341276 ,-127 ,7 ,-0.020751953125 ,0.250671386719 ,-0.171081542969 ,-0.952575683594
13.3452 ,8340982 ,-127 ,6 ,-0.0112915039062 ,0.2265625 ,-0.188659667969 ,-0.955505371094
13.3561 ,8340297 ,-127 ,4 ,0.00244140625 ,0.197387695312 ,-0.206115722656 ,-0.958435058594
13.3674 ,8340577 ,-127 ,3 ,0.0143432617188 ,0.167419433594 ,-0.221130371094 ,-0.960632324219
13.379 ,8341055 ,-127 ,2 ,0.0217895507812 ,0.138244628906 ,-0.235656738281 ,-0.961730957031
13.3897 ,8340885 ,-127 ,2 ,0.0303344726562 ,0.0875244140625 ,-0.260131835938 ,-0.961120605469
13.4041 ,8340674 ,-127 ,3 ,0.0303955078125 ,0.0731201171875 ,-0.269165039062 ,-0.959838867188
13.4166 ,8341570 ,-127 ,2 ,0.0274047851562 ,0.06591796875 ,-0.275817871094 ,-0.958557128906
13.4272 ,8340736 ,-127 ,2 ,0.0228881835938 ,0.0620727539062 ,-0.27880859375 ,-0.958068847656
13.4378 ,8340736 ,-127 ,1 ,0.0173950195312 ,0.0598754882812 ,-0.277893066406 ,-0.958557128906
13.449 ,8341273 ,-127 ,0 ,0.0114135742188 ,0.0577392578125 ,-0.273315429688 ,-0.960144042969
13.4602 ,8341349 ,-127 ,-1 ,-0.00408935546875 ,0.0452270507812 ,-0.251281738281 ,-0.966857910156
13.474 ,8342591 ,-127 ,-2 ,-0.013671875 ,0.033935546875 ,-0.232543945312 ,-0.971862792969
13.4846 ,8341892 ,-127 ,-4 ,-0.0238037109375 ,0.021240234375 ,-0.207946777344 ,-0.977600097656
13.4952 ,8343352 ,-127 ,-5 ,-0.0338134765625 ,0.00811767578125 ,-0.177978515625 ,-0.9833984375
13.5058 ,8344474 ,-127 ,-1 ,-0.045166015625 ,-0.00531005859375 ,-0.142700195312 ,-0.988708496094
13.5165 ,8344474 ,-128 ,-6 ,-0.0560913085938 ,-0.014892578125 ,-0.105163574219 ,-0.992736816406
13.5275 ,8346937 ,-128 ,-7 ,-0.0619506835938 ,-0.0223999023438 ,-0.0753173828125 ,-0.994995117188
13.5381 ,8350353 ,-128 ,-8 ,-0.0548706054688 ,-0.027099609375 ,-0.0548706054688 ,-0.996643066406
13.5487 ,8353581 ,-128 ,-9 ,-0.0387573242188 ,-0.0341796875 ,-0.0375366210938 ,-0.997985839844
13.5597 ,8355228 ,-128 ,-10 ,-0.0272827148438 ,-0.0910034179688 ,-0.00030517578125 ,-0.995483398438
13.5738 ,8361585 ,-129 ,-11 ,-0.0155029296875 ,-0.141479492188 ,0.0137939453125 ,-0.98974609375
13.5846 ,8362408 ,-129 ,-11 ,-0.00994873046875 ,-0.195922851562 ,0.0283203125 ,-0.980163574219
13.5951 ,8364429 ,-129 ,-12 ,-0.010986328125 ,-0.2392578125 ,0.0430297851562 ,-0.969909667969
13.6056 ,8368993 ,-129 ,-12 ,-0.011962890625 ,-0.257568359375 ,0.052978515625 ,-0.964721679688
13.6166 ,8370253 ,-129 ,-12 ,-0.0173950195312 ,-0.252136230469 ,0.0624389648438 ,-0.965515136719
13.6277 ,8374955 ,-129 ,-12 ,-0.0172729492188 ,-0.235290527344 ,0.069580078125 ,-0.969299316406
13.6386 ,8376284 ,-129 ,-11 ,-0.0169067382812 ,-0.224060058594 ,0.0780639648438 ,-0.971313476562
13.6496 ,8374270 ,-128 ,-11 ,-0.01220703125 ,-0.250427246094 ,0.101928710938 ,-0.962707519531
13.6666 ,8374021 ,-128 ,-11 ,-0.0118408203125 ,-0.270568847656 ,0.112976074219 ,-0.955993652344
13.6772 ,8373311 ,-128 ,-10 ,-0.0165405273438 ,-0.278503417969 ,0.121765136719 ,-0.952514648438
13.6877 ,8374062 ,-128 ,-10 ,-0.0187377929688 ,-0.271301269531 ,0.126342773438 ,-0.953979492188
13.6983 ,8374540 ,-127 ,-11 ,-0.0183715820312 ,-0.256652832031 ,0.124816894531 ,-0.958251953125
13.7089 ,8373329 ,-126 ,-11 ,-0.0175170898438 ,-0.242492675781 ,0.122741699219 ,-0.962219238281
13.72 ,8372744 ,-126 ,-10 ,-0.0165405273438 ,-0.222351074219 ,0.119995117188 ,-0.967407226562
13.7342 ,8369543 ,-126 ,-10 ,-0.0181884765625 ,-0.208129882812 ,0.117858886719 ,-0.970825195312
13.7447 ,8370228 ,-126 ,-10 ,-0.021484375 ,-0.189208984375 ,0.114318847656 ,-0.975036621094
13.7552 ,8371221 ,-126 ,-9 ,-0.0222778320312 ,-0.157409667969 ,0.111999511719 ,-0.980895996094
13.7849 ,8371474 ,-124 ,-9 ,-0.0216064453125 ,-0.164001464844 ,0.112915039062 ,-0.979736328125
13.7966 ,8366564 ,-124 ,-9 ,-0.0221557617188 ,-0.1630859375 ,0.113586425781 ,-0.979797363281
13.8076 ,8365598 ,-124 ,-9 ,-0.0224609375 ,-0.150695800781 ,0.114868164062 ,-0.981628417969
13.8182 ,8366429 ,-124 ,-9 ,-0.0238037109375 ,-0.131958007812 ,0.115417480469 ,-0.984252929688
13.8294 ,8367785 ,-123 ,-9 ,-0.0243530273438 ,-0.114807128906 ,0.116271972656 ,-0.986267089844
13.84 ,8367896 ,-123 ,-1 ,-0.0232543945312 ,-0.095703125 ,0.120727539062 ,-0.98779296875
13.8542 ,8365896 ,-123 ,-9 ,-0.0223388671875 ,-0.0886840820312 ,0.122497558594 ,-0.988220214844
13.8665 ,8364287 ,-123 ,-9 ,-0.0222778320312 ,-0.083984375 ,0.123046875 ,-0.988586425781
13.8774 ,8364097 ,-124 ,-10 ,-0.0245361328125 ,-0.0845336914062 ,0.122192382812 ,-0.988586425781
13.8879 ,8364778 ,-124 ,-10 ,-0.0276489257812 ,-0.0897216796875 ,0.121704101562 ,-0.988098144531
13.8986 ,8366104 ,-124 ,-11 ,-0.0298461914062 ,-0.09423828125 ,0.121765136719 ,-0.987609863281
13.9096 ,8366526 ,-124 ,-11 ,-0.0289916992188 ,-0.0877685546875 ,0.124328613281 ,-0.987915039062
13.9239 ,8366637 ,-125 ,-1 ,-0.02783203125 ,-0.0825805664062 ,0.124816894531 ,-0.988342285156
13.9346 ,8366820 ,-126 ,-12 ,-0.0281372070312 ,-0.0812377929688 ,0.124694824219 ,-0.988464355469
13.9454 ,8367111 ,-126 ,-13 ,-0.0291137695312 ,-0.0819702148438 ,0.124084472656 ,-0.988464355469
13.9563 ,8367581 ,-126 ,-13 ,-0.0300903320312 ,-0.0806884765625 ,0.124572753906 ,-0.988464355469
13.9666 ,8367581 ,-126 ,-14 ,-0.0287475585938 ,-0.0718383789062 ,0.125915527344 ,-0.989013671875
13.9864 ,8369121 ,-127 ,-14 ,-0.0281372070312 ,-0.0703125 ,0.126098632812 ,-0.989135742188
13.997 ,8369152 ,-127 ,-14 ,-0.0283203125 ,-0.0717163085938 ,0.125915527344 ,-0.989013671875
14.0077 ,8368640 ,-128 ,-15 ,-0.0286865234375 ,-0.072998046875 ,0.125305175781 ,-0.989013671875
14.0213 ,8368906 ,-128 ,-15 ,-0.0289916992188 ,-0.0674438476562 ,0.124450683594 ,-0.989501953125
14.0342 ,8368709 ,-128 ,-15 ,-0.0285034179688 ,-0.0606689453125 ,0.123901367188 ,-0.990051269531
14.0462 ,8369976 ,-128 ,-15 ,-0.0281982421875 ,-0.0532836914062 ,0.123657226562 ,-0.990478515625
14.0567 ,8369654 ,-128 ,-15 ,-0.0282592773438 ,-0.0478515625 ,0.123840332031 ,-0.99072265625
14.0683 ,8369744 ,-128 ,-16 ,-0.0286254882812 ,-0.0454711914062 ,0.124206542969 ,-0.990783691406
14.0793 ,8371024 ,-129 ,-17 ,-0.0307006835938 ,-0.035888671875 ,0.123229980469 ,-0.991271972656
14.1178 ,8369574 ,-129 ,-16 ,-0.0310668945312 ,-0.0316162109375 ,0.122985839844 ,-0.991394042969
14.128 ,8370439 ,-129 ,-16 ,-0.0314331054688 ,-0.0281982421875 ,0.122192382812 ,-0.991577148438
14.1387 ,8369567 ,-129 ,-15 ,-0.0315551757812 ,-0.0243530273438 ,0.120483398438 ,-0.991943359375
14.1496 ,8369142 ,-129 ,-15 ,-0.0303344726562 ,-0.0100708007812 ,0.114501953125 ,-0.992919921875
14.1675 ,8369519 ,-129 ,-13 ,-0.0288696289062 ,0.00030517578125 ,0.111938476562 ,-0.993286132812
14.1784 ,8369291 ,-129 ,-10 ,-0.024169921875 ,0.0233764648438 ,0.106140136719 ,-0.993774414062
14.194 ,8365564 ,-128 ,-5 ,-0.0224609375 ,0.0354614257812 ,0.101501464844 ,-0.993957519531
14.2045 ,8364041 ,-128 ,-1 ,-0.0210571289062 ,0.0494995117188 ,0.0947875976562 ,-0.994018554688
14.2167 ,8363872 ,-128 ,-5 ,-0.0208129882812 ,0.06640625 ,0.0865478515625 ,-0.993835449219
14.228 ,8363225 ,-128 ,-3 ,-0.0214233398438 ,0.0850219726562 ,0.0772094726562 ,-0.9931640625
14.2387 ,8363225 ,-127 ,1 ,-0.0250854492188 ,0.119934082031 ,0.0557250976562 ,-0.990905761719
14.2541 ,8362145 ,-127 ,2 ,-0.0271606445312 ,0.132446289062 ,0.044677734375 ,-0.989807128906
14.2678 ,8361453 ,-126 ,3 ,-0.02734375 ,0.1416015625 ,0.0341796875 ,-0.988952636719
14.2782 ,8359789 ,-126 ,3 ,-0.0258178710938 ,0.149230957031 ,0.0198974609375 ,-0.98828125
14.2892 ,8358976 ,-125 ,3 ,-0.0189208984375 ,0.168212890625 ,-0.0186157226562 ,-0.985412597656
14.3042 ,8355785 ,-125 ,3 ,-0.0147705078125 ,0.180480957031 ,-0.0411987304688 ,-0.982604980469
14.3169 ,8355059 ,-125 ,4 ,-0.010986328125 ,0.192687988281 ,-0.065673828125 ,-0.97900390625
14.3278 ,8352681 ,-125 ,3 ,-0.00689697265625 ,0.203735351562 ,-0.09130859375 ,-0.974731445312
14.3384 ,8352135 ,-125 ,3 ,-0.0010986328125 ,0.209045410156 ,-0.1181640625 ,-0.970764160156
14.349 ,8351802 ,-126 ,2 ,0.00640869140625 ,0.197631835938 ,-0.146057128906 ,-0.969299316406
14.3599 ,8351228 ,-126 ,1 ,0.0388793945312 ,0.0896606445312 ,-0.217224121094 ,-0.97119140625
14.3897 ,8347529 ,-126 ,0 ,0.06103515625 ,0.0228881835938 ,-0.255187988281 ,-0.964721679688
14.4042 ,8346595 ,-126 ,-1 ,0.06787109375 ,0.00421142578125 ,-0.276916503906 ,-0.95849609375
14.4169 ,8345726 ,-126 ,-2 ,0.0687255859375 ,-0.0018310546875 ,-0.296813964844 ,-0.952453613281
14.4276 ,8344591 ,-126 ,-3 ,0.0662841796875 ,0.0030517578125 ,-0.31494140625 ,-0.94677734375
14.4381 ,8344591 ,-126 ,-3 ,0.0587768554688 ,0.0137939453125 ,-0.330932617188 ,-0.941711425781
14.4486 ,8342927 ,-126 ,-4 ,0.043701171875 ,0.0269775390625 ,-0.341430664062 ,-0.9384765625
14.4596 ,8342958 ,-126 ,-4 ,0.0136108398438 ,0.0552978515625 ,-0.360656738281 ,-0.930969238281
14.4738 ,8341692 ,-126 ,-5 ,0.00579833984375 ,0.0634155273438 ,-0.364440917969 ,-0.929077148438
14.4843 ,8342681 ,-126 ,-5 ,-0.0140380859375 ,0.0677490234375 ,-0.357055664062 ,-0.931518554688
14.5057 ,8341487 ,-126 ,-6 ,-0.0234375 ,0.0645141601562 ,-0.350463867188 ,-0.93408203125
14.5166 ,8341747 ,-126 ,-7 ,-0.0283203125 ,0.0574340820312 ,-0.346008300781 ,-0.93603515625
14.5275 ,8342169 ,-127 ,-8 ,-0.03125 ,0.0484619140625 ,-0.341857910156 ,-0.93798828125
14.5381 ,8342169 ,-127 ,-8 ,-0.0347290039062 ,0.0382690429688 ,-0.33447265625 ,-0.940979003906
14.5494 ,8341709 ,-127 ,-9 ,-0.040771484375 ,0.0147094726562 ,-0.312683105469 ,-0.948852539062
14.567 ,8341681 ,-127 ,-11 ,-0.0419311523438 ,0.00537109375 ,-0.301330566406 ,-0.952575683594
14.578 ,8342584 ,-127 ,-12 ,-0.0444946289062 ,-0.00048828125 ,-0.289123535156 ,-0.956237792969
14.5886 ,8343519 ,-127 ,-12 ,-0.0491333007812 ,-0.00469970703125 ,-0.275024414062 ,-0.960144042969
14.5994 ,8344875 ,-127 ,-13 ,-0.0595703125 ,-0.019287109375 ,-0.238159179688 ,-0.969177246094
14.6164 ,8347000 ,-127 ,-14 ,-0.0604248046875 ,-0.0311889648438 ,-0.215515136719 ,-0.97412109375
14.6278 ,8348484 ,-127 ,-15 ,-0.0579833984375 ,-0.0457153320312 ,-0.194396972656 ,-0.978149414062
14.6391 ,8348865 ,-127 ,-15 ,-0.0517578125 ,-0.0615844726562 ,-0.175842285156 ,-0.981140136719
14.65 ,8351917 ,-127 ,-16 ,-0.035888671875 ,-0.0986938476562 ,-0.138488769531 ,-0.984802246094
14.6665 ,8353906 ,-128 ,-17 ,-0.0274658203125 ,-0.120666503906 ,-0.121215820312 ,-0.98486328125
14.6769 ,8353906 ,-128 ,-17 ,-0.016845703125 ,-0.142883300781 ,-0.105407714844 ,-0.983947753906
14.6889 ,8355695 ,-128 ,-17 ,-0.00762939453125 ,-0.182739257812 ,-0.0715942382812 ,-0.980529785156
14.7088 ,8360778 ,-128 ,-17 ,-0.0040283203125 ,-0.193298339844 ,-0.0570678710938 ,-0.9794921875
14.7199 ,8362636 ,-128 ,-17 ,-0.0028076171875 ,-0.195129394531 ,-0.02783203125 ,-0.980346679688
14.7342 ,8365394 ,-127 ,-16 ,0.00018310546875 ,-0.192565917969 ,-0.012939453125 ,-0.981201171875
14.745 ,8366626 ,-127 ,-16 ,0.00482177734375 ,-0.195251464844 ,0.00250244140625 ,-0.980712890625
14.7559 ,8365778 ,-127 ,-17 ,0.00732421875 ,-0.205688476562 ,0.0176391601562 ,-0.978454589844
14.7667 ,8364789 ,-127 ,-17 ,0.010009765625 ,-0.217407226562 ,0.0260620117188 ,-0.975708007812
14.7784 ,8364585 ,-126 ,-17 ,0.00933837890625 ,-0.222045898438 ,0.0262451171875 ,-0.974609375
14.789 ,8365637 ,-125 ,-17 ,0.005615234375 ,-0.216369628906 ,0.0257568359375 ,-0.975952148438
14.8006 ,8364920 ,-125 ,-17 ,-0.002685546875 ,-0.176574707031 ,0.0169067382812 ,-0.984130859375
14.8171 ,8362072 ,-126 ,-16 ,-0.00506591796875 ,-0.150512695312 ,0.0133056640625 ,-0.988525390625
14.8289 ,8362010 ,-126 ,-15 ,-0.00946044921875 ,-0.126403808594 ,0.0115966796875 ,-0.991882324219
14.8404 ,8362401 ,-125 ,-15 ,-0.0178833007812 ,-0.102966308594 ,0.0136108398438 ,-0.994445800781
14.8547 ,8362339 ,-123 ,-15 ,-0.019287109375 ,-0.105590820312 ,0.0126953125 ,-0.994140625
14.867 ,8360585 ,-123 ,-14 ,-0.0196533203125 ,-0.106140136719 ,0.0108642578125 ,-0.994079589844
14.878 ,8357322 ,-123 ,-14 ,-0.021728515625 ,-0.0946655273438 ,0.0069580078125 ,-0.995239257812
14.8893 ,8357117 ,-123 ,-14 ,-0.0261840820312 ,-0.0581665039062 ,0.00390625 ,-0.997985839844
14.9047 ,8357931 ,-123 ,-14 ,-0.0289306640625 ,-0.0513916015625 ,0.00469970703125 ,-0.998229980469
14.9174 ,8357830 ,-124 ,-14 ,-0.0296020507812 ,-0.05126953125 ,0.00640869140625 ,-0.998229980469
14.9286 ,8357924 ,-124 ,-15 ,-0.031005859375 ,-0.0493774414062 ,0.0084228515625 ,-0.998291015625
14.94 ,8356190 ,-124 ,-15 ,-0.031494140625 ,-0.03173828125 ,0.00518798828125 ,-0.998962402344
14.9546 ,8356446 ,-125 ,-16 ,-0.03173828125 ,-0.02587890625 ,0.00115966796875 ,-0.999145507812
14.9679 ,8355702 ,-126 ,-17 ,-0.0328979492188 ,-0.028564453125 ,-0.00189208984375 ,-0.9990234375
14.9786 ,8356996 ,-126 ,-17 ,-0.03369140625 ,-0.036376953125 ,-0.00433349609375 ,-0.998779296875
14.9896 ,8356017 ,-127 ,-17 ,-0.0328979492188 ,-0.0486450195312 ,-0.0074462890625 ,-0.998229980469
15.0044 ,8355408 ,-128 ,-1 ,-0.0322875976562 ,-0.048095703125 ,-0.0112915039062 ,-0.998229980469
15.0182 ,8354785 ,-128 ,-18 ,-0.0325317382812 ,-0.042236328125 ,-0.016357421875 ,-0.998413085938
15.0293 ,8356228 ,-128 ,-18 ,-0.0330810546875 ,-0.03271484375 ,-0.0205078125 ,-0.998718261719
15.0406 ,8357678 ,-128 ,-18 ,-0.03466796875 ,-0.016357421875 ,-0.0254516601562 ,-0.998962402344
15.0548 ,8358571 ,-128 ,-19 ,-0.0344848632812 ,-0.0180053710938 ,-0.025146484375 ,-0.998901367188
15.0679 ,8357948 ,-128 ,-19 ,-0.034423828125 ,-0.025390625 ,-0.0213012695312 ,-0.998840332031
15.0792 ,8357453 ,-128 ,-20 ,-0.0341796875 ,-0.0325317382812 ,-0.0203247070312 ,-0.998657226562
15.0903 ,8356841 ,-129 ,-20 ,-0.034912109375 ,-0.0302734375 ,-0.0187377929688 ,-0.998779296875
15.1045 ,8358280 ,-129 ,-21 ,-0.03662109375 ,-0.0222778320312 ,-0.0179443359375 ,-0.998901367188
15.118 ,8359636 ,-130 ,-22 ,-0.0379638671875 ,-0.0125732421875 ,-0.0160522460938 ,-0.999084472656
15.1293 ,8360405 ,-130 ,-22 ,-0.03955078125 ,-0.00323486328125 ,-0.012939453125 ,-0.999145507812
15.1405 ,8358865 ,-130 ,-23 ,-0.0408325195312 ,0.0074462890625 ,-0.00799560546875 ,-0.999084472656
15.1546 ,8358861 ,-130 ,-1 ,-0.0411376953125 ,0.00726318359375 ,-0.006103515625 ,-0.999084472656
15.1676 ,8358910 ,-130 ,-24 ,-0.0413818359375 ,0.00579833984375 ,-0.00140380859375 ,-0.999145507812
15.1792 ,8358560 ,-130 ,-24 ,-0.0421752929688 ,0.0054931640625 ,-0.00079345703125 ,-0.999084472656
15.1906 ,8359394 ,-130 ,-24 ,-0.0438842773438 ,0.012939453125 ,0.00091552734375 ,-0.998962402344
15.2053 ,8360854 ,-130 ,-23 ,-0.0444946289062 ,0.019775390625 ,0.00152587890625 ,-0.998840332031
15.2182 ,8360529 ,-130 ,-23 ,-0.0448608398438 ,0.0283813476562 ,0.00213623046875 ,-0.998596191406
15.2293 ,8361256 ,-130 ,-23 ,-0.0451049804688 ,0.0369873046875 ,0.00299072265625 ,-0.998291015625
15.2401 ,8361256 ,-130 ,-22 ,-0.0447998046875 ,0.0535888671875 ,0.001953125 ,-0.99755859375
15.2549 ,8361200 ,-129 ,-21 ,-0.044189453125 ,0.0623168945312 ,6.103515625e-05 ,-0.9970703125
15.2679 ,8361619 ,-129 ,-1 ,-0.0426025390625 ,0.0717163085938 ,-0.00140380859375 ,-0.996520996094
15.2792 ,8361360 ,-129 ,-18 ,-0.039794921875 ,0.0809936523438 ,-0.005126953125 ,-0.995910644531
15.2898 ,8360944 ,-129 ,-15 ,-0.0353393554688 ,0.0983276367188 ,-0.0167236328125 ,-0.994384765625
15.3041 ,8361131 ,-129 ,-10 ,-0.0343017578125 ,0.107543945312 ,-0.02392578125 ,-0.993347167969
15.3179 ,8361526 ,-128 ,-6 ,-0.0346069335938 ,0.117370605469 ,-0.0297241210938 ,-0.992065429688
15.3289 ,8361387 ,-128 ,-4 ,-0.0359497070312 ,0.128967285156 ,-0.036865234375 ,-0.990295410156
15.3402 ,8362342 ,-127 ,-1 ,-0.041748046875 ,0.156311035156 ,-0.0463256835938 ,-0.985717773438
15.3547 ,8361827 ,-127 ,1 ,-0.0452270507812 ,0.168701171875 ,-0.0489501953125 ,-0.9833984375
15.3682 ,8361346 ,-127 ,2 ,-0.04736328125 ,0.178100585938 ,-0.0516967773438 ,-0.981506347656
15.379 ,8360391 ,-128 ,3 ,-0.049560546875 ,0.182983398438 ,-0.057373046875 ,-0.980163574219
15.3899 ,8359560 ,-129 ,-1 ,-0.0534057617188 ,0.183410644531 ,-0.07421875 ,-0.978759765625
15.4043 ,8357418 ,-129 ,-1 ,-0.053955078125 ,0.179260253906 ,-0.08349609375 ,-0.978759765625
15.4184 ,8357183 ,-129 ,2 ,-0.0545043945312 ,0.171264648438 ,-0.0919189453125 ,-0.979431152344
15.4294 ,8356173 ,-129 ,2 ,-0.05078125 ,0.155822753906 ,-0.105041503906 ,-0.980895996094
15.4443 ,8351847 ,-129 ,-1 ,-0.0484619140625 ,0.152404785156 ,-0.110778808594 ,-0.980895996094
15.4555 ,8350619 ,-129 ,2 ,-0.0460815429688 ,0.150939941406 ,-0.116088867188 ,-0.980651855469
15.4682 ,8347972 ,-129 ,1 ,-0.0421752929688 ,0.150512695312 ,-0.120666503906 ,-0.980285644531
15.4796 ,8345844 ,-129 ,0 ,-0.0343627929688 ,0.149719238281 ,-0.131103515625 ,-0.979370117188
15.4943 ,8343352 ,-129 ,-1 ,-0.0296020507812 ,0.144287109375 ,-0.138061523438 ,-0.979431152344
15.5053 ,8343145 ,-129 ,-3 ,-0.0262451171875 ,0.134521484375 ,-0.140625 ,-0.980529785156
15.5172 ,8341778 ,-129 ,-4 ,-0.0249633789062 ,0.124633789062 ,-0.138854980469 ,-0.982116699219
15.5287 ,8341474 ,-129 ,-5 ,-0.0252685546875 ,0.121276855469 ,-0.132690429688 ,-0.9833984375
15.54 ,8341982 ,-129 ,-6 ,-0.023681640625 ,0.136779785156 ,-0.121032714844 ,-0.98291015625
15.5546 ,8342062 ,-129 ,-7 ,-0.0205078125 ,0.14697265625 ,-0.126159667969 ,-0.980834960938
15.5672 ,8341972 ,-129 ,-8 ,-0.0155639648438 ,0.149719238281 ,-0.133850097656 ,-0.9794921875
15.5785 ,8341508 ,-129 ,-9 ,-0.013427734375 ,0.140563964844 ,-0.136352539062 ,-0.980529785156
15.5898 ,8341581 ,-129 ,-9 ,-0.015625 ,0.0878295898438 ,-0.125305175781 ,-0.988098144531
15.6049 ,8342124 ,-129 ,-10 ,-0.01416015625 ,0.0603637695312 ,-0.11865234375 ,-0.991027832031
15.6171 ,8342211 ,-129 ,-11 ,-0.0147705078125 ,0.04150390625 ,-0.113647460938 ,-0.992553710938
15.629 ,8343387 ,-129 ,-14 ,-0.0197143554688 ,0.0291748046875 ,-0.110046386719 ,-0.993286132812
15.6402 ,8344723 ,-129 ,-15 ,-0.044677734375 ,0.0112915039062 ,-0.0951538085938 ,-0.994384765625
15.6543 ,8346491 ,-129 ,-16 ,-0.05517578125 ,0.00372314453125 ,-0.0792846679688 ,-0.995300292969
15.6666 ,8349076 ,-129 ,-17 ,-0.0552978515625 ,-0.0035400390625 ,-0.06298828125 ,-0.996459960938
15.6778 ,8352460 ,-129 ,-18 ,-0.0453491210938 ,-0.0123901367188 ,-0.0525512695312 ,-0.997497558594
15.6887 ,8355460 ,-129 ,-19 ,-0.0385131835938 ,-0.0296630859375 ,-0.043212890625 ,-0.997863769531
15.6996 ,8357238 ,-129 ,-20 ,-0.032958984375 ,-0.096435546875 ,-0.0230712890625 ,-0.994506835938
15.7166 ,8361623 ,-129 ,-21 ,-0.0264892578125 ,-0.137390136719 ,-0.0181884765625 ,-0.989990234375
15.7273 ,8365034 ,-129 ,-21 ,-0.0281982421875 ,-0.175659179688 ,-0.0109252929688 ,-0.984008789062
15.7377 ,8369387 ,-130 ,-22 ,-0.026123046875 ,-0.201293945312 ,-0.005859375 ,-0.979187011719
15.7486 ,8374308 ,-130 ,-22 ,-0.0308837890625 ,-0.211608886719 ,-0.000732421875 ,-0.976867675781
15.7597 ,8375927 ,-130 ,-22 ,-0.0319213867188 ,-0.205139160156 ,0.00830078125 ,-0.978210449219
15.7746 ,8377377 ,-130 ,-23 ,-0.0311279296875 ,-0.285766601562 ,0.0328369140625 ,-0.957214355469
15.827 ,8374734 ,-130 ,-23 ,-0.0320434570312 ,-0.278442382812 ,0.0369262695312 ,-0.959228515625
15.8378 ,8373401 ,-130 ,-23 ,-0.0302734375 ,-0.269897460938 ,0.042724609375 ,-0.961486816406
15.8486 ,8368682 ,-130 ,-22 ,-0.0260620117188 ,-0.264526367188 ,0.0501098632812 ,-0.962707519531
15.8597 ,8366637 ,-130 ,-22 ,-0.0203247070312 ,-0.250366210938 ,0.0628051757812 ,-0.965881347656
15.8749 ,8364965 ,-129 ,-22 ,-0.0189819335938 ,-0.234680175781 ,0.0667114257812 ,-0.969604492188
15.8859 ,8363657 ,-129 ,-22 ,-0.018310546875 ,-0.2138671875 ,0.0707397460938 ,-0.97412109375
15.8967 ,8362100 ,-128 ,-22 ,-0.013671875 ,-0.191223144531 ,0.0706176757812 ,-0.978881835938
15.9075 ,8361889 ,-128 ,-23 ,-0.01025390625 ,-0.1708984375 ,0.0652465820312 ,-0.983093261719
15.9182 ,8360778 ,-128 ,-22 ,-0.0074462890625 ,-0.157470703125 ,0.0593872070312 ,-0.985717773438
15.9302 ,8360958 ,-128 ,-22 ,-0.0076904296875 ,-0.156127929688 ,0.0516357421875 ,-0.986328125
15.9446 ,8360412 ,-127 ,-21 ,-0.0078125 ,-0.159606933594 ,0.047607421875 ,-0.986022949219
15.9581 ,8360588 ,-127 ,-21 ,-0.00848388671875 ,-0.154235839844 ,0.0415649414062 ,-0.987121582031
15.9701 ,8359834 ,-127 ,-21 ,-0.0121459960938 ,-0.0936279296875 ,0.0343627929688 ,-0.994934082031
15.9943 ,8354470 ,-126 ,-21 ,-0.0131225585938 ,-0.075927734375 ,0.0344848632812 ,-0.996459960938
16.005 ,8354778 ,-126 ,-21 ,-0.0155029296875 ,-0.0639038085938 ,0.0369262695312 ,-0.997131347656
16.0168 ,8353899 ,-126 ,-21 ,-0.0177001953125 ,-0.0574340820312 ,0.0391235351562 ,-0.997436523438
16.0283 ,8353135 ,-126 ,-21 ,-0.01953125 ,-0.0536499023438 ,0.03955078125 ,-0.99755859375
16.0396 ,8352058 ,-127 ,-21 ,-0.0202026367188 ,-0.0418090820312 ,0.0364379882812 ,-0.998229980469
16.0547 ,8352010 ,-127 ,-22 ,-0.0209350585938 ,-0.0355224609375 ,0.0346069335938 ,-0.99853515625
16.0672 ,8351872 ,-127 ,-22 ,-0.0228271484375 ,-0.03173828125 ,0.0322265625 ,-0.998718261719
16.0791 ,8352858 ,-127 ,-23 ,-0.0238037109375 ,-0.0303955078125 ,0.0311889648438 ,-0.998779296875
16.09 ,8353733 ,-128 ,-23 ,-0.025146484375 ,-0.0309448242188 ,0.03076171875 ,-0.998718261719
16.1045 ,8352640 ,-128 ,-24 ,-0.0247192382812 ,-0.0313720703125 ,0.0319213867188 ,-0.998718261719
16.1168 ,8353176 ,-128 ,-24 ,-0.0244140625 ,-0.0303344726562 ,0.0340576171875 ,-0.998657226562
16.1277 ,8353072 ,-129 ,-24 ,-0.024169921875 ,-0.0266723632812 ,0.03515625 ,-0.998718261719
16.1385 ,8353785 ,-129 ,-24 ,-0.0238037109375 ,-0.0206909179688 ,0.0350341796875 ,-0.998901367188
16.1498 ,8355353 ,-129 ,-25 ,-0.0247802734375 ,-0.0118408203125 ,0.0339965820312 ,-0.9990234375
16.1679 ,8355903 ,-129 ,-25 ,-0.025146484375 ,-0.0128173828125 ,0.037841796875 ,-0.998901367188
16.1797 ,8355702 ,-129 ,-25 ,-0.0252685546875 ,-0.0184326171875 ,0.038330078125 ,-0.998779296875
16.1942 ,8356010 ,-129 ,-26 ,-0.025634765625 ,-0.0181884765625 ,0.0397338867188 ,-0.998718261719
16.2051 ,8356200 ,-129 ,-26 ,-0.026123046875 ,-0.0139770507812 ,0.0409545898438 ,-0.998718261719
16.2182 ,8357730 ,-129 ,-26 ,-0.02685546875 ,-0.00640869140625 ,0.04248046875 ,-0.998718261719
16.23 ,8358553 ,-129 ,-26 ,-0.0281982421875 ,0.0103149414062 ,0.0454711914062 ,-0.99853515625
16.2444 ,8359377 ,-129 ,-26 ,-0.0282592773438 ,0.0145874023438 ,0.0471801757812 ,-0.998352050781
16.2553 ,8359941 ,-129 ,-27 ,-0.0282592773438 ,0.014892578125 ,0.0484619140625 ,-0.998291015625
16.268 ,8360197 ,-130 ,-27 ,-0.0277709960938 ,0.0131225585938 ,0.0513305664062 ,-0.998229980469
16.279 ,8360958 ,-130 ,-28 ,-0.0274047851562 ,0.011474609375 ,0.0523681640625 ,-0.998168945312
16.29 ,8362315 ,-130 ,-28 ,-0.0267944335938 ,0.0145263671875 ,0.0552368164062 ,-0.997985839844
16.3043 ,8363515 ,-129 ,-29 ,-0.026123046875 ,0.0201416015625 ,0.057861328125 ,-0.997802734375
16.3181 ,8362820 ,-129 ,-29 ,-0.0250244140625 ,0.0277709960938 ,0.0609130859375 ,-0.997436523438
16.3292 ,8362983 ,-129 ,-29 ,-0.0203857421875 ,0.0431518554688 ,0.0697631835938 ,-0.996398925781
16.3439 ,8364201 ,-128 ,-1 ,-0.0160522460938 ,0.050048828125 ,0.0743408203125 ,-0.995849609375
16.3548 ,8367066 ,-128 ,-29 ,-0.0108642578125 ,0.056884765625 ,0.0787963867188 ,-0.995178222656
16.368 ,8368996 ,-128 ,-28 ,-0.00421142578125 ,0.064697265625 ,0.0830078125 ,-0.994445800781
16.3786 ,8370990 ,-128 ,-27 ,0.0035400390625 ,0.073486328125 ,0.0869140625 ,-0.993469238281
16.39 ,8371747 ,-127 ,-25 ,0.0215454101562 ,0.0864868164062 ,0.0922241210938 ,-0.991760253906
16.4069 ,8371827 ,-127 ,-19 ,0.029296875 ,0.0911865234375 ,0.0917358398438 ,-0.991149902344
16.4187 ,8372197 ,-127 ,-14 ,0.0361328125 ,0.0994262695312 ,0.0917358398438 ,-0.990173339844
16.4299 ,8373253 ,-127 ,-10 ,0.0411376953125 ,0.123229980469 ,0.0872192382812 ,-0.987670898438
16.4442 ,8374844 ,-128 ,-9 ,0.0400390625 ,0.129272460938 ,0.08642578125 ,-0.986999511719
16.4552 ,8376100 ,-128 ,-6 ,0.0355224609375 ,0.127685546875 ,0.0872192382812 ,-0.9873046875
16.468 ,8375450 ,-128 ,-3 ,0.0274658203125 ,0.119323730469 ,0.0928955078125 ,-0.988098144531
16.4791 ,8374294 ,-128 ,-2 ,0.0113525390625 ,0.0965576171875 ,0.10009765625 ,-0.990234375
16.494 ,8370806 ,-129 ,-1 ,0.00396728515625 ,0.0863037109375 ,0.0977172851562 ,-0.991455078125
16.5045 ,8369498 ,-129 ,0 ,-0.00152587890625 ,0.0775146484375 ,0.0930786132812 ,-0.992614746094
16.5176 ,8365031 ,-129 ,0 ,-0.0047607421875 ,0.0684814453125 ,0.0875244140625 ,-0.993774414062
16.5282 ,8365031 ,-129 ,-1 ,-0.005615234375 ,0.060546875 ,0.0798950195312 ,-0.994934082031
16.5388 ,8357591 ,-129 ,-2 ,-0.0029296875 ,0.0576782226562 ,0.068603515625 ,-0.995971679688
16.5495 ,8353121 ,-129 ,-2 ,0.008544921875 ,0.0706176757812 ,0.0361328125 ,-0.996826171875
16.5666 ,8349266 ,-129 ,-3 ,0.0160522460938 ,0.08349609375 ,0.0167846679688 ,-0.996215820312
16.5776 ,8346823 ,-129 ,-1 ,0.0230712890625 ,0.100219726562 ,-0.0048828125 ,-0.994689941406
16.5881 ,8346823 ,-129 ,-5 ,0.032958984375 ,0.136169433594 ,-0.0550537109375 ,-0.988586425781
16.604 ,8344238 ,-129 ,-7 ,0.0366821289062 ,0.148742675781 ,-0.0830688476562 ,-0.984680175781
16.6168 ,8343660 ,-129 ,-9 ,0.0391845703125 ,0.154968261719 ,-0.11279296875 ,-0.980651855469
16.6271 ,8344951 ,-129 ,-10 ,0.0402221679688 ,0.153198242188 ,-0.141784667969 ,-0.977111816406
16.6377 ,8346536 ,-129 ,-12 ,0.0399780273438 ,0.145568847656 ,-0.172790527344 ,-0.973327636719
16.6482 ,8347394 ,-129 ,-12 ,0.038330078125 ,0.132751464844 ,-0.204284667969 ,-0.969116210938
16.6587 ,8349013 ,-129 ,-13 ,0.0355224609375 ,0.115539550781 ,-0.232421875 ,-0.965087890625
16.67 ,8351339 ,-129 ,-13 ,0.0231323242188 ,0.0782470703125 ,-0.279418945312 ,-0.956726074219
16.6841 ,8355643 ,-129 ,-13 ,0.019775390625 ,0.064697265625 ,-0.297119140625 ,-0.952453613281
16.6947 ,8355643 ,-129 ,-14 ,0.0205078125 ,0.0535278320312 ,-0.31005859375 ,-0.948974609375
16.7052 ,8360502 ,-129 ,-14 ,0.0184326171875 ,0.037353515625 ,-0.323547363281 ,-0.9453125
16.7164 ,8362989 ,-129 ,-15 ,0.0225830078125 ,0.0150756835938 ,-0.327514648438 ,-0.944458007812
16.7274 ,8364280 ,-129 ,-16 ,0.0282592773438 ,-0.01025390625 ,-0.332702636719 ,-0.942565917969
16.7381 ,8366633 ,-129 ,-16 ,0.0335693359375 ,-0.0353393554688 ,-0.332214355469 ,-0.941955566406
16.7487 ,8370830 ,-129 ,-17 ,0.0366821289062 ,-0.0545654296875 ,-0.335693359375 ,-0.939697265625
16.7594 ,8375301 ,-128 ,-18 ,0.0375366210938 ,-0.0673828125 ,-0.336364746094 ,-0.938537597656
16.77 ,8375813 ,-128 ,-19 ,0.0418090820312 ,-0.0864868164062 ,-0.333862304688 ,-0.937744140625
16.784 ,8376561 ,-128 ,-20 ,0.0481567382812 ,-0.103149414062 ,-0.3291015625 ,-0.937438964844
16.7944 ,8375927 ,-128 ,-20 ,0.0553588867188 ,-0.122924804688 ,-0.322143554688 ,-0.93701171875
16.8049 ,8374734 ,-128 ,-20 ,0.060546875 ,-0.139709472656 ,-0.31494140625 ,-0.936828613281
16.8164 ,8375415 ,-128 ,-20 ,0.0620727539062 ,-0.150085449219 ,-0.307495117188 ,-0.937561035156
16.8266 ,8376356 ,-128 ,-20 ,0.0626220703125 ,-0.154846191406 ,-0.300048828125 ,-0.939208984375
16.837 ,8376640 ,-128 ,-20 ,0.0641479492188 ,-0.157958984375 ,-0.290649414062 ,-0.941528320312
16.8475 ,8374958 ,-128 ,-20 ,0.0673828125 ,-0.163513183594 ,-0.280029296875 ,-0.943542480469
16.8579 ,8373623 ,-128 ,-21 ,0.0746459960938 ,-0.179260253906 ,-0.256164550781 ,-0.946899414062
16.874 ,8368633 ,-129 ,-20 ,0.0763549804688 ,-0.183166503906 ,-0.243774414062 ,-0.949340820312
16.8844 ,8367948 ,-129 ,-20 ,0.076904296875 ,-0.18212890625 ,-0.230895996094 ,-0.952697753906
16.895 ,8366214 ,-129 ,-20 ,0.07568359375 ,-0.178344726562 ,-0.216918945312 ,-0.956787109375
16.9054 ,8365086 ,-129 ,-20 ,0.074462890625 ,-0.173645019531 ,-0.202331542969 ,-0.9609375
16.9165 ,8362699 ,-129 ,-21 ,0.0740356445312 ,-0.168395996094 ,-0.189025878906 ,-0.964599609375
16.9269 ,8361370 ,-129 ,-21 ,0.0716552734375 ,-0.163452148438 ,-0.177917480469 ,-0.967712402344
16.9377 ,8361533 ,-129 ,-21 ,0.0694580078125 ,-0.157165527344 ,-0.170043945312 ,-0.970336914062
16.9489 ,8359387 ,-129 ,-21 ,0.0641479492188 ,-0.151916503906 ,-0.161193847656 ,-0.973022460938
16.9601 ,8357761 ,-129 ,-21 ,0.0496826171875 ,-0.138854980469 ,-0.146423339844 ,-0.978149414062
16.9743 ,8357508 ,-129 ,-21 ,0.0418090820312 ,-0.127258300781 ,-0.139221191406 ,-0.981140136719
16.985 ,8356097 ,-129 ,-21 ,0.032470703125 ,-0.115600585938 ,-0.132080078125 ,-0.983947753906
16.9965 ,8354879 ,-128 ,-20 ,0.0216064453125 ,-0.106567382812 ,-0.125427246094 ,-0.986145019531
17.0076 ,8354768 ,-128 ,-20 ,0.0126953125 ,-0.0999755859375 ,-0.119201660156 ,-0.987731933594
17.0181 ,8355387 ,-128 ,-19 ,0.0068359375 ,-0.0939331054688 ,-0.111999511719 ,-0.9892578125
17.0295 ,8355699 ,-128 ,-20 ,-0.012939453125 ,-0.0814208984375 ,-0.100524902344 ,-0.991516113281
17.0441 ,8358609 ,-127 ,-20 ,-0.0187377929688 ,-0.0716552734375 ,-0.0974731445312 ,-0.992492675781
17.0546 ,8359450 ,-126 ,-20 ,-0.02685546875 ,-0.0601196289062 ,-0.0977172851562 ,-0.993041992188
17.0667 ,8358010 ,-126 ,-20 ,-0.0338745117188 ,-0.0479125976562 ,-0.09912109375 ,-0.993347167969
17.0783 ,8355491 ,-126 ,-21 ,-0.0363159179688 ,-0.0352783203125 ,-0.099853515625 ,-0.993713378906
17.0895 ,8356380 ,-126 ,-21 ,-0.0416259765625 ,-0.0275268554688 ,-0.101257324219 ,-0.993591308594
17.1046 ,8356813 ,-126 ,-22 ,-0.044921875 ,-0.0308837890625 ,-0.10205078125 ,-0.993286132812
17.1166 ,8355463 ,-126 ,-1 ,-0.0471801757812 ,-0.0316162109375 ,-0.100402832031 ,-0.993347167969
17.1271 ,8355903 ,-126 ,-23 ,-0.0486450195312 ,-0.0269165039062 ,-0.0980834960938 ,-0.99365234375
17.1376 ,8354512 ,-127 ,-24 ,-0.0519409179688 ,-0.0177001953125 ,-0.0979614257812 ,-0.99365234375
17.1482 ,8354782 ,-127 ,-24 ,-0.0545654296875 ,-0.005615234375 ,-0.0997314453125 ,-0.993530273438
17.1588 ,8355083 ,-127 ,-24 ,-0.0554809570312 ,0.0059814453125 ,-0.102172851562 ,-0.993225097656
17.1702 ,8355657 ,-127 ,-24 ,-0.0589599609375 ,0.0115356445312 ,-0.107177734375 ,-0.992431640625
17.1842 ,8355951 ,-128 ,-24 ,-0.0580444335938 ,0.00445556640625 ,-0.109008789062 ,-0.992309570312
17.1947 ,8355944 ,-128 ,-24 ,-0.0576171875 ,-0.00701904296875 ,-0.110778808594 ,-0.992126464844
17.2055 ,8355944 ,-128 ,-24 ,-0.056640625 ,-0.016845703125 ,-0.114318847656 ,-0.99169921875
17.2167 ,8355436 ,-128 ,-23 ,-0.0562744140625 ,-0.0200805664062 ,-0.119140625 ,-0.991088867188
17.2277 ,8356190 ,-128 ,-23 ,-0.05810546875 ,-0.0161743164062 ,-0.123291015625 ,-0.990539550781
17.2382 ,8356384 ,-128 ,-23 ,-0.060791015625 ,-0.007568359375 ,-0.125427246094 ,-0.990234375
17.2489 ,8358207 ,-128 ,-23 ,-0.06396484375 ,0.0023193359375 ,-0.126403808594 ,-0.989929199219
17.2598 ,8359796 ,-128 ,-23 ,-0.0687255859375 ,0.0159912109375 ,-0.124938964844 ,-0.989685058594
17.2738 ,8360256 ,-128 ,-23 ,-0.0697631835938 ,0.0152587890625 ,-0.123474121094 ,-0.98974609375
17.2842 ,8360107 ,-128 ,-23 ,-0.0696411132812 ,0.011962890625 ,-0.122741699219 ,-0.989929199219
17.2947 ,8360546 ,-128 ,-23 ,-0.0704345703125 ,0.00958251953125 ,-0.1220703125 ,-0.989990234375
17.3052 ,8360692 ,-128 ,-23 ,-0.0717163085938 ,0.0111694335938 ,-0.122009277344 ,-0.989868164062
17.3186 ,8362695 ,-128 ,-23 ,-0.0738525390625 ,0.0165405273438 ,-0.121765136719 ,-0.989685058594
17.3297 ,8362848 ,-128 ,-23 ,-0.07763671875 ,0.031982421875 ,-0.117980957031 ,-0.989440917969
17.3439 ,8362502 ,-128 ,-23 ,-0.0787963867188 ,0.0391845703125 ,-0.115478515625 ,-0.989379882812
17.3545 ,8359501 ,-127 ,-23 ,-0.0792846679688 ,0.0452880859375 ,-0.111938476562 ,-0.989501953125
17.3678 ,8358474 ,-127 ,-23 ,-0.078125 ,0.0515747070312 ,-0.106811523438 ,-0.989868164062
17.3789 ,8358038 ,-126 ,-23 ,-0.0748901367188 ,0.0594482421875 ,-0.100036621094 ,-0.990356445312
17.3896 ,8358948 ,-126 ,-23 ,-0.0648193359375 ,0.0819702148438 ,-0.0801391601562 ,-0.991271972656
17.404 ,8360986 ,-125 ,-24 ,-0.0569458007812 ,0.0968627929688 ,-0.06884765625 ,-0.991271972656
17.4167 ,8361491 ,-125 ,-23 ,-0.048583984375 ,0.113159179688 ,-0.0576782226562 ,-0.99072265625
17.4271 ,8361069 ,-125 ,-22 ,-0.0390014648438 ,0.126342773438 ,-0.047119140625 ,-0.990112304688
17.4377 ,8360809 ,-125 ,-20 ,-0.0285034179688 ,0.133850097656 ,-0.037841796875 ,-0.989868164062
17.4484 ,8359671 ,-125 ,-18 ,-0.0200805664062 ,0.134521484375 ,-0.0291137695312 ,-0.990295410156
17.4591 ,8359567 ,-126 ,-16 ,-0.0130615234375 ,0.131896972656 ,-0.0215454101562 ,-0.990966796875
17.4699 ,8361318 ,-126 ,-14 ,-0.00628662109375 ,0.128662109375 ,6.103515625e-05 ,-0.991638183594
17.4838 ,8366055 ,-126 ,-12 ,-0.00616455078125 ,0.126953125 ,0.01220703125 ,-0.991821289062
17.4946 ,8366976 ,-126 ,-11 ,-0.00640869140625 ,0.120910644531 ,0.0259399414062 ,-0.992309570312
17.5052 ,8367924 ,-127 ,-10 ,-0.0076904296875 ,0.108215332031 ,0.0421142578125 ,-0.993225097656
17.5169 ,8367208 ,-127 ,-10 ,-0.0120849609375 ,0.0899047851562 ,0.063720703125 ,-0.993835449219
17.5272 ,8365533 ,-127 ,-10 ,-0.015625 ,0.0707397460938 ,0.0844116210938 ,-0.993774414062
17.538 ,8365533 ,-127 ,-10 ,-0.0193481445312 ,0.0565185546875 ,0.104064941406 ,-0.992797851562
17.5486 ,8366481 ,-127 ,-11 ,-0.0238647460938 ,0.0502319335938 ,0.121276855469 ,-0.991027832031
17.5595 ,8367602 ,-128 ,-12 ,-0.02978515625 ,0.0538940429688 ,0.153991699219 ,-0.986145019531
17.5737 ,8368740 ,-128 ,-13 ,-0.0308227539062 ,0.0547485351562 ,0.170471191406 ,-0.983337402344
17.5842 ,8368740 ,-128 ,-13 ,-0.0322875976562 ,0.0504760742188 ,0.187072753906 ,-0.980529785156
17.5947 ,8363256 ,-128 ,-13 ,-0.0331420898438 ,0.0438842773438 ,0.201782226562 ,-0.977905273438
17.6055 ,8361104 ,-128 ,-13 ,-0.0328979492188 ,0.0380859375 ,0.215209960938 ,-0.975280761719
17.6176 ,8359688 ,-128 ,-13 ,-0.0342407226562 ,0.0355224609375 ,0.226867675781 ,-0.97265625
17.6287 ,8358322 ,-128 ,-13 ,-0.0333862304688 ,0.0372924804688 ,0.237060546875 ,-0.97021484375
17.6396 ,8357533 ,-128 ,-14 ,-0.0308837890625 ,0.0440673828125 ,0.263732910156 ,-0.963073730469
17.654 ,8357602 ,-128 ,-14 ,-0.0302124023438 ,0.0460815429688 ,0.277160644531 ,-0.959228515625
17.6678 ,8356758 ,-127 ,-14 ,-0.0292358398438 ,0.046142578125 ,0.290222167969 ,-0.955383300781
17.6789 ,8355270 ,-127 ,-14 ,-0.0289306640625 ,0.0440063476562 ,0.302368164062 ,-0.951721191406
17.6895 ,8354533 ,-127 ,-14 ,-0.0308227539062 ,0.0336303710938 ,0.323913574219 ,-0.945007324219
17.7041 ,8355664 ,-127 ,-14 ,-0.0317993164062 ,0.0281372070312 ,0.334350585938 ,-0.941528320312
17.7177 ,8355751 ,-127 ,-14 ,-0.0336303710938 ,0.0243530273438 ,0.344055175781 ,-0.938049316406
17.7283 ,8357581 ,-127 ,-15 ,-0.0353393554688 ,0.0202026367188 ,0.352722167969 ,-0.934814453125
17.7394 ,8357844 ,-127 ,-15 ,-0.041748046875 ,0.00439453125 ,0.369689941406 ,-0.92822265625
17.7539 ,8358187 ,-127 ,-15 ,-0.0457153320312 ,-0.0078125 ,0.376220703125 ,-0.925354003906
17.7678 ,8359052 ,-127 ,-15 ,-0.0496826171875 ,-0.0210571289062 ,0.381042480469 ,-0.922973632812
17.7789 ,8360128 ,-127 ,-16 ,-0.0545654296875 ,-0.0338745117188 ,0.384826660156 ,-0.920776367188
17.7896 ,8360363 ,-128 ,-16 ,-0.0634155273438 ,-0.0541381835938 ,0.388793945312 ,-0.917541503906
17.804 ,8361906 ,-128 ,-16 ,-0.0672607421875 ,-0.0620727539062 ,0.3896484375 ,-0.916381835938
17.8165 ,8361886 ,-128 ,-16 ,-0.0715942382812 ,-0.0700073242188 ,0.389526367188 ,-0.915588378906
17.8269 ,8362720 ,-128 ,-16 ,-0.0762329101562 ,-0.0799560546875 ,0.38818359375 ,-0.914916992188
17.8376 ,8362951 ,-128 ,-16 ,-0.081787109375 ,-0.0934448242188 ,0.385986328125 ,-0.914123535156
17.8482 ,8362553 ,-128 ,-16 ,-0.087890625 ,-0.109436035156 ,0.382934570312 ,-0.9130859375
17.859 ,8362384 ,-128 ,-16 ,-0.0951538085938 ,-0.124389648438 ,0.378540039062 ,-0.912231445312
17.87 ,8361716 ,-128 ,-16 ,-0.107482910156 ,-0.148193359375 ,0.368103027344 ,-0.911560058594
17.8841 ,8360979 ,-128 ,-16 ,-0.112548828125 ,-0.15673828125 ,0.362670898438 ,-0.911743164062
17.8946 ,8359716 ,-128 ,-17 ,-0.116577148438 ,-0.163879394531 ,0.356323242188 ,-0.912475585938
17.9061 ,8358412 ,-128 ,-17 ,-0.120849609375 ,-0.168151855469 ,0.349975585938 ,-0.91357421875
17.9166 ,8356131 ,-128 ,-18 ,-0.125305175781 ,-0.167541503906 ,0.34375 ,-0.915466308594
17.9341 ,8352719 ,-129 ,-18 ,-0.126220703125 ,-0.162963867188 ,0.341430664062 ,-0.917053222656
17.9446 ,8351017 ,-129 ,-19 ,-0.1259765625 ,-0.156311035156 ,0.3388671875 ,-0.919128417969
17.9551 ,8349695 ,-129 ,-20 ,-0.125244140625 ,-0.147399902344 ,0.335571289062 ,-0.921936035156
17.9666 ,8346802 ,-129 ,-21 ,-0.124267578125 ,-0.13671875 ,0.331909179688 ,-0.925048828125
17.9782 ,8344311 ,-129 ,-22 ,-0.123229980469 ,-0.123779296875 ,0.328369140625 ,-0.928283691406
17.989 ,8344311 ,-128 ,-23 ,-0.106811523438 ,-0.0511474609375 ,0.321716308594 ,-0.939392089844
18.0166 ,8341889 ,-128 ,-23 ,-0.089111328125 ,-0.0148315429688 ,0.31884765625 ,-0.943481445312
18.0273 ,8341480 ,-128 ,-23 ,-0.067138671875 ,0.0230102539062 ,0.3134765625 ,-0.946960449219
18.0378 ,8340394 ,-128 ,-23 ,-0.0653686523438 ,0.0394287109375 ,0.319213867188 ,-0.944580078125
18.0486 ,8341411 ,-128 ,-23 ,-0.0939331054688 ,0.0093994140625 ,0.321350097656 ,-0.942260742188
18.0599 ,8341065 ,-128 ,-22 ,-0.126647949219 ,-0.0579833984375 ,0.314086914062 ,-0.939086914062
18.0746 ,8341487 ,-128 ,-22 ,-0.131530761719 ,-0.076416015625 ,0.312377929688 ,-0.937683105469
18.0854 ,8339878 ,-128 ,-22 ,-0.131530761719 ,-0.0797119140625 ,0.308044433594 ,-0.938842773438
18.0961 ,8340349 ,-128 ,-21 ,-0.12451171875 ,-0.0665893554688 ,0.303405761719 ,-0.942321777344
18.1069 ,8341304 ,-129 ,-21 ,-0.114074707031 ,-0.0521240234375 ,0.29736328125 ,-0.946472167969
18.1175 ,8340584 ,-129 ,-22 ,-0.10107421875 ,-0.0398559570312 ,0.288696289062 ,-0.951232910156
18.1287 ,8340826 ,-129 ,-22 ,-0.0906372070312 ,-0.035400390625 ,0.274597167969 ,-0.956604003906
18.1399 ,8339923 ,-129 ,-21 ,-0.0751953125 ,-0.0490112304688 ,0.243103027344 ,-0.9658203125
18.1542 ,8340692 ,-129 ,-21 ,-0.0682373046875 ,-0.0567016601562 ,0.228454589844 ,-0.969482421875
18.1667 ,8339916 ,-130 ,-20 ,-0.0634765625 ,-0.0597534179688 ,0.214172363281 ,-0.972900390625
18.178 ,8340200 ,-130 ,-20 ,-0.0610961914062 ,-0.0574951171875 ,0.201599121094 ,-0.975891113281
18.1886 ,8339505 ,-130 ,-20 ,-0.0596923828125 ,-0.0527954101562 ,0.191040039062 ,-0.978332519531
18.1996 ,8339896 ,-130 ,-20 ,-0.0578002929688 ,-0.0435791015625 ,0.176025390625 ,-0.981750488281
18.2166 ,8340193 ,-130 ,-20 ,-0.0578002929688 ,-0.041015625 ,0.173095703125 ,-0.982360839844
18.2274 ,8339806 ,-130 ,-20 ,-0.0577392578125 ,-0.0399169921875 ,0.171142578125 ,-0.982727050781
18.2382 ,8339283 ,-131 ,-20 ,-0.057861328125 ,-0.0390014648438 ,0.169799804688 ,-0.983032226562
18.2493 ,8339920 ,-131 ,-20 ,-0.0575561523438 ,-0.0376586914062 ,0.169311523438 ,-0.983154296875
18.2601 ,8340186 ,-131 ,-21 ,-0.0557250976562 ,-0.033203125 ,0.170776367188 ,-0.983154296875
18.2745 ,8340186 ,-131 ,-21 ,-0.0549926757812 ,-0.0300903320312 ,0.172485351562 ,-0.983032226562
18.2853 ,8339844 ,-131 ,-22 ,-0.0559692382812 ,-0.0181274414062 ,0.194702148438 ,-0.979064941406
18.3343 ,8340508 ,-131 ,-23 ,-0.0574340820312 ,-0.0158081054688 ,0.200378417969 ,-0.977905273438
18.3449 ,8340480 ,-131 ,-24 ,-0.058837890625 ,-0.0132446289062 ,0.2060546875 ,-0.976684570312
18.3554 ,8341608 ,-130 ,-24 ,-0.0601196289062 ,-0.009033203125 ,0.212646484375 ,-0.975219726562
18.3665 ,8341608 ,-130 ,-24 ,-0.0603637695312 ,-0.00115966796875 ,0.221008300781 ,-0.973388671875
18.3778 ,8341754 ,-130 ,-25 ,-0.0547485351562 ,0.0189208984375 ,0.232238769531 ,-0.970947265625
18.3886 ,8342460 ,-129 ,-25 ,-0.04541015625 ,0.052001953125 ,0.246704101562 ,-0.966613769531
18.3995 ,8342041 ,-129 ,-25 ,-0.0322265625 ,0.117004394531 ,0.274230957031 ,-0.953979492188
18.4166 ,8341806 ,-129 ,-25 ,-0.0191040039062 ,0.134155273438 ,0.28515625 ,-0.948852539062
18.4272 ,8341761 ,-128 ,-25 ,-0.0008544921875 ,0.141845703125 ,0.294921875 ,-0.944946289062
18.4379 ,8341996 ,-127 ,-24 ,0.0244140625 ,0.148498535156 ,0.304565429688 ,-0.940551757812
18.4488 ,8341287 ,-127 ,-24 ,0.0560302734375 ,0.161010742188 ,0.314270019531 ,-0.933898925781
18.4599 ,8342608 ,-126 ,-1 ,0.126892089844 ,0.2119140625 ,0.330810546875 ,-0.910827636719
18.4745 ,8341930 ,-126 ,-1 ,0.155029296875 ,0.244323730469 ,0.3359375 ,-0.896362304688
18.4852 ,8342480 ,-126 ,-1 ,0.171752929688 ,0.275329589844 ,0.339599609375 ,-0.8828125
18.496 ,8341480 ,-127 ,-1 ,0.174621582031 ,0.302185058594 ,0.342041015625 ,-0.872497558594
18.5067 ,8342373 ,-127 ,-1 ,0.167602539062 ,0.318237304688 ,0.344055175781 ,-0.867309570312
18.5174 ,8342249 ,-128 ,-20 ,0.157897949219 ,0.326049804688 ,0.342956542969 ,-0.86669921875
18.5284 ,8341965 ,-128 ,-15 ,0.148254394531 ,0.326171875 ,0.336303710938 ,-0.870910644531
18.5401 ,8341467 ,-128 ,-13 ,0.147644042969 ,0.318054199219 ,0.314636230469 ,-0.882080078125
18.5543 ,8341944 ,-128 ,-13 ,0.150207519531 ,0.313171386719 ,0.312438964844 ,-0.884155273438
18.5668 ,8342775 ,-129 ,-14 ,0.147155761719 ,0.306396484375 ,0.319030761719 ,-0.884704589844
18.5777 ,8342238 ,-129 ,-17 ,0.128234863281 ,0.319641113281 ,0.32763671875 ,-0.879821777344
18.6246 ,8339833 ,-129 ,-19 ,0.134582519531 ,0.328918457031 ,0.306274414062 ,-0.883117675781
18.6354 ,8339117 ,-129 ,-20 ,0.138610839844 ,0.335510253906 ,0.266418457031 ,-0.892883300781
18.6465 ,8340418 ,-129 ,-22 ,0.139587402344 ,0.335754394531 ,0.221801757812 ,-0.904724121094
18.6577 ,8339508 ,-129 ,-23 ,0.133911132812 ,0.329956054688 ,0.180725097656 ,-0.916809082031
18.6692 ,8339934 ,-129 ,-24 ,0.120666503906 ,0.32080078125 ,0.145202636719 ,-0.928161621094
18.6802 ,8340401 ,-129 ,-25 ,0.0779418945312 ,0.292297363281 ,0.0941772460938 ,-0.948486328125
18.6948 ,8340560 ,-129 ,-26 ,0.0558471679688 ,0.270812988281 ,0.0697021484375 ,-0.95849609375
18.7062 ,8340221 ,-129 ,-27 ,0.0428466796875 ,0.234069824219 ,0.0352172851562 ,-0.970642089844
18.718 ,8339498 ,-129 ,-28 ,0.0468139648438 ,0.182983398438 ,-0.0109252929688 ,-0.98193359375
18.7298 ,8340183 ,-129 ,-28 ,0.0609130859375 ,0.102783203125 ,-0.102416992188 ,-0.987548828125
18.7444 ,8340688 ,-129 ,-29 ,0.0548095703125 ,0.0924682617188 ,-0.126708984375 ,-0.986083984375
18.7555 ,8342411 ,-129 ,-28 ,0.0465698242188 ,0.100158691406 ,-0.132202148438 ,-0.985046386719
18.7672 ,8342114 ,-130 ,-29 ,0.043212890625 ,0.115478515625 ,-0.140258789062 ,-0.982421875
18.779 ,8341480 ,-130 ,-29 ,0.0442504882812 ,0.123962402344 ,-0.156616210938 ,-0.978820800781
18.7905 ,8342107 ,-130 ,-29 ,0.039306640625 ,0.134582519531 ,-0.190185546875 ,-0.9716796875
18.8045 ,8340792 ,-130 ,-29 ,0.0374145507812 ,0.129455566406 ,-0.200988769531 ,-0.970275878906
18.8169 ,8341190 ,-130 ,-29 ,0.0382690429688 ,0.113403320312 ,-0.206909179688 ,-0.971008300781
18.828 ,8340816 ,-130 ,-30 ,0.0407104492188 ,0.0916748046875 ,-0.204711914062 ,-0.973693847656
18.8396 ,8341186 ,-130 ,-30 ,0.0525512695312 ,0.0497436523438 ,-0.174926757812 ,-0.98193359375
18.8542 ,8341460 ,-130 ,-30 ,0.0567626953125 ,0.0390014648438 ,-0.150634765625 ,-0.986206054688
18.8669 ,8341065 ,-130 ,-31 ,0.0587768554688 ,0.037109375 ,-0.122619628906 ,-0.989990234375
18.8783 ,8341647 ,-130 ,-31 ,0.056884765625 ,0.0465087890625 ,-0.091552734375 ,-0.993103027344
18.8891 ,8341660 ,-130 ,-31 ,0.0565795898438 ,0.0618286132812 ,-0.0614013671875 ,-0.994567871094
18.9003 ,8341723 ,-130 ,-31 ,0.0603637695312 ,0.0901489257812 ,-0.00677490234375 ,-0.994079589844
18.9169 ,8342006 ,-130 ,-31 ,0.064697265625 ,0.0957641601562 ,0.0194702148438 ,-0.993103027344
18.9289 ,8342259 ,-130 ,-33 ,0.0706787109375 ,0.0947265625 ,0.0458984375 ,-0.991943359375
18.9403 ,8341304 ,-130 ,-32 ,0.078369140625 ,0.0796508789062 ,0.102478027344 ,-0.988464355469
18.954 ,8342183 ,-130 ,-32 ,0.08642578125 ,0.0739135742188 ,0.128723144531 ,-0.985107421875
18.9666 ,8342325 ,-130 ,-32 ,0.0927734375 ,0.0704345703125 ,0.15478515625 ,-0.981079101562
18.9776 ,8342795 ,-130 ,-32 ,0.096435546875 ,0.06640625 ,0.180236816406 ,-0.976623535156
18.9884 ,8342989 ,-130 ,-32 ,0.0958862304688 ,0.0633544921875 ,0.20263671875 ,-0.972473144531
18.9995 ,8344076 ,-130 ,-31 ,0.0816650390625 ,0.0576171875 ,0.245727539062 ,-0.964172363281
19.017 ,8345214 ,-130 ,-30 ,0.0640258789062 ,0.054443359375 ,0.271240234375 ,-0.958801269531
19.0289 ,8346079 ,-130 ,-29 ,0.0410766601562 ,0.0478515625 ,0.295288085938 ,-0.953308105469
19.0402 ,8348695 ,-130 ,-29 ,0.0201416015625 ,0.0265502929688 ,0.323181152344 ,-0.945739746094
19.0545 ,8354197 ,-130 ,-28 ,0.0281982421875 ,0.0100708007812 ,0.332214355469 ,-0.942749023438
19.067 ,8360062 ,-130 ,-28 ,0.0264892578125 ,-0.0140991210938 ,0.346801757812 ,-0.937438964844
19.079 ,8362249 ,-130 ,-28 ,0.00653076171875 ,-0.0521850585938 ,0.362854003906 ,-0.930358886719
19.0906 ,8364823 ,-130 ,-28 ,-0.031005859375 ,-0.142272949219 ,0.382995605469 ,-0.912231445312
19.1046 ,8370889 ,-130 ,-29 ,-0.046630859375 ,-0.157836914062 ,0.385620117188 ,-0.907836914062
19.1168 ,8375325 ,-130 ,-29 ,-0.0496826171875 ,-0.146911621094 ,0.389587402344 ,-0.907836914062
19.1278 ,8379962 ,-130 ,-30 ,-0.0466918945312 ,-0.115539550781 ,0.392944335938 ,-0.911071777344
19.1387 ,8380557 ,-130 ,-30 ,-0.0369873046875 ,-0.08056640625 ,0.396667480469 ,-0.913696289062
19.1497 ,8380339 ,-130 ,-31 ,-0.035400390625 ,-0.0628051757812 ,0.404296875 ,-0.911743164062
19.1668 ,8377993 ,-129 ,-31 ,-0.0454711914062 ,-0.0801391601562 ,0.406127929688 ,-0.9091796875
19.1783 ,8382938 ,-129 ,-31 ,-0.057373046875 ,-0.0977783203125 ,0.40673828125 ,-0.906494140625
19.1891 ,8382938 ,-129 ,-31 ,-0.0675659179688 ,-0.105834960938 ,0.405151367188 ,-0.905578613281
19.1998 ,8387260 ,-128 ,-31 ,-0.0735473632812 ,-0.105285644531 ,0.405456542969 ,-0.905029296875
19.2168 ,8385232 ,-128 ,-32 ,-0.0752563476562 ,-0.110412597656 ,0.408142089844 ,-0.903076171875
19.2275 ,8385592 ,-128 ,-32 ,-0.076416015625 ,-0.117614746094 ,0.410095214844 ,-0.901184082031
19.2383 ,8386325 ,-128 ,-32 ,-0.0778198242188 ,-0.117553710938 ,0.409545898438 ,-0.9013671875
19.2491 ,8388021 ,-128 ,-32 ,-0.0771484375 ,-0.109497070312 ,0.412414550781 ,-0.901062011719
19.2601 ,8388644 ,-128 ,-32 ,-0.0728759765625 ,-0.0912475585938 ,0.418823242188 ,-0.900512695312
19.274 ,8386429 ,-128 ,-33 ,-0.0736083984375 ,-0.0907592773438 ,0.419616699219 ,-0.900146484375
19.2849 ,8385547 ,-128 ,-33 ,-0.0751342773438 ,-0.0916137695312 ,0.419738769531 ,-0.899841308594
19.2956 ,8385710 ,-128 ,-33 ,-0.0726318359375 ,-0.078857421875 ,0.418640136719 ,-0.901794433594
19.3166 ,8385550 ,-128 ,-33 ,-0.0697631835938 ,-0.0701904296875 ,0.417053222656 ,-0.903503417969
19.3276 ,8383318 ,-128 ,-33 ,-0.0697631835938 ,-0.069091796875 ,0.413757324219 ,-0.905090332031
19.3441 ,8381076 ,-129 ,-33 ,-0.0717163085938 ,-0.0729370117188 ,0.411865234375 ,-0.905456542969
19.3548 ,8379914 ,-129 ,-33 ,-0.0724487304688 ,-0.0706787109375 ,0.405029296875 ,-0.90869140625
19.3747 ,8378246 ,-129 ,-33 ,-0.071044921875 ,-0.0659790039062 ,0.401184082031 ,-0.910827636719
19.3856 ,8378453 ,-129 ,-33 ,-0.0697631835938 ,-0.062744140625 ,0.398254394531 ,-0.912475585938
19.3964 ,8375817 ,-129 ,-33 ,-0.0693969726562 ,-0.0612182617188 ,0.395751953125 ,-0.913696289062
19.4072 ,8375284 ,-129 ,-33 ,-0.0691528320312 ,-0.059326171875 ,0.393127441406 ,-0.914978027344
19.4183 ,8373855 ,-129 ,-32 ,-0.0680541992188 ,-0.0548095703125 ,0.390808105469 ,-0.916320800781
19.4292 ,8372519 ,-129 ,-31 ,-0.0654907226562 ,-0.0481567382812 ,0.388916015625 ,-0.917663574219
19.4399 ,8371235 ,-129 ,-30 ,-0.0603637695312 ,-0.0386352539062 ,0.385192871094 ,-0.920043945312
19.454 ,8368287 ,-129 ,-28 ,-0.059326171875 ,-0.03759765625 ,0.383178710938 ,-0.921020507812
19.4664 ,8366758 ,-130 ,-26 ,-0.0591430664062 ,-0.0361938476562 ,0.380493164062 ,-0.922180175781
19.4766 ,8364879 ,-130 ,-24 ,-0.0599365234375 ,-0.0303955078125 ,0.3759765625 ,-0.924194335938
19.4871 ,8363792 ,-130 ,-23 ,-0.0603637695312 ,-0.0186157226562 ,0.369445800781 ,-0.927124023438
19.4976 ,8363225 ,-130 ,-20 ,-0.0599365234375 ,-0.0025634765625 ,0.362487792969 ,-0.930053710938
19.5081 ,8360380 ,-130 ,-19 ,-0.0615234375 ,0.0137939453125 ,0.355102539062 ,-0.932678222656
19.5183 ,8357816 ,-130 ,-17 ,-0.0662231445312 ,0.0269775390625 ,0.346618652344 ,-0.935302734375
19.5293 ,8355564 ,-130 ,-16 ,-0.0735473632812 ,0.0364379882812 ,0.337036132812 ,-0.937927246094
19.54 ,8353751 ,-130 ,-15 ,-0.092529296875 ,0.048095703125 ,0.3173828125 ,-0.942565917969
19.554 ,8351429 ,-130 ,-15 ,-0.102111816406 ,0.0543823242188 ,0.306518554688 ,-0.94482421875
19.5665 ,8349899 ,-130 ,-15 ,-0.110534667969 ,0.0641479492188 ,0.293701171875 ,-0.947326660156
19.5777 ,8346972 ,-130 ,-16 ,-0.117309570312 ,0.0777587890625 ,0.280212402344 ,-0.949584960938
19.5883 ,8347304 ,-130 ,-16 ,-0.122619628906 ,0.0934448242188 ,0.266235351562 ,-0.951477050781
19.5992 ,8346512 ,-130 ,-17 ,-0.128112792969 ,0.109130859375 ,0.251831054688 ,-0.953002929688
19.6101 ,8344650 ,-129 ,-17 ,-0.137023925781 ,0.138671875 ,0.216918945312 ,-0.95654296875
19.6241 ,8343525 ,-129 ,-18 ,-0.138977050781 ,0.152404785156 ,0.19677734375 ,-0.95849609375
19.6346 ,8343442 ,-129 ,-18 ,-0.141235351562 ,0.164794921875 ,0.176208496094 ,-0.960144042969
19.6452 ,8342882 ,-129 ,-19 ,-0.143432617188 ,0.17578125 ,0.153930664062 ,-0.961669921875
19.6557 ,8342747 ,-129 ,-19 ,-0.144104003906 ,0.186096191406 ,0.129455566406 ,-0.963256835938
19.6668 ,8343494 ,-129 ,-19 ,-0.1435546875 ,0.196411132812 ,0.101135253906 ,-0.964660644531
19.6779 ,8344031 ,-129 ,-1 ,-0.141174316406 ,0.205322265625 ,0.0672607421875 ,-0.966125488281
19.6889 ,8344716 ,-129 ,-1 ,-0.139099121094 ,0.21142578125 ,0.0274047851562 ,-0.967041015625
19.6996 ,8344318 ,-129 ,-1 ,-0.140747070312 ,0.208984375 ,-0.047607421875 ,-0.966552734375
19.7166 ,8345716 ,-129 ,-1 ,-0.139770507812 ,0.202209472656 ,-0.080810546875 ,-0.965942382812
19.7273 ,8347789 ,-129 ,-1 ,-0.13818359375 ,0.196411132812 ,-0.115234375 ,-0.9638671875
19.7382 ,8348986 ,-129 ,-1 ,-0.133544921875 ,0.193054199219 ,-0.146301269531 ,-0.960998535156
19.7492 ,8350782 ,-129 ,-1 ,-0.113403320312 ,0.195556640625 ,-0.19189453125 ,-0.955017089844
19.7665 ,8352754 ,-129 ,-1 ,-0.107666015625 ,0.196716308594 ,-0.215270996094 ,-0.950439453125
19.7768 ,8355996 ,-129 ,-1 ,-0.0997314453125 ,0.192810058594 ,-0.233154296875 ,-0.947875976562
19.7883 ,8358937 ,-129 ,-1 ,-0.0901489257812 ,0.1826171875 ,-0.249206542969 ,-0.94677734375
19.7995 ,8359733 ,-129 ,-1 ,-0.073974609375 ,0.149719238281 ,-0.275756835938 ,-0.946594238281
19.8164 ,8363294 ,-130 ,-1 ,-0.068359375 ,0.135314941406 ,-0.286743164062 ,-0.945922851562
19.8273 ,8364093 ,-130 ,-1 ,-0.0645141601562 ,0.125732421875 ,-0.291931152344 ,-0.945922851562
19.838 ,8363827 ,-130 ,-1 ,-0.0606079101562 ,0.119018554688 ,-0.296997070312 ,-0.945495605469
19.8487 ,8363989 ,-130 ,-1 ,-0.0580444335938 ,0.111328125 ,-0.298522949219 ,-0.946105957031
19.8596 ,8361598 ,-130 ,-1 ,-0.0496215820312 ,0.0905151367188 ,-0.297485351562 ,-0.949096679688
19.8737 ,8360121 ,-130 ,-1 ,-0.0467529296875 ,0.0806884765625 ,-0.294677734375 ,-0.951049804688
19.8842 ,8357699 ,-130 ,-1 ,-0.046630859375 ,0.0740356445312 ,-0.290100097656 ,-0.953002929688
19.895 ,8356176 ,-130 ,-1 ,-0.0479125976562 ,0.0712890625 ,-0.283325195312 ,-0.955200195312
19.9057 ,8355505 ,-130 ,-1 ,-0.0507202148438 ,0.0716552734375 ,-0.275085449219 ,-0.957397460938
19.9165 ,8351740 ,-130 ,-1 ,-0.0543212890625 ,0.0724487304688 ,-0.265197753906 ,-0.9599609375
19.9276 ,8350148 ,-130 ,-20 ,-0.056396484375 ,0.0711669921875 ,-0.253723144531 ,-0.963012695312
19.9384 ,8347986 ,-130 ,-20 ,-0.0574340820312 ,0.0660400390625 ,-0.241088867188 ,-0.966552734375
19.9496 ,8346968 ,-130 ,-21 ,-0.0563354492188 ,0.0499877929688 ,-0.211364746094 ,-0.974487304688
19.9666 ,8346010 ,-130 ,-21 ,-0.056396484375 ,0.0438842773438 ,-0.19384765625 ,-0.978454589844
19.9772 ,8346038 ,-130 ,-21 ,-0.05859375 ,0.040771484375 ,-0.174865722656 ,-0.981994628906
19.988 ,8345173 ,-130 ,-22 ,-0.0614013671875 ,0.040771484375 ,-0.155334472656 ,-0.985107421875
19.9985 ,8346446 ,-130 ,-22 ,-0.0628051757812 ,0.042724609375 ,-0.135070800781 ,-0.987915039062
20.0095 ,8346484 ,-130 ,-22 ,-0.0647583007812 ,0.0419311523438 ,-0.0936889648438 ,-0.992614746094
20.0244 ,8348356 ,-130 ,-23 ,-0.0664672851562 ,0.03466796875 ,-0.0728149414062 ,-0.994506835938
20.0352 ,8349086 ,-130 ,-23 ,-0.0669555664062 ,0.02099609375 ,-0.0518798828125 ,-0.996215820312
20.0462 ,8352415 ,-130 ,-23 ,-0.0662841796875 ,0.00128173828125 ,-0.0336303710938 ,-0.997253417969
20.0567 ,8353439 ,-130 ,-23 ,-0.0557250976562 ,-0.149353027344 ,0.0466918945312 ,-0.986083984375
20.1042 ,8367522 ,-130 ,-22 ,-0.0563354492188 ,-0.171142578125 ,0.0607299804688 ,-0.981750488281
20.1164 ,8371266 ,-130 ,-22 ,-0.0572509765625 ,-0.183837890625 ,0.0733642578125 ,-0.978515625
20.1278 ,8376509 ,-130 ,-22 ,-0.0579833984375 ,-0.190734863281 ,0.0858764648438 ,-0.976135253906
20.1386 ,8377844 ,-130 ,-21 ,-0.0580444335938 ,-0.197143554688 ,0.0974731445312 ,-0.973815917969
20.1496 ,8379837 ,-130 ,-21 ,-0.0578002929688 ,-0.223937988281 ,0.117248535156 ,-0.9658203125
20.1666 ,8381256 ,-130 ,-20 ,-0.0595092773438 ,-0.2451171875 ,0.127624511719 ,-0.959228515625
20.1769 ,8381948 ,-130 ,-20 ,-0.0618286132812 ,-0.266418457031 ,0.137329101562 ,-0.952026367188
20.1875 ,8385644 ,-130 ,-20 ,-0.0641479492188 ,-0.283081054688 ,0.146301269531 ,-0.945678710938
20.1983 ,8384509 ,-130 ,-21 ,-0.0658569335938 ,-0.293334960938 ,0.154174804688 ,-0.941162109375
20.2089 ,8383820 ,-130 ,-21 ,-0.0665283203125 ,-0.298034667969 ,0.161437988281 ,-0.9384765625
20.2197 ,8380779 ,-130 ,-22 ,-0.06640625 ,-0.295166015625 ,0.173583984375 ,-0.937194824219
20.2341 ,8378827 ,-130 ,-22 ,-0.0665283203125 ,-0.289855957031 ,0.178771972656 ,-0.937866210938
20.2447 ,8378083 ,-130 ,-23 ,-0.06640625 ,-0.283203125 ,0.184020996094 ,-0.938903808594
20.2555 ,8374875 ,-130 ,-23 ,-0.0664672851562 ,-0.276245117188 ,0.189331054688 ,-0.939880371094
20.2665 ,8372986 ,-130 ,-23 ,-0.0652465820312 ,-0.269958496094 ,0.194580078125 ,-0.940734863281
20.2771 ,8371322 ,-130 ,-24 ,-0.061767578125 ,-0.258117675781 ,0.204956054688 ,-0.942077636719
20.2941 ,8368446 ,-129 ,-24 ,-0.0592041015625 ,-0.252502441406 ,0.210205078125 ,-0.942626953125
20.3047 ,8367055 ,-129 ,-24 ,-0.056884765625 ,-0.245056152344 ,0.215087890625 ,-0.943664550781
20.3164 ,8363844 ,-129 ,-24 ,-0.0536499023438 ,-0.232788085938 ,0.216674804688 ,-0.946533203125
20.3276 ,8362893 ,-129 ,-24 ,-0.0499877929688 ,-0.215148925781 ,0.214782714844 ,-0.951354980469
20.3382 ,8361868 ,-130 ,-24 ,-0.0465698242188 ,-0.194519042969 ,0.210571289062 ,-0.956909179688
20.3488 ,8362117 ,-130 ,-24 ,-0.0442504882812 ,-0.175476074219 ,0.205932617188 ,-0.961669921875
20.3597 ,8361287 ,-130 ,-23 ,-0.0421142578125 ,-0.155822753906 ,0.195922851562 ,-0.967224121094
20.3739 ,8360010 ,-130 ,-23 ,-0.0428466796875 ,-0.153076171875 ,0.192321777344 ,-0.968383789062
20.3847 ,8359380 ,-130 ,-23 ,-0.0431518554688 ,-0.149963378906 ,0.1884765625 ,-0.969604492188
20.3953 ,8358038 ,-130 ,-23 ,-0.0439453125 ,-0.14501953125 ,0.186157226562 ,-0.970764160156
20.406 ,8357363 ,-130 ,-23 ,-0.0450439453125 ,-0.137939453125 ,0.187133789062 ,-0.971557617188
20.4168 ,8355709 ,-130 ,-24 ,-0.0449829101562 ,-0.128967285156 ,0.189270019531 ,-0.972351074219
20.4317 ,8355692 ,-130 ,-24 ,-0.047119140625 ,-0.107727050781 ,0.194763183594 ,-0.973754882812
20.4438 ,8355277 ,-130 ,-24 ,-0.0480346679688 ,-0.0972290039062 ,0.196350097656 ,-0.974487304688
20.4543 ,8354443 ,-130 ,-24 ,-0.0479125976562 ,-0.0878295898438 ,0.19873046875 ,-0.974914550781
20.4665 ,8354135 ,-130 ,-25 ,-0.0480346679688 ,-0.079833984375 ,0.200622558594 ,-0.975219726562
20.4797 ,8353640 ,-130 ,-26 ,-0.0482177734375 ,-0.068359375 ,0.201782226562 ,-0.975830078125
20.494 ,8353498 ,-130 ,-26 ,-0.0482788085938 ,-0.0645141601562 ,0.201904296875 ,-0.97607421875
20.5045 ,8354072 ,-131 ,-27 ,-0.0487060546875 ,-0.062255859375 ,0.202270507812 ,-0.976135253906
20.5164 ,8354695 ,-131 ,-27 ,-0.04931640625 ,-0.0615844726562 ,0.202514648438 ,-0.97607421875
20.5276 ,8354868 ,-131 ,-27 ,-0.049560546875 ,-0.0623168945312 ,0.202697753906 ,-0.976013183594
20.5382 ,8354965 ,-131 ,-28 ,-0.0498046875 ,-0.0638427734375 ,0.20263671875 ,-0.975891113281
20.5488 ,8354688 ,-131 ,-28 ,-0.0499877929688 ,-0.0653076171875 ,0.202087402344 ,-0.975891113281
20.5602 ,8354470 ,-131 ,-28 ,-0.0493774414062 ,-0.0629272460938 ,0.200561523438 ,-0.976440429688
20.574 ,8354384 ,-131 ,-29 ,-0.0490112304688 ,-0.046875 ,0.197998046875 ,-0.977844238281
20.6542 ,8358699 ,-132 ,-29 ,-0.04931640625 ,-0.0452270507812 ,0.197937011719 ,-0.977905273438
20.6677 ,8358886 ,-132 ,-27 ,-0.0151977539062 ,0.0106201171875 ,0.216857910156 ,-0.976013183594
20.8175 ,8360273 ,-130 ,-16 ,-0.0155029296875 ,0.0918579101562 ,0.159729003906 ,-0.982727050781
21.0239 ,8342339 ,-129 ,-17 ,-0.0118408203125 ,0.113891601562 ,0.154479980469 ,-0.981323242188
21.0346 ,8341612 ,-129 ,-17 ,-0.0059814453125 ,0.135375976562 ,0.150024414062 ,-0.979370117188
21.0452 ,8342993 ,-129 ,-18 ,0.0001220703125 ,0.152648925781 ,0.142578125 ,-0.977966308594
21.0558 ,8342678 ,-129 ,-18 ,0.00189208984375 ,0.1611328125 ,0.126403808594 ,-0.978820800781
21.0667 ,8343000 ,-129 ,-19 ,-0.00048828125 ,0.157409667969 ,0.10546875 ,-0.981872558594
21.0778 ,8341750 ,-129 ,-19 ,-0.0072021484375 ,0.14208984375 ,0.0868530273438 ,-0.986022949219
21.0884 ,8341972 ,-129 ,-20 ,-0.0179443359375 ,0.119384765625 ,0.072509765625 ,-0.990051269531
21.0994 ,8342847 ,-129 ,-20 ,-0.0308837890625 ,0.0768432617188 ,0.0537719726562 ,-0.9951171875
21.1165 ,8343411 ,-129 ,-21 ,-0.032470703125 ,0.0650024414062 ,0.0459594726562 ,-0.996276855469
21.1273 ,8342235 ,-129 ,-22 ,-0.0369873046875 ,0.050537109375 ,0.026611328125 ,-0.997680664062
21.1488 ,8343733 ,-129 ,-22 ,-0.044677734375 ,0.0416870117188 ,0.0153198242188 ,-0.997985839844
21.1597 ,8348913 ,-129 ,-24 ,-0.0596923828125 ,-0.00390625 ,-0.0245361328125 ,-0.997924804688
21.1949 ,8350678 ,-129 ,-24 ,-0.0519409179688 ,-0.0130615234375 ,-0.034423828125 ,-0.997985839844
21.2055 ,8353612 ,-129 ,-25 ,-0.0494384765625 ,-0.0259399414062 ,-0.0416870117188 ,-0.99755859375
21.2165 ,8354681 ,-129 ,-25 ,-0.0429077148438 ,-0.0472412109375 ,-0.049072265625 ,-0.996765136719
21.2274 ,8357031 ,-129 ,-26 ,-0.036376953125 ,-0.0685424804688 ,-0.056396484375 ,-0.995361328125
21.2379 ,8357031 ,-129 ,-26 ,-0.0326538085938 ,-0.117370605469 ,-0.0676879882812 ,-0.990234375
21.2539 ,8363041 ,-129 ,-27 ,-0.0288696289062 ,-0.136169433594 ,-0.0733032226562 ,-0.987548828125
21.2663 ,8367173 ,-129 ,-1 ,-0.0277099609375 ,-0.1416015625 ,-0.0770263671875 ,-0.986511230469
21.2768 ,8369446 ,-129 ,-1 ,-0.0265502929688 ,-0.147094726562 ,-0.080810546875 ,-0.985473632812
21.2873 ,8370007 ,-129 ,-27 ,-0.0236206054688 ,-0.150390625 ,-0.0869750976562 ,-0.984497070312
21.2979 ,8370007 ,-129 ,-28 ,-0.0140991210938 ,-0.175598144531 ,-0.095703125 ,-0.979675292969
21.3164 ,8369772 ,-129 ,-28 ,-0.008544921875 ,-0.190185546875 ,-0.099853515625 ,-0.976623535156
21.3273 ,8372339 ,-129 ,-28 ,-0.0030517578125 ,-0.204772949219 ,-0.103942871094 ,-0.973266601562
21.3378 ,8372453 ,-129 ,-28 ,-0.0003662109375 ,-0.208923339844 ,-0.109252929688 ,-0.971801757812
21.3485 ,8373903 ,-128 ,-28 ,0.00177001953125 ,-0.202514648438 ,-0.115966796875 ,-0.972412109375
21.3597 ,8373806 ,-128 ,-27 ,0.0106201171875 ,-0.191345214844 ,-0.125854492188 ,-0.973327636719
21.3738 ,8371889 ,-128 ,-27 ,0.0164184570312 ,-0.190795898438 ,-0.129455566406 ,-0.972900390625
21.3846 ,8371332 ,-128 ,-27 ,0.02099609375 ,-0.192138671875 ,-0.133544921875 ,-0.971984863281
21.3954 ,8370412 ,-128 ,-26 ,0.0262451171875 ,-0.185363769531 ,-0.140197753906 ,-0.972290039062
21.4062 ,8371194 ,-127 ,-25 ,0.0272827148438 ,-0.174072265625 ,-0.145446777344 ,-0.973571777344
21.4174 ,8371436 ,-127 ,-25 ,0.0286254882812 ,-0.159973144531 ,-0.152282714844 ,-0.974914550781
21.4286 ,8370772 ,-127 ,-1 ,0.0299072265625 ,-0.145812988281 ,-0.159057617188 ,-0.976013183594
21.4393 ,8370702 ,-128 ,-1 ,0.0278930664062 ,-0.135925292969 ,-0.16943359375 ,-0.975708007812
21.4499 ,8370118 ,-128 ,-25 ,0.02294921875 ,-0.122253417969 ,-0.189575195312 ,-0.973937988281
21.4664 ,8371422 ,-128 ,-23 ,0.0205688476562 ,-0.118530273438 ,-0.193542480469 ,-0.973693847656
21.4768 ,8371367 ,-128 ,-22 ,0.0181884765625 ,-0.114807128906 ,-0.197509765625 ,-0.973388671875
21.4872 ,8370609 ,-128 ,-22 ,0.0140991210938 ,-0.106384277344 ,-0.200256347656 ,-0.973876953125
21.4977 ,8369363 ,-127 ,-21 ,0.0108032226562 ,-0.0991821289062 ,-0.19970703125 ,-0.974792480469
21.5084 ,8366363 ,-127 ,-22 ,0.0086669921875 ,-0.0934448242188 ,-0.196472167969 ,-0.976013183594
21.5194 ,8365886 ,-127 ,-22 ,0.0006103515625 ,-0.0796508789062 ,-0.194519042969 ,-0.977661132812
21.534 ,8365218 ,-127 ,-23 ,-0.0042724609375 ,-0.0704956054688 ,-0.194030761719 ,-0.978454589844
21.5446 ,8365346 ,-126 ,-23 ,-0.00921630859375 ,-0.0630493164062 ,-0.192565917969 ,-0.979187011719
21.5562 ,8365076 ,-126 ,-24 ,-0.012939453125 ,-0.056884765625 ,-0.190734863281 ,-0.979919433594
21.5668 ,8362927 ,-126 ,-25 ,-0.0155639648438 ,-0.0514526367188 ,-0.189514160156 ,-0.980407714844
21.5781 ,8361481 ,-126 ,-25 ,-0.0176391601562 ,-0.0479736328125 ,-0.187866210938 ,-0.980895996094
21.589 ,8360647 ,-126 ,-26 ,-0.0194091796875 ,-0.0464477539062 ,-0.18603515625 ,-0.981262207031
21.5997 ,8360432 ,-126 ,-27 ,-0.0225830078125 ,-0.0426025390625 ,-0.180969238281 ,-0.982299804688
21.6164 ,8360989 ,-126 ,-1 ,-0.0248413085938 ,-0.0382690429688 ,-0.178588867188 ,-0.982849121094
21.6272 ,8360093 ,-126 ,-29 ,-0.026611328125 ,-0.0330810546875 ,-0.176696777344 ,-0.983337402344
21.6377 ,8359744 ,-126 ,-29 ,-0.0276489257812 ,-0.0289916992188 ,-0.175048828125 ,-0.983764648438
21.6483 ,8359744 ,-126 ,-30 ,-0.02783203125 ,-0.0272827148438 ,-0.173400878906 ,-0.984069824219
21.6662 ,8359183 ,-127 ,-30 ,-0.0276489257812 ,-0.0283203125 ,-0.173461914062 ,-0.984069824219
21.6767 ,8359405 ,-127 ,-30 ,-0.0274658203125 ,-0.0291748046875 ,-0.173950195312 ,-0.983947753906
21.6872 ,8359661 ,-128 ,-31 ,-0.0280151367188 ,-0.0289306640625 ,-0.174621582031 ,-0.983825683594
21.6976 ,8359605 ,-128 ,-31 ,-0.030029296875 ,-0.0238037109375 ,-0.176513671875 ,-0.983581542969
21.7165 ,8359415 ,-128 ,-31 ,-0.0309448242188 ,-0.0210571289062 ,-0.176818847656 ,-0.983520507812
21.7271 ,8359796 ,-128 ,-31 ,-0.0318603515625 ,-0.01904296875 ,-0.176330566406 ,-0.983642578125
21.7376 ,8359318 ,-128 ,-31 ,-0.0325927734375 ,-0.0173950195312 ,-0.175598144531 ,-0.983764648438
21.7481 ,8359377 ,-128 ,-31 ,-0.034912109375 ,-0.0139770507812 ,-0.173950195312 ,-0.984008789062
21.7662 ,8360218 ,-128 ,-31 ,-0.0364990234375 ,-0.0116577148438 ,-0.173217773438 ,-0.984130859375
21.7766 ,8361107 ,-129 ,-31 ,-0.0382690429688 ,-0.009033203125 ,-0.172424316406 ,-0.984252929688
21.7872 ,8361273 ,-129 ,-31 ,-0.0399169921875 ,-0.0062255859375 ,-0.171813964844 ,-0.984313964844
21.7977 ,8361007 ,-129 ,-32 ,-0.0413818359375 ,-0.003662109375 ,-0.171325683594 ,-0.984313964844
21.8083 ,8361124 ,-129 ,-32 ,-0.0428466796875 ,-0.00164794921875 ,-0.170776367188 ,-0.984375
21.8195 ,8361463 ,-129 ,-32 ,-0.0454711914062 ,0.002685546875 ,-0.169799804688 ,-0.984436035156
21.8339 ,8361636 ,-129 ,-32 ,-0.047119140625 ,0.00567626953125 ,-0.169250488281 ,-0.984436035156
21.8446 ,8362467 ,-129 ,-32 ,-0.0487060546875 ,0.009033203125 ,-0.16845703125 ,-0.984436035156
21.8551 ,8362474 ,-129 ,-32 ,-0.0503540039062 ,0.0126342773438 ,-0.167419433594 ,-0.984497070312
21.8677 ,8361657 ,-129 ,-33 ,-0.0514526367188 ,0.0174560546875 ,-0.146423339844 ,-0.987731933594
21.8791 ,8362640 ,-129 ,-33 ,-0.052734375 ,0.021240234375 ,-0.14453125 ,-0.987854003906
21.8897 ,8362782 ,-128 ,-33 ,-0.0556640625 ,0.0303955078125 ,-0.139099121094 ,-0.988220214844
21.9041 ,8362079 ,-128 ,-32 ,-0.0569458007812 ,0.0370483398438 ,-0.136657714844 ,-0.98828125
21.9176 ,8362512 ,-128 ,-32 ,-0.0567626953125 ,0.0458984375 ,-0.115539550781 ,-0.990600585938
21.9283 ,8363875 ,-128 ,-32 ,-0.056640625 ,0.054443359375 ,-0.113525390625 ,-0.990417480469
21.9388 ,8363889 ,-128 ,-31 ,-0.0558471679688 ,0.06298828125 ,-0.111633300781 ,-0.990173339844
21.9495 ,8362720 ,-128 ,-30 ,-0.0504760742188 ,0.0753784179688 ,-0.109008789062 ,-0.989868164062
21.9676 ,8363765 ,-128 ,-28 ,-0.0455322265625 ,0.0802001953125 ,-0.0906982421875 ,-0.991577148438
21.9788 ,8363965 ,-128 ,-26 ,-0.04150390625 ,0.085205078125 ,-0.0902099609375 ,-0.991394042969
21.9897 ,8364958 ,-128 ,-24 ,-0.0343627929688 ,0.101745605469 ,-0.0908203125 ,-0.990051269531
22.0042 ,8364906 ,-127 ,-21 ,-0.0327758789062 ,0.110290527344 ,-0.090576171875 ,-0.989196777344
22.0179 ,8364955 ,-127 ,-18 ,-0.0301513671875 ,0.118225097656 ,-0.0744018554688 ,-0.98974609375
22.0289 ,8365616 ,-127 ,-17 ,-0.0304565429688 ,0.123779296875 ,-0.07421875 ,-0.989074707031
22.0398 ,8364128 ,-127 ,-15 ,-0.0359497070312 ,0.126098632812 ,-0.0701293945312 ,-0.988891601562
22.0541 ,8364149 ,-127 ,-14 ,-0.0394287109375 ,0.123474121094 ,-0.0647583007812 ,-0.989440917969
22.068 ,8362540 ,-127 ,-14 ,-0.0415649414062 ,0.119934082031 ,-0.0437622070312 ,-0.990966796875
22.0796 ,8359581 ,-127 ,-14 ,-0.0502319335938 ,0.110046386719 ,-0.0263061523438 ,-0.992309570312
22.0943 ,8356038 ,-127 ,-15 ,-0.0537719726562 ,0.106323242188 ,-0.0167236328125 ,-0.992736816406
22.1051 ,8352889 ,-127 ,-15 ,-0.0576171875 ,0.104187011719 ,-0.006591796875 ,-0.992858886719
22.1177 ,8350481 ,-127 ,-15 ,-0.0596313476562 ,0.105285644531 ,0.0165405273438 ,-0.992492675781
22.1288 ,8347083 ,-127 ,-16 ,-0.0614624023438 ,0.108337402344 ,0.0262451171875 ,-0.991882324219
22.1395 ,8345000 ,-127 ,-16 ,-0.06640625 ,0.1201171875 ,0.04638671875 ,-0.989440917969
22.1541 ,8342650 ,-127 ,-16 ,-0.0691528320312 ,0.132141113281 ,0.0565795898438 ,-0.987182617188
22.1669 ,8341512 ,-127 ,-16 ,-0.0694580078125 ,0.149658203125 ,0.0692749023438 ,-0.983825683594
22.1778 ,8342186 ,-127 ,-17 ,-0.0657348632812 ,0.170043945312 ,0.08740234375 ,-0.979370117188
22.1888 ,8341799 ,-127 ,-17 ,-0.0572509765625 ,0.188354492188 ,0.107971191406 ,-0.974487304688
22.1996 ,8341937 ,-127 ,-18 ,-0.03173828125 ,0.199951171875 ,0.121704101562 ,-0.9716796875
22.2171 ,8341408 ,-127 ,-19 ,-0.0244140625 ,0.187683105469 ,0.111267089844 ,-0.9755859375
22.2288 ,8341491 ,-127 ,-1 ,-0.038818359375 ,0.131774902344 ,0.101745605469 ,-0.985290527344
22.2447 ,8341394 ,-127 ,-1 ,-0.04931640625 ,0.099853515625 ,0.1103515625 ,-0.987609863281
22.2555 ,8341190 ,-127 ,-1 ,-0.0542602539062 ,0.0740356445312 ,0.121337890625 ,-0.988342285156
22.267 ,8341979 ,-127 ,-20 ,-0.0549926757812 ,0.0549926757812 ,0.128234863281 ,-0.988708496094
22.2782 ,8341415 ,-127 ,-20 ,-0.053955078125 ,0.0419921875 ,0.131774902344 ,-0.988891601562
22.289 ,8341705 ,-127 ,-20 ,-0.0525512695312 ,0.03564453125 ,0.134094238281 ,-0.988952636719
22.3 ,8341882 ,-127 ,-21 ,-0.059326171875 ,0.0283813476562 ,0.143005371094 ,-0.987548828125
22.3168 ,8342003 ,-127 ,-21 ,-0.0656127929688 ,0.021240234375 ,0.151000976562 ,-0.986145019531
22.3282 ,8342235 ,-127 ,-22 ,-0.0731811523438 ,0.0111694335938 ,0.160461425781 ,-0.984252929688
22.3402 ,8342823 ,-127 ,-22 ,-0.0859985351562 ,-0.0125732421875 ,0.176330566406 ,-0.98046875
22.3544 ,8344584 ,-127 ,-23 ,-0.090087890625 ,-0.0242309570312 ,0.178894042969 ,-0.979431152344
22.3665 ,8344747 ,-127 ,-24 ,-0.091796875 ,-0.03515625 ,0.177978515625 ,-0.979125976562
22.3774 ,8345654 ,-127 ,-26 ,-0.091552734375 ,-0.0413208007812 ,0.173889160156 ,-0.979614257812
22.3882 ,8347688 ,-127 ,-26 ,-0.0901489257812 ,-0.0450439453125 ,0.168884277344 ,-0.98046875
22.3989 ,8349626 ,-127 ,-27 ,-0.0853271484375 ,-0.0484008789062 ,0.167846679688 ,-0.980895996094
22.4101 ,8351228 ,-127 ,-28 ,-0.0755615234375 ,-0.0656127929688 ,0.157592773438 ,-0.982421875
22.4237 ,8353581 ,-127 ,-28 ,-0.072265625 ,-0.0824584960938 ,0.145141601562 ,-0.983337402344
22.4343 ,8354526 ,-127 ,-28 ,-0.0731811523438 ,-0.103942871094 ,0.136657714844 ,-0.982421875
22.4449 ,8357290 ,-127 ,-29 ,-0.0745239257812 ,-0.126831054688 ,0.129760742188 ,-0.980590820312
22.4554 ,8357242 ,-127 ,-29 ,-0.0755615234375 ,-0.1455078125 ,0.123168945312 ,-0.978759765625
22.4663 ,8360280 ,-127 ,-29 ,-0.0781860351562 ,-0.156860351562 ,0.117065429688 ,-0.9775390625
22.4776 ,8363318 ,-127 ,-30 ,-0.0781860351562 ,-0.158752441406 ,0.10986328125 ,-0.978088378906
22.4881 ,8365481 ,-126 ,-30 ,-0.0783081054688 ,-0.152709960938 ,0.102172851562 ,-0.979858398438
22.4987 ,8364605 ,-126 ,-30 ,-0.0759887695312 ,-0.145812988281 ,0.09423828125 ,-0.981872558594
22.5096 ,8365204 ,-126 ,-30 ,-0.0714111328125 ,-0.157287597656 ,0.0775146484375 ,-0.98193359375
22.5241 ,8364301 ,-126 ,-30 ,-0.0689086914062 ,-0.174377441406 ,0.06884765625 ,-0.979858398438
22.5347 ,8363913 ,-125 ,-30 ,-0.0673828125 ,-0.183166503906 ,0.0587158203125 ,-0.97900390625
22.5452 ,8363647 ,-125 ,-30 ,-0.06640625 ,-0.173522949219 ,0.0465698242188 ,-0.981506347656
22.5557 ,8364041 ,-125 ,-30 ,-0.0653686523438 ,-0.145751953125 ,0.0340576171875 ,-0.986572265625
22.5664 ,8364135 ,-125 ,-30 ,-0.0630493164062 ,-0.111022949219 ,0.0223999023438 ,-0.991577148438
22.5772 ,8365346 ,-125 ,-29 ,-0.0582275390625 ,-0.085693359375 ,0.0128173828125 ,-0.994506835938
22.5879 ,8366716 ,-124 ,-29 ,-0.0518188476562 ,-0.0803833007812 ,0.00518798828125 ,-0.995422363281
22.5985 ,8366142 ,-124 ,-28 ,-0.045654296875 ,-0.0917358398438 ,-0.001708984375 ,-0.994750976562
22.6096 ,8363346 ,-124 ,-28 ,-0.0335693359375 ,-0.112609863281 ,-0.0100708007812 ,-0.993041992188
22.6241 ,8362252 ,-124 ,-29 ,-0.0291748046875 ,-0.103149414062 ,-0.0169677734375 ,-0.994079589844
22.6352 ,8362266 ,-124 ,-28 ,-0.026611328125 ,-0.0859375 ,-0.0243530273438 ,-0.995666503906
22.6457 ,8363723 ,-124 ,-28 ,-0.02685546875 ,-0.071533203125 ,-0.0333251953125 ,-0.996520996094
22.6562 ,8364702 ,-124 ,-28 ,-0.0242919921875 ,-0.0636596679688 ,-0.0419921875 ,-0.996765136719
22.667 ,8364211 ,-124 ,-27 ,-0.0238037109375 ,-0.060546875 ,-0.0493774414062 ,-0.996643066406
22.6779 ,8363405 ,-125 ,-27 ,-0.022216796875 ,-0.0579833984375 ,-0.0577392578125 ,-0.996398925781
22.6892 ,8362408 ,-125 ,-27 ,-0.022705078125 ,-0.0547485351562 ,-0.0667724609375 ,-0.996032714844
22.6997 ,8362363 ,-125 ,-27 ,-0.0269165039062 ,-0.046630859375 ,-0.0814819335938 ,-0.995239257812
22.7165 ,8362142 ,-125 ,-26 ,-0.029052734375 ,-0.0396728515625 ,-0.0877685546875 ,-0.994934082031
22.7272 ,8362810 ,-125 ,-26 ,-0.0305786132812 ,-0.0328369140625 ,-0.0924682617188 ,-0.994689941406
22.7378 ,8362194 ,-125 ,-26 ,-0.03173828125 ,-0.0302124023438 ,-0.095458984375 ,-0.994445800781
22.7483 ,8361941 ,-126 ,-26 ,-0.0319213867188 ,-0.0313110351562 ,-0.0962524414062 ,-0.994323730469
22.7589 ,8359785 ,-126 ,-26 ,-0.0318603515625 ,-0.0316162109375 ,-0.0966796875 ,-0.994323730469
22.7699 ,8360318 ,-126 ,-26 ,-0.0344848632812 ,-0.0225830078125 ,-0.0982666015625 ,-0.994323730469
22.7842 ,8360145 ,-127 ,-27 ,-0.0359497070312 ,-0.016845703125 ,-0.099853515625 ,-0.994201660156
22.7948 ,8360249 ,-127 ,-27 ,-0.0367431640625 ,-0.01318359375 ,-0.101196289062 ,-0.994079589844
22.8053 ,8360297 ,-127 ,-28 ,-0.037353515625 ,-0.0121459960938 ,-0.101867675781 ,-0.994018554688
22.8163 ,8359685 ,-127 ,-28 ,-0.037109375 ,-0.01318359375 ,-0.102294921875 ,-0.993957519531
22.8277 ,8359439 ,-127 ,-29 ,-0.036865234375 ,-0.0156860351562 ,-0.102294921875 ,-0.993957519531
22.8388 ,8359007 ,-127 ,-1 ,-0.0369873046875 ,-0.017333984375 ,-0.101684570312 ,-0.993957519531
22.8495 ,8358789 ,-128 ,-29 ,-0.0394897460938 ,-0.00933837890625 ,-0.101928710938 ,-0.993957519531
22.8664 ,8359730 ,-128 ,-30 ,-0.0415649414062 ,-0.00250244140625 ,-0.102355957031 ,-0.993896484375
22.8769 ,8360457 ,-128 ,-30 ,-0.04296875 ,0.002685546875 ,-0.102478027344 ,-0.993774414062
22.8876 ,8359709 ,-128 ,-30 ,-0.0436401367188 ,0.0050048828125 ,-0.102783203125 ,-0.993713378906
22.8981 ,8360031 ,-128 ,-30 ,-0.0437622070312 ,0.00445556640625 ,-0.10302734375 ,-0.993713378906
22.9087 ,8359384 ,-128 ,-30 ,-0.0436401367188 ,0.00225830078125 ,-0.102844238281 ,-0.993713378906
22.9196 ,8359204 ,-128 ,-30 ,-0.0443725585938 ,0.00146484375 ,-0.0974731445312 ,-0.994262695312
22.9343 ,8359740 ,-128 ,-31 ,-0.0457763671875 ,0.00518798828125 ,-0.0979614257812 ,-0.994140625
22.9448 ,8360055 ,-128 ,-31 ,-0.0472412109375 ,0.0117797851562 ,-0.0975341796875 ,-0.994018554688
22.9554 ,8360256 ,-128 ,-31 ,-0.048583984375 ,0.0189819335938 ,-0.0965576171875 ,-0.993957519531
22.9676 ,8360117 ,-128 ,-31 ,-0.0493774414062 ,0.0247802734375 ,-0.0896606445312 ,-0.994445800781
22.9781 ,8359934 ,-128 ,-31 ,-0.0502319335938 ,0.0308837890625 ,-0.0849609375 ,-0.99462890625
22.9939 ,8359585 ,-127 ,-31 ,-0.0505981445312 ,0.0342407226562 ,-0.082275390625 ,-0.994750976562
23.0044 ,8360121 ,-127 ,-31 ,-0.051025390625 ,0.0394287109375 ,-0.0795288085938 ,-0.994750976562
23.0176 ,8359650 ,-127 ,-31 ,-0.0509643554688 ,0.0469970703125 ,-0.0717163085938 ,-0.994995117188
23.0286 ,8359484 ,-127 ,-31 ,-0.05029296875 ,0.05615234375 ,-0.0673217773438 ,-0.994873046875
23.0393 ,8359841 ,-127 ,-31 ,-0.0462036132812 ,0.0733642578125 ,-0.0557861328125 ,-0.994689941406
23.0538 ,8360027 ,-126 ,-31 ,-0.0423583984375 ,0.079345703125 ,-0.0487670898438 ,-0.994750976562
23.0675 ,8357910 ,-126 ,-12 ,-0.0994873046875 ,-0.0040283203125 ,0.401489257812 ,-0.910400390625
23.3677 ,8366581 ,-125 ,-12 ,-0.104187011719 ,-0.007568359375 ,0.410095214844 ,-0.906066894531
23.3788 ,8363744 ,-125 ,-13 ,-0.106872558594 ,-0.00738525390625 ,0.416564941406 ,-0.902770996094
23.3895 ,8361107 ,-125 ,-13 ,-0.10302734375 ,0.00048828125 ,0.429138183594 ,-0.897338867188
23.4041 ,8355477 ,-124 ,-13 ,-0.0985717773438 ,0.00787353515625 ,0.433959960938 ,-0.8955078125
23.4179 ,8348792 ,-124 ,-13 ,-0.0921020507812 ,0.017578125 ,0.437438964844 ,-0.894348144531
23.429 ,8347809 ,-124 ,-13 ,-0.084716796875 ,0.0287475585938 ,0.440490722656 ,-0.893310546875
23.4398 ,8344145 ,-124 ,-14 ,-0.0690307617188 ,0.053955078125 ,0.444213867188 ,-0.8916015625
23.454 ,8342543 ,-124 ,-15 ,-0.061279296875 ,0.0662231445312 ,0.444274902344 ,-0.891357421875
23.4667 ,8341224 ,-124 ,-16 ,-0.0487060546875 ,0.07861328125 ,0.444030761719 ,-0.891235351562
23.4775 ,8341595 ,-124 ,-16 ,-0.0325317382812 ,0.08984375 ,0.444519042969 ,-0.890686035156
23.4881 ,8342148 ,-124 ,-17 ,-0.0179443359375 ,0.0978393554688 ,0.441589355469 ,-0.891662597656
23.4987 ,8342231 ,-124 ,-18 ,-0.0122680664062 ,0.101623535156 ,0.434265136719 ,-0.894958496094
23.5096 ,8342941 ,-124 ,-18 ,-0.0299682617188 ,0.079833984375 ,0.4013671875 ,-0.911926269531
23.5235 ,8341757 ,-124 ,-19 ,-0.0430908203125 ,0.0587158203125 ,0.379943847656 ,-0.922119140625
23.5341 ,8341577 ,-124 ,-19 ,-0.0584716796875 ,0.0416259765625 ,0.359985351562 ,-0.93017578125
23.5445 ,8341501 ,-124 ,-20 ,-0.0702514648438 ,0.0316162109375 ,0.342346191406 ,-0.936401367188
23.555 ,8341671 ,-124 ,-20 ,-0.0753173828125 ,0.028564453125 ,0.326477050781 ,-0.941772460938
23.5664 ,8341871 ,-124 ,-20 ,-0.0767211914062 ,0.0313720703125 ,0.310729980469 ,-0.946838378906
23.5773 ,8341190 ,-124 ,-21 ,-0.0775146484375 ,0.0370483398438 ,0.292907714844 ,-0.952270507812
23.5877 ,8342166 ,-124 ,-22 ,-0.0786743164062 ,0.0393676757812 ,0.270751953125 ,-0.958618164062
23.5982 ,8342425 ,-124 ,-22 ,-0.08154296875 ,0.0333862304688 ,0.245910644531 ,-0.965270996094
23.6088 ,8342612 ,-124 ,-22 ,-0.0872192382812 ,0.0189208984375 ,0.221252441406 ,-0.971130371094
23.62 ,8343176 ,-124 ,-23 ,-0.103942871094 ,-0.013916015625 ,0.181945800781 ,-0.977722167969
23.6339 ,8342494 ,-124 ,-23 ,-0.112915039062 ,-0.0247192382812 ,0.167236328125 ,-0.979125976562
23.6446 ,8343993 ,-124 ,-23 ,-0.120544433594 ,-0.0274658203125 ,0.150451660156 ,-0.980834960938
23.6552 ,8344809 ,-124 ,-24 ,-0.12646484375 ,-0.0242919921875 ,0.130187988281 ,-0.983093261719
23.6662 ,8345006 ,-124 ,-24 ,-0.127502441406 ,-0.0192260742188 ,0.111083984375 ,-0.985412597656
23.6767 ,8345519 ,-124 ,-24 ,-0.121032714844 ,-0.012451171875 ,0.0944213867188 ,-0.988037109375
23.6872 ,8346958 ,-124 ,-24 ,-0.111267089844 ,-0.0048828125 ,0.080078125 ,-0.990539550781
23.6976 ,8346048 ,-123 ,-24 ,-0.108825683594 ,0.0057373046875 ,0.0570068359375 ,-0.992431640625
23.7162 ,8346972 ,-123 ,-25 ,-0.110534667969 ,0.0108032226562 ,0.0401000976562 ,-0.992980957031
23.7275 ,8346622 ,-123 ,-25 ,-0.107421875 ,0.0186157226562 ,0.0194702148438 ,-0.993835449219
23.7382 ,8346768 ,-123 ,-25 ,-0.103210449219 ,0.0296020507812 ,0.00408935546875 ,-0.994201660156
23.7491 ,8346785 ,-123 ,-25 ,-0.0819091796875 ,0.0433349609375 ,-0.0313720703125 ,-0.995178222656
23.8038 ,8348235 ,-122 ,-25 ,-0.0718383789062 ,0.0333862304688 ,-0.0321655273438 ,-0.996337890625
23.8164 ,8348321 ,-122 ,-26 ,-0.0626220703125 ,0.0256958007812 ,-0.03271484375 ,-0.997192382812
23.8267 ,8346865 ,-122 ,-26 ,-0.0567626953125 ,0.0220947265625 ,-0.0345458984375 ,-0.99755859375
23.8375 ,8346373 ,-122 ,-27 ,-0.0513305664062 ,0.0255737304688 ,-0.0386352539062 ,-0.997619628906
23.8481 ,8345833 ,-122 ,-27 ,-0.046875 ,0.0364990234375 ,-0.0469970703125 ,-0.997131347656
23.8587 ,8346263 ,-123 ,-27 ,-0.0445556640625 ,0.0496215820312 ,-0.05517578125 ,-0.996276855469
23.8695 ,8345730 ,-123 ,-27 ,-0.044677734375 ,0.0703735351562 ,-0.0726318359375 ,-0.993896484375
23.8838 ,8346543 ,-123 ,-27 ,-0.0440673828125 ,0.0746459960938 ,-0.0843505859375 ,-0.99267578125
23.8944 ,8346543 ,-123 ,-27 ,-0.0411987304688 ,0.0718994140625 ,-0.0930786132812 ,-0.9921875
23.9049 ,8346491 ,-123 ,-27 ,-0.039306640625 ,0.0665283203125 ,-0.0992431640625 ,-0.992065429688
23.919 ,8346681 ,-123 ,-26 ,-0.041259765625 ,0.0624389648438 ,-0.104431152344 ,-0.99169921875
23.9297 ,8346944 ,-123 ,-26 ,-0.0426025390625 ,0.0594482421875 ,-0.115600585938 ,-0.990600585938
23.944 ,8347148 ,-123 ,-26 ,-0.041015625 ,0.0609741210938 ,-0.118347167969 ,-0.990234375
23.9546 ,8347387 ,-124 ,-26 ,-0.0423583984375 ,0.06298828125 ,-0.118896484375 ,-0.989990234375
23.9663 ,8347159 ,-124 ,-26 ,-0.0440063476562 ,0.0652465820312 ,-0.120727539062 ,-0.989562988281
23.9774 ,8346186 ,-124 ,-26 ,-0.0427856445312 ,0.0673217773438 ,-0.12255859375 ,-0.9892578125
23.9881 ,8346179 ,-124 ,-26 ,-0.041748046875 ,0.0693969726562 ,-0.123474121094 ,-0.989013671875
23.9988 ,8346366 ,-124 ,-26 ,-0.041259765625 ,0.0734252929688 ,-0.125854492188 ,-0.988464355469
24.0165 ,8345415 ,-124 ,-26 ,-0.041015625 ,0.076171875 ,-0.126953125 ,-0.988098144531
24.0268 ,8345484 ,-124 ,-26 ,-0.0421142578125 ,0.07861328125 ,-0.12744140625 ,-0.987854003906
24.0374 ,8344788 ,-124 ,-27 ,-0.0427856445312 ,0.0805053710938 ,-0.126953125 ,-0.987731933594
24.0482 ,8344955 ,-124 ,-27 ,-0.0426635742188 ,0.08203125 ,-0.126098632812 ,-0.987670898438
24.0595 ,8344629 ,-124 ,-27 ,-0.0430908203125 ,0.08349609375 ,-0.123413085938 ,-0.987915039062
24.0736 ,8344494 ,-124 ,-27 ,-0.04248046875 ,0.084716796875 ,-0.122009277344 ,-0.987976074219
24.0841 ,8343605 ,-124 ,-28 ,-0.0411987304688 ,0.0865478515625 ,-0.120971679688 ,-0.988037109375
24.0946 ,8343723 ,-124 ,-28 ,-0.0391845703125 ,0.0888671875 ,-0.119567871094 ,-0.988037109375
24.1052 ,8343723 ,-124 ,-28 ,-0.0367431640625 ,0.091796875 ,-0.118103027344 ,-0.988037109375
24.1182 ,8344591 ,-125 ,-28 ,-0.0355224609375 ,0.0950927734375 ,-0.120239257812 ,-0.987548828125
24.1293 ,8344065 ,-125 ,-29 ,-0.0357666015625 ,0.101196289062 ,-0.117980957031 ,-0.987182617188
24.1436 ,8344640 ,-125 ,-29 ,-0.0361328125 ,0.102966308594 ,-0.116394042969 ,-0.987182617188
24.1551 ,8344387 ,-125 ,-29 ,-0.0361938476562 ,0.103881835938 ,-0.11474609375 ,-0.9873046875
24.1681 ,8343868 ,-125 ,-29 ,-0.0363159179688 ,0.104309082031 ,-0.113952636719 ,-0.9873046875
24.179 ,8343737 ,-125 ,-29 ,-0.0380249023438 ,0.106506347656 ,-0.109924316406 ,-0.987487792969
24.1948 ,8344000 ,-125 ,-30 ,-0.0386352539062 ,0.109375 ,-0.108093261719 ,-0.987365722656
24.2065 ,8344958 ,-125 ,-30 ,-0.0382080078125 ,0.113342285156 ,-0.1064453125 ,-0.987121582031
24.2203 ,8344885 ,-125 ,-30 ,-0.0375366210938 ,0.120910644531 ,-0.105773925781 ,-0.986328125
24.2345 ,8345041 ,-125 ,-30 ,-0.0376586914062 ,0.122924804688 ,-0.103881835938 ,-0.986267089844
24.246 ,8345685 ,-125 ,-30 ,-0.0372924804688 ,0.123718261719 ,-0.102416992188 ,-0.986328125
24.2565 ,8346006 ,-125 ,-30 ,-0.0366821289062 ,0.12353515625 ,-0.101440429688 ,-0.986450195312
24.2674 ,8347110 ,-125 ,-30 ,-0.03662109375 ,0.122253417969 ,-0.101928710938 ,-0.986572265625
24.2786 ,8346930 ,-125 ,-30 ,-0.0362548828125 ,0.120483398438 ,-0.100158691406 ,-0.986999511719
24.2897 ,8347256 ,-125 ,-30 ,-0.0323486328125 ,0.120178222656 ,-0.09619140625 ,-0.987548828125
24.3037 ,8347885 ,-125 ,-29 ,-0.0298461914062 ,0.122009277344 ,-0.0939331054688 ,-0.987609863281
24.318 ,8349090 ,-125 ,-29 ,-0.0287475585938 ,0.123596191406 ,-0.093994140625 ,-0.987426757812
24.3289 ,8348664 ,-124 ,-29 ,-0.0274047851562 ,0.125244140625 ,-0.0911254882812 ,-0.987548828125
24.3395 ,8349470 ,-124 ,-29 ,-0.0227661132812 ,0.127624511719 ,-0.0845947265625 ,-0.987915039062
24.3538 ,8349619 ,-124 ,-29 ,-0.02099609375 ,0.127502441406 ,-0.0810546875 ,-0.98828125
24.3673 ,8350135 ,-124 ,-29 ,-0.0188598632812 ,0.126708984375 ,-0.0780639648438 ,-0.988708496094
24.3781 ,8350986 ,-124 ,-29 ,-0.0162963867188 ,0.125549316406 ,-0.0748291015625 ,-0.989135742188
24.3887 ,8351557 ,-124 ,-29 ,-0.0139770507812 ,0.124145507812 ,-0.0712890625 ,-0.989624023438
24.3996 ,8351844 ,-124 ,-29 ,-0.0087890625 ,0.121154785156 ,-0.0639038085938 ,-0.990539550781
24.4174 ,8352533 ,-124 ,-29 ,-0.006103515625 ,0.119567871094 ,-0.0601196289062 ,-0.990966796875
24.4284 ,8353245 ,-124 ,-29 ,-0.0040283203125 ,0.117797851562 ,-0.0564575195312 ,-0.991394042969
24.4398 ,8354332 ,-124 ,-29 ,6.103515625e-05 ,0.114440917969 ,-0.0490112304688 ,-0.992248535156
24.4539 ,8354370 ,-124 ,-29 ,0.00146484375 ,0.1123046875 ,-0.0447387695312 ,-0.99267578125
24.4674 ,8354370 ,-124 ,-28 ,0.0030517578125 ,0.109680175781 ,-0.0394897460938 ,-0.9931640625
24.4777 ,8353920 ,-124 ,-28 ,0.00445556640625 ,0.106201171875 ,-0.0332641601562 ,-0.993774414062
24.4884 ,8354238 ,-124 ,-28 ,0.00537109375 ,0.101440429688 ,-0.025390625 ,-0.994506835938
24.4992 ,8354162 ,-124 ,-28 ,0.00714111328125 ,0.0889892578125 ,-0.00579833984375 ,-0.995971679688
24.5177 ,8353917 ,-124 ,-28 ,0.00762939453125 ,0.0825805664062 ,0.005126953125 ,-0.996520996094
24.5284 ,8353820 ,-124 ,-28 ,0.008056640625 ,0.0767211914062 ,0.0160522460938 ,-0.996887207031
24.5393 ,8354228 ,-124 ,-28 ,0.0087890625 ,0.0679931640625 ,0.0365600585938 ,-0.996948242188
24.5541 ,8355882 ,-124 ,-28 ,0.00921630859375 ,0.0645141601562 ,0.04638671875 ,-0.996765136719
24.5678 ,8354944 ,-124 ,-28 ,0.0093994140625 ,0.0604248046875 ,0.0562744140625 ,-0.996520996094
24.5788 ,8355636 ,-124 ,-28 ,0.009521484375 ,0.0550537109375 ,0.065673828125 ,-0.996276855469
24.5896 ,8355931 ,-124 ,-28 ,0.00927734375 ,0.0402221679688 ,0.0855102539062 ,-0.995483398438
24.6041 ,8357505 ,-124 ,-28 ,0.0086669921875 ,0.031494140625 ,0.095703125 ,-0.994873046875
24.6183 ,8357363 ,-124 ,-28 ,0.00775146484375 ,0.022705078125 ,0.105712890625 ,-0.994079589844
24.6304 ,8357681 ,-125 ,-28 ,0.00518798828125 ,0.00909423828125 ,0.125122070312 ,-0.992065429688
24.6441 ,8358906 ,-125 ,-28 ,0.003662109375 ,0.00445556640625 ,0.134399414062 ,-0.990905761719
24.6548 ,8359816 ,-125 ,-28 ,0.001953125 ,0.00042724609375 ,0.144104003906 ,-0.989562988281
24.6674 ,8359671 ,-125 ,-28 ,0.00079345703125 ,-0.00360107421875 ,0.152526855469 ,-0.98828125
24.6781 ,8359301 ,-125 ,-28 ,-0.0003662109375 ,-0.00860595703125 ,0.160766601562 ,-0.986938476562
24.6887 ,8360515 ,-125 ,-28 ,-0.00274658203125 ,-0.0142211914062 ,0.169372558594 ,-0.985473632812
24.6996 ,8360861 ,-125 ,-27 ,-0.00628662109375 ,-0.02587890625 ,0.183776855469 ,-0.982604980469
24.7177 ,8361827 ,-125 ,-27 ,-0.00860595703125 ,-0.0317993164062 ,0.190185546875 ,-0.981201171875
24.7288 ,8362595 ,-125 ,-27 ,-0.0106811523438 ,-0.0370483398438 ,0.196166992188 ,-0.979797363281
24.7397 ,8362841 ,-125 ,-27 ,-0.0142822265625 ,-0.0440063476562 ,0.205444335938 ,-0.977600097656
24.754 ,8362875 ,-125 ,-27 ,-0.0159912109375 ,-0.0460205078125 ,0.208801269531 ,-0.976745605469
24.7674 ,8362588 ,-125 ,-27 ,-0.0174560546875 ,-0.04736328125 ,0.212707519531 ,-0.975830078125
24.7794 ,8362754 ,-125 ,-27 ,-0.0200805664062 ,-0.0479125976562 ,0.217041015625 ,-0.974792480469
24.7937 ,8363702 ,-125 ,-27 ,-0.0213012695312 ,-0.0471801757812 ,0.218444824219 ,-0.974487304688
24.8045 ,8363152 ,-125 ,-27 ,-0.0225219726562 ,-0.0465087890625 ,0.219177246094 ,-0.974304199219
24.8176 ,8363256 ,-124 ,-27 ,-0.0244140625 ,-0.0463256835938 ,0.218566894531 ,-0.974426269531
24.8343 ,8363633 ,-124 ,-27 ,-0.0255737304688 ,-0.0468139648438 ,0.217224121094 ,-0.974670410156
24.845 ,8362796 ,-124 ,-27 ,-0.0265502929688 ,-0.0471801757812 ,0.215576171875 ,-0.974975585938
24.8559 ,8362778 ,-124 ,-27 ,-0.02734375 ,-0.0470581054688 ,0.213745117188 ,-0.975402832031
24.8675 ,8362917 ,-124 ,-27 ,-0.0282592773438 ,-0.0467529296875 ,0.2119140625 ,-0.975769042969
24.8791 ,8362993 ,-124 ,-27 ,-0.0303344726562 ,-0.0477294921875 ,0.209655761719 ,-0.976135253906
24.894 ,8362844 ,-124 ,-27 ,-0.0313720703125 ,-0.0488891601562 ,0.208618164062 ,-0.976257324219
24.9046 ,8362526 ,-124 ,-27 ,-0.0322265625 ,-0.0499267578125 ,0.20751953125 ,-0.976440429688
24.9175 ,8362412 ,-124 ,-27 ,-0.032958984375 ,-0.0505981445312 ,0.207580566406 ,-0.976379394531
24.9286 ,8362498 ,-124 ,-27 ,-0.033447265625 ,-0.0509033203125 ,0.207580566406 ,-0.976318359375
24.9397 ,8361668 ,-124 ,-27 ,-0.0340576171875 ,-0.04931640625 ,0.208374023438 ,-0.976196289062
24.9539 ,8362453 ,-123 ,-27 ,-0.0340576171875 ,-0.0477905273438 ,0.208984375 ,-0.976135253906
24.9675 ,8362055 ,-123 ,-27 ,-0.0340576171875 ,-0.0465698242188 ,0.210144042969 ,-0.975952148438
24.9787 ,8361529 ,-123 ,-27 ,-0.0343017578125 ,-0.0463256835938 ,0.210144042969 ,-0.975952148438
24.9896 ,8361162 ,-123 ,-27 ,-0.0352783203125 ,-0.0478515625 ,0.209899902344 ,-0.975891113281
25.0039 ,8360955 ,-123 ,-27 ,-0.0358276367188 ,-0.0487060546875 ,0.209533691406 ,-0.975952148438
25.0174 ,8360706 ,-123 ,-27 ,-0.036376953125 ,-0.0489501953125 ,0.209106445312 ,-0.975952148438
25.0291 ,8360730 ,-123 ,-27 ,-0.0369873046875 ,-0.0475463867188 ,0.207458496094 ,-0.976379394531
25.0438 ,8360626 ,-123 ,-27 ,-0.0372314453125 ,-0.0464477539062 ,0.206604003906 ,-0.976623535156
25.0546 ,8359785 ,-123 ,-27 ,-0.0375366210938 ,-0.0458374023438 ,0.206115722656 ,-0.976745605469
25.0672 ,8359972 ,-123 ,-27 ,-0.0379028320312 ,-0.0457763671875 ,0.206298828125 ,-0.976684570312
25.0783 ,8359778 ,-123 ,-27 ,-0.0382690429688 ,-0.0458984375 ,0.206420898438 ,-0.976623535156
25.0896 ,8358861 ,-123 ,-27 ,-0.0387573242188 ,-0.045654296875 ,0.207153320312 ,-0.976501464844
25.1039 ,8358692 ,-123 ,-27 ,-0.0388793945312 ,-0.044921875 ,0.207580566406 ,-0.976440429688
25.1174 ,8358910 ,-123 ,-27 ,-0.0389404296875 ,-0.0438842773438 ,0.208435058594 ,-0.976257324219
25.1287 ,8358415 ,-123 ,-27 ,-0.0390014648438 ,-0.0429077148438 ,0.208679199219 ,-0.976257324219
25.1398 ,8357969 ,-123 ,-27 ,-0.0392456054688 ,-0.0418701171875 ,0.208801269531 ,-0.976257324219
25.1539 ,8357847 ,-123 ,-27 ,-0.0394897460938 ,-0.0416870117188 ,0.20849609375 ,-0.976318359375
25.1676 ,8357093 ,-123 ,-27 ,-0.0397338867188 ,-0.0414428710938 ,0.209045410156 ,-0.976196289062
25.1791 ,8357069 ,-123 ,-27 ,-0.0404052734375 ,-0.04052734375 ,0.207885742188 ,-0.976501464844
25.1943 ,8357041 ,-123 ,-27 ,-0.0408935546875 ,-0.0398559570312 ,0.20751953125 ,-0.9765625
25.2062 ,8355854 ,-123 ,-26 ,-0.0414428710938 ,-0.039306640625 ,0.207153320312 ,-0.976623535156
25.218 ,8355027 ,-123 ,-26 ,-0.0422973632812 ,-0.03857421875 ,0.207336425781 ,-0.976623535156
25.2297 ,8354543 ,-123 ,-25 ,-0.0430908203125 ,-0.03662109375 ,0.20654296875 ,-0.976806640625
25.2436 ,8353588 ,-123 ,-25 ,-0.0438842773438 ,-0.0340576171875 ,0.205810546875 ,-0.976989746094
25.2544 ,8352377 ,-123 ,-25 ,-0.0447387695312 ,-0.0307006835938 ,0.204956054688 ,-0.977294921875
25.2674 ,8351328 ,-123 ,-24 ,-0.0460205078125 ,-0.02685546875 ,0.204345703125 ,-0.977416992188
25.279 ,8350173 ,-123 ,-24 ,-0.04931640625 ,-0.0184936523438 ,0.201782226562 ,-0.97802734375
25.2938 ,8348442 ,-123 ,-23 ,-0.0521240234375 ,-0.0132446289062 ,0.2001953125 ,-0.978271484375
25.3048 ,8344979 ,-123 ,-23 ,-0.055908203125 ,-0.00677490234375 ,0.199279785156 ,-0.978332519531
25.3175 ,8344058 ,-123 ,-23 ,-0.0594482421875 ,0.0020751953125 ,0.199401855469 ,-0.978088378906
25.328 ,8343242 ,-123 ,-23 ,-0.0626831054688 ,0.014892578125 ,0.200500488281 ,-0.977600097656
25.3394 ,8342055 ,-123 ,-23 ,-0.0630493164062 ,0.0576782226562 ,0.208679199219 ,-0.974243164062
25.3542 ,8342269 ,-123 ,-22 ,-0.0570068359375 ,0.0838012695312 ,0.214538574219 ,-0.971435546875
25.3669 ,8342806 ,-124 ,-22 ,-0.0477294921875 ,0.108703613281 ,0.220153808594 ,-0.968200683594
25.3788 ,8342152 ,-124 ,-22 ,-0.0393676757812 ,0.136779785156 ,0.226928710938 ,-0.963439941406
25.3942 ,8342134 ,-124 ,-23 ,-0.0419921875 ,0.131103515625 ,0.228393554688 ,-0.963806152344
25.405 ,8342051 ,-124 ,-23 ,-0.0489501953125 ,0.115234375 ,0.229797363281 ,-0.965148925781
25.4179 ,8341169 ,-124 ,-23 ,-0.0596923828125 ,0.09521484375 ,0.2333984375 ,-0.965881347656
25.4291 ,8342498 ,-124 ,-23 ,-0.0697631835938 ,0.0684204101562 ,0.25 ,-0.963317871094
25.4438 ,8341311 ,-124 ,-23 ,-0.0739135742188 ,0.066650390625 ,0.262023925781 ,-0.959899902344
25.4548 ,8339529 ,-124 ,-23 ,-0.0827026367188 ,0.0682373046875 ,0.275817871094 ,-0.955200195312
25.4675 ,8341186 ,-124 ,-23 ,-0.0859985351562 ,0.06982421875 ,0.279479980469 ,-0.953735351562
25.4783 ,8341584 ,-124 ,-23 ,-0.0810546875 ,0.0745849609375 ,0.278686523438 ,-0.954040527344
25.4893 ,8340695 ,-124 ,-24 ,-0.0590209960938 ,0.0925903320312 ,0.277221679688 ,-0.954528808594
25.5039 ,8340574 ,-124 ,-24 ,-0.0474853515625 ,0.110900878906 ,0.276000976562 ,-0.953552246094
25.5166 ,8341795 ,-124 ,-24 ,-0.0421752929688 ,0.127258300781 ,0.277465820312 ,-0.951354980469
25.5276 ,8340979 ,-124 ,-25 ,-0.0396118164062 ,0.145935058594 ,0.282775878906 ,-0.947204589844
25.5384 ,8341941 ,-124 ,-25 ,-0.04736328125 ,0.148254394531 ,0.300659179688 ,-0.940979003906
25.5536 ,8341401 ,-124 ,-26 ,-0.0525512695312 ,0.141967773438 ,0.304016113281 ,-0.940551757812
25.566 ,8340941 ,-124 ,-26 ,-0.0528564453125 ,0.132751464844 ,0.305786132812 ,-0.941284179688
25.5768 ,8341816 ,-124 ,-27 ,-0.0463256835938 ,0.125305175781 ,0.307250976562 ,-0.942199707031
25.5875 ,8340806 ,-124 ,-27 ,-0.0382080078125 ,0.117492675781 ,0.308776855469 ,-0.943054199219
25.5981 ,8341062 ,-124 ,-27 ,-0.0335083007812 ,0.100708007812 ,0.314575195312 ,-0.943298339844
25.616 ,8340460 ,-124 ,-26 ,-0.0403442382812 ,0.091064453125 ,0.323059082031 ,-0.941101074219
25.6262 ,8340975 ,-124 ,-26 ,-0.0244750976562 ,0.103332519531 ,0.323974609375 ,-0.940063476562
25.6435 ,8341958 ,-124 ,-26 ,-0.018310546875 ,0.112182617188 ,0.321533203125 ,-0.940063476562
25.6542 ,8341681 ,-124 ,-26 ,-0.0144653320312 ,0.119384765625 ,0.32177734375 ,-0.939147949219
25.6661 ,8341505 ,-124 ,-26 ,-0.014892578125 ,0.121887207031 ,0.324035644531 ,-0.938049316406
25.6766 ,8341785 ,-124 ,-26 ,-0.0162353515625 ,0.121887207031 ,0.323791503906 ,-0.938110351562
25.6872 ,8341508 ,-124 ,-26 ,-0.0181884765625 ,0.115478515625 ,0.323120117188 ,-0.939086914062
25.6977 ,8340647 ,-124 ,-26 ,-0.0220336914062 ,0.09619140625 ,0.320678710938 ,-0.942016601562
25.7159 ,8341498 ,-124 ,-26 ,-0.0198364257812 ,0.0990600585938 ,0.318603515625 ,-0.942504882812
25.7271 ,8341570 ,-124 ,-25 ,-0.0166625976562 ,0.105163574219 ,0.314453125 ,-0.943298339844
25.7377 ,8342006 ,-124 ,-25 ,-0.0130004882812 ,0.106811523438 ,0.305786132812 ,-0.945983886719
25.7483 ,8341124 ,-124 ,-25 ,-0.0122680664062 ,0.103210449219 ,0.296752929688 ,-0.949279785156
25.7593 ,8341916 ,-124 ,-26 ,-0.0131225585938 ,0.0989379882812 ,0.302368164062 ,-0.947937011719
25.7735 ,8341923 ,-123 ,-26 ,-0.012451171875 ,0.0941162109375 ,0.3056640625 ,-0.947387695312
25.7841 ,8341439 ,-123 ,-26 ,-0.0111083984375 ,0.0922241210938 ,0.307556152344 ,-0.946960449219
25.7947 ,8341937 ,-123 ,-26 ,-0.0096435546875 ,0.0928955078125 ,0.308837890625 ,-0.946533203125
25.8052 ,8341283 ,-123 ,-26 ,-0.00836181640625 ,0.0933837890625 ,0.309326171875 ,-0.946350097656
25.8173 ,8342103 ,-123 ,-26 ,-0.0074462890625 ,0.0940551757812 ,0.309265136719 ,-0.9462890625
25.8291 ,8341280 ,-123 ,-26 ,-0.00506591796875 ,0.0968017578125 ,0.307922363281 ,-0.946472167969
25.8435 ,8342612 ,-123 ,-26 ,-0.0037841796875 ,0.09765625 ,0.30712890625 ,-0.946655273438
25.8542 ,8341321 ,-123 ,-26 ,-0.00274658203125 ,0.09814453125 ,0.305786132812 ,-0.947021484375
25.8672 ,8341640 ,-123 ,-26 ,-0.00146484375 ,0.0979614257812 ,0.306579589844 ,-0.94677734375
25.8778 ,8341328 ,-123 ,-26 ,-0.00054931640625 ,0.0980834960938 ,0.304870605469 ,-0.947326660156
25.8887 ,8341200 ,-123 ,-26 ,0.00030517578125 ,0.0984497070312 ,0.303283691406 ,-0.947814941406
25.8995 ,8342290 ,-123 ,-26 ,0.00152587890625 ,0.0979614257812 ,0.298828125 ,-0.949279785156
25.9172 ,8341197 ,-123 ,-26 ,0.00225830078125 ,0.098388671875 ,0.299621582031 ,-0.948974609375
25.9283 ,8341761 ,-123 ,-26 ,0.00262451171875 ,0.0989990234375 ,0.29833984375 ,-0.949279785156
25.9392 ,8341930 ,-123 ,-26 ,0.002197265625 ,0.099365234375 ,0.29638671875 ,-0.949890136719
25.9535 ,8341221 ,-123 ,-27 ,0.00164794921875 ,0.09912109375 ,0.295593261719 ,-0.950134277344
25.9673 ,8341986 ,-123 ,-27 ,0.00146484375 ,0.098876953125 ,0.297607421875 ,-0.949584960938
25.9783 ,8341629 ,-123 ,-27 ,0.0010986328125 ,0.0986328125 ,0.297119140625 ,-0.94970703125
25.9899 ,8341349 ,-123 ,-26 ,0.00067138671875 ,0.0968017578125 ,0.295532226562 ,-0.950439453125
26.0037 ,8341602 ,-123 ,-26 ,0.0006103515625 ,0.09521484375 ,0.29443359375 ,-0.950927734375
26.0172 ,8341588 ,-123 ,-26 ,0.00079345703125 ,0.0938110351562 ,0.293823242188 ,-0.951232910156
26.0277 ,8341723 ,-123 ,-26 ,0.00115966796875 ,0.0930786132812 ,0.29248046875 ,-0.951721191406
26.0382 ,8341858 ,-123 ,-26 ,0.001708984375 ,0.093017578125 ,0.291076660156 ,-0.9521484375
26.049 ,8341826 ,-123 ,-26 ,0.00299072265625 ,0.093994140625 ,0.287963867188 ,-0.953002929688
26.0672 ,8342003 ,-123 ,-26 ,0.003662109375 ,0.0944213867188 ,0.287475585938 ,-0.953125
26.0781 ,8341955 ,-123 ,-26 ,0.004150390625 ,0.0947265625 ,0.286071777344 ,-0.953491210938
26.089 ,8341591 ,-123 ,-26 ,0.0048828125 ,0.09375 ,0.283447265625 ,-0.954406738281
26.1035 ,8341411 ,-123 ,-26 ,0.0050048828125 ,0.09326171875 ,0.282104492188 ,-0.954833984375
26.118 ,8342193 ,-123 ,-26 ,0.00543212890625 ,0.0932006835938 ,0.283508300781 ,-0.954406738281
26.1284 ,8341671 ,-123 ,-26 ,0.0054931640625 ,0.0931396484375 ,0.2822265625 ,-0.954772949219
26.1392 ,8341775 ,-123 ,-26 ,0.00567626953125 ,0.0932006835938 ,0.279846191406 ,-0.955505371094
26.1544 ,8342390 ,-123 ,-26 ,0.005859375 ,0.0932006835938 ,0.278686523438 ,-0.955810546875
26.1681 ,8341121 ,-123 ,-26 ,0.00628662109375 ,0.0932006835938 ,0.278747558594 ,-0.955810546875
26.1789 ,8341858 ,-123 ,-26 ,0.007080078125 ,0.0935668945312 ,0.27685546875 ,-0.956298828125
26.1944 ,8342512 ,-122 ,-26 ,0.007568359375 ,0.0938720703125 ,0.276062011719 ,-0.95654296875
26.205 ,8341795 ,-122 ,-26 ,0.00811767578125 ,0.09423828125 ,0.275329589844 ,-0.956665039062
26.2182 ,8342179 ,-122 ,-26 ,0.00872802734375 ,0.094482421875 ,0.276794433594 ,-0.956237792969
26.2294 ,8341906 ,-122 ,-26 ,0.00909423828125 ,0.0942993164062 ,0.275634765625 ,-0.956604003906
26.2446 ,8342809 ,-122 ,-26 ,0.0089111328125 ,0.0939331054688 ,0.275146484375 ,-0.956787109375
26.2554 ,8341051 ,-122 ,-26 ,0.00860595703125 ,0.0936279296875 ,0.274658203125 ,-0.956909179688
26.267 ,8342065 ,-122 ,-26 ,0.00848388671875 ,0.0936889648438 ,0.274169921875 ,-0.957092285156
26.2775 ,8342041 ,-122 ,-26 ,0.0086669921875 ,0.0940551757812 ,0.273559570312 ,-0.957214355469
26.2883 ,8341643 ,-122 ,-26 ,0.0089111328125 ,0.09423828125 ,0.272888183594 ,-0.957397460938
26.2991 ,8342169 ,-122 ,-26 ,0.00946044921875 ,0.0936889648438 ,0.271606445312 ,-0.957824707031
26.3183 ,8342107 ,-122 ,-26 ,0.00994873046875 ,0.0935668945312 ,0.271179199219 ,-0.957885742188
26.3303 ,8341034 ,-122 ,-26 ,0.010986328125 ,0.0945434570312 ,0.270202636719 ,-0.958068847656
26.3443 ,8341913 ,-122 ,-26 ,0.0114135742188 ,0.0950927734375 ,0.269775390625 ,-0.958129882812
26.3553 ,8341262 ,-122 ,-26 ,0.0116577148438 ,0.0955200195312 ,0.26953125 ,-0.958190917969
26.368 ,8342145 ,-122 ,-26 ,0.0117797851562 ,0.0958862304688 ,0.269592285156 ,-0.958129882812
26.3793 ,8342370 ,-122 ,-26 ,0.0114135742188 ,0.0965576171875 ,0.268737792969 ,-0.958312988281
26.4059 ,8341999 ,-122 ,-26 ,0.01123046875 ,0.0968627929688 ,0.268432617188 ,-0.958374023438
26.4181 ,8341290 ,-122 ,-26 ,0.0111083984375 ,0.0972900390625 ,0.268127441406 ,-0.958374023438
26.4296 ,8341425 ,-121 ,-26 ,0.0110473632812 ,0.0985107421875 ,0.267211914062 ,-0.958557128906
26.4435 ,8341307 ,-121 ,-26 ,0.0111083984375 ,0.09912109375 ,0.266662597656 ,-0.958618164062
26.4544 ,8341802 ,-121 ,-26 ,0.0112915039062 ,0.099609375 ,0.266174316406 ,-0.958679199219
26.4673 ,8342221 ,-121 ,-26 ,0.011962890625 ,0.100463867188 ,0.265502929688 ,-0.958801269531
26.4846 ,8342647 ,-121 ,-26 ,0.0122680664062 ,0.10107421875 ,0.265502929688 ,-0.958740234375
26.4951 ,8342833 ,-121 ,-26 ,0.01318359375 ,0.102416992188 ,0.265502929688 ,-0.958557128906
26.5194 ,8341647 ,-121 ,-26 ,0.0140991210938 ,0.103332519531 ,0.26513671875 ,-0.958557128906
26.534 ,8342238 ,-121 ,-26 ,0.014404296875 ,0.103637695312 ,0.264709472656 ,-0.958618164062
26.545 ,8341799 ,-121 ,-26 ,0.0145263671875 ,0.103881835938 ,0.26416015625 ,-0.958740234375
26.5556 ,8341837 ,-121 ,-26 ,0.0144653320312 ,0.104187011719 ,0.263488769531 ,-0.958923339844
26.5681 ,8342159 ,-121 ,-26 ,0.0142822265625 ,0.1044921875 ,0.262512207031 ,-0.959167480469
26.5789 ,8342107 ,-121 ,-26 ,0.0135498046875 ,0.104858398438 ,0.261352539062 ,-0.959411621094
26.5946 ,8341373 ,-121 ,-25 ,0.0133056640625 ,0.105224609375 ,0.260986328125 ,-0.959533691406
26.6051 ,8342487 ,-121 ,-25 ,0.0132446289062 ,0.105590820312 ,0.260559082031 ,-0.959594726562
26.6181 ,8342363 ,-121 ,-25 ,0.01318359375 ,0.10595703125 ,0.260192871094 ,-0.959655761719
26.6292 ,8342242 ,-121 ,-25 ,0.0131225585938 ,0.106384277344 ,0.259521484375 ,-0.959777832031
26.6444 ,8342256 ,-121 ,-25 ,0.0130615234375 ,0.106567382812 ,0.259094238281 ,-0.959838867188
26.655 ,8341820 ,-121 ,-25 ,0.0131225585938 ,0.106872558594 ,0.258544921875 ,-0.9599609375
26.6679 ,8342460 ,-121 ,-25 ,0.0132446289062 ,0.107055664062 ,0.258422851562 ,-0.9599609375
26.6784 ,8342121 ,-121 ,-25 ,0.0133666992188 ,0.107360839844 ,0.258117675781 ,-0.960021972656
26.6891 ,8341183 ,-121 ,-25 ,0.0134887695312 ,0.108032226562 ,0.257690429688 ,-0.960083007812
26.7048 ,8342013 ,-121 ,-25 ,0.0136108398438 ,0.108154296875 ,0.257568359375 ,-0.960083007812
26.7185 ,8341356 ,-121 ,-25 ,0.013671875 ,0.108032226562 ,0.257629394531 ,-0.960083007812
26.7299 ,8341356 ,-121 ,-25 ,0.0137939453125 ,0.107543945312 ,0.257629394531 ,-0.960144042969
26.7441 ,8341615 ,-121 ,-25 ,0.0137939453125 ,0.107543945312 ,0.257629394531 ,-0.960144042969
26.7547 ,8341861 ,-121 ,-25 ,0.0137329101562 ,0.107666015625 ,0.257629394531 ,-0.960144042969
26.7678 ,8342121 ,-121 ,-25 ,0.013671875 ,0.107666015625 ,0.257629394531 ,-0.960144042969
26.7783 ,8342653 ,-120 ,-25 ,0.013671875 ,0.107604980469 ,0.257629394531 ,-0.960144042969
26.7892 ,8341529 ,-120 ,-25 ,0.013427734375 ,0.107177734375 ,0.257995605469 ,-0.960083007812
26.8043 ,8341602 ,-120 ,-25 ,0.0132446289062 ,0.10693359375 ,0.258178710938 ,-0.960083007812
26.818 ,8341937 ,-120 ,-25 ,0.0131225585938 ,0.106750488281 ,0.258605957031 ,-0.9599609375
26.8286 ,8342041 ,-120 ,-25 ,0.0130615234375 ,0.106628417969 ,0.258666992188 ,-0.9599609375
26.8392 ,8342550 ,-120 ,-25 ,0.0130004882812 ,0.106323242188 ,0.258728027344 ,-0.9599609375
26.8542 ,8342387 ,-120 ,-25 ,0.0130615234375 ,0.106262207031 ,0.258850097656 ,-0.9599609375
26.8678 ,8342107 ,-120 ,-25 ,0.0131225585938 ,0.106262207031 ,0.259094238281 ,-0.959899902344
26.8782 ,8341757 ,-120 ,-25 ,0.01318359375 ,0.106384277344 ,0.259094238281 ,-0.959899902344
26.889 ,8341882 ,-120 ,-25 ,0.0131225585938 ,0.106811523438 ,0.259460449219 ,-0.959716796875
26.9044 ,8342377 ,-120 ,-25 ,0.0130615234375 ,0.107238769531 ,0.259765625 ,-0.959594726562
26.9204 ,8342318 ,-120 ,-25 ,0.0130615234375 ,0.1083984375 ,0.260498046875 ,-0.959289550781
26.9342 ,8342311 ,-120 ,-25 ,0.0131225585938 ,0.108703613281 ,0.260681152344 ,-0.959228515625
26.9451 ,8341747 ,-120 ,-25 ,0.0132446289062 ,0.108764648438 ,0.260925292969 ,-0.959106445312
26.9558 ,8342397 ,-120 ,-25 ,0.0132446289062 ,0.108703613281 ,0.26123046875 ,-0.959045410156
26.9684 ,8342460 ,-120 ,-25 ,0.0133666992188 ,0.108642578125 ,0.262084960938 ,-0.958801269531
26.9798 ,8342325 ,-120 ,-25 ,0.0133666992188 ,0.109069824219 ,0.262573242188 ,-0.958618164062
26.9947 ,8342117 ,-120 ,-25 ,0.0133666992188 ,0.109497070312 ,0.262878417969 ,-0.95849609375
27.0057 ,8342768 ,-120 ,-25 ,0.0133056640625 ,0.10986328125 ,0.263244628906 ,-0.958374023438
27.0183 ,8342463 ,-120 ,-25 ,0.0133666992188 ,0.110107421875 ,0.263977050781 ,-0.958129882812
27.03 ,8341546 ,-120 ,-25 ,0.0138549804688 ,0.110961914062 ,0.264099121094 ,-0.9580078125
27.0448 ,8342335 ,-120 ,-25 ,0.0140991210938 ,0.111572265625 ,0.26416015625 ,-0.957885742188
27.0559 ,8341875 ,-120 ,-25 ,0.014404296875 ,0.112182617188 ,0.26416015625 ,-0.957824707031
27.0688 ,8341743 ,-119 ,-25 ,0.0147094726562 ,0.112670898438 ,0.264465332031 ,-0.957702636719
27.08 ,8342446 ,-119 ,-25 ,0.015380859375 ,0.113525390625 ,0.264038085938 ,-0.957702636719
27.095 ,8342335 ,-119 ,-25 ,0.015625 ,0.113891601562 ,0.263732910156 ,-0.957702636719
27.1059 ,8342249 ,-119 ,-25 ,0.0157470703125 ,0.1142578125 ,0.263610839844 ,-0.957702636719
27.1174 ,8342955 ,-119 ,-25 ,0.0156860351562 ,0.114807128906 ,0.263488769531 ,-0.957702636719
27.1283 ,8341242 ,-119 ,-24 ,0.015625 ,0.115112304688 ,0.263366699219 ,-0.957641601562
27.1396 ,8342141 ,-119 ,-24 ,0.01513671875 ,0.114868164062 ,0.262451171875 ,-0.957946777344
27.1547 ,8341692 ,-119 ,-24 ,0.0150146484375 ,0.114929199219 ,0.262084960938 ,-0.958068847656
27.1687 ,8342352 ,-119 ,-24 ,0.0150146484375 ,0.115112304688 ,0.261901855469 ,-0.958068847656
27.1798 ,8343671 ,-119 ,-24 ,0.0150756835938 ,0.115783691406 ,0.260314941406 ,-0.958435058594
27.1947 ,8341363 ,-119 ,-24 ,0.01513671875 ,0.116455078125 ,0.259704589844 ,-0.958557128906
27.2056 ,8342415 ,-119 ,-24 ,0.0152587890625 ,0.116943359375 ,0.259094238281 ,-0.958618164062
27.2183 ,8342172 ,-119 ,-24 ,0.0153198242188 ,0.1171875 ,0.259155273438 ,-0.958557128906
27.23 ,8342795 ,-119 ,-24 ,0.015380859375 ,0.118286132812 ,0.258239746094 ,-0.958679199219
27.2438 ,8341574 ,-119 ,-24 ,0.0155639648438 ,0.119140625 ,0.2578125 ,-0.958679199219
27.2546 ,8342422 ,-119 ,-24 ,0.0156860351562 ,0.119812011719 ,0.257507324219 ,-0.958679199219
27.2673 ,8342114 ,-119 ,-23 ,0.0158081054688 ,0.1201171875 ,0.25732421875 ,-0.958679199219
27.2783 ,8342297 ,-119 ,-23 ,0.0151977539062 ,0.119873046875 ,0.257690429688 ,-0.958618164062
27.2948 ,8341740 ,-119 ,-23 ,0.0146484375 ,0.119323730469 ,0.258056640625 ,-0.958618164062
27.3053 ,8342546 ,-119 ,-23 ,0.0137329101562 ,0.118713378906 ,0.258422851562 ,-0.958618164062
27.3195 ,8342003 ,-119 ,-23 ,0.01123046875 ,0.11669921875 ,0.258972167969 ,-0.958740234375
27.3334 ,8342688 ,-119 ,-22 ,0.0098876953125 ,0.115295410156 ,0.258605957031 ,-0.959045410156
27.3443 ,8342211 ,-119 ,-22 ,0.0084228515625 ,0.113708496094 ,0.257995605469 ,-0.959411621094
27.3549 ,8342297 ,-119 ,-22 ,0.0069580078125 ,0.112060546875 ,0.257141113281 ,-0.959838867188
27.3671 ,8342280 ,-119 ,-22 ,0.00543212890625 ,0.110473632812 ,0.256408691406 ,-0.960205078125
27.3779 ,8342553 ,-119 ,-22 ,0.002685546875 ,0.107238769531 ,0.255187988281 ,-0.9609375
27.3935 ,8342768 ,-119 ,-21 ,0.0015869140625 ,0.105773925781 ,0.254516601562 ,-0.961242675781
27.404 ,8341605 ,-119 ,-21 ,0.00079345703125 ,0.104675292969 ,0.253845214844 ,-0.961547851562
27.4171 ,8342155 ,-119 ,-21 ,0.0003662109375 ,0.104064941406 ,0.252990722656 ,-0.961853027344
27.4283 ,8341920 ,-120 ,-21 ,0.00018310546875 ,0.104309082031 ,0.251953125 ,-0.962097167969
27.4391 ,8342314 ,-120 ,-21 ,-6.103515625e-05 ,0.107360839844 ,0.249267578125 ,-0.962463378906
27.4537 ,8342529 ,-120 ,-21 ,-0.0003662109375 ,0.109130859375 ,0.248168945312 ,-0.962524414062
27.4674 ,8342162 ,-120 ,-20 ,-0.00067138671875 ,0.110534667969 ,0.247253417969 ,-0.962646484375
27.4778 ,8341875 ,-120 ,-20 ,-0.00103759765625 ,0.111267089844 ,0.246398925781 ,-0.962768554688
27.4883 ,8342463 ,-120 ,-20 ,-0.00128173828125 ,0.111755371094 ,0.245788574219 ,-0.962829589844
27.4991 ,8342249 ,-120 ,-20 ,-0.0018310546875 ,0.111633300781 ,0.245300292969 ,-0.963012695312
27.5176 ,8341792 ,-120 ,-20 ,-0.0023193359375 ,0.110961914062 ,0.245178222656 ,-0.963134765625
27.5292 ,8342363 ,-120 ,-19 ,-0.00384521484375 ,0.109558105469 ,0.244934082031 ,-0.963317871094
27.5434 ,8342318 ,-120 ,-19 ,-0.004638671875 ,0.109252929688 ,0.244689941406 ,-0.963439941406
27.5539 ,8341941 ,-120 ,-19 ,-0.00531005859375 ,0.109252929688 ,0.244140625 ,-0.963562011719
27.568 ,8342657 ,-120 ,-19 ,-0.00604248046875 ,0.109375 ,0.242858886719 ,-0.9638671875
27.5784 ,8342134 ,-120 ,-19 ,-0.0068359375 ,0.109619140625 ,0.2421875 ,-0.963989257812
27.5889 ,8342134 ,-120 ,-19 ,-0.00872802734375 ,0.109741210938 ,0.241088867188 ,-0.964233398438
27.6035 ,8342726 ,-120 ,-18 ,-0.0096435546875 ,0.109619140625 ,0.240417480469 ,-0.964416503906
27.6171 ,8341508 ,-120 ,-18 ,-0.0104370117188 ,0.109375 ,0.23974609375 ,-0.964599609375
27.6279 ,8341660 ,-120 ,-18 ,-0.0110473632812 ,0.109130859375 ,0.239135742188 ,-0.964782714844
27.6384 ,8342269 ,-120 ,-18 ,-0.0115966796875 ,0.10888671875 ,0.238586425781 ,-0.964904785156
27.649 ,8341799 ,-120 ,-18 ,-0.0125732421875 ,0.109008789062 ,0.237487792969 ,-0.965148925781
27.6681 ,8341809 ,-120 ,-18 ,-0.012939453125 ,0.109313964844 ,0.236877441406 ,-0.965270996094
27.679 ,8342612 ,-120 ,-17 ,-0.013671875 ,0.110473632812 ,0.235717773438 ,-0.965393066406
27.6945 ,8342096 ,-120 ,-17 ,-0.0139770507812 ,0.111267089844 ,0.235107421875 ,-0.965454101562
27.7051 ,8341937 ,-120 ,-17 ,-0.0142211914062 ,0.112060546875 ,0.234558105469 ,-0.965515136719
27.7175 ,8342048 ,-119 ,-17 ,-0.014404296875 ,0.112731933594 ,0.234069824219 ,-0.965576171875
27.7284 ,8341671 ,-119 ,-17 ,-0.0145874023438 ,0.11328125 ,0.233642578125 ,-0.965576171875
27.7392 ,8341633 ,-119 ,-16 ,-0.01513671875 ,0.11376953125 ,0.233032226562 ,-0.965698242188
27.7545 ,8342422 ,-119 ,-16 ,-0.015625 ,0.113830566406 ,0.232727050781 ,-0.965759277344
27.7674 ,8342010 ,-119 ,-16 ,-0.0160522460938 ,0.113891601562 ,0.232421875 ,-0.9658203125
27.7792 ,8341982 ,-119 ,-16 ,-0.016845703125 ,0.114501953125 ,0.231567382812 ,-0.965881347656
27.7946 ,8342577 ,-119 ,-15 ,-0.0172119140625 ,0.115051269531 ,0.23095703125 ,-0.966003417969
27.8055 ,8342069 ,-119 ,-15 ,-0.017333984375 ,0.115600585938 ,0.230346679688 ,-0.966064453125
27.8174 ,8342093 ,-119 ,-15 ,-0.0174560546875 ,0.116027832031 ,0.229736328125 ,-0.966125488281
27.8281 ,8342418 ,-119 ,-15 ,-0.017578125 ,0.116394042969 ,0.229187011719 ,-0.966247558594
27.8391 ,8341719 ,-119 ,-15 ,-0.0181274414062 ,0.117248535156 ,0.227722167969 ,-0.966491699219
27.8549 ,8342179 ,-119 ,-14 ,-0.0183715820312 ,0.117919921875 ,0.226928710938 ,-0.966552734375
27.8683 ,8341788 ,-119 ,-14 ,-0.0185546875 ,0.118591308594 ,0.226135253906 ,-0.966674804688
27.8796 ,8341785 ,-119 ,-14 ,-0.0189819335938 ,0.118774414062 ,0.224426269531 ,-0.967041015625
27.8946 ,8342145 ,-119 ,-14 ,-0.0194702148438 ,0.118530273438 ,0.2236328125 ,-0.967224121094
27.9054 ,8342536 ,-119 ,-13 ,-0.0199584960938 ,0.118713378906 ,0.222839355469 ,-0.967407226562
27.9174 ,8341349 ,-119 ,-13 ,-0.022216796875 ,0.119323730469 ,0.219177246094 ,-0.968139648438
27.9546 ,8341688 ,-119 ,-13 ,-0.0228271484375 ,0.118896484375 ,0.218322753906 ,-0.968322753906
27.9674 ,8341740 ,-119 ,-12 ,-0.0234985351562 ,0.118713378906 ,0.217590332031 ,-0.968505859375
27.978 ,8341591 ,-119 ,-12 ,-0.0242309570312 ,0.118774414062 ,0.216918945312 ,-0.968627929688
27.9889 ,8341986 ,-119 ,-12 ,-0.0259399414062 ,0.119323730469 ,0.215576171875 ,-0.968811035156
28.0049 ,8342262 ,-119 ,-12 ,-0.0267333984375 ,0.11962890625 ,0.21484375 ,-0.968933105469
28.0167 ,8342086 ,-119 ,-12 ,-0.0274047851562 ,0.119323730469 ,0.214111328125 ,-0.969116210938
28.0278 ,8342505 ,-119 ,-12 ,-0.0281372070312 ,0.118530273438 ,0.21337890625 ,-0.969360351562
28.0389 ,8341176 ,-119 ,-12 ,-0.030029296875 ,0.117065429688 ,0.212341308594 ,-0.969665527344
28.0548 ,8342352 ,-119 ,-12 ,-0.0311889648438 ,0.117065429688 ,0.2119140625 ,-0.9697265625
28.068 ,8341816 ,-119 ,-12 ,-0.0325317382812 ,0.116821289062 ,0.211486816406 ,-0.969848632812
28.0796 ,8342100 ,-119 ,-12 ,-0.034423828125 ,0.116882324219 ,0.21044921875 ,-0.969970703125
28.0941 ,8342397 ,-119 ,-12 ,-0.0348510742188 ,0.116760253906 ,0.210144042969 ,-0.970031738281
28.1052 ,8341823 ,-119 ,-12 ,-0.0350952148438 ,0.1162109375 ,0.210083007812 ,-0.970092773438
28.1165 ,8343103 ,-119 ,-12 ,-0.0350952148438 ,0.115844726562 ,0.210144042969 ,-0.970153808594
28.1276 ,8343131 ,-119 ,-13 ,-0.0349731445312 ,0.117004394531 ,0.210205078125 ,-0.969970703125
28.1384 ,8342211 ,-119 ,-13 ,-0.0340576171875 ,0.118103027344 ,0.21044921875 ,-0.969848632812
28.1495 ,8342259 ,-119 ,-13 ,-0.0331420898438 ,0.119750976562 ,0.210510253906 ,-0.969665527344
28.1672 ,8341840 ,-119 ,-13 ,-0.0330810546875 ,0.120666503906 ,0.210815429688 ,-0.969482421875
28.178 ,8342536 ,-119 ,-13 ,-0.033203125 ,0.121643066406 ,0.211181640625 ,-0.969299316406
28.1893 ,8343200 ,-119 ,-13 ,-0.0333862304688 ,0.123596191406 ,0.211303710938 ,-0.968994140625
28.204 ,8342422 ,-119 ,-13 ,-0.0332641601562 ,0.124267578125 ,0.211364746094 ,-0.968933105469
28.2168 ,8342858 ,-119 ,-13 ,-0.0330200195312 ,0.124572753906 ,0.211669921875 ,-0.968811035156
28.2284 ,8342615 ,-119 ,-13 ,-0.0330200195312 ,0.124877929688 ,0.212097167969 ,-0.968688964844
28.2394 ,8342823 ,-119 ,-14 ,-0.0333251953125 ,0.125671386719 ,0.213317871094 ,-0.968322753906
28.254 ,8342903 ,-119 ,-14 ,-0.0333251953125 ,0.126159667969 ,0.213928222656 ,-0.968078613281
28.2668 ,8342709 ,-119 ,-14 ,-0.0335693359375 ,0.12646484375 ,0.21435546875 ,-0.967956542969
28.2787 ,8342169 ,-119 ,-14 ,-0.0340576171875 ,0.126281738281 ,0.214904785156 ,-0.967834472656
28.2896 ,8343238 ,-119 ,-14 ,-0.0357055664062 ,0.124267578125 ,0.216186523438 ,-0.9677734375
28.3039 ,8343017 ,-119 ,-14 ,-0.0361328125 ,0.122680664062 ,0.216674804688 ,-0.967834472656
28.3171 ,8343173 ,-119 ,-14 ,-0.0364990234375 ,0.121276855469 ,0.217041015625 ,-0.967895507812
28.328 ,8342913 ,-119 ,-14 ,-0.0369262695312 ,0.120300292969 ,0.217407226562 ,-0.967956542969
28.3393 ,8343044 ,-119 ,-14 ,-0.0372314453125 ,0.119750976562 ,0.21826171875 ,-0.9677734375
28.3548 ,8342487 ,-119 ,-15 ,-0.0369262695312 ,0.119873046875 ,0.21875 ,-0.967712402344
28.3667 ,8342595 ,-119 ,-15 ,-0.03662109375 ,0.119750976562 ,0.219482421875 ,-0.967529296875
28.3796 ,8343065 ,-119 ,-15 ,-0.0361328125 ,0.117980957031 ,0.220153808594 ,-0.967651367188
28.394 ,8343269 ,-119 ,-15 ,-0.0364990234375 ,0.11669921875 ,0.219604492188 ,-0.967895507812
28.4048 ,8342647 ,-119 ,-15 ,-0.037109375 ,0.116149902344 ,0.218872070312 ,-0.968139648438
28.4169 ,8342930 ,-119 ,-15 ,-0.037841796875 ,0.117248535156 ,0.217529296875 ,-0.96826171875
28.4289 ,8343297 ,-119 ,-15 ,-0.03955078125 ,0.12060546875 ,0.216064453125 ,-0.968078613281
28.4434 ,8343553 ,-119 ,-15 ,-0.0396118164062 ,0.120849609375 ,0.216186523438 ,-0.968017578125
28.4544 ,8343003 ,-119 ,-15 ,-0.0388793945312 ,0.119750976562 ,0.216064453125 ,-0.968200683594
28.4668 ,8343764 ,-119 ,-15 ,-0.0379638671875 ,0.11767578125 ,0.216064453125 ,-0.968505859375
28.4782 ,8343487 ,-119 ,-15 ,-0.0374145507812 ,0.11572265625 ,0.216491699219 ,-0.968688964844
28.4895 ,8343370 ,-119 ,-15 ,-0.036376953125 ,0.114868164062 ,0.217346191406 ,-0.968627929688
28.504 ,8343301 ,-119 ,-16 ,-0.0355224609375 ,0.115173339844 ,0.216857910156 ,-0.96875
28.5172 ,8343093 ,-119 ,-16 ,-0.0349731445312 ,0.115356445312 ,0.216247558594 ,-0.968872070312
28.5284 ,8343211 ,-119 ,-16 ,-0.0348510742188 ,0.114929199219 ,0.215454101562 ,-0.969116210938
28.5398 ,8343439 ,-119 ,-16 ,-0.0357055664062 ,0.111694335938 ,0.212951660156 ,-0.969970703125
28.5539 ,8343671 ,-118 ,-16 ,-0.0358276367188 ,0.1103515625 ,0.211242675781 ,-0.970520019531
28.5671 ,8344169 ,-118 ,-16 ,-0.0357055664062 ,0.10986328125 ,0.209106445312 ,-0.971069335938
28.5777 ,8343546 ,-118 ,-16 ,-0.0352172851562 ,0.110473632812 ,0.206481933594 ,-0.971557617188
28.5888 ,8344373 ,-118 ,-16 ,-0.0347900390625 ,0.111877441406 ,0.203186035156 ,-0.972106933594
28.5998 ,8343820 ,-118 ,-16 ,-0.034912109375 ,0.116271972656 ,0.195190429688 ,-0.973205566406
28.6177 ,8344698 ,-118 ,-16 ,-0.033935546875 ,0.118835449219 ,0.190979003906 ,-0.973754882812
28.6293 ,8344820 ,-118 ,-16 ,-0.0339965820312 ,0.120300292969 ,0.184692382812 ,-0.974792480469
28.6439 ,8345349 ,-118 ,-16 ,-0.0368041992188 ,0.119323730469 ,0.18212890625 ,-0.975341796875
28.6547 ,8345366 ,-118 ,-16 ,-0.0377807617188 ,0.117004394531 ,0.178405761719 ,-0.976257324219
28.6675 ,8346186 ,-118 ,-16 ,-0.0384521484375 ,0.114440917969 ,0.172790527344 ,-0.9775390625
28.6784 ,8346186 ,-118 ,-16 ,-0.045166015625 ,0.103088378906 ,0.166809082031 ,-0.979553222656
28.6939 ,8346695 ,-118 ,-16 ,-0.0419311523438 ,0.0958251953125 ,0.164123535156 ,-0.980895996094
28.7046 ,8348273 ,-118 ,-16 ,-0.0396728515625 ,0.0881958007812 ,0.160522460938 ,-0.982299804688
28.7175 ,8348418 ,-119 ,-16 ,-0.0423583984375 ,0.0807495117188 ,0.156555175781 ,-0.983459472656
28.7289 ,8348522 ,-119 ,-16 ,-0.0432739257812 ,0.0751342773438 ,0.152404785156 ,-0.984497070312
28.7398 ,8348806 ,-119 ,-16 ,-0.0404052734375 ,0.0741577148438 ,0.142456054688 ,-0.986206054688
28.7541 ,8349605 ,-119 ,-16 ,-0.0415649414062 ,0.0771484375 ,0.136291503906 ,-0.986755371094
28.7676 ,8350062 ,-119 ,-16 ,-0.0408325195312 ,0.0804443359375 ,0.12939453125 ,-0.987487792969
28.7795 ,8350052 ,-119 ,-16 ,-0.0408325195312 ,0.082275390625 ,0.118713378906 ,-0.988647460938
28.7941 ,8350879 ,-119 ,-16 ,-0.0414428710938 ,0.0797729492188 ,0.113952636719 ,-0.989379882812
28.8052 ,8351003 ,-119 ,-16 ,-0.0418090820312 ,0.0751342773438 ,0.110107421875 ,-0.990173339844
28.8176 ,8351117 ,-119 ,-15 ,-0.0426025390625 ,0.0696411132812 ,0.106689453125 ,-0.990966796875
28.8286 ,8350816 ,-119 ,-15 ,-0.043212890625 ,0.0648803710938 ,0.103271484375 ,-0.991577148438
28.8396 ,8350882 ,-119 ,-15 ,-0.04443359375 ,0.0608520507812 ,0.0975341796875 ,-0.992370605469
28.8541 ,8350152 ,-119 ,-15 ,-0.044677734375 ,0.0617065429688 ,0.094970703125 ,-0.992553710938
28.8675 ,8350664 ,-120 ,-15 ,-0.0452270507812 ,0.0633544921875 ,0.0921630859375 ,-0.99267578125
28.8791 ,8349577 ,-120 ,-15 ,-0.0465087890625 ,0.064453125 ,0.0899658203125 ,-0.992736816406
28.894 ,8349103 ,-120 ,-15 ,-0.0471801757812 ,0.0623779296875 ,0.089599609375 ,-0.992919921875
28.9051 ,8349366 ,-120 ,-15 ,-0.047607421875 ,0.05908203125 ,0.0891723632812 ,-0.993103027344
28.9176 ,8349058 ,-120 ,-15 ,-0.047607421875 ,0.0565185546875 ,0.0881958007812 ,-0.993347167969
28.9282 ,8348422 ,-120 ,-15 ,-0.0479125976562 ,0.055908203125 ,0.0868530273438 ,-0.993469238281
28.9394 ,8348636 ,-120 ,-15 ,-0.048583984375 ,0.0590209960938 ,0.0841674804688 ,-0.993530273438
28.9541 ,8349107 ,-120 ,-15 ,-0.0486450195312 ,0.0615844726562 ,0.0828857421875 ,-0.993469238281
28.9675 ,8349408 ,-120 ,-15 ,-0.0488891601562 ,0.0635986328125 ,0.081787109375 ,-0.993408203125
28.9787 ,8349467 ,-120 ,-15 ,-0.0490112304688 ,0.0638427734375 ,0.0814208984375 ,-0.993408203125
28.9894 ,8349685 ,-120 ,-15 ,-0.04931640625 ,0.059326171875 ,0.0809936523438 ,-0.993713378906
29.0041 ,8349141 ,-120 ,-15 ,-0.0494995117188 ,0.056640625 ,0.0808715820312 ,-0.993896484375
29.0176 ,8348958 ,-120 ,-15 ,-0.0494384765625 ,0.0557250976562 ,0.08056640625 ,-0.993957519531
29.0299 ,8348256 ,-120 ,-15 ,-0.04931640625 ,0.0593872070312 ,0.0797119140625 ,-0.993835449219
29.044 ,8348913 ,-120 ,-15 ,-0.0492553710938 ,0.0625610351562 ,0.0795288085938 ,-0.99365234375
29.055 ,8348536 ,-120 ,-15 ,-0.049072265625 ,0.0647583007812 ,0.07958984375 ,-0.993530273438
29.0675 ,8348564 ,-120 ,-15 ,-0.0490112304688 ,0.0653076171875 ,0.079833984375 ,-0.993469238281
29.0784 ,8348384 ,-120 ,-15 ,-0.049072265625 ,0.06396484375 ,0.080078125 ,-0.993530273438
29.0896 ,8348290 ,-120 ,-15 ,-0.0492553710938 ,0.0598754882812 ,0.0806884765625 ,-0.993713378906
29.1039 ,8348612 ,-120 ,-15 ,-0.0493774414062 ,0.0591430664062 ,0.0809326171875 ,-0.993713378906
29.1175 ,8347858 ,-120 ,-15 ,-0.0493774414062 ,0.0598754882812 ,0.0813598632812 ,-0.99365234375
29.1286 ,8348591 ,-120 ,-15 ,-0.049560546875 ,0.0658569335938 ,0.0816040039062 ,-0.993225097656
29.1536 ,8348117 ,-120 ,-15 ,-0.0496215820312 ,0.066650390625 ,0.08154296875 ,-0.993225097656
29.1671 ,8347456 ,-120 ,-15 ,-0.0498657226562 ,0.0662841796875 ,0.0814208984375 ,-0.993225097656
29.1774 ,8347723 ,-120 ,-15 ,-0.0502319335938 ,0.065185546875 ,0.0812377929688 ,-0.993286132812
