time, Futek, ENCL, ENCR, X, Y, Z, W 
2.5782 ,8366360 ,-87 ,0 ,0.0 ,0.0 ,0.0 ,0.0
2.5887 ,8366304 ,-87 ,0 ,0.0 ,0.0 ,0.0 ,0.0
2.5992 ,8366304 ,-87 ,0 ,0.0 ,0.0 ,0.0 ,0.0
2.6109 ,8365723 ,-87 ,0 ,0.0 ,0.0 ,0.0 ,0.0
2.6216 ,8365872 ,-87 ,0 ,-0.0799560546875 ,0.0416259765625 ,0.967041015625 ,0.238037109375
2.6369 ,8365512 ,-87 ,0 ,-0.07958984375 ,0.0414428710938 ,0.966857910156 ,0.238952636719
2.6491 ,8365996 ,-87 ,-1 ,-0.0791625976562 ,0.041259765625 ,0.966674804688 ,0.239807128906
2.6598 ,8365581 ,-87 ,-1 ,-0.07861328125 ,0.0410766601562 ,0.966552734375 ,0.240661621094
2.6705 ,8365585 ,-87 ,-1 ,-0.0780029296875 ,0.0408325195312 ,0.966430664062 ,0.241394042969
2.6818 ,8365695 ,-87 ,-1 ,-0.0767822265625 ,0.0405883789062 ,0.966186523438 ,0.24267578125
2.6972 ,8365076 ,-87 ,-1 ,-0.0762329101562 ,0.04052734375 ,0.966125488281 ,0.2431640625
2.7081 ,8364775 ,-87 ,0 ,-0.0757446289062 ,0.04052734375 ,0.966064453125 ,0.243530273438
2.7195 ,8365090 ,-87 ,0 ,-0.0753784179688 ,0.04052734375 ,0.966064453125 ,0.243774414062
2.73 ,8364972 ,-87 ,0 ,-0.0753173828125 ,0.0405883789062 ,0.966003417969 ,0.244018554688
2.7408 ,8365180 ,-87 ,0 ,-0.0752563476562 ,0.0407104492188 ,0.965942382812 ,0.244079589844
2.7515 ,8365322 ,-87 ,0 ,-0.0752563476562 ,0.0408325195312 ,0.965942382812 ,0.244079589844
2.7622 ,8365273 ,-87 ,0 ,-0.0750122070312 ,0.041015625 ,0.965942382812 ,0.244140625
2.7771 ,8365758 ,-87 ,0 ,-0.07470703125 ,0.0410766601562 ,0.966003417969 ,0.244140625
2.7876 ,8365242 ,-87 ,0 ,-0.07421875 ,0.0410766601562 ,0.966003417969 ,0.244201660156
2.7983 ,8365121 ,-87 ,0 ,-0.07373046875 ,0.0410766601562 ,0.966064453125 ,0.244201660156
2.8091 ,8365339 ,-87 ,0 ,-0.0733032226562 ,0.0410766601562 ,0.966064453125 ,0.244262695312
2.8196 ,8365529 ,-87 ,0 ,-0.072998046875 ,0.0411376953125 ,0.966064453125 ,0.244384765625
2.83 ,8365041 ,-87 ,0 ,-0.0725708007812 ,0.0411376953125 ,0.966003417969 ,0.24462890625
2.8409 ,8365093 ,-87 ,0 ,-0.0720825195312 ,0.0411987304688 ,0.966003417969 ,0.244934082031
2.8521 ,8365813 ,-87 ,0 ,-0.0709838867188 ,0.0411376953125 ,0.965881347656 ,0.245544433594
2.8702 ,8365038 ,-87 ,0 ,-0.0704956054688 ,0.0411376953125 ,0.965881347656 ,0.245849609375
2.8804 ,8365377 ,-87 ,0 ,-0.070068359375 ,0.0411376953125 ,0.9658203125 ,0.246154785156
2.891 ,8365702 ,-87 ,0 ,-0.0695190429688 ,0.0411376953125 ,0.965759277344 ,0.246459960938
2.9017 ,8364768 ,-87 ,0 ,-0.0682373046875 ,0.0410766601562 ,0.965698242188 ,0.247131347656
2.92 ,8364180 ,-87 ,0 ,-0.067626953125 ,0.0409545898438 ,0.965698242188 ,0.247436523438
2.9308 ,8364761 ,-87 ,0 ,-0.0670776367188 ,0.0409545898438 ,0.965637207031 ,0.247680664062
2.9416 ,8365526 ,-87 ,0 ,-0.0662231445312 ,0.040771484375 ,0.965576171875 ,0.248107910156
2.957 ,8364972 ,-87 ,0 ,-0.0657348632812 ,0.0407104492188 ,0.965637207031 ,0.248229980469
2.9699 ,8364906 ,-87 ,0 ,-0.0652465820312 ,0.0406494140625 ,0.965637207031 ,0.248229980469
2.9801 ,8364637 ,-87 ,0 ,-0.0648193359375 ,0.04052734375 ,0.965698242188 ,0.248168945312
2.9907 ,8364207 ,-87 ,0 ,-0.064453125 ,0.0404663085938 ,0.965759277344 ,0.248046875
3.0015 ,8364367 ,-87 ,0 ,-0.0640258789062 ,0.0403442382812 ,0.9658203125 ,0.247802734375
3.0198 ,8363858 ,-87 ,0 ,-0.063720703125 ,0.040283203125 ,0.965881347656 ,0.247802734375
3.0306 ,8364010 ,-87 ,0 ,-0.0634155273438 ,0.0401611328125 ,0.965881347656 ,0.247802734375
3.0417 ,8363775 ,-87 ,0 ,-0.0626220703125 ,0.0399169921875 ,0.965942382812 ,0.247802734375
3.0561 ,8364342 ,-87 ,0 ,-0.0625 ,0.0399169921875 ,0.965942382812 ,0.247802734375
3.069 ,8363816 ,-87 ,-1 ,-0.0626220703125 ,0.0398559570312 ,0.965942382812 ,0.247802734375
3.0795 ,8364387 ,-87 ,-1 ,-0.0628051757812 ,0.0399169921875 ,0.965942382812 ,0.247924804688
3.0901 ,8364567 ,-87 ,-1 ,-0.0628662109375 ,0.0399169921875 ,0.965881347656 ,0.248107910156
3.101 ,8364180 ,-87 ,-1 ,-0.0625 ,0.039794921875 ,0.9658203125 ,0.248352050781
3.1119 ,8364079 ,-87 ,-1 ,-0.0610961914062 ,0.0394897460938 ,0.9658203125 ,0.248840332031
3.1269 ,8364183 ,-87 ,-1 ,-0.0604248046875 ,0.0393676757812 ,0.965759277344 ,0.249084472656
3.1374 ,8364488 ,-87 ,-1 ,-0.0601196289062 ,0.0394287109375 ,0.965759277344 ,0.249328613281
3.1483 ,8364201 ,-87 ,-1 ,-0.06005859375 ,0.03955078125 ,0.965759277344 ,0.249389648438
3.159 ,8364744 ,-87 ,-1 ,-0.060302734375 ,0.0397338867188 ,0.965698242188 ,0.249389648438
3.1701 ,8365221 ,-87 ,-1 ,-0.0612182617188 ,0.04052734375 ,0.965942382812 ,0.248107910156
3.197 ,8365733 ,-87 ,-1 ,-0.0614624023438 ,0.040771484375 ,0.966125488281 ,0.247375488281
3.2076 ,8365958 ,-87 ,-1 ,-0.0616455078125 ,0.041015625 ,0.96630859375 ,0.24658203125
3.2209 ,8365640 ,-87 ,0 ,-0.0616455078125 ,0.041259765625 ,0.966491699219 ,0.245788574219
3.232 ,8365882 ,-87 ,0 ,-0.0614624023438 ,0.0416259765625 ,0.966918945312 ,0.244079589844
3.2472 ,8366574 ,-87 ,0 ,-0.0613403320312 ,0.0418090820312 ,0.967102050781 ,0.243286132812
3.2577 ,8365986 ,-87 ,0 ,-0.0613403320312 ,0.0419921875 ,0.96728515625 ,0.242553710938
3.2691 ,8365951 ,-87 ,0 ,-0.0615844726562 ,0.042236328125 ,0.967468261719 ,0.241821289062
3.2802 ,8366270 ,-87 ,0 ,-0.0618286132812 ,0.04248046875 ,0.967590332031 ,0.241088867188
3.2911 ,8366886 ,-87 ,0 ,-0.0618896484375 ,0.042724609375 ,0.9677734375 ,0.240417480469
3.3018 ,8366588 ,-87 ,0 ,-0.06201171875 ,0.0431518554688 ,0.968078613281 ,0.239013671875
3.32 ,8367526 ,-87 ,0 ,-0.062255859375 ,0.0433959960938 ,0.968200683594 ,0.23828125
3.3305 ,8367301 ,-87 ,0 ,-0.0625 ,0.0436401367188 ,0.968383789062 ,0.237609863281
3.3411 ,8367640 ,-87 ,0 ,-0.0628662109375 ,0.0439453125 ,0.968505859375 ,0.236999511719
3.3519 ,8367924 ,-87 ,0 ,-0.0634155273438 ,0.04443359375 ,0.968688964844 ,0.235961914062
3.3701 ,8368055 ,-87 ,0 ,-0.0635986328125 ,0.0445556640625 ,0.96875 ,0.235534667969
3.3809 ,8368270 ,-87 ,0 ,-0.0637817382812 ,0.0447387695312 ,0.968872070312 ,0.235046386719
3.3917 ,8368595 ,-87 ,0 ,-0.064697265625 ,0.0451049804688 ,0.969055175781 ,0.233825683594
3.4062 ,8369024 ,-87 ,0 ,-0.065185546875 ,0.0452880859375 ,0.96923828125 ,0.233093261719
3.4191 ,8368955 ,-87 ,0 ,-0.065673828125 ,0.0454711914062 ,0.969360351562 ,0.232238769531
3.4302 ,8368685 ,-87 ,0 ,-0.0661010742188 ,0.0455932617188 ,0.969543457031 ,0.2314453125
3.441 ,8368910 ,-87 ,0 ,-0.0664672851562 ,0.045654296875 ,0.969665527344 ,0.230651855469
3.4515 ,8369000 ,-87 ,0 ,-0.067138671875 ,0.0458984375 ,0.969909667969 ,0.229370117188
3.4701 ,8369436 ,-87 ,0 ,-0.0675048828125 ,0.0458984375 ,0.970031738281 ,0.228881835938
3.4807 ,8369751 ,-87 ,0 ,-0.0679321289062 ,0.0458984375 ,0.970092773438 ,0.228454589844
3.4917 ,8369315 ,-87 ,0 ,-0.068603515625 ,0.0459594726562 ,0.97021484375 ,0.227783203125
3.5072 ,8370284 ,-87 ,0 ,-0.0684814453125 ,0.0459594726562 ,0.970275878906 ,0.227600097656
3.5195 ,8369758 ,-87 ,0 ,-0.068603515625 ,0.0459594726562 ,0.970275878906 ,0.227416992188
3.5311 ,8370114 ,-87 ,0 ,-0.0687866210938 ,0.0459594726562 ,0.970336914062 ,0.227294921875
3.5419 ,8370173 ,-87 ,0 ,-0.0698852539062 ,0.0460205078125 ,0.970275878906 ,0.226989746094
3.5576 ,8370903 ,-87 ,0 ,-0.0706176757812 ,0.046142578125 ,0.970275878906 ,0.226867675781
3.5691 ,8371259 ,-87 ,0 ,-0.0713500976562 ,0.0462646484375 ,0.97021484375 ,0.226745605469
3.5801 ,8370560 ,-87 ,0 ,-0.0718994140625 ,0.0464477539062 ,0.97021484375 ,0.226684570312
3.591 ,8371239 ,-87 ,0 ,-0.0722045898438 ,0.0465087890625 ,0.970153808594 ,0.226684570312
3.6019 ,8371322 ,-87 ,0 ,-0.0723266601562 ,0.0465087890625 ,0.970153808594 ,0.226684570312
3.6195 ,8371754 ,-87 ,0 ,-0.0723266601562 ,0.0465087890625 ,0.97021484375 ,0.2265625
3.6308 ,8371194 ,-87 ,1 ,-0.072021484375 ,0.0465087890625 ,0.970275878906 ,0.226318359375
3.6415 ,8371194 ,-87 ,1 ,-0.07177734375 ,0.0464477539062 ,0.970397949219 ,0.225830078125
3.657 ,8371654 ,-87 ,1 ,-0.0721435546875 ,0.0464477539062 ,0.970458984375 ,0.2255859375
3.6699 ,8372125 ,-87 ,1 ,-0.0728149414062 ,0.046630859375 ,0.970397949219 ,0.225402832031
3.6809 ,8371872 ,-87 ,1 ,-0.0736083984375 ,0.0466918945312 ,0.970397949219 ,0.225219726562
3.6916 ,8372080 ,-87 ,1 ,-0.0748291015625 ,0.0466918945312 ,0.970397949219 ,0.224792480469
3.707 ,8372720 ,-87 ,1 ,-0.0751342773438 ,0.0465698242188 ,0.970458984375 ,0.224609375
3.7198 ,8372865 ,-87 ,1 ,-0.0750732421875 ,0.04638671875 ,0.970458984375 ,0.224487304688
3.7303 ,8372837 ,-87 ,1 ,-0.0748291015625 ,0.0462036132812 ,0.970520019531 ,0.224487304688
3.7409 ,8372266 ,-87 ,1 ,-0.07470703125 ,0.0459594726562 ,0.970520019531 ,0.224487304688
3.7516 ,8372533 ,-87 ,1 ,-0.07470703125 ,0.045654296875 ,0.970458984375 ,0.224914550781
3.7699 ,8372370 ,-87 ,1 ,-0.0748291015625 ,0.0455322265625 ,0.970397949219 ,0.225158691406
3.7806 ,8372426 ,-87 ,1 ,-0.0748901367188 ,0.04541015625 ,0.970336914062 ,0.225402832031
3.7914 ,8372294 ,-87 ,1 ,-0.0750122070312 ,0.0453491210938 ,0.97021484375 ,0.225952148438
3.8067 ,8373249 ,-87 ,1 ,-0.0750122070312 ,0.0452880859375 ,0.970153808594 ,0.226196289062
3.8198 ,8373256 ,-87 ,1 ,-0.0750732421875 ,0.0452880859375 ,0.970031738281 ,0.226501464844
3.8307 ,8372938 ,-87 ,0 ,-0.0750732421875 ,0.0452880859375 ,0.969970703125 ,0.226806640625
3.8417 ,8373356 ,-87 ,0 ,-0.0751342773438 ,0.0452270507812 ,0.969848632812 ,0.227294921875
3.8569 ,8372792 ,-87 ,0 ,-0.0752563476562 ,0.0452270507812 ,0.969787597656 ,0.2275390625
3.8715 ,8373166 ,-87 ,0 ,-0.0753784179688 ,0.0452880859375 ,0.9697265625 ,0.227722167969
3.8823 ,8372419 ,-87 ,0 ,-0.0752563476562 ,0.0452270507812 ,0.969665527344 ,0.228088378906
3.8969 ,8373145 ,-87 ,0 ,-0.0751342773438 ,0.0452880859375 ,0.969665527344 ,0.228271484375
3.9076 ,8373273 ,-87 ,0 ,-0.0750122070312 ,0.0452880859375 ,0.969604492188 ,0.228393554688
3.9198 ,8373007 ,-87 ,0 ,-0.0748291015625 ,0.0453491210938 ,0.969604492188 ,0.228576660156
3.9307 ,8372965 ,-87 ,0 ,-0.0746459960938 ,0.04541015625 ,0.969543457031 ,0.228698730469
3.9417 ,8373522 ,-87 ,0 ,-0.0744018554688 ,0.04541015625 ,0.969482421875 ,0.229064941406
3.9568 ,8373588 ,-87 ,0 ,-0.0743408203125 ,0.04541015625 ,0.969482421875 ,0.229125976562
3.9691 ,8372997 ,-87 ,0 ,-0.074462890625 ,0.04541015625 ,0.969482421875 ,0.229187011719
3.9795 ,8373370 ,-87 ,0 ,-0.07470703125 ,0.0454711914062 ,0.969421386719 ,0.229187011719
3.9901 ,8372931 ,-87 ,0 ,-0.0752563476562 ,0.0455322265625 ,0.969421386719 ,0.22900390625
4.0018 ,8373640 ,-87 ,0 ,-0.0762939453125 ,0.0457153320312 ,0.969482421875 ,0.228393554688
4.0198 ,8373806 ,-87 ,0 ,-0.0767211914062 ,0.0458984375 ,0.969543457031 ,0.227966308594
4.0306 ,8373218 ,-87 ,0 ,-0.0772094726562 ,0.0460205078125 ,0.969604492188 ,0.227478027344
4.0419 ,8373235 ,-87 ,1 ,-0.0780029296875 ,0.0463256835938 ,0.969787597656 ,0.226379394531
4.0561 ,8373505 ,-87 ,1 ,-0.0784301757812 ,0.0464477539062 ,0.969909667969 ,0.225830078125
4.0691 ,8374097 ,-88 ,1 ,-0.0787353515625 ,0.0465698242188 ,0.969970703125 ,0.225280761719
4.0799 ,8374315 ,-88 ,1 ,-0.0791015625 ,0.0466918945312 ,0.970031738281 ,0.224853515625
4.0904 ,8373675 ,-88 ,1 ,-0.0794677734375 ,0.0468139648438 ,0.970092773438 ,0.224487304688
4.1012 ,8373131 ,-88 ,1 ,-0.079833984375 ,0.046875 ,0.970153808594 ,0.224182128906
4.1118 ,8373609 ,-88 ,1 ,-0.0807495117188 ,0.047119140625 ,0.97021484375 ,0.223388671875
4.126 ,8373792 ,-88 ,1 ,-0.0809936523438 ,0.0472412109375 ,0.970275878906 ,0.223022460938
4.1364 ,8373052 ,-88 ,1 ,-0.0811157226562 ,0.047607421875 ,0.970397949219 ,0.222412109375
4.1716 ,8373076 ,-88 ,1 ,-0.0816040039062 ,0.0477905273438 ,0.970458984375 ,0.222045898438
4.1875 ,8373713 ,-88 ,1 ,-0.08203125 ,0.0479125976562 ,0.970458984375 ,0.221740722656
4.1981 ,8373796 ,-88 ,1 ,-0.0823364257812 ,0.0479736328125 ,0.970520019531 ,0.221374511719
4.2086 ,8373405 ,-88 ,1 ,-0.0823974609375 ,0.0480346679688 ,0.970581054688 ,0.221130371094
4.22 ,8373249 ,-88 ,1 ,-0.082275390625 ,0.0479736328125 ,0.970581054688 ,0.221008300781
4.2312 ,8373405 ,-88 ,1 ,-0.0819702148438 ,0.0479125976562 ,0.970642089844 ,0.220947265625
4.2419 ,8373021 ,-88 ,1 ,-0.0818481445312 ,0.0478515625 ,0.970703125 ,0.220886230469
4.2558 ,8372810 ,-88 ,1 ,-0.0819702148438 ,0.0477905273438 ,0.970703125 ,0.220886230469
4.27 ,8373055 ,-88 ,1 ,-0.0820922851562 ,0.0476684570312 ,0.970642089844 ,0.220947265625
4.2805 ,8373747 ,-88 ,1 ,-0.0822143554688 ,0.047607421875 ,0.970581054688 ,0.221130371094
4.2914 ,8372699 ,-88 ,1 ,-0.0823974609375 ,0.0474853515625 ,0.970520019531 ,0.221374511719
4.3017 ,8373246 ,-88 ,1 ,-0.08251953125 ,0.0473022460938 ,0.970336914062 ,0.222290039062
4.3202 ,8372398 ,-88 ,0 ,-0.082275390625 ,0.047119140625 ,0.97021484375 ,0.223022460938
4.3305 ,8372450 ,-88 ,0 ,-0.0818481445312 ,0.0469360351562 ,0.970092773438 ,0.223754882812
4.3414 ,8372190 ,-88 ,0 ,-0.081298828125 ,0.0467529296875 ,0.969970703125 ,0.224487304688
4.3518 ,8372599 ,-88 ,0 ,-0.0809936523438 ,0.0465087890625 ,0.969604492188 ,0.226135253906
4.37 ,8372149 ,-88 ,0 ,-0.0811767578125 ,0.0464477539062 ,0.969360351562 ,0.227111816406
4.3811 ,8371896 ,-88 ,0 ,-0.081298828125 ,0.0464477539062 ,0.969116210938 ,0.228149414062
4.3918 ,8371747 ,-88 ,0 ,-0.081298828125 ,0.0462646484375 ,0.968688964844 ,0.230041503906
4.4063 ,8371502 ,-88 ,0 ,-0.0812377929688 ,0.046142578125 ,0.968505859375 ,0.230895996094
4.419 ,8371720 ,-88 ,0 ,-0.0810546875 ,0.0460205078125 ,0.968322753906 ,0.231628417969
4.43 ,8371747 ,-88 ,0 ,-0.0801391601562 ,0.0455322265625 ,0.967956542969 ,0.233581542969
4.4699 ,8371772 ,-88 ,0 ,-0.0802001953125 ,0.0455322265625 ,0.967895507812 ,0.23388671875
4.4802 ,8371329 ,-88 ,0 ,-0.0803833007812 ,0.0455322265625 ,0.967834472656 ,0.234130859375
4.4907 ,8371509 ,-88 ,0 ,-0.0805053710938 ,0.0455932617188 ,0.9677734375 ,0.234313964844
4.5016 ,8370900 ,-88 ,0 ,-0.08056640625 ,0.0455322265625 ,0.967651367188 ,0.234619140625
4.5198 ,8371076 ,-88 ,0 ,-0.0803833007812 ,0.0454711914062 ,0.967651367188 ,0.234741210938
4.5307 ,8371706 ,-88 ,0 ,-0.0799560546875 ,0.0453491210938 ,0.967651367188 ,0.234924316406
4.5414 ,8371491 ,-88 ,0 ,-0.0795288085938 ,0.0452270507812 ,0.967651367188 ,0.235107421875
4.552 ,8371529 ,-88 ,0 ,-0.0791625976562 ,0.0450439453125 ,0.967651367188 ,0.2353515625
4.5686 ,8371100 ,-88 ,0 ,-0.0794067382812 ,0.0449829101562 ,0.967590332031 ,0.235473632812
4.5799 ,8371069 ,-88 ,0 ,-0.0797119140625 ,0.0449829101562 ,0.967529296875 ,0.235534667969
4.5904 ,8371052 ,-88 ,0 ,-0.0798950195312 ,0.044921875 ,0.967529296875 ,0.235534667969
4.6013 ,8371052 ,-88 ,0 ,-0.0799560546875 ,0.0447998046875 ,0.967529296875 ,0.235595703125
4.6121 ,8371194 ,-88 ,0 ,-0.0797119140625 ,0.0445556640625 ,0.967529296875 ,0.235656738281
4.6269 ,8370976 ,-88 ,0 ,-0.07958984375 ,0.0443725585938 ,0.967529296875 ,0.235656738281
4.6376 ,8370432 ,-88 ,0 ,-0.0795288085938 ,0.0442504882812 ,0.967590332031 ,0.235595703125
4.6481 ,8370550 ,-88 ,0 ,-0.0795288085938 ,0.0441284179688 ,0.967590332031 ,0.235534667969
4.6587 ,8370623 ,-88 ,0 ,-0.0796508789062 ,0.0440063476562 ,0.967590332031 ,0.235412597656
4.6697 ,8370488 ,-88 ,0 ,-0.079833984375 ,0.0439453125 ,0.967651367188 ,0.2353515625
4.6815 ,8370650 ,-88 ,0 ,-0.0803833007812 ,0.0438232421875 ,0.967590332031 ,0.2353515625
4.6965 ,8370048 ,-88 ,0 ,-0.0804443359375 ,0.0437622070312 ,0.967590332031 ,0.235290527344
4.7072 ,8370118 ,-88 ,0 ,-0.0804443359375 ,0.0436401367188 ,0.967590332031 ,0.235290527344
4.7223 ,8369564 ,-88 ,0 ,-0.0802001953125 ,0.04345703125 ,0.967651367188 ,0.235168457031
4.7368 ,8369796 ,-88 ,0 ,-0.0800170898438 ,0.0433349609375 ,0.967712402344 ,0.235107421875
4.7472 ,8369796 ,-88 ,0 ,-0.0798950195312 ,0.0432739257812 ,0.967712402344 ,0.235107421875
4.7598 ,8369529 ,-88 ,0 ,-0.079833984375 ,0.043212890625 ,0.967712402344 ,0.235229492188
4.7709 ,8370325 ,-88 ,0 ,-0.0797119140625 ,0.043212890625 ,0.967651367188 ,0.235412597656
4.7821 ,8369214 ,-88 ,0 ,-0.0792236328125 ,0.0430297851562 ,0.967590332031 ,0.235900878906
4.7967 ,8370294 ,-88 ,0 ,-0.0789794921875 ,0.0429077148438 ,0.967529296875 ,0.236145019531
4.8075 ,8369626 ,-88 ,0 ,-0.0786743164062 ,0.0428466796875 ,0.967529296875 ,0.236328125
4.8195 ,8369249 ,-88 ,0 ,-0.078369140625 ,0.042724609375 ,0.967529296875 ,0.236450195312
4.8302 ,8369495 ,-88 ,0 ,-0.0781860351562 ,0.042724609375 ,0.967529296875 ,0.236572265625
4.8408 ,8369789 ,-88 ,0 ,-0.078125 ,0.0426635742188 ,0.967529296875 ,0.236633300781
4.8516 ,8370176 ,-88 ,-1 ,-0.0780639648438 ,0.0426635742188 ,0.967468261719 ,0.236694335938
4.8694 ,8369298 ,-88 ,-1 ,-0.0780029296875 ,0.0426025390625 ,0.967529296875 ,0.236694335938
4.8799 ,8369640 ,-88 ,-1 ,-0.0780639648438 ,0.0425415039062 ,0.967529296875 ,0.236694335938
4.8905 ,8368862 ,-88 ,-1 ,-0.0780639648438 ,0.04248046875 ,0.967529296875 ,0.236633300781
4.9017 ,8369657 ,-88 ,-1 ,-0.0779418945312 ,0.0423583984375 ,0.967529296875 ,0.236633300781
4.9191 ,8369021 ,-88 ,-1 ,-0.0778198242188 ,0.0422973632812 ,0.967529296875 ,0.236633300781
4.9303 ,8369661 ,-88 ,-1 ,-0.0777587890625 ,0.042236328125 ,0.967590332031 ,0.236572265625
4.9409 ,8369239 ,-88 ,-1 ,-0.0777587890625 ,0.0421142578125 ,0.967651367188 ,0.236389160156
4.9516 ,8369976 ,-88 ,-1 ,-0.0780639648438 ,0.0420532226562 ,0.967712402344 ,0.235961914062
4.9694 ,8369443 ,-88 ,-1 ,-0.0782470703125 ,0.0420532226562 ,0.9677734375 ,0.235717773438
4.9806 ,8369169 ,-88 ,-1 ,-0.0783081054688 ,0.0420532226562 ,0.9677734375 ,0.235473632812
4.9915 ,8369031 ,-88 ,-1 ,-0.0780029296875 ,0.0420532226562 ,0.967895507812 ,0.235229492188
5.0064 ,8369346 ,-88 ,-1 ,-0.077880859375 ,0.0419311523438 ,0.967956542969 ,0.235046386719
5.0194 ,8369865 ,-88 ,-1 ,-0.0776977539062 ,0.0418701171875 ,0.968017578125 ,0.234802246094
5.03 ,8368702 ,-88 ,-1 ,-0.0775756835938 ,0.0418090820312 ,0.968078613281 ,0.234619140625
5.0406 ,8369107 ,-88 ,-1 ,-0.0774536132812 ,0.0418090820312 ,0.968139648438 ,0.234497070312
5.0514 ,8369100 ,-88 ,-1 ,-0.0774536132812 ,0.0418090820312 ,0.968139648438 ,0.234375
5.0622 ,8368855 ,-88 ,-1 ,-0.0775146484375 ,0.041748046875 ,0.968200683594 ,0.234069824219
5.0766 ,8369124 ,-88 ,-1 ,-0.07763671875 ,0.041748046875 ,0.96826171875 ,0.23388671875
5.0873 ,8368837 ,-88 ,-1 ,-0.0777587890625 ,0.0416870117188 ,0.968322753906 ,0.233703613281
5.0978 ,8369363 ,-88 ,-1 ,-0.07763671875 ,0.0416259765625 ,0.968383789062 ,0.233520507812
5.1083 ,8369145 ,-88 ,-1 ,-0.077392578125 ,0.0415649414062 ,0.968383789062 ,0.233337402344
5.1193 ,8368602 ,-88 ,-1 ,-0.0771484375 ,0.04150390625 ,0.968444824219 ,0.233215332031
5.1299 ,8368827 ,-88 ,-1 ,-0.0770263671875 ,0.0414428710938 ,0.968505859375 ,0.233154296875
5.1405 ,8369031 ,-88 ,-1 ,-0.0770263671875 ,0.0413818359375 ,0.968505859375 ,0.233032226562
5.1513 ,8369277 ,-88 ,-1 ,-0.0770263671875 ,0.0413818359375 ,0.968566894531 ,0.232971191406
5.162 ,8368315 ,-88 ,-1 ,-0.0770263671875 ,0.0414428710938 ,0.968566894531 ,0.23291015625
5.1762 ,8369083 ,-88 ,-1 ,-0.0769653320312 ,0.0413818359375 ,0.968566894531 ,0.232849121094
5.1868 ,8368785 ,-88 ,-1 ,-0.076904296875 ,0.0413818359375 ,0.968566894531 ,0.232849121094
5.1973 ,8368934 ,-88 ,-1 ,-0.0768432617188 ,0.0413818359375 ,0.968566894531 ,0.232849121094
5.2078 ,8368297 ,-88 ,-1 ,-0.0768432617188 ,0.0413818359375 ,0.968566894531 ,0.232849121094
5.2193 ,8368297 ,-88 ,-1 ,-0.0767822265625 ,0.0413818359375 ,0.968627929688 ,0.232849121094
5.2298 ,8368616 ,-88 ,-1 ,-0.0765991210938 ,0.0413208007812 ,0.968627929688 ,0.232849121094
5.2404 ,8368481 ,-88 ,-1 ,-0.0763549804688 ,0.041259765625 ,0.968627929688 ,0.232849121094
5.2509 ,8368775 ,-88 ,-1 ,-0.0762329101562 ,0.041259765625 ,0.968627929688 ,0.232849121094
5.2617 ,8368370 ,-88 ,-1 ,-0.0761108398438 ,0.0411987304688 ,0.968627929688 ,0.23291015625
5.2762 ,8368599 ,-88 ,-1 ,-0.0759887695312 ,0.0411376953125 ,0.968627929688 ,0.233032226562
5.2868 ,8368515 ,-88 ,-1 ,-0.0758056640625 ,0.0410766601562 ,0.968627929688 ,0.233154296875
5.2973 ,8368097 ,-88 ,-1 ,-0.0755615234375 ,0.041015625 ,0.968627929688 ,0.233276367188
5.3078 ,8368322 ,-88 ,-1 ,-0.0753784179688 ,0.041015625 ,0.968627929688 ,0.233276367188
5.3191 ,8368938 ,-88 ,-1 ,-0.0753784179688 ,0.041015625 ,0.968627929688 ,0.233276367188
5.3296 ,8368540 ,-88 ,-1 ,-0.0755004882812 ,0.041015625 ,0.968627929688 ,0.233154296875
5.3401 ,8368401 ,-88 ,-1 ,-0.07568359375 ,0.0410766601562 ,0.968627929688 ,0.233032226562
5.3506 ,8368180 ,-88 ,-1 ,-0.0758056640625 ,0.0411376953125 ,0.968688964844 ,0.23291015625
5.3617 ,8368273 ,-88 ,-1 ,-0.0758666992188 ,0.0411987304688 ,0.968688964844 ,0.232666015625
5.3754 ,8368107 ,-88 ,-1 ,-0.0757446289062 ,0.041259765625 ,0.96875 ,0.232604980469
5.3862 ,8368021 ,-88 ,-1 ,-0.0755004882812 ,0.0413208007812 ,0.96875 ,0.232604980469
5.3971 ,8368021 ,-88 ,-1 ,-0.0746459960938 ,0.041259765625 ,0.96875 ,0.23291015625
5.4215 ,8368962 ,-88 ,-1 ,-0.0739135742188 ,0.0411987304688 ,0.968688964844 ,0.2333984375
5.4435 ,8368304 ,-88 ,-1 ,-0.07373046875 ,0.0411376953125 ,0.968627929688 ,0.233703613281
5.4557 ,8367813 ,-88 ,-1 ,-0.07373046875 ,0.0411376953125 ,0.968627929688 ,0.233825683594
5.4685 ,8368329 ,-88 ,0 ,-0.07373046875 ,0.0411376953125 ,0.968627929688 ,0.233825683594
5.4792 ,8368266 ,-88 ,0 ,-0.0728759765625 ,0.0414428710938 ,0.968688964844 ,0.233642578125
5.5364 ,8368028 ,-88 ,0 ,-0.0726928710938 ,0.04150390625 ,0.968688964844 ,0.233642578125
5.5473 ,8367374 ,-88 ,0 ,-0.072509765625 ,0.0415649414062 ,0.968688964844 ,0.233703613281
5.5581 ,8368031 ,-88 ,0 ,-0.0723266601562 ,0.0416870117188 ,0.96875 ,0.233703613281
5.5695 ,8368031 ,-88 ,0 ,-0.0719604492188 ,0.041748046875 ,0.968688964844 ,0.233825683594
5.5915 ,8368602 ,-88 ,0 ,-0.0718383789062 ,0.0418701171875 ,0.968688964844 ,0.233947753906
5.6065 ,8367477 ,-88 ,0 ,-0.0718383789062 ,0.0419311523438 ,0.968688964844 ,0.233947753906
5.62 ,8368419 ,-88 ,0 ,-0.0718383789062 ,0.0419921875 ,0.968688964844 ,0.233947753906
5.6309 ,8367792 ,-88 ,0 ,-0.0716552734375 ,0.0419921875 ,0.968688964844 ,0.233947753906
5.6418 ,8367585 ,-88 ,0 ,-0.0711059570312 ,0.0419921875 ,0.96875 ,0.233947753906
5.6564 ,8367429 ,-88 ,0 ,-0.0709228515625 ,0.0420532226562 ,0.96875 ,0.234008789062
5.6692 ,8367747 ,-88 ,0 ,-0.07080078125 ,0.0421142578125 ,0.96875 ,0.234008789062
5.6882 ,8368149 ,-88 ,0 ,-0.0707397460938 ,0.0421752929688 ,0.96875 ,0.234008789062
5.6989 ,8368048 ,-88 ,0 ,-0.0707397460938 ,0.0421752929688 ,0.96875 ,0.234008789062
5.7095 ,8368817 ,-88 ,0 ,-0.0707397460938 ,0.0421752929688 ,0.96875 ,0.234008789062
5.7204 ,8369024 ,-88 ,0 ,-0.0707397460938 ,0.042236328125 ,0.96875 ,0.234008789062
5.731 ,8368128 ,-88 ,0 ,-0.07080078125 ,0.042236328125 ,0.96875 ,0.233947753906
5.7462 ,8367931 ,-88 ,0 ,-0.07080078125 ,0.042236328125 ,0.96875 ,0.23388671875
5.7568 ,8368889 ,-88 ,0 ,-0.07080078125 ,0.042236328125 ,0.968811035156 ,0.233764648438
5.7695 ,8368509 ,-88 ,0 ,-0.07080078125 ,0.042236328125 ,0.968811035156 ,0.233764648438
5.7805 ,8369003 ,-88 ,0 ,-0.07080078125 ,0.042236328125 ,0.96875 ,0.233825683594
5.7917 ,8368592 ,-88 ,0 ,-0.0706176757812 ,0.0421752929688 ,0.968688964844 ,0.234130859375
5.8064 ,8368246 ,-88 ,0 ,-0.0703735351562 ,0.0421142578125 ,0.968688964844 ,0.234313964844
5.8198 ,8368259 ,-88 ,0 ,-0.0701904296875 ,0.0420532226562 ,0.968627929688 ,0.234558105469
5.8307 ,8368934 ,-88 ,0 ,-0.0700073242188 ,0.0420532226562 ,0.968627929688 ,0.234680175781
5.8415 ,8368934 ,-88 ,0 ,-0.0697021484375 ,0.0421142578125 ,0.968566894531 ,0.235046386719
5.8566 ,8369194 ,-88 ,0 ,-0.069580078125 ,0.0421752929688 ,0.968566894531 ,0.235168457031
5.8692 ,8368446 ,-88 ,0 ,-0.0694580078125 ,0.042236328125 ,0.968505859375 ,0.2353515625
5.8799 ,8369156 ,-88 ,0 ,-0.0692749023438 ,0.0422973632812 ,0.968505859375 ,0.235473632812
5.8904 ,8368446 ,-88 ,0 ,-0.0691528320312 ,0.0423583984375 ,0.968444824219 ,0.235595703125
5.9009 ,8368796 ,-88 ,0 ,-0.0690307617188 ,0.0424194335938 ,0.968444824219 ,0.235717773438
5.9121 ,8369159 ,-88 ,0 ,-0.0687866210938 ,0.0426025390625 ,0.968383789062 ,0.235900878906
5.9263 ,8368332 ,-88 ,0 ,-0.068603515625 ,0.0426635742188 ,0.968383789062 ,0.236022949219
5.9367 ,8368332 ,-88 ,0 ,-0.0682983398438 ,0.042724609375 ,0.968322753906 ,0.236267089844
5.9495 ,8369194 ,-88 ,0 ,-0.0679931640625 ,0.042724609375 ,0.968322753906 ,0.236511230469
5.9601 ,8369394 ,-88 ,0 ,-0.0676879882812 ,0.0427856445312 ,0.96826171875 ,0.236755371094
5.9712 ,8369135 ,-88 ,0 ,-0.067138671875 ,0.0427856445312 ,0.968139648438 ,0.2373046875
5.9878 ,8369384 ,-88 ,0 ,-0.0670166015625 ,0.0428466796875 ,0.968139648438 ,0.237548828125
5.9984 ,8368872 ,-88 ,0 ,-0.06689453125 ,0.0428466796875 ,0.968078613281 ,0.23779296875
6.0091 ,8369242 ,-88 ,0 ,-0.0667724609375 ,0.0428466796875 ,0.968017578125 ,0.238037109375
6.0195 ,8369592 ,-88 ,0 ,-0.066650390625 ,0.0428466796875 ,0.967956542969 ,0.23828125
6.0305 ,8370439 ,-88 ,0 ,-0.0664672851562 ,0.0427856445312 ,0.967895507812 ,0.238525390625
6.0414 ,8369121 ,-88 ,0 ,-0.0662231445312 ,0.042724609375 ,0.967834472656 ,0.238891601562
6.0521 ,8369972 ,-88 ,0 ,-0.0654296875 ,0.0426635742188 ,0.9677734375 ,0.239440917969
6.0701 ,8369460 ,-88 ,0 ,-0.0650634765625 ,0.0426025390625 ,0.9677734375 ,0.239562988281
6.0809 ,8369242 ,-88 ,0 ,-0.064697265625 ,0.0426025390625 ,0.9677734375 ,0.239685058594
6.0918 ,8369124 ,-88 ,0 ,-0.0641479492188 ,0.0426025390625 ,0.9677734375 ,0.239685058594
6.1063 ,8369242 ,-88 ,0 ,-0.06396484375 ,0.0426025390625 ,0.967834472656 ,0.239624023438
6.1193 ,8369488 ,-88 ,0 ,-0.0637817382812 ,0.0426635742188 ,0.967834472656 ,0.239562988281
6.1302 ,8368882 ,-88 ,0 ,-0.0635986328125 ,0.042724609375 ,0.967834472656 ,0.239562988281
6.1407 ,8369654 ,-88 ,0 ,-0.063232421875 ,0.0427856445312 ,0.967895507812 ,0.239440917969
6.1563 ,8369062 ,-88 ,0 ,-0.0630493164062 ,0.0427856445312 ,0.967956542969 ,0.239318847656
6.1692 ,8369211 ,-88 ,0 ,-0.0606079101562 ,0.0426635742188 ,0.967834472656 ,0.240295410156
6.2709 ,8368830 ,-88 ,0 ,-0.0603637695312 ,0.0426025390625 ,0.967834472656 ,0.240600585938
6.2822 ,8369152 ,-88 ,0 ,-0.0597534179688 ,0.0423583984375 ,0.967590332031 ,0.241577148438
6.2965 ,8368761 ,-88 ,0 ,-0.059326171875 ,0.042236328125 ,0.967468261719 ,0.242248535156
6.3071 ,8368578 ,-88 ,0 ,-0.0587768554688 ,0.0420532226562 ,0.967346191406 ,0.242980957031
6.3195 ,8368737 ,-88 ,0 ,-0.0579833984375 ,0.041748046875 ,0.967224121094 ,0.243774414062
6.3302 ,8368657 ,-88 ,0 ,-0.05712890625 ,0.04150390625 ,0.967041015625 ,0.24462890625
6.3409 ,8368823 ,-88 ,0 ,-0.0562744140625 ,0.0413208007812 ,0.966857910156 ,0.245483398438
6.3517 ,8368387 ,-88 ,0 ,-0.0550537109375 ,0.0409545898438 ,0.966552734375 ,0.247131347656
6.3691 ,8368387 ,-88 ,0 ,-0.0545654296875 ,0.040771484375 ,0.966430664062 ,0.247802734375
6.3796 ,8367830 ,-88 ,0 ,-0.0542602539062 ,0.0406494140625 ,0.96630859375 ,0.248291015625
6.3919 ,8367602 ,-88 ,0 ,-0.0535888671875 ,0.0404052734375 ,0.966125488281 ,0.249206542969
6.4066 ,8367827 ,-88 ,0 ,-0.0530395507812 ,0.040283203125 ,0.966003417969 ,0.249755859375
6.4196 ,8366882 ,-88 ,0 ,-0.0523681640625 ,0.0399780273438 ,0.965942382812 ,0.250305175781
6.4299 ,8367183 ,-88 ,0 ,-0.0516357421875 ,0.0396728515625 ,0.9658203125 ,0.250915527344
6.4404 ,8367446 ,-88 ,0 ,-0.0509033203125 ,0.0393676757812 ,0.965698242188 ,0.251586914062
6.4516 ,8366716 ,-88 ,0 ,-0.0493774414062 ,0.0386962890625 ,0.965393066406 ,0.253051757812
6.4699 ,8366325 ,-88 ,0 ,-0.0485229492188 ,0.038330078125 ,0.965270996094 ,0.253845214844
6.4804 ,8366111 ,-88 ,0 ,-0.0477905273438 ,0.0380249023438 ,0.965087890625 ,0.254638671875
6.4915 ,8367477 ,-88 ,0 ,-0.0473022460938 ,0.0377197265625 ,0.964721679688 ,0.256225585938
6.5063 ,8366550 ,-88 ,0 ,-0.0475463867188 ,0.0377197265625 ,0.964538574219 ,0.256958007812
6.5193 ,8365889 ,-88 ,0 ,-0.0479736328125 ,0.0377807617188 ,0.964294433594 ,0.257629394531
6.5298 ,8365844 ,-88 ,0 ,-0.0484619140625 ,0.0379028320312 ,0.964111328125 ,0.258239746094
6.5405 ,8366204 ,-88 ,0 ,-0.0485229492188 ,0.0380249023438 ,0.963989257812 ,0.258728027344
6.5516 ,8366325 ,-88 ,0 ,-0.0479125976562 ,0.0382080078125 ,0.963745117188 ,0.259765625
6.5694 ,8365837 ,-89 ,0 ,-0.0474243164062 ,0.0382690429688 ,0.963623046875 ,0.260131835938
6.5803 ,8366765 ,-89 ,0 ,-0.0467529296875 ,0.038330078125 ,0.963623046875 ,0.260437011719
6.591 ,8366398 ,-89 ,0 ,-0.04638671875 ,0.0384521484375 ,0.963562011719 ,0.260559082031
6.602 ,8366232 ,-89 ,0 ,-0.04736328125 ,0.039306640625 ,0.963500976562 ,0.260437011719
6.62 ,8366830 ,-89 ,0 ,-0.0482177734375 ,0.0399780273438 ,0.963500976562 ,0.260192871094
6.6306 ,8366772 ,-89 ,0 ,-0.0489501953125 ,0.0406494140625 ,0.963623046875 ,0.259704589844
6.6416 ,8366924 ,-89 ,0 ,-0.0496826171875 ,0.0419921875 ,0.964050292969 ,0.257690429688
6.6562 ,8366637 ,-89 ,1 ,-0.0497436523438 ,0.042724609375 ,0.964416503906 ,0.256225585938
6.6693 ,8366910 ,-89 ,1 ,-0.0496826171875 ,0.04345703125 ,0.96484375 ,0.254516601562
6.68 ,8365806 ,-89 ,1 ,-0.0496215820312 ,0.0442504882812 ,0.965270996094 ,0.252563476562
6.6907 ,8366495 ,-89 ,2 ,-0.049560546875 ,0.045166015625 ,0.9658203125 ,0.250366210938
6.7017 ,8365983 ,-89 ,2 ,-0.0491333007812 ,0.0470581054688 ,0.967102050781 ,0.245178222656
6.7194 ,8365557 ,-89 ,3 ,-0.0487670898438 ,0.0480346679688 ,0.9677734375 ,0.242431640625
6.7304 ,8366079 ,-89 ,3 ,-0.0482788085938 ,0.0488891601562 ,0.968383789062 ,0.239868164062
6.7415 ,8365419 ,-89 ,3 ,-0.0470581054688 ,0.0499267578125 ,0.969177246094 ,0.236633300781
6.7562 ,8364699 ,-89 ,3 ,-0.0458374023438 ,0.05029296875 ,0.969482421875 ,0.235656738281
6.7692 ,8365124 ,-89 ,4 ,-0.0441284179688 ,0.0503540039062 ,0.969665527344 ,0.235046386719
6.7798 ,8364931 ,-89 ,4 ,-0.0426635742188 ,0.0504760742188 ,0.969848632812 ,0.234558105469
6.7904 ,8364896 ,-89 ,4 ,-0.0418090820312 ,0.0507202148438 ,0.969970703125 ,0.234252929688
6.8019 ,8364602 ,-89 ,3 ,-0.0411376953125 ,0.0512084960938 ,0.970092773438 ,0.233764648438
6.8194 ,8364239 ,-89 ,3 ,-0.0408935546875 ,0.05126953125 ,0.97021484375 ,0.233337402344
6.8301 ,8363765 ,-89 ,3 ,-0.0408325195312 ,0.0514526367188 ,0.970275878906 ,0.233032226562
6.8409 ,8363938 ,-89 ,3 ,-0.041015625 ,0.0518188476562 ,0.97021484375 ,0.233093261719
6.8518 ,8364100 ,-89 ,3 ,-0.04052734375 ,0.052734375 ,0.969848632812 ,0.234436035156
6.8695 ,8363183 ,-89 ,3 ,-0.0394897460938 ,0.052978515625 ,0.969665527344 ,0.235412597656
6.8806 ,8363048 ,-89 ,3 ,-0.0377807617188 ,0.0531616210938 ,0.969421386719 ,0.236511230469
6.8917 ,8363090 ,-89 ,3 ,-0.03369140625 ,0.0532836914062 ,0.969177246094 ,0.23828125
6.9066 ,8363010 ,-88 ,3 ,-0.0319213867188 ,0.0534057617188 ,0.968994140625 ,0.239135742188
6.9194 ,8363142 ,-88 ,3 ,-0.029296875 ,0.0537719726562 ,0.968688964844 ,0.240539550781
6.9397 ,8363031 ,-88 ,3 ,-0.0282592773438 ,0.0538940429688 ,0.968566894531 ,0.241149902344
6.9509 ,8362837 ,-88 ,3 ,-0.0272827148438 ,0.0540161132812 ,0.968505859375 ,0.241638183594
6.9623 ,8363460 ,-88 ,3 ,-0.0255126953125 ,0.05419921875 ,0.968322753906 ,0.242431640625
6.9766 ,8363595 ,-88 ,3 ,-0.0245971679688 ,0.0541381835938 ,0.96826171875 ,0.242797851562
6.9875 ,8363297 ,-88 ,3 ,-0.0236206054688 ,0.0540771484375 ,0.968200683594 ,0.243225097656
6.9982 ,8363775 ,-88 ,3 ,-0.0196533203125 ,0.053466796875 ,0.968017578125 ,0.244445800781
7.0269 ,8363855 ,-88 ,3 ,-0.0183715820312 ,0.0533447265625 ,0.967956542969 ,0.244689941406
7.0376 ,8364349 ,-88 ,4 ,-0.0171508789062 ,0.0531616210938 ,0.967956542969 ,0.244873046875
7.0484 ,8364335 ,-88 ,4 ,-0.0162353515625 ,0.0531005859375 ,0.967956542969 ,0.244934082031
7.0592 ,8364249 ,-88 ,4 ,-0.0155029296875 ,0.0531616210938 ,0.968017578125 ,0.244689941406
7.0706 ,8364495 ,-88 ,4 ,-0.0150146484375 ,0.0531616210938 ,0.968139648438 ,0.244262695312
7.0817 ,8365560 ,-88 ,4 ,-0.0147094726562 ,0.0536499023438 ,0.968444824219 ,0.242919921875
7.0963 ,8364706 ,-88 ,5 ,-0.0145263671875 ,0.0538330078125 ,0.968688964844 ,0.241943359375
7.1068 ,8366495 ,-88 ,5 ,-0.0144653320312 ,0.0540771484375 ,0.968933105469 ,0.241027832031
7.1192 ,8366560 ,-88 ,5 ,-0.0147705078125 ,0.054443359375 ,0.969177246094 ,0.239868164062
7.1299 ,8367024 ,-88 ,5 ,-0.0147705078125 ,0.0548706054688 ,0.969421386719 ,0.238647460938
7.1407 ,8367751 ,-89 ,5 ,-0.014404296875 ,0.0552368164062 ,0.9697265625 ,0.237548828125
7.1517 ,8367754 ,-89 ,6 ,-0.013427734375 ,0.0562133789062 ,0.970092773438 ,0.235717773438
7.1694 ,8369114 ,-89 ,6 ,-0.0130615234375 ,0.0567016601562 ,0.970275878906 ,0.234924316406
7.1804 ,8369806 ,-89 ,6 ,-0.012451171875 ,0.0571899414062 ,0.970397949219 ,0.234313964844
7.1915 ,8370121 ,-89 ,6 ,-0.0115966796875 ,0.0585327148438 ,0.970642089844 ,0.233032226562
7.2066 ,8370502 ,-89 ,7 ,-0.0106201171875 ,0.0603637695312 ,0.971008300781 ,0.231079101562
7.2411 ,8373353 ,-89 ,7 ,-0.0103759765625 ,0.0609741210938 ,0.97119140625 ,0.230224609375
7.2523 ,8372938 ,-89 ,7 ,-0.0106201171875 ,0.062255859375 ,0.971496582031 ,0.228515625
7.2696 ,8373543 ,-89 ,8 ,-0.0107421875 ,0.0629272460938 ,0.9716796875 ,0.2275390625
7.2801 ,8375232 ,-89 ,8 ,-0.010498046875 ,0.0634155273438 ,0.971801757812 ,0.226745605469
7.2912 ,8374740 ,-89 ,8 ,-0.0096435546875 ,0.0639038085938 ,0.971984863281 ,0.22607421875
7.3024 ,8374675 ,-89 ,10 ,-0.00421142578125 ,0.0648193359375 ,0.972351074219 ,0.224304199219
7.33 ,8374945 ,-89 ,11 ,-0.001220703125 ,0.0648193359375 ,0.972473144531 ,0.223754882812
7.3413 ,8375460 ,-88 ,12 ,0.00604248046875 ,0.0641479492188 ,0.973022460938 ,0.221618652344
7.3579 ,8372277 ,-87 ,13 ,0.0098876953125 ,0.063720703125 ,0.973388671875 ,0.220031738281
7.37 ,8372682 ,-87 ,14 ,0.0142211914062 ,0.0626220703125 ,0.9736328125 ,0.218994140625
7.3813 ,8367688 ,-87 ,15 ,0.0259399414062 ,0.0599365234375 ,0.974426269531 ,0.215026855469
7.3965 ,8365342 ,-85 ,16 ,0.0338745117188 ,0.0576782226562 ,0.974792480469 ,0.212768554688
7.4072 ,8364688 ,-85 ,17 ,0.0426635742188 ,0.0549926757812 ,0.97509765625 ,0.210693359375
7.4197 ,8360232 ,-84 ,17 ,0.05224609375 ,0.0516357421875 ,0.975280761719 ,0.208435058594
7.431 ,8358809 ,-83 ,17 ,0.062744140625 ,0.047119140625 ,0.975463867188 ,0.205810546875
7.4423 ,8354747 ,-81 ,17 ,0.0860595703125 ,0.0346069335938 ,0.975524902344 ,0.199523925781
7.4566 ,8353065 ,-79 ,17 ,0.0983276367188 ,0.027099609375 ,0.975402832031 ,0.195373535156
7.4703 ,8350706 ,-79 ,17 ,0.11083984375 ,0.01904296875 ,0.975280761719 ,0.190246582031
7.4822 ,8348979 ,-77 ,17 ,0.137512207031 ,0.00103759765625 ,0.974609375 ,0.1767578125
7.4964 ,8348121 ,-75 ,16 ,0.151306152344 ,-0.00811767578125 ,0.97412109375 ,0.167785644531
7.5075 ,8347062 ,-74 ,16 ,0.164611816406 ,-0.0176391601562 ,0.973510742188 ,0.157592773438
7.5195 ,8347176 ,-73 ,16 ,0.176818847656 ,-0.0267944335938 ,0.972961425781 ,0.14599609375
7.5317 ,8346941 ,-71 ,15 ,0.196350097656 ,-0.0433959960938 ,0.972290039062 ,0.119079589844
7.5467 ,8348339 ,-69 ,15 ,0.202392578125 ,-0.0508422851562 ,0.972412109375 ,0.104064941406
7.5575 ,8348051 ,-69 ,14 ,0.205139160156 ,-0.0574340820312 ,0.973083496094 ,0.0875854492188
7.5691 ,8348584 ,-69 ,14 ,0.204711914062 ,-0.0669555664062 ,0.975036621094 ,0.0540161132812
7.5871 ,8349280 ,-68 ,13 ,0.20263671875 ,-0.0702514648438 ,0.975952148438 ,0.0391845703125
7.5982 ,8350865 ,-67 ,13 ,0.199951171875 ,-0.0720825195312 ,0.976867675781 ,0.0247192382812
7.6094 ,8351186 ,-67 ,12 ,0.187866210938 ,-0.0701904296875 ,0.979614257812 ,-0.0118408203125
7.6364 ,8351045 ,-67 ,11 ,0.181823730469 ,-0.067626953125 ,0.980773925781 ,-0.0221557617188
7.6478 ,8349896 ,-68 ,11 ,0.174438476562 ,-0.0637817382812 ,0.982177734375 ,-0.028564453125
7.6593 ,8350519 ,-68 ,10 ,0.166137695312 ,-0.0585327148438 ,0.983764648438 ,-0.0335083007812
7.6702 ,8348041 ,-69 ,10 ,0.15869140625 ,-0.0535888671875 ,0.985107421875 ,-0.0381469726562
7.682 ,8347619 ,-70 ,10 ,0.146789550781 ,-0.04296875 ,0.987426757812 ,-0.0404052734375
7.6964 ,8346408 ,-71 ,9 ,0.141357421875 ,-0.0367431640625 ,0.988464355469 ,-0.040771484375
7.7069 ,8345266 ,-72 ,9 ,0.136352539062 ,-0.03173828125 ,0.989318847656 ,-0.040283203125
7.7195 ,8345432 ,-72 ,9 ,0.131774902344 ,-0.027587890625 ,0.990173339844 ,-0.0377807617188
7.7299 ,8344512 ,-73 ,9 ,0.127258300781 ,-0.0232543945312 ,0.991088867188 ,-0.0325317382812
7.7405 ,8344003 ,-74 ,8 ,0.122497558594 ,-0.019287109375 ,0.991943359375 ,-0.02490234375
7.7513 ,8344197 ,-75 ,8 ,0.111938476562 ,-0.0160522460938 ,0.993591308594 ,-0.004638671875
7.7683 ,8343311 ,-76 ,8 ,0.105773925781 ,-0.015869140625 ,0.994262695312 ,0.0081787109375
7.7793 ,8343588 ,-76 ,8 ,0.0984497070312 ,-0.0161743164062 ,0.994750976562 ,0.0219116210938
7.7899 ,8343989 ,-77 ,8 ,0.0901489257812 ,-0.0162353515625 ,0.9951171875 ,0.0365600585938
7.8004 ,8343069 ,-78 ,8 ,0.081298828125 ,-0.015869140625 ,0.995178222656 ,0.0528564453125
7.8114 ,8343266 ,-79 ,8 ,0.0651245117188 ,-0.0140991210938 ,0.993530273438 ,0.092041015625
7.8257 ,8342955 ,-80 ,9 ,0.05908203125 ,-0.0132446289062 ,0.991638183594 ,0.114135742188
7.8363 ,8343737 ,-81 ,9 ,0.0541381835938 ,-0.0122680664062 ,0.988891601562 ,0.138061523438
7.8471 ,8343636 ,-81 ,10 ,0.0494995117188 ,-0.0108032226562 ,0.985168457031 ,0.163818359375
7.8575 ,8344197 ,-82 ,10 ,0.0443725585938 ,-0.0086669921875 ,0.980529785156 ,0.191223144531
7.8684 ,8345737 ,-83 ,10 ,0.0369873046875 ,-0.006103515625 ,0.974853515625 ,0.219665527344
7.8795 ,8346235 ,-83 ,11 ,0.0262451171875 ,-0.00341796875 ,0.968444824219 ,0.247741699219
7.89 ,8347332 ,-84 ,11 ,-0.003173828125 ,0.00811767578125 ,0.954772949219 ,0.297180175781
7.9062 ,8351702 ,-85 ,12 ,-0.0196533203125 ,0.017578125 ,0.946960449219 ,0.3203125
7.9183 ,8353387 ,-85 ,12 ,-0.0386352539062 ,0.022705078125 ,0.938293457031 ,0.342956542969
7.9291 ,8358190 ,-85 ,10 ,-0.060302734375 ,0.0303344726562 ,0.928344726562 ,0.365600585938
7.9397 ,8359872 ,-86 ,10 ,-0.111694335938 ,0.0535888671875 ,0.906982421875 ,0.402526855469
7.956 ,8368446 ,-86 ,10 ,-0.138244628906 ,0.0667114257812 ,0.8935546875 ,0.421875
7.9685 ,8371993 ,-87 ,10 ,-0.158325195312 ,0.0797729492188 ,0.882751464844 ,0.435119628906
7.9795 ,8376239 ,-87 ,10 ,-0.169067382812 ,0.0867309570312 ,0.873840332031 ,0.447509765625
7.9901 ,8381194 ,-87 ,10 ,-0.168395996094 ,0.0916748046875 ,0.8681640625 ,0.457763671875
8.0006 ,8387464 ,-87 ,9 ,-0.164489746094 ,0.0918579101562 ,0.863037109375 ,0.468627929688
8.0114 ,8388848 ,-87 ,9 ,-0.169860839844 ,0.0990600585938 ,0.849609375 ,0.489318847656
8.0259 ,8389301 ,-87 ,9 ,-0.180725097656 ,0.107543945312 ,0.841552734375 ,0.497497558594
8.0387 ,8395443 ,-87 ,9 ,-0.191284179688 ,0.116638183594 ,0.834533691406 ,0.503356933594
8.0495 ,8396897 ,-87 ,9 ,-0.199584960938 ,0.124816894531 ,0.828247070312 ,0.508544921875
8.0601 ,8398288 ,-87 ,9 ,-0.205749511719 ,0.131896972656 ,0.822937011719 ,0.512817382812
8.0707 ,8397229 ,-87 ,9 ,-0.211669921875 ,0.138244628906 ,0.817810058594 ,0.516967773438
8.0818 ,8396336 ,-87 ,9 ,-0.219177246094 ,0.148315429688 ,0.809509277344 ,0.524108886719
8.0962 ,8395928 ,-87 ,9 ,-0.215393066406 ,0.149963378906 ,0.808349609375 ,0.526977539062
8.107 ,8395630 ,-87 ,9 ,-0.205993652344 ,0.148559570312 ,0.809692382812 ,0.529052734375
8.1184 ,8394658 ,-86 ,9 ,-0.193908691406 ,0.144287109375 ,0.812255859375 ,0.530822753906
8.1292 ,8393516 ,-86 ,9 ,-0.182861328125 ,0.140258789062 ,0.814514160156 ,0.532470703125
8.1397 ,8394118 ,-86 ,9 ,-0.174255371094 ,0.138427734375 ,0.816223144531 ,0.533142089844
8.1505 ,8394841 ,-87 ,9 ,-0.168273925781 ,0.13818359375 ,0.817321777344 ,0.533447265625
8.1616 ,8395613 ,-87 ,9 ,-0.163879394531 ,0.142395019531 ,0.817016601562 ,0.5341796875
8.1757 ,8396104 ,-87 ,9 ,-0.165283203125 ,0.144836425781 ,0.816345214844 ,0.534118652344
8.1865 ,8395969 ,-87 ,9 ,-0.168395996094 ,0.14794921875 ,0.815185546875 ,0.534057617188
8.1972 ,8396139 ,-87 ,9 ,-0.171752929688 ,0.151733398438 ,0.813842773438 ,0.533996582031
8.2076 ,8396139 ,-87 ,9 ,-0.173034667969 ,0.153869628906 ,0.812927246094 ,0.534301757812
8.2184 ,8397059 ,-87 ,7 ,-0.13525390625 ,0.13720703125 ,0.813354492188 ,0.548950195312
8.289 ,8398073 ,-87 ,6 ,-0.133972167969 ,0.137817382812 ,0.812744140625 ,0.550048828125
8.2999 ,8398343 ,-88 ,6 ,-0.134216308594 ,0.139465332031 ,0.811889648438 ,0.55078125
8.3106 ,8398817 ,-88 ,6 ,-0.134460449219 ,0.140808105469 ,0.811157226562 ,0.551452636719
8.3213 ,8399222 ,-88 ,6 ,-0.131469726562 ,0.141723632812 ,0.810913085938 ,0.552307128906
8.3359 ,8399855 ,-88 ,5 ,-0.128601074219 ,0.141357421875 ,0.810729980469 ,0.553344726562
8.3469 ,8399419 ,-88 ,5 ,-0.124694824219 ,0.139465332031 ,0.810607910156 ,0.554870605469
8.3574 ,8398727 ,-88 ,4 ,-0.119567871094 ,0.136413574219 ,0.81103515625 ,0.55615234375
8.3684 ,8400087 ,-88 ,4 ,-0.113525390625 ,0.1328125 ,0.812133789062 ,0.556640625
8.3798 ,8399537 ,-88 ,4 ,-0.108459472656 ,0.129699707031 ,0.813415527344 ,0.556640625
8.3904 ,8399724 ,-88 ,3 ,-0.105529785156 ,0.127868652344 ,0.814147949219 ,0.556518554688
8.4012 ,8399651 ,-88 ,3 ,-0.106079101562 ,0.127197265625 ,0.814636230469 ,0.555786132812
8.4182 ,8398018 ,-88 ,4 ,-0.107421875 ,0.127380371094 ,0.815246582031 ,0.5546875
8.4291 ,8398018 ,-88 ,5 ,-0.108581542969 ,0.127807617188 ,0.816284179688 ,0.552734375
8.4396 ,8395786 ,-88 ,6 ,-0.109313964844 ,0.127868652344 ,0.817810058594 ,0.550415039062
8.45 ,8393215 ,-89 ,8 ,-0.108459472656 ,0.126953125 ,0.819763183594 ,0.5478515625
8.4605 ,8390021 ,-89 ,10 ,-0.104919433594 ,0.125061035156 ,0.822631835938 ,0.544677734375
8.4718 ,8389232 ,-89 ,12 ,-0.0910034179688 ,0.120422363281 ,0.831176757812 ,0.53515625
8.4859 ,8384651 ,-89 ,15 ,-0.0831909179688 ,0.119140625 ,0.835754394531 ,0.529479980469
8.4967 ,8380786 ,-89 ,17 ,-0.0756225585938 ,0.119323730469 ,0.840515136719 ,0.523071289062
8.5074 ,8377412 ,-89 ,20 ,-0.0682373046875 ,0.120666503906 ,0.845886230469 ,0.515075683594
8.5182 ,8372000 ,-89 ,23 ,-0.06005859375 ,0.123962402344 ,0.851501464844 ,0.505920410156
8.5293 ,8370107 ,-89 ,24 ,-0.0523071289062 ,0.128295898438 ,0.856323242188 ,0.49755859375
8.5397 ,8362104 ,-90 ,24 ,-0.0339965820312 ,0.136779785156 ,0.866577148438 ,0.478759765625
8.558 ,8357948 ,-90 ,25 ,-0.022705078125 ,0.13818359375 ,0.872741699219 ,0.467712402344
8.5682 ,8353837 ,-90 ,25 ,-0.008056640625 ,0.138244628906 ,0.879699707031 ,0.454895019531
8.579 ,8348138 ,-90 ,25 ,0.0107421875 ,0.135437011719 ,0.887329101562 ,0.440612792969
8.5895 ,8346481 ,-90 ,25 ,0.034912109375 ,0.128479003906 ,0.894897460938 ,0.425964355469
8.6 ,8344868 ,-90 ,25 ,0.0661010742188 ,0.120971679688 ,0.901062011719 ,0.411193847656
8.6106 ,8342612 ,-90 ,25 ,0.101806640625 ,0.112609863281 ,0.906127929688 ,0.394775390625
8.6218 ,8341515 ,-90 ,25 ,0.179077148438 ,0.08837890625 ,0.912719726562 ,0.356506347656
8.6357 ,8340944 ,-90 ,24 ,0.214782714844 ,0.0720825195312 ,0.912292480469 ,0.341125488281
8.6463 ,8342079 ,-89 ,24 ,0.24462890625 ,0.0584106445312 ,0.913696289062 ,0.319274902344
8.6569 ,8340629 ,-89 ,23 ,0.265563964844 ,0.052978515625 ,0.922668457031 ,0.2744140625
8.6685 ,8342622 ,-88 ,23 ,0.273559570312 ,0.0531005859375 ,0.9375 ,0.208557128906
8.6791 ,8342532 ,-87 ,22 ,0.262878417969 ,0.0593872070312 ,0.953308105469 ,0.136352539062
8.6895 ,8343609 ,-86 ,22 ,0.23388671875 ,0.0718994140625 ,0.966918945312 ,0.072265625
8.7 ,8344152 ,-86 ,22 ,0.184326171875 ,0.0825805664062 ,0.979248046875 ,0.018310546875
8.7105 ,8346581 ,-85 ,21 ,0.1357421875 ,0.076904296875 ,0.987487792969 ,-0.0228881835938
8.7218 ,8352626 ,-84 ,21 ,0.121765136719 ,0.0648803710938 ,0.986572265625 ,-0.0872802734375
8.7357 ,8354197 ,-83 ,21 ,0.141052246094 ,0.0610961914062 ,0.98095703125 ,-0.118835449219
8.7462 ,8359142 ,-81 ,20 ,0.169128417969 ,0.0496215820312 ,0.974670410156 ,-0.137451171875
8.7569 ,8363204 ,-79 ,20 ,0.189086914062 ,0.0465698242188 ,0.967346191406 ,-0.162048339844
8.7684 ,8366097 ,-78 ,20 ,0.193298339844 ,0.0410766601562 ,0.963256835938 ,-0.181884765625
8.7793 ,8369332 ,-76 ,19 ,0.183166503906 ,0.028564453125 ,0.962158203125 ,-0.199645996094
8.7898 ,8372457 ,-75 ,19 ,0.153015136719 ,0.007568359375 ,0.962707519531 ,-0.222961425781
8.8002 ,8379837 ,-74 ,18 ,0.111694335938 ,-0.0117797851562 ,0.964965820312 ,-0.237060546875
8.8111 ,8384232 ,-73 ,17 ,0.0833129882812 ,-0.0219116210938 ,0.964538574219 ,-0.249389648438
8.8219 ,8385073 ,-72 ,17 ,0.0675048828125 ,-0.0369873046875 ,0.960021972656 ,-0.26904296875
8.8357 ,8383796 ,-72 ,16 ,0.0536499023438 ,-0.0469970703125 ,0.958129882812 ,-0.27734375
8.8462 ,8382692 ,-71 ,16 ,0.0445556640625 ,-0.0527954101562 ,0.955871582031 ,-0.28564453125
8.8567 ,8383357 ,-71 ,15 ,0.0538940429688 ,-0.0491943359375 ,0.9521484375 ,-0.296875
8.8682 ,8380523 ,-71 ,15 ,0.0758666992188 ,-0.041259765625 ,0.948059082031 ,-0.306091308594
8.8785 ,8377090 ,-71 ,15 ,0.0914916992188 ,-0.0358276367188 ,0.945251464844 ,-0.311218261719
8.8891 ,8370782 ,-71 ,14 ,0.08837890625 ,-0.0387573242188 ,0.944580078125 ,-0.313781738281
8.8995 ,8364643 ,-71 ,14 ,0.0718383789062 ,-0.0465698242188 ,0.944946289062 ,-0.315734863281
8.91 ,8359097 ,-72 ,14 ,0.0540771484375 ,-0.0550537109375 ,0.944580078125 ,-0.319091796875
8.9212 ,8351951 ,-72 ,13 ,0.00653076171875 ,-0.0792236328125 ,0.946472167969 ,-0.312866210938
8.9358 ,8347733 ,-73 ,13 ,-0.0184326171875 ,-0.088134765625 ,0.947875976562 ,-0.3056640625
8.9463 ,8342172 ,-73 ,12 ,-0.03125 ,-0.09326171875 ,0.949584960938 ,-0.297668457031
8.9568 ,8340709 ,-73 ,12 ,-0.02783203125 ,-0.0921020507812 ,0.9521484375 ,-0.290161132812
8.9682 ,8340024 ,-74 ,12 ,-0.00994873046875 ,-0.0856323242188 ,0.956726074219 ,-0.278015136719
8.979 ,8342013 ,-75 ,11 ,0.0224609375 ,-0.07470703125 ,0.9638671875 ,-0.254699707031
8.9897 ,8342155 ,-75 ,11 ,0.0687866210938 ,-0.0632934570312 ,0.972412109375 ,-0.213623046875
9.0007 ,8341456 ,-76 ,10 ,0.120910644531 ,-0.05615234375 ,0.978088378906 ,-0.159729003906
9.0121 ,8341100 ,-77 ,10 ,0.19970703125 ,-0.0657958984375 ,0.976318359375 ,-0.0510864257812
9.0263 ,8341166 ,-77 ,7 ,0.213073730469 ,-0.0856323242188 ,0.973022460938 ,-0.0220947265625
9.0371 ,8339975 ,-78 ,7 ,0.203491210938 ,-0.111450195312 ,0.97265625 ,-0.0068359375
9.0476 ,8340349 ,-79 ,7 ,0.171813964844 ,-0.136047363281 ,0.975646972656 ,0.005859375
9.0585 ,8340692 ,-79 ,8 ,0.124938964844 ,-0.15380859375 ,0.979797363281 ,0.0275268554688
9.0692 ,8341522 ,-79 ,8 ,0.0693969726562 ,-0.154907226562 ,0.983520507812 ,0.0623779296875
9.0803 ,8340816 ,-80 ,8 ,0.015625 ,-0.142456054688 ,0.983337402344 ,0.11181640625
9.0911 ,8339622 ,-81 ,8 ,-0.0468139648438 ,-0.112487792969 ,0.965759277344 ,0.229125976562
9.1059 ,8340726 ,-82 ,9 ,-0.0498657226562 ,-0.09033203125 ,0.954528808594 ,0.27978515625
9.1183 ,8341460 ,-83 ,9 ,-0.0399169921875 ,-0.0650634765625 ,0.945251464844 ,0.317199707031
9.1295 ,8342027 ,-84 ,9 ,-0.0262451171875 ,-0.0398559570312 ,0.938720703125 ,0.34130859375
9.14 ,8342989 ,-85 ,10 ,-0.0122680664062 ,-0.0202026367188 ,0.933410644531 ,0.358093261719
9.1506 ,8343664 ,-85 ,11 ,-0.0137939453125 ,0.0234985351562 ,0.915344238281 ,0.401733398438
9.1685 ,8347166 ,-87 ,11 ,-0.03564453125 ,0.03857421875 ,0.901000976562 ,0.430603027344
9.179 ,8350571 ,-88 ,11 ,-0.071533203125 ,0.041015625 ,0.882080078125 ,0.463806152344
9.1898 ,8355020 ,-88 ,11 ,-0.110656738281 ,0.038330078125 ,0.86376953125 ,0.490051269531
9.2003 ,8362571 ,-88 ,11 ,-0.13916015625 ,0.0499877929688 ,0.852233886719 ,0.501831054688
9.2113 ,8366138 ,-89 ,11 ,-0.173706054688 ,0.08837890625 ,0.830383300781 ,0.52197265625
9.2255 ,8369903 ,-89 ,11 ,-0.185913085938 ,0.0930786132812 ,0.826904296875 ,0.522521972656
9.236 ,8371920 ,-89 ,11 ,-0.184692382812 ,0.108032226562 ,0.820922851562 ,0.529418945312
9.2465 ,8383267 ,-89 ,11 ,-0.172119140625 ,0.10693359375 ,0.818420410156 ,0.537658691406
9.257 ,8386478 ,-89 ,11 ,-0.140014648438 ,0.101928710938 ,0.8193359375 ,0.546569824219
9.2693 ,8393222 ,-89 ,10 ,-0.103637695312 ,0.0844116210938 ,0.820861816406 ,0.555297851562
9.2803 ,8393658 ,-88 ,10 ,-0.0770874023438 ,0.0691528320312 ,0.820678710938 ,0.561950683594
9.2911 ,8393270 ,-88 ,10 ,-0.111022949219 ,0.0906982421875 ,0.811462402344 ,0.566589355469
9.3057 ,8396104 ,-88 ,9 ,-0.154846191406 ,0.123596191406 ,0.80029296875 ,0.565979003906
9.3181 ,8397744 ,-88 ,9 ,-0.187866210938 ,0.153198242188 ,0.790771484375 ,0.562072753906
9.3291 ,8395755 ,-88 ,8 ,-0.204223632812 ,0.168823242188 ,0.786254882812 ,0.558227539062
9.3401 ,8394104 ,-89 ,8 ,-0.207397460938 ,0.171691894531 ,0.787292480469 ,0.5546875
9.3506 ,8394256 ,-89 ,8 ,-0.192932128906 ,0.171997070312 ,0.7919921875 ,0.553100585938
9.3683 ,8399077 ,-88 ,8 ,-0.175598144531 ,0.166076660156 ,0.795288085938 ,0.555969238281
9.3794 ,8399938 ,-88 ,8 ,-0.151672363281 ,0.154357910156 ,0.79931640625 ,0.560607910156
9.3899 ,8399495 ,-88 ,8 ,-0.12939453125 ,0.141357421875 ,0.804443359375 ,0.562255859375
9.4009 ,8398301 ,-88 ,8 ,-0.117980957031 ,0.133666992188 ,0.807678222656 ,0.562072753906
9.4118 ,8398616 ,-88 ,8 ,-0.134704589844 ,0.144226074219 ,0.800659179688 ,0.565673828125
9.4254 ,8399952 ,-88 ,7 ,-0.151794433594 ,0.157592773438 ,0.794616699219 ,0.566284179688
9.4457 ,8400239 ,-88 ,7 ,-0.155212402344 ,0.15869140625 ,0.793518066406 ,0.566650390625
9.4561 ,8398945 ,-88 ,7 ,-0.157836914062 ,0.161071777344 ,0.792358398438 ,0.56689453125
9.4682 ,8398433 ,-88 ,7 ,-0.146362304688 ,0.156921386719 ,0.79296875 ,0.570251464844
9.4862 ,8397924 ,-89 ,6 ,-0.131042480469 ,0.148071289062 ,0.796142578125 ,0.571899414062
9.4968 ,8396914 ,-89 ,6 ,-0.116516113281 ,0.139526367188 ,0.799377441406 ,0.572631835938
9.5074 ,8396035 ,-89 ,6 ,-0.108764648438 ,0.135498046875 ,0.800842285156 ,0.573059082031
9.5182 ,8394679 ,-89 ,6 ,-0.109985351562 ,0.138549804688 ,0.799499511719 ,0.573974609375
9.5357 ,8393599 ,-89 ,6 ,-0.110290527344 ,0.139099121094 ,0.799926757812 ,0.5732421875
9.5466 ,8394000 ,-89 ,6 ,-0.109558105469 ,0.138610839844 ,0.801330566406 ,0.571472167969
9.5571 ,8392301 ,-89 ,6 ,-0.112426757812 ,0.140319824219 ,0.802368164062 ,0.569091796875
9.5773 ,8389831 ,-89 ,6 ,-0.11328125 ,0.140808105469 ,0.802551269531 ,0.568542480469
9.5885 ,8389948 ,-89 ,7 ,-0.110290527344 ,0.138366699219 ,0.804138183594 ,0.567504882812
9.5992 ,8389478 ,-90 ,7 ,-0.103820800781 ,0.133605957031 ,0.806884765625 ,0.565979003906
9.6101 ,8388796 ,-90 ,8 ,-0.0974731445312 ,0.12890625 ,0.809448242188 ,0.564514160156
9.6211 ,8386758 ,-90 ,9 ,-0.0939331054688 ,0.124877929688 ,0.81201171875 ,0.562316894531
9.6358 ,8382405 ,-90 ,12 ,-0.0929565429688 ,0.12451171875 ,0.81396484375 ,0.559753417969
9.6464 ,8380671 ,-90 ,14 ,-0.0882568359375 ,0.124267578125 ,0.817504882812 ,0.555358886719
9.6569 ,8378609 ,-90 ,16 ,-0.081298828125 ,0.122741699219 ,0.821594238281 ,0.550720214844
9.6681 ,8376775 ,-90 ,19 ,-0.0745849609375 ,0.121887207031 ,0.825317382812 ,0.546264648438
9.6787 ,8372993 ,-90 ,21 ,-0.0690307617188 ,0.123657226562 ,0.829040527344 ,0.540893554688
9.6893 ,8367605 ,-91 ,23 ,-0.0628662109375 ,0.127075195312 ,0.833435058594 ,0.5341796875
9.6999 ,8365104 ,-91 ,24 ,-0.0530395507812 ,0.129516601562 ,0.83837890625 ,0.526794433594
9.7114 ,8360325 ,-91 ,24 ,-0.0226440429688 ,0.130859375 ,0.848205566406 ,0.512756347656
9.726 ,8357194 ,-91 ,25 ,-0.00616455078125 ,0.130249023438 ,0.853576660156 ,0.50439453125
9.7366 ,8353477 ,-91 ,25 ,0.009033203125 ,0.130004882812 ,0.859375 ,0.494384765625
9.747 ,8349699 ,-91 ,25 ,0.0234985351562 ,0.130126953125 ,0.865661621094 ,0.48291015625
9.7575 ,8346366 ,-91 ,25 ,0.0384521484375 ,0.127868652344 ,0.872253417969 ,0.470458984375
9.768 ,8345591 ,-91 ,25 ,0.0560302734375 ,0.125061035156 ,0.878173828125 ,0.458312988281
9.7789 ,8341986 ,-91 ,25 ,0.0780639648438 ,0.122314453125 ,0.882873535156 ,0.446655273438
9.7896 ,8341169 ,-91 ,25 ,0.105590820312 ,0.11572265625 ,0.887756347656 ,0.432800292969
9.8002 ,8341107 ,-91 ,25 ,0.13818359375 ,0.10400390625 ,0.891357421875 ,0.4189453125
9.8111 ,8341294 ,-91 ,25 ,0.205993652344 ,0.0623779296875 ,0.89013671875 ,0.401672363281
9.8253 ,8341456 ,-91 ,25 ,0.234619140625 ,0.0497436523438 ,0.893371582031 ,0.379943847656
9.8358 ,8341626 ,-91 ,24 ,0.254028320312 ,0.0496215820312 ,0.90625 ,0.334228515625
9.8464 ,8340851 ,-90 ,24 ,0.257263183594 ,0.05517578125 ,0.926574707031 ,0.268798828125
9.857 ,8340989 ,-90 ,24 ,0.243347167969 ,0.059326171875 ,0.948181152344 ,0.195495605469
9.8681 ,8341775 ,-90 ,23 ,0.21875 ,0.0669555664062 ,0.965026855469 ,0.127868652344
9.8816 ,8342124 ,-90 ,23 ,0.162048339844 ,0.086669921875 ,0.982482910156 ,0.0302124023438
9.8955 ,8344660 ,-89 ,23 ,0.149475097656 ,0.0825805664062 ,0.985229492188 ,-0.0126953125
9.9059 ,8347789 ,-88 ,23 ,0.152160644531 ,0.0752563476562 ,0.983703613281 ,-0.0595092773438
9.918 ,8351453 ,-88 ,23 ,0.167724609375 ,0.0779418945312 ,0.976867675781 ,-0.107238769531
9.9296 ,8354065 ,-87 ,23 ,0.185607910156 ,0.0869750976562 ,0.968994140625 ,-0.138061523438
9.9405 ,8358879 ,-85 ,22 ,0.201477050781 ,0.0867919921875 ,0.963439941406 ,-0.153991699219
9.9512 ,8362899 ,-85 ,22 ,0.196533203125 ,0.0764770507812 ,0.956604003906 ,-0.201110839844
9.9682 ,8367733 ,-83 ,21 ,0.172119140625 ,0.0609130859375 ,0.957946777344 ,-0.221313476562
9.9789 ,8375785 ,-80 ,21 ,0.14794921875 ,0.0498657226562 ,0.957763671875 ,-0.241516113281
9.9901 ,8379377 ,-78 ,21 ,0.136352539062 ,0.042236328125 ,0.954406738281 ,-0.262268066406
10.0012 ,8386121 ,-76 ,20 ,0.154357910156 ,0.042236328125 ,0.941284179688 ,-0.297241210938
10.0182 ,8387412 ,-71 ,20 ,0.159240722656 ,0.0360107421875 ,0.93701171875 ,-0.308837890625
10.0295 ,8387370 ,-69 ,20 ,0.152404785156 ,0.0230712890625 ,0.935302734375 ,-0.318603515625
10.0402 ,8388633 ,-67 ,19 ,0.135925292969 ,0.00738525390625 ,0.935668945312 ,-0.325622558594
10.0509 ,8389945 ,-66 ,19 ,0.118041992188 ,-0.009521484375 ,0.933288574219 ,-0.339111328125
10.0679 ,8387170 ,-66 ,18 ,0.118041992188 ,-0.015380859375 ,0.930603027344 ,-0.346069335938
10.0787 ,8385370 ,-66 ,18 ,0.112365722656 ,-0.025634765625 ,0.929260253906 ,-0.35107421875
10.0893 ,8383011 ,-65 ,17 ,0.0880126953125 ,-0.0462036132812 ,0.928466796875 ,-0.357788085938
10.1055 ,8366816 ,-64 ,17 ,0.0792236328125 ,-0.0540161132812 ,0.927917480469 ,-0.360290527344
10.1182 ,8357578 ,-64 ,16 ,0.0639038085938 ,-0.0668334960938 ,0.928527832031 ,-0.359619140625
10.1292 ,8351882 ,-65 ,16 ,0.0400390625 ,-0.079345703125 ,0.931335449219 ,-0.353088378906
10.1398 ,8348664 ,-65 ,15 ,0.0178833007812 ,-0.0917358398438 ,0.933471679688 ,-0.346252441406
10.1504 ,8342657 ,-67 ,14 ,0.0 ,-0.102661132812 ,0.93505859375 ,-0.339233398438
10.1614 ,8340930 ,-68 ,14 ,-0.0114135742188 ,-0.10546875 ,0.943115234375 ,-0.315124511719
10.1754 ,8341179 ,-69 ,13 ,0.00921630859375 ,-0.0958251953125 ,0.950988769531 ,-0.293823242188
10.1864 ,8341280 ,-71 ,12 ,0.0508422851562 ,-0.0845947265625 ,0.960754394531 ,-0.259338378906
10.1971 ,8340930 ,-72 ,12 ,0.104125976562 ,-0.077880859375 ,0.968688964844 ,-0.211486816406
10.2077 ,8341581 ,-74 ,11 ,0.155395507812 ,-0.081298828125 ,0.971801757812 ,-0.157470703125
10.2182 ,8341581 ,-75 ,10 ,0.197387695312 ,-0.0839233398438 ,0.970581054688 ,-0.109252929688
10.2295 ,8341723 ,-75 ,9 ,0.219116210938 ,-0.0860595703125 ,0.968933105469 ,-0.0759887695312
10.2401 ,8340986 ,-76 ,8 ,0.218078613281 ,-0.0983276367188 ,0.969421386719 ,-0.0545043945312
10.2512 ,8341044 ,-77 ,6 ,0.1484375 ,-0.126525878906 ,0.980651855469 ,-0.017822265625
10.268 ,8340563 ,-79 ,5 ,0.104431152344 ,-0.126342773438 ,0.986389160156 ,0.0121459960938
10.2788 ,8341671 ,-80 ,5 ,0.0652465820312 ,-0.121704101562 ,0.988830566406 ,0.056396484375
10.2897 ,8342162 ,-81 ,5 ,0.0341186523438 ,-0.118835449219 ,0.986206054688 ,0.10986328125
10.3003 ,8341830 ,-83 ,5 ,0.0109252929688 ,-0.109985351562 ,0.979187011719 ,0.17041015625
10.3117 ,8343508 ,-84 ,5 ,-0.0086669921875 ,-0.0626220703125 ,0.955505371094 ,0.288146972656
10.3253 ,8344577 ,-85 ,6 ,-0.0145874023438 ,-0.0316772460938 ,0.944213867188 ,0.327514648438
10.3358 ,8344577 ,-86 ,6 ,-0.0172119140625 ,-0.005615234375 ,0.935729980469 ,0.352294921875
10.3463 ,8348425 ,-87 ,6 ,-0.0227661132812 ,0.00665283203125 ,0.926940917969 ,0.37451171875
10.3569 ,8349872 ,-88 ,6 ,-0.0331420898438 ,0.00201416015625 ,0.917358398438 ,0.396728515625
10.3678 ,8354875 ,-89 ,7 ,-0.0516357421875 ,-0.0086669921875 ,0.905395507812 ,0.42138671875
10.3788 ,8357045 ,-89 ,7 ,-0.0816650390625 ,-0.0040283203125 ,0.891906738281 ,0.44482421875
10.3893 ,8360273 ,-90 ,8 ,-0.126098632812 ,0.0247192382812 ,0.876831054688 ,0.46337890625
10.4003 ,8363751 ,-90 ,9 ,-0.179931640625 ,0.050048828125 ,0.85888671875 ,0.476867675781
10.4115 ,8371588 ,-91 ,-1 ,-0.234558105469 ,0.0963134765625 ,0.835083007812 ,0.488159179688
10.4253 ,8385294 ,-91 ,10 ,-0.222900390625 ,0.0978393554688 ,0.831665039062 ,0.499084472656
10.436 ,8389395 ,-91 ,10 ,-0.185363769531 ,0.0935668945312 ,0.834777832031 ,0.509887695312
10.4465 ,8394333 ,-91 ,10 ,-0.145935058594 ,0.075439453125 ,0.838134765625 ,0.520141601562
10.4572 ,8394506 ,-91 ,10 ,-0.125122070312 ,0.063720703125 ,0.837158203125 ,0.528625488281
10.4678 ,8395440 ,-91 ,10 ,-0.139282226562 ,0.072021484375 ,0.830200195312 ,0.534973144531
10.4792 ,8396568 ,-91 ,10 ,-0.219421386719 ,0.135803222656 ,0.802001953125 ,0.538757324219
10.4954 ,8406807 ,-91 ,10 ,-0.245971679688 ,0.162048339844 ,0.789367675781 ,0.538696289062
10.5062 ,8405741 ,-91 ,10 ,-0.266296386719 ,0.182067871094 ,0.77880859375 ,0.537963867188
10.5178 ,8402080 ,-90 ,10 ,-0.284301757812 ,0.196838378906 ,0.770141601562 ,0.536010742188
10.5284 ,8400893 ,-90 ,10 ,-0.29248046875 ,0.206481933594 ,0.764709472656 ,0.535705566406
10.5393 ,8404430 ,-90 ,10 ,-0.283325195312 ,0.206115722656 ,0.76708984375 ,0.537414550781
10.5499 ,8408319 ,-90 ,11 ,-0.253723144531 ,0.195068359375 ,0.77587890625 ,0.543701171875
10.561 ,8408319 ,-90 ,11 ,-0.186645507812 ,0.161743164062 ,0.793762207031 ,0.555847167969
10.5751 ,8408665 ,-90 ,12 ,-0.177917480469 ,0.158996582031 ,0.794860839844 ,0.557922363281
10.5858 ,8409381 ,-89 ,12 ,-0.184143066406 ,0.165344238281 ,0.791259765625 ,0.559143066406
10.5974 ,8414350 ,-89 ,12 ,-0.191284179688 ,0.172241210938 ,0.787414550781 ,0.56005859375
10.6081 ,8415630 ,-88 ,12 ,-0.196472167969 ,0.1767578125 ,0.784912109375 ,0.560363769531
10.619 ,8413599 ,-88 ,12 ,-0.206787109375 ,0.182312011719 ,0.782287597656 ,0.55859375
10.63 ,8413935 ,-88 ,12 ,-0.223327636719 ,0.192993164062 ,0.777099609375 ,0.555847167969
10.6408 ,8414492 ,-88 ,11 ,-0.234069824219 ,0.202758789062 ,0.771728515625 ,0.555480957031
10.6553 ,8416935 ,-88 ,11 ,-0.219177246094 ,0.19384765625 ,0.774841308594 ,0.560424804688
10.6677 ,8416059 ,-88 ,10 ,-0.202331542969 ,0.182678222656 ,0.778564453125 ,0.565246582031
10.6781 ,8414319 ,-88 ,10 ,-0.1904296875 ,0.174621582031 ,0.781005859375 ,0.568542480469
10.6885 ,8414035 ,-88 ,10 ,-0.182006835938 ,0.170227050781 ,0.782592773438 ,0.570495605469
10.6991 ,8415316 ,-88 ,9 ,-0.173950195312 ,0.1669921875 ,0.78466796875 ,0.571166992188
10.7096 ,8415772 ,-88 ,9 ,-0.1650390625 ,0.162292480469 ,0.787719726562 ,0.570922851562
10.7197 ,8414156 ,-89 ,9 ,-0.161560058594 ,0.160034179688 ,0.789733886719 ,0.569763183594
10.7306 ,8413651 ,-89 ,9 ,-0.166259765625 ,0.163208007812 ,0.789306640625 ,0.568054199219
10.7411 ,8413288 ,-89 ,8 ,-0.178649902344 ,0.171813964844 ,0.78759765625 ,0.564147949219
10.7552 ,8414831 ,-89 ,8 ,-0.176330566406 ,0.170593261719 ,0.788513183594 ,0.56396484375
10.7677 ,8414630 ,-89 ,7 ,-0.172729492188 ,0.16748046875 ,0.789489746094 ,0.564636230469
10.7782 ,8413395 ,-89 ,7 ,-0.170837402344 ,0.165466308594 ,0.790100097656 ,0.565002441406
10.7886 ,8413142 ,-89 ,6 ,-0.168273925781 ,0.163513183594 ,0.791015625 ,0.565002441406
10.7992 ,8414520 ,-90 ,6 ,-0.162109375 ,0.159423828125 ,0.793212890625 ,0.564880371094
10.8096 ,8413540 ,-90 ,6 ,-0.154052734375 ,0.15380859375 ,0.796081542969 ,0.564697265625
10.821 ,8412599 ,-90 ,7 ,-0.150451660156 ,0.150207519531 ,0.799499511719 ,0.561828613281
10.8352 ,8411219 ,-90 ,7 ,-0.152954101562 ,0.151184082031 ,0.800476074219 ,0.559448242188
10.8457 ,8410873 ,-90 ,7 ,-0.153198242188 ,0.151184082031 ,0.802124023438 ,0.557067871094
10.8562 ,8410873 ,-90 ,8 ,-0.151550292969 ,0.149719238281 ,0.804138183594 ,0.554931640625
10.8677 ,8408482 ,-91 ,8 ,-0.150390625 ,0.148315429688 ,0.806030273438 ,0.552917480469
10.8784 ,8406554 ,-91 ,9 ,-0.14990234375 ,0.147277832031 ,0.807739257812 ,0.550842285156
10.8888 ,8404520 ,-91 ,11 ,-0.148620605469 ,0.146301269531 ,0.8095703125 ,0.548706054688
10.8994 ,8402848 ,-91 ,13 ,-0.145629882812 ,0.144592285156 ,0.811889648438 ,0.546508789062
10.9098 ,8399955 ,-91 ,16 ,-0.140380859375 ,0.14208984375 ,0.815185546875 ,0.543640136719
10.9202 ,8397592 ,-91 ,19 ,-0.132873535156 ,0.139770507812 ,0.8193359375 ,0.539916992188
10.9309 ,8396381 ,-91 ,22 ,-0.119506835938 ,0.138671875 ,0.829162597656 ,0.528198242188
10.9452 ,8388405 ,-91 ,26 ,-0.111877441406 ,0.14013671875 ,0.834838867188 ,0.520446777344
10.9557 ,8386031 ,-91 ,28 ,-0.101501464844 ,0.142395019531 ,0.841430664062 ,0.511291503906
10.9677 ,8376945 ,-91 ,30 ,-0.0890502929688 ,0.144226074219 ,0.847839355469 ,0.502380371094
10.9786 ,8372128 ,-91 ,31 ,-0.075927734375 ,0.146484375 ,0.853942871094 ,0.493530273438
10.9892 ,8368588 ,-91 ,31 ,-0.0635375976562 ,0.14892578125 ,0.860290527344 ,0.4833984375
10.9996 ,8360536 ,-91 ,31 ,-0.0510864257812 ,0.150146484375 ,0.867553710938 ,0.471435546875
11.0107 ,8352138 ,-91 ,31 ,-0.0211791992188 ,0.148010253906 ,0.883911132812 ,0.443054199219
11.025 ,8346079 ,-91 ,31 ,0.0028076171875 ,0.141235351562 ,0.892639160156 ,0.428039550781
11.0356 ,8344667 ,-90 ,-1 ,0.0352783203125 ,0.128967285156 ,0.901489257812 ,0.411682128906
11.0461 ,8341806 ,-90 ,30 ,0.078369140625 ,0.114074707031 ,0.908142089844 ,0.395080566406
11.0564 ,8341927 ,-90 ,30 ,0.129455566406 ,0.0967407226562 ,0.911926269531 ,0.377197265625
11.0675 ,8341456 ,-89 ,29 ,0.182250976562 ,0.0769653320312 ,0.91162109375 ,0.360229492188
11.0779 ,8341442 ,-89 ,29 ,0.230346679688 ,0.0541381835938 ,0.906982421875 ,0.348388671875
11.0884 ,8341214 ,-87 ,28 ,0.268920898438 ,0.0326538085938 ,0.904418945312 ,0.32958984375
11.0989 ,8341512 ,-86 ,27 ,0.29638671875 ,0.0177001953125 ,0.912902832031 ,0.280090332031
11.1094 ,8342221 ,-85 ,26 ,0.305297851562 ,0.00799560546875 ,0.930603027344 ,0.201721191406
11.1196 ,8341719 ,-84 ,25 ,0.291442871094 ,-0.00030517578125 ,0.949462890625 ,0.116394042969
11.1304 ,8342128 ,-82 ,25 ,0.255859375 ,-0.000244140625 ,0.965454101562 ,0.04931640625
11.1413 ,8342204 ,-80 ,24 ,0.1708984375 ,-0.000244140625 ,0.985046386719 ,-0.023193359375
11.155 ,8344743 ,-78 ,24 ,0.149597167969 ,-0.0172729492188 ,0.986938476562 ,-0.05712890625
11.1675 ,8347615 ,-76 ,24 ,0.150573730469 ,-0.0340576171875 ,0.9833984375 ,-0.0951538085938
11.1779 ,8352031 ,-75 ,24 ,0.172424316406 ,-0.0352783203125 ,0.976440429688 ,-0.125
11.1885 ,8356072 ,-74 ,24 ,0.204772949219 ,-0.0206909179688 ,0.967651367188 ,-0.145751953125
11.199 ,8358955 ,-74 ,24 ,0.243957519531 ,-0.0213012695312 ,0.956115722656 ,-0.160827636719
11.2096 ,8360512 ,-74 ,23 ,0.269287109375 ,-0.0277709960938 ,0.9462890625 ,-0.1767578125
11.2209 ,8359955 ,-73 ,23 ,0.232421875 ,-0.033935546875 ,0.951293945312 ,-0.199584960938
11.2351 ,8359692 ,-73 ,22 ,0.192199707031 ,-0.0415649414062 ,0.958740234375 ,-0.205261230469
11.2455 ,8360138 ,-73 ,21 ,0.152038574219 ,-0.0449829101562 ,0.96484375 ,-0.209777832031
11.256 ,8359218 ,-74 ,21 ,0.127685546875 ,-0.050537109375 ,0.9677734375 ,-0.211181640625
11.2675 ,8357467 ,-74 ,20 ,0.116638183594 ,-0.0428466796875 ,0.968200683594 ,-0.217224121094
11.2783 ,8355958 ,-74 ,19 ,0.116088867188 ,-0.035888671875 ,0.967224121094 ,-0.222900390625
11.2889 ,8350449 ,-75 ,18 ,0.116516113281 ,-0.0291748046875 ,0.966613769531 ,-0.226318359375
11.2994 ,8348609 ,-75 ,18 ,0.113159179688 ,-0.0237426757812 ,0.967163085938 ,-0.226318359375
11.3098 ,8344657 ,-76 ,17 ,0.103942871094 ,-0.0195922851562 ,0.969177246094 ,-0.222351074219
11.321 ,8342062 ,-77 ,16 ,0.0818481445312 ,-0.0201416015625 ,0.973327636719 ,-0.21337890625
11.335 ,8341394 ,-78 ,16 ,0.0758056640625 ,-0.0243530273438 ,0.975708007812 ,-0.2041015625
11.3455 ,8340972 ,-78 ,15 ,0.0786743164062 ,-0.0259399414062 ,0.978149414062 ,-0.190551757812
11.356 ,8341439 ,-79 ,-1 ,0.088134765625 ,-0.026611328125 ,0.980651855469 ,-0.172607421875
11.3675 ,8341577 ,-79 ,14 ,0.098876953125 ,-0.0297241210938 ,0.983154296875 ,-0.150939941406
11.3786 ,8341730 ,-80 ,14 ,0.106750488281 ,-0.0348510742188 ,0.9853515625 ,-0.128234863281
11.3892 ,8342415 ,-81 ,13 ,0.109558105469 ,-0.040771484375 ,0.987365722656 ,-0.107055664062
11.3997 ,8340930 ,-82 ,13 ,0.103881835938 ,-0.0464477539062 ,0.98974609375 ,-0.0860595703125
11.4106 ,8340826 ,-82 ,13 ,0.070556640625 ,-0.053955078125 ,0.995178222656 ,-0.0416259765625
11.425 ,8341484 ,-84 ,12 ,0.0502319335938 ,-0.054443359375 ,0.9970703125 ,-0.0193481445312
11.4356 ,8341833 ,-84 ,12 ,0.031982421875 ,-0.0518188476562 ,0.998168945312 ,0.00311279296875
11.446 ,8342415 ,-85 ,12 ,0.0151977539062 ,-0.04638671875 ,0.998474121094 ,0.025390625
11.4565 ,8341781 ,-85 ,12 ,-0.00262451171875 ,-0.0379028320312 ,0.998107910156 ,0.0488891601562
11.4675 ,8342826 ,-86 ,11 ,-0.0234985351562 ,-0.0266723632812 ,0.996520996094 ,0.0751342773438
11.4779 ,8343498 ,-87 ,10 ,-0.0494384765625 ,-0.0131225585938 ,0.992797851562 ,0.1083984375
11.4884 ,8342425 ,-88 ,11 ,-0.078369140625 ,0.0025634765625 ,0.985473632812 ,0.150756835938
11.4989 ,8343190 ,-88 ,11 ,-0.105346679688 ,0.02001953125 ,0.973449707031 ,0.202270507812
11.5093 ,8343660 ,-88 ,11 ,-0.121948242188 ,0.0347290039062 ,0.957885742188 ,0.257690429688
11.5196 ,8345190 ,-89 ,11 ,-0.125305175781 ,0.0420532226562 ,0.94287109375 ,0.305786132812
11.5303 ,8344204 ,-89 ,11 ,-0.104370117188 ,0.0324096679688 ,0.916687011719 ,0.384399414062
11.5449 ,8344546 ,-90 ,10 ,-0.0883178710938 ,0.0201416015625 ,0.907653808594 ,0.409790039062
11.5555 ,8345010 ,-90 ,10 ,-0.0777587890625 ,0.0114135742188 ,0.901672363281 ,0.425231933594
11.5674 ,8346647 ,-90 ,10 ,-0.0696411132812 ,0.0093994140625 ,0.897705078125 ,0.434936523438
11.5809 ,8349398 ,-90 ,10 ,-0.0623779296875 ,0.0194702148438 ,0.889038085938 ,0.453125
11.595 ,8352283 ,-90 ,10 ,-0.0618896484375 ,0.013427734375 ,0.894714355469 ,0.442199707031
11.6055 ,8356830 ,-90 ,11 ,-0.0631713867188 ,0.0188598632812 ,0.890930175781 ,0.449401855469
11.6174 ,8363398 ,-90 ,11 ,-0.0675048828125 ,0.0352783203125 ,0.885803222656 ,0.457824707031
11.6284 ,8365464 ,-90 ,11 ,-0.0845947265625 ,0.0453491210938 ,0.880493164062 ,0.464233398438
11.639 ,8367540 ,-89 ,11 ,-0.106872558594 ,0.0614013671875 ,0.869140625 ,0.478881835938
11.6496 ,8367131 ,-89 ,11 ,-0.12890625 ,0.0772094726562 ,0.861633300781 ,0.484802246094
11.6607 ,8368076 ,-89 ,11 ,-0.161865234375 ,0.102416992188 ,0.85498046875 ,0.481994628906
11.685 ,8370595 ,-88 ,11 ,-0.169311523438 ,0.118103027344 ,0.852783203125 ,0.479736328125
11.6955 ,8370381 ,-88 ,11 ,-0.177001953125 ,0.129333496094 ,0.848693847656 ,0.481323242188
11.706 ,8371391 ,-88 ,11 ,-0.175720214844 ,0.133056640625 ,0.846618652344 ,0.484436035156
11.7173 ,8374093 ,-87 ,11 ,-0.156494140625 ,0.127746582031 ,0.849243164062 ,0.487854003906
11.7277 ,8374945 ,-87 ,11 ,-0.122497558594 ,0.114074707031 ,0.854064941406 ,0.492431640625
11.7382 ,8378557 ,-86 ,11 ,-0.0896606445312 ,0.0965576171875 ,0.857238769531 ,0.497802734375
11.7487 ,8379042 ,-86 ,10 ,-0.0733642578125 ,0.0897216796875 ,0.856201171875 ,0.50341796875
11.7594 ,8378339 ,-86 ,10 ,-0.079833984375 ,0.0947265625 ,0.852416992188 ,0.507995605469
11.7705 ,8377976 ,-86 ,10 ,-0.111450195312 ,0.1123046875 ,0.842346191406 ,0.515197753906
11.7852 ,8380855 ,-85 ,10 ,-0.113159179688 ,0.115539550781 ,0.840270996094 ,0.517517089844
11.7957 ,8381440 ,-85 ,10 ,-0.109069824219 ,0.115112304688 ,0.839660644531 ,0.519470214844
11.8061 ,8381706 ,-85 ,10 ,-0.105651855469 ,0.115234375 ,0.838684082031 ,0.521667480469
11.8174 ,8380156 ,-85 ,10 ,-0.101745605469 ,0.114074707031 ,0.836975097656 ,0.525451660156
11.8279 ,8380225 ,-85 ,10 ,-0.0978393554688 ,0.112915039062 ,0.835205078125 ,0.529235839844
11.8384 ,8381488 ,-85 ,10 ,-0.0851440429688 ,0.10546875 ,0.836059570312 ,0.531616210938
11.849 ,8382658 ,-85 ,10 ,-0.0673217773438 ,0.0952758789062 ,0.838500976562 ,0.5322265625
11.8595 ,8383318 ,-85 ,10 ,-0.0535888671875 ,0.0888061523438 ,0.840026855469 ,0.532531738281
11.8708 ,8383260 ,-85 ,9 ,-0.0651245117188 ,0.0942993164062 ,0.8369140625 ,0.53515625
11.885 ,8382889 ,-85 ,9 ,-0.0717163085938 ,0.0972290039062 ,0.835510253906 ,0.536010742188
11.8956 ,8383395 ,-85 ,9 ,-0.0742797851562 ,0.0980834960938 ,0.835632324219 ,0.535339355469
11.9062 ,8384180 ,-86 ,8 ,-0.0732421875 ,0.09716796875 ,0.836975097656 ,0.533508300781
11.9174 ,8384754 ,-86 ,8 ,-0.0714111328125 ,0.095947265625 ,0.837646484375 ,0.532897949219
11.9285 ,8383405 ,-86 ,7 ,-0.069580078125 ,0.0947875976562 ,0.83837890625 ,0.532287597656
11.9395 ,8383374 ,-87 ,7 ,-0.0659790039062 ,0.0914306640625 ,0.8388671875 ,0.532531738281
11.9503 ,8383263 ,-87 ,7 ,-0.057861328125 ,0.085693359375 ,0.841003417969 ,0.531066894531
11.9675 ,8382592 ,-87 ,6 ,-0.0551147460938 ,0.0836791992188 ,0.841918945312 ,0.530212402344
11.9777 ,8383007 ,-87 ,6 ,-0.0523071289062 ,0.0817260742188 ,0.8427734375 ,0.529418945312
11.9883 ,8381664 ,-88 ,6 ,-0.0515747070312 ,0.0804443359375 ,0.842895507812 ,0.529541015625
11.999 ,8381789 ,-88 ,6 ,-0.0508422851562 ,0.0791015625 ,0.842956542969 ,0.529724121094
12.0096 ,8381934 ,-88 ,5 ,-0.0509033203125 ,0.0787353515625 ,0.84326171875 ,0.529235839844
12.0205 ,8381440 ,-88 ,5 ,-0.0472412109375 ,0.0768432617188 ,0.844360351562 ,0.528076171875
12.0351 ,8381312 ,-88 ,5 ,-0.042724609375 ,0.0740356445312 ,0.845153808594 ,0.527709960938
12.046 ,8381502 ,-88 ,5 ,-0.0386962890625 ,0.0718994140625 ,0.846008300781 ,0.52685546875
12.0567 ,8380685 ,-88 ,5 ,-0.03564453125 ,0.0704956054688 ,0.847106933594 ,0.525512695312
12.0675 ,8380744 ,-89 ,5 ,-0.032958984375 ,0.0693969726562 ,0.848266601562 ,0.523986816406
12.0783 ,8380336 ,-89 ,5 ,-0.0302734375 ,0.0682373046875 ,0.849426269531 ,0.522399902344
12.0889 ,8380440 ,-89 ,6 ,-0.0269165039062 ,0.0668334960938 ,0.850708007812 ,0.520629882812
12.0994 ,8379152 ,-89 ,6 ,-0.0230102539062 ,0.0648193359375 ,0.852233886719 ,0.5185546875
12.1103 ,8377595 ,-89 ,6 ,-0.0184326171875 ,0.06298828125 ,0.855285644531 ,0.513977050781
12.1245 ,8377640 ,-89 ,7 ,-0.0165405273438 ,0.0623779296875 ,0.856750488281 ,0.511657714844
12.1352 ,8376716 ,-89 ,8 ,-0.0133666992188 ,0.0606689453125 ,0.858337402344 ,0.509338378906
12.1458 ,8373785 ,-89 ,9 ,-0.00823974609375 ,0.05810546875 ,0.860168457031 ,0.506591796875
12.1562 ,8372630 ,-89 ,12 ,-0.00048828125 ,0.0557861328125 ,0.862487792969 ,0.502990722656
12.1674 ,8372630 ,-89 ,15 ,0.00927734375 ,0.0529174804688 ,0.864990234375 ,0.498962402344
12.1782 ,8369280 ,-88 ,18 ,0.0204467773438 ,0.0499877929688 ,0.867858886719 ,0.493896484375
12.1887 ,8365823 ,-88 ,21 ,0.0328979492188 ,0.0487670898438 ,0.870727539062 ,0.488220214844
12.1993 ,8362799 ,-87 ,24 ,0.0465087890625 ,0.0482177734375 ,0.873962402344 ,0.481323242188
12.2105 ,8359896 ,-87 ,27 ,0.07861328125 ,0.0466918945312 ,0.879821777344 ,0.466430664062
12.2246 ,8354124 ,-86 ,31 ,0.0975952148438 ,0.0469360351562 ,0.882141113281 ,0.458374023438
12.2379 ,8351865 ,-84 ,33 ,0.11865234375 ,0.0468139648438 ,0.8837890625 ,0.4501953125
12.2484 ,8349460 ,-84 ,34 ,0.141174316406 ,0.0447998046875 ,0.884643554688 ,0.442077636719
12.2591 ,8346006 ,-83 ,35 ,0.16455078125 ,0.0413208007812 ,0.884765625 ,0.43408203125
12.2695 ,8344723 ,-81 ,36 ,0.18798828125 ,0.0360717773438 ,0.884643554688 ,0.425170898438
12.2809 ,8342958 ,-80 ,36 ,0.237915039062 ,0.0186157226562 ,0.8837890625 ,0.402404785156
12.2953 ,8342131 ,-78 ,36 ,0.262512207031 ,0.00555419921875 ,0.882080078125 ,0.39111328125
12.3063 ,8341584 ,-76 ,36 ,0.28515625 ,-0.0122680664062 ,0.879699707031 ,0.380310058594
12.3176 ,8341505 ,-75 ,36 ,0.304992675781 ,-0.0338745117188 ,0.87744140625 ,0.368713378906
12.3279 ,8341256 ,-74 ,35 ,0.322692871094 ,-0.0560302734375 ,0.877014160156 ,0.3515625
12.3384 ,8342093 ,-73 ,35 ,0.335205078125 ,-0.0745849609375 ,0.88134765625 ,0.324401855469
12.3488 ,8341359 ,-73 ,-1 ,0.338500976562 ,-0.08984375 ,0.891235351562 ,0.288208007812
12.3593 ,8340875 ,-73 ,35 ,0.334228515625 ,-0.099853515625 ,0.9052734375 ,0.242492675781
12.3696 ,8342311 ,-73 ,34 ,0.324768066406 ,-0.102600097656 ,0.919860839844 ,0.194580078125
12.3807 ,8342415 ,-73 ,33 ,0.310119628906 ,-0.0958251953125 ,0.938354492188 ,0.119018554688
12.3949 ,8341335 ,-73 ,32 ,0.302856445312 ,-0.0919799804688 ,0.944213867188 ,0.0907592773438
12.4054 ,8341121 ,-73 ,31 ,0.295349121094 ,-0.0916137695312 ,0.948364257812 ,0.0704956054688
12.4185 ,8341737 ,-74 ,29 ,0.293395996094 ,-0.0905151367188 ,0.9501953125 ,0.053466796875
12.4292 ,8341633 ,-75 ,28 ,0.29638671875 ,-0.0841674804688 ,0.950622558594 ,0.0374755859375
12.4405 ,8340813 ,-75 ,27 ,0.296142578125 ,-0.0651245117188 ,0.952941894531 ,-0.0006103515625
12.455 ,8341401 ,-76 ,26 ,0.287475585938 ,-0.05908203125 ,0.955749511719 ,-0.0211791992188
12.4676 ,8341449 ,-77 ,26 ,0.273132324219 ,-0.0551147460938 ,0.959594726562 ,-0.038818359375
12.4784 ,8342010 ,-77 ,25 ,0.253112792969 ,-0.0498657226562 ,0.964782714844 ,-0.0510864257812
12.489 ,8341993 ,-78 ,25 ,0.2265625 ,-0.0435791015625 ,0.971069335938 ,-0.0613403320312
12.4996 ,8342072 ,-79 ,24 ,0.190490722656 ,-0.0382690429688 ,0.978271484375 ,-0.0724487304688
12.5105 ,8342629 ,-79 ,23 ,0.107055664062 ,-0.0308227539062 ,0.98974609375 ,-0.0894165039062
12.5247 ,8341979 ,-80 ,23 ,0.0678100585938 ,-0.0237426757812 ,0.9931640625 ,-0.091796875
12.5353 ,8342301 ,-81 ,22 ,0.0364990234375 ,-0.0150756835938 ,0.995056152344 ,-0.09130859375
12.5458 ,8341979 ,-81 ,21 ,0.0197143554688 ,-0.00482177734375 ,0.995849609375 ,-0.0888061523438
12.5566 ,8341892 ,-82 ,19 ,0.0182495117188 ,0.00689697265625 ,0.996154785156 ,-0.0853271484375
12.5674 ,8341605 ,-83 ,18 ,0.027587890625 ,0.0174560546875 ,0.996154785156 ,-0.0816040039062
12.5788 ,8341017 ,-83 ,18 ,0.0411987304688 ,0.023193359375 ,0.996032714844 ,-0.0751953125
12.5894 ,8342425 ,-84 ,17 ,0.0557250976562 ,0.0249633789062 ,0.996032714844 ,-0.06494140625
12.6005 ,8342692 ,-85 ,16 ,0.071044921875 ,0.0255737304688 ,0.996398925781 ,-0.0382690429688
12.6177 ,8340820 ,-85 ,15 ,0.0652465820312 ,0.0236206054688 ,0.997314453125 ,-0.0241088867188
12.6291 ,8341069 ,-86 ,14 ,0.0515747070312 ,0.0201416015625 ,0.998413085938 ,-0.00933837890625
12.6396 ,8341069 ,-87 ,13 ,0.0347900390625 ,0.0156860351562 ,0.999267578125 ,0.006103515625
12.6505 ,8340993 ,-87 ,13 ,-0.00299072265625 ,0.0009765625 ,0.999267578125 ,0.0384521484375
12.6675 ,8340809 ,-88 ,12 ,-0.0231323242188 ,-0.00537109375 ,0.998229980469 ,0.0547485351562
12.6784 ,8341930 ,-88 ,12 ,-0.0430297851562 ,-0.00872802734375 ,0.99658203125 ,0.0703735351562
12.6894 ,8342200 ,-89 ,12 ,-0.0615234375 ,-0.0093994140625 ,0.994384765625 ,0.0858764648438
12.7006 ,8342252 ,-89 ,12 ,-0.0947875976562 ,-0.00189208984375 ,0.987731933594 ,0.123901367188
12.7173 ,8343609 ,-89 ,12 ,-0.111389160156 ,0.00408935546875 ,0.982421875 ,0.149719238281
12.7278 ,8343944 ,-89 ,12 ,-0.125 ,0.0105590820312 ,0.976013183594 ,0.178039550781
12.7383 ,8344595 ,-90 ,12 ,-0.1337890625 ,0.0155029296875 ,0.969360351562 ,0.205383300781
12.749 ,8344370 ,-90 ,13 ,-0.137145996094 ,0.0166015625 ,0.963562011719 ,0.228942871094
12.7595 ,8344456 ,-90 ,12 ,-0.134521484375 ,0.015380859375 ,0.959655761719 ,0.246520996094
12.7709 ,8344602 ,-90 ,12 ,-0.117370605469 ,0.0137939453125 ,0.954162597656 ,0.275085449219
12.7847 ,8344979 ,-90 ,13 ,-0.108947753906 ,0.0150756835938 ,0.950927734375 ,0.289184570312
12.7955 ,8345588 ,-90 ,13 ,-0.101867675781 ,0.018798828125 ,0.94873046875 ,0.298706054688
12.8061 ,8345501 ,-90 ,13 ,-0.0948486328125 ,0.0219116210938 ,0.948608398438 ,0.301086425781
12.8172 ,8344692 ,-90 ,14 ,-0.0861206054688 ,0.02490234375 ,0.947937011719 ,0.305541992188
12.8279 ,8345768 ,-90 ,14 ,-0.0767211914062 ,0.0303344726562 ,0.945373535156 ,0.315307617188
12.8387 ,8346937 ,-90 ,15 ,-0.0659790039062 ,0.03564453125 ,0.943298339844 ,0.323425292969
12.8495 ,8347498 ,-89 ,15 ,-0.0575561523438 ,0.0404663085938 ,0.942932128906 ,0.325439453125
12.8604 ,8348878 ,-89 ,15 ,-0.0545043945312 ,0.0552368164062 ,0.939086914062 ,0.334899902344
12.8747 ,8350055 ,-89 ,15 ,-0.0570678710938 ,0.0653686523438 ,0.936767578125 ,0.339050292969
12.8853 ,8349674 ,-89 ,15 ,-0.0619506835938 ,0.0711059570312 ,0.933959960938 ,0.344604492188
12.8961 ,8349577 ,-89 ,14 ,-0.0656127929688 ,0.0735473632812 ,0.93017578125 ,0.353637695312
12.9067 ,8348515 ,-88 ,14 ,-0.0631103515625 ,0.0751953125 ,0.926635742188 ,0.362915039062
12.9174 ,8348422 ,-88 ,14 ,-0.0541381835938 ,0.0733642578125 ,0.92431640625 ,0.370544433594
12.9282 ,8349356 ,-87 ,13 ,-0.0401611328125 ,0.0670166015625 ,0.922241210938 ,0.378723144531
12.9387 ,8349000 ,-87 ,12 ,-0.00506591796875 ,0.0581665039062 ,0.916259765625 ,0.396301269531
12.9549 ,8351148 ,-87 ,12 ,0.00494384765625 ,0.0548095703125 ,0.913635253906 ,0.402770996094
12.9673 ,8352231 ,-88 ,11 ,0.00592041015625 ,0.0541381835938 ,0.910400390625 ,0.410095214844
12.9789 ,8351636 ,-88 ,11 ,-0.00067138671875 ,0.0579223632812 ,0.907104492188 ,0.416931152344
12.99 ,8351550 ,-88 ,10 ,-0.01171875 ,0.06201171875 ,0.905029296875 ,0.420654296875
13.0006 ,8351982 ,-88 ,10 ,-0.0259399414062 ,0.0677490234375 ,0.902893066406 ,0.423706054688
13.0172 ,8352560 ,-88 ,9 ,-0.0238647460938 ,0.06787109375 ,0.902648925781 ,0.424377441406
13.0279 ,8351695 ,-88 ,9 ,-0.016357421875 ,0.0657348632812 ,0.902160644531 ,0.426025390625
13.0384 ,8352249 ,-88 ,8 ,-0.00604248046875 ,0.0631713867188 ,0.901306152344 ,0.428466796875
13.0489 ,8352771 ,-88 ,8 ,0.00408935546875 ,0.0601196289062 ,0.900695800781 ,0.430236816406
13.0594 ,8353439 ,-88 ,8 ,0.0121459960938 ,0.0572509765625 ,0.900146484375 ,0.431640625
13.0707 ,8353346 ,-88 ,7 ,0.015625 ,0.0554809570312 ,0.899719238281 ,0.4326171875
13.0847 ,8353986 ,-89 ,7 ,0.0118408203125 ,0.05712890625 ,0.900024414062 ,0.431884765625
13.0955 ,8353792 ,-89 ,7 ,0.0069580078125 ,0.05859375 ,0.900451660156 ,0.430908203125
13.1061 ,8353917 ,-89 ,6 ,0.00238037109375 ,0.0595092773438 ,0.900451660156 ,0.430786132812
13.1173 ,8354740 ,-89 ,6 ,-0.00048828125 ,0.06103515625 ,0.900085449219 ,0.431396484375
13.1282 ,8354712 ,-89 ,6 ,-0.0015869140625 ,0.0619506835938 ,0.899597167969 ,0.432312011719
13.1387 ,8353955 ,-89 ,6 ,-0.0003662109375 ,0.0611572265625 ,0.899169921875 ,0.433227539062
13.1497 ,8354280 ,-90 ,6 ,0.00445556640625 ,0.0592041015625 ,0.898864746094 ,0.434143066406
13.1606 ,8355065 ,-90 ,5 ,0.0205078125 ,0.0517578125 ,0.89892578125 ,0.434509277344
13.1748 ,8354706 ,-90 ,5 ,0.02685546875 ,0.048828125 ,0.899169921875 ,0.434020996094
13.1855 ,8354706 ,-91 ,5 ,0.0294799804688 ,0.0477905273438 ,0.899291992188 ,0.433654785156
13.1964 ,8355425 ,-91 ,5 ,0.0280151367188 ,0.0485229492188 ,0.899230957031 ,0.433898925781
13.2072 ,8355498 ,-91 ,5 ,0.0191650390625 ,0.0532836914062 ,0.899169921875 ,0.433959960938
13.2251 ,8355349 ,-91 ,5 ,0.0176391601562 ,0.0543823242188 ,0.899475097656 ,0.433227539062
13.236 ,8355671 ,-91 ,5 ,0.0217895507812 ,0.0534057617188 ,0.900024414062 ,0.432067871094
13.2465 ,8354730 ,-91 ,5 ,0.0313720703125 ,0.049560546875 ,0.900634765625 ,0.430603027344
13.257 ,8355643 ,-91 ,5 ,0.0435791015625 ,0.0444946289062 ,0.901184082031 ,0.428955078125
13.2684 ,8355539 ,-91 ,5 ,0.053955078125 ,0.0411376953125 ,0.908752441406 ,0.411804199219
13.2791 ,8355360 ,-91 ,5 ,0.0609741210938 ,0.0385131835938 ,0.908935546875 ,0.41064453125
13.2901 ,8355232 ,-91 ,6 ,0.0616455078125 ,0.0389404296875 ,0.909484863281 ,0.409301757812
13.3047 ,8353813 ,-91 ,6 ,0.0598754882812 ,0.0397338867188 ,0.909790039062 ,0.408813476562
13.3185 ,8353761 ,-91 ,7 ,0.0602416992188 ,0.04052734375 ,0.916931152344 ,0.392333984375
13.3294 ,8353706 ,-91 ,7 ,0.0659790039062 ,0.038818359375 ,0.917053222656 ,0.391296386719
13.3404 ,8353986 ,-91 ,8 ,0.088623046875 ,0.0311279296875 ,0.916931152344 ,0.387756347656
13.3548 ,8354719 ,-91 ,9 ,0.0996704101562 ,0.0272216796875 ,0.916870117188 ,0.385620117188
13.3684 ,8355162 ,-91 ,10 ,0.106689453125 ,0.026123046875 ,0.922973632812 ,0.368774414062
13.3798 ,8354103 ,-90 ,11 ,0.110290527344 ,0.0245971679688 ,0.92333984375 ,0.366943359375
13.3906 ,8354536 ,-90 ,12 ,0.116027832031 ,0.024658203125 ,0.924621582031 ,0.361938476562
13.4048 ,8353702 ,-89 ,16 ,0.123840332031 ,0.0247192382812 ,0.925659179688 ,0.356628417969
13.4185 ,8353813 ,-89 ,20 ,0.137634277344 ,0.02490234375 ,0.931091308594 ,0.3369140625
13.429 ,8353079 ,-88 ,23 ,0.155151367188 ,0.0232543945312 ,0.930725097656 ,0.330261230469
13.4401 ,8352339 ,-87 ,26 ,0.188049316406 ,0.023193359375 ,0.930114746094 ,0.314636230469
13.4547 ,8351408 ,-85 ,30 ,0.202392578125 ,0.0237426757812 ,0.929504394531 ,0.307434082031
13.4684 ,8350366 ,-85 ,34 ,0.215148925781 ,0.0288696289062 ,0.9326171875 ,0.288269042969
13.4794 ,8350072 ,-84 ,37 ,0.228332519531 ,0.0311889648438 ,0.930480957031 ,0.284851074219
13.4907 ,8349332 ,-81 ,40 ,0.258666992188 ,0.033447265625 ,0.922790527344 ,0.28369140625
13.5048 ,8349993 ,-78 ,43 ,0.275756835938 ,0.0309448242188 ,0.917785644531 ,0.284057617188
13.5174 ,8349131 ,-76 ,45 ,0.294128417969 ,0.0250244140625 ,0.912963867188 ,0.281677246094
13.5287 ,8348038 ,-73 ,45 ,0.312438964844 ,0.0158081054688 ,0.908386230469 ,0.27734375
13.5395 ,8347425 ,-68 ,43 ,0.329223632812 ,0.00390625 ,0.904663085938 ,0.2705078125
13.5502 ,8347785 ,-67 ,43 ,0.349975585938 ,-0.0208740234375 ,0.903076171875 ,0.248107910156
13.5675 ,8345564 ,-66 ,42 ,0.352783203125 ,-0.033447265625 ,0.904968261719 ,0.235412597656
13.5782 ,8345536 ,-66 ,42 ,0.355041503906 ,-0.0469970703125 ,0.907409667969 ,0.219848632812
13.5887 ,8343968 ,-65 ,41 ,0.357238769531 ,-0.0606689453125 ,0.909729003906 ,0.202697753906
13.5996 ,8343577 ,-65 ,40 ,0.359741210938 ,-0.0728759765625 ,0.911560058594 ,0.185302734375
13.6105 ,8343397 ,-64 ,38 ,0.364501953125 ,-0.0908813476562 ,0.914733886719 ,0.14892578125
13.6243 ,8341802 ,-64 ,36 ,0.363891601562 ,-0.096923828125 ,0.916687011719 ,0.133483886719
13.6351 ,8341072 ,-64 ,34 ,0.363098144531 ,-0.100402832031 ,0.917541503906 ,0.127258300781
13.6458 ,8341882 ,-64 ,33 ,0.365295410156 ,-0.1025390625 ,0.916259765625 ,0.128601074219
13.6563 ,8341307 ,-65 ,31 ,0.3662109375 ,-0.103881835938 ,0.915222167969 ,0.132141113281
13.6683 ,8340591 ,-66 ,29 ,0.361694335938 ,-0.101257324219 ,0.919006347656 ,0.119689941406
13.6794 ,8341148 ,-67 ,28 ,0.346740722656 ,-0.104614257812 ,0.925537109375 ,0.110717773438
13.6902 ,8341463 ,-68 ,27 ,0.291564941406 ,-0.109191894531 ,0.947448730469 ,0.073486328125
13.705 ,8341442 ,-70 ,26 ,0.252624511719 ,-0.104125976562 ,0.960205078125 ,0.0581665039062
13.7173 ,8342134 ,-71 ,26 ,0.21044921875 ,-0.0925903320312 ,0.971862792969 ,0.0506591796875
13.7276 ,8341733 ,-73 ,25 ,0.171508789062 ,-0.0772094726562 ,0.98095703125 ,0.0487670898438
13.7384 ,8340882 ,-75 ,25 ,0.140930175781 ,-0.0615844726562 ,0.986938476562 ,0.0481567382812
13.7492 ,8341937 ,-75 ,24 ,0.119873046875 ,-0.0477294921875 ,0.990478515625 ,0.0484008789062
13.7602 ,8342868 ,-77 ,23 ,0.0934448242188 ,-0.018798828125 ,0.994140625 ,0.0509033203125
13.7751 ,8343069 ,-79 ,22 ,0.08251953125 ,-0.001953125 ,0.995056152344 ,0.0556640625
13.7856 ,8342913 ,-80 ,21 ,0.071044921875 ,0.01416015625 ,0.995361328125 ,0.0631713867188
13.7963 ,8343100 ,-82 ,20 ,0.05859375 ,0.0292358398438 ,0.995178222656 ,0.0731811523438
13.8073 ,8342813 ,-83 ,18 ,0.0431518554688 ,0.0428466796875 ,0.994567871094 ,0.084228515625
13.818 ,8343567 ,-84 ,17 ,0.026123046875 ,0.0532836914062 ,0.993713378906 ,0.0950317382812
13.8291 ,8344162 ,-85 ,16 ,0.0101318359375 ,0.0595092773438 ,0.99267578125 ,0.104553222656
13.84 ,8343553 ,-86 ,15 ,-0.00946044921875 ,0.0613403320312 ,0.990966796875 ,0.119079589844
13.855 ,8344020 ,-87 ,13 ,-0.0147094726562 ,0.0620727539062 ,0.989929199219 ,0.126525878906
13.8674 ,8344702 ,-88 ,12 ,-0.018798828125 ,0.0626831054688 ,0.988525390625 ,0.13623046875
13.8783 ,8345107 ,-89 ,11 ,-0.023681640625 ,0.0624389648438 ,0.986877441406 ,0.147155761719
13.8891 ,8347785 ,-89 ,11 ,-0.0288696289062 ,0.060302734375 ,0.986083984375 ,0.152038574219
13.8999 ,8347830 ,-90 ,10 ,-0.0365600585938 ,0.0564575195312 ,0.98583984375 ,0.153503417969
13.9107 ,8350003 ,-90 ,9 ,-0.0680541992188 ,0.0547485351562 ,0.982238769531 ,0.166198730469
13.9246 ,8351363 ,-90 ,9 ,-0.0933837890625 ,0.0562744140625 ,0.978393554688 ,0.17578125
13.9357 ,8354886 ,-91 ,9 ,-0.124267578125 ,0.0576171875 ,0.973205566406 ,0.184814453125
13.9462 ,8357072 ,-91 ,9 ,-0.156616210938 ,0.060302734375 ,0.966186523438 ,0.195739746094
13.9568 ,8357436 ,-91 ,10 ,-0.184265136719 ,0.0619506835938 ,0.958312988281 ,0.209350585938
13.9671 ,8358429 ,-91 ,10 ,-0.202453613281 ,0.0625 ,0.951171875 ,0.224548339844
13.9774 ,8359754 ,-91 ,10 ,-0.210144042969 ,0.0628662109375 ,0.94580078125 ,0.239379882812
13.9879 ,8361045 ,-91 ,11 ,-0.210083007812 ,0.0625610351562 ,0.942260742188 ,0.253112792969
13.9984 ,8361439 ,-91 ,10 ,-0.206115722656 ,0.0634155273438 ,0.939819335938 ,0.264953613281
14.0091 ,8362979 ,-91 ,10 ,-0.201416015625 ,0.0643920898438 ,0.938598632812 ,0.272583007812
14.0202 ,8363726 ,-91 ,11 ,-0.19091796875 ,0.0706176757812 ,0.936157226562 ,0.286682128906
14.0347 ,8364488 ,-91 ,12 ,-0.184326171875 ,0.0733032226562 ,0.935485839844 ,0.292541503906
14.0452 ,8363536 ,-90 ,12 ,-0.176635742188 ,0.0747680664062 ,0.935668945312 ,0.296142578125
14.0557 ,8361785 ,-90 ,13 ,-0.167419433594 ,0.07666015625 ,0.937194824219 ,0.296264648438
14.0671 ,8361290 ,-90 ,13 ,-0.158996582031 ,0.0777587890625 ,0.939208984375 ,0.294189453125
14.0777 ,8360899 ,-90 ,14 ,-0.150573730469 ,0.0813598632812 ,0.940795898438 ,0.292602539062
14.0883 ,8362211 ,-90 ,14 ,-0.140502929688 ,0.0859375 ,0.94189453125 ,0.292663574219
14.0988 ,8363948 ,-89 ,14 ,-0.129272460938 ,0.088623046875 ,0.941711425781 ,0.297607421875
14.1094 ,8365848 ,-88 ,14 ,-0.118591308594 ,0.0899047851562 ,0.940856933594 ,0.304321289062
14.1205 ,8366311 ,-87 ,14 ,-0.103393554688 ,0.0857543945312 ,0.9404296875 ,0.312377929688
14.1346 ,8366024 ,-87 ,13 ,-0.0997314453125 ,0.0836181640625 ,0.939819335938 ,0.315979003906
14.1451 ,8365768 ,-88 ,13 ,-0.0999755859375 ,0.0836791992188 ,0.937927246094 ,0.321472167969
14.1556 ,8366266 ,-88 ,13 ,-0.102416992188 ,0.085693359375 ,0.935485839844 ,0.327087402344
14.167 ,8367470 ,-87 ,12 ,-0.104614257812 ,0.088134765625 ,0.933532714844 ,0.331420898438
14.178 ,8368567 ,-87 ,-1 ,-0.102600097656 ,0.08984375 ,0.932189941406 ,0.335205078125
14.1885 ,8368716 ,-88 ,12 ,-0.0936889648438 ,0.088134765625 ,0.932495117188 ,0.337524414062
14.1991 ,8367990 ,-88 ,11 ,-0.0807495117188 ,0.0845336914062 ,0.93310546875 ,0.340087890625
14.21 ,8368214 ,-88 ,11 ,-0.065185546875 ,0.0806274414062 ,0.93310546875 ,0.344299316406
14.2245 ,8369173 ,-88 ,10 ,-0.0690307617188 ,0.0831909179688 ,0.932006835938 ,0.345947265625
14.235 ,8368958 ,-89 ,9 ,-0.0756225585938 ,0.087158203125 ,0.930480957031 ,0.34765625
14.2456 ,8369772 ,-89 ,9 ,-0.07861328125 ,0.0886840820312 ,0.929626464844 ,0.348876953125
14.2561 ,8370273 ,-89 ,8 ,-0.0761108398438 ,0.087646484375 ,0.9296875 ,0.349609375
14.2684 ,8371443 ,-89 ,8 ,-0.0721435546875 ,0.0853271484375 ,0.932189941406 ,0.34423828125
14.2793 ,8371910 ,-90 ,7 ,-0.0693969726562 ,0.0841064453125 ,0.932556152344 ,0.344116210938
14.29 ,8373038 ,-90 ,7 ,-0.0726928710938 ,0.0852661132812 ,0.931579589844 ,0.345764160156
14.3049 ,8372782 ,-90 ,6 ,-0.0745849609375 ,0.0858764648438 ,0.931274414062 ,0.34619140625
14.3185 ,8373509 ,-91 ,6 ,-0.0742797851562 ,0.0845336914062 ,0.933166503906 ,0.341369628906
14.3288 ,8374135 ,-91 ,6 ,-0.0712890625 ,0.0827026367188 ,0.933532714844 ,0.341430664062
14.3395 ,8375547 ,-91 ,5 ,-0.0689697265625 ,0.0813598632812 ,0.933715820312 ,0.341796875
14.3502 ,8376529 ,-91 ,5 ,-0.0718994140625 ,0.0811767578125 ,0.932983398438 ,0.343200683594
14.3684 ,8376066 ,-92 ,5 ,-0.0740356445312 ,0.080810546875 ,0.933776855469 ,0.340698242188
14.3793 ,8375467 ,-92 ,4 ,-0.0728149414062 ,0.0797729492188 ,0.933471679688 ,0.342041015625
14.3902 ,8376841 ,-92 ,4 ,-0.0654907226562 ,0.0762329101562 ,0.933898925781 ,0.343139648438
14.4047 ,8377388 ,-92 ,4 ,-0.0626831054688 ,0.074951171875 ,0.933959960938 ,0.343811035156
14.4184 ,8377533 ,-92 ,4 ,-0.0613403320312 ,0.0735473632812 ,0.93505859375 ,0.341369628906
14.4301 ,8376869 ,-93 ,4 ,-0.0573120117188 ,0.071533203125 ,0.93505859375 ,0.342346191406
14.4445 ,8376872 ,-93 ,3 ,-0.0536499023438 ,0.0701293945312 ,0.935546875 ,0.342041015625
14.4555 ,8378024 ,-93 ,3 ,-0.0494384765625 ,0.0684814453125 ,0.935913085938 ,0.341857910156
14.4683 ,8377841 ,-93 ,3 ,-0.0455322265625 ,0.0665893554688 ,0.937744140625 ,0.337768554688
14.4789 ,8378093 ,-93 ,3 ,-0.04150390625 ,0.0647583007812 ,0.938049316406 ,0.337951660156
14.4899 ,8377336 ,-93 ,3 ,-0.0331420898438 ,0.0612182617188 ,0.938903808594 ,0.337036132812
14.5047 ,8377630 ,-93 ,-1 ,-0.0281982421875 ,0.059326171875 ,0.939575195312 ,0.336059570312
14.5183 ,8377927 ,-93 ,4 ,-0.0223388671875 ,0.0567626953125 ,0.941345214844 ,0.331848144531
14.5293 ,8378173 ,-93 ,5 ,-0.015625 ,0.0538940429688 ,0.941833496094 ,0.331359863281
14.5403 ,8378118 ,-93 ,5 ,-0.00323486328125 ,0.0480346679688 ,0.942504882812 ,0.330749511719
14.5546 ,8378346 ,-92 ,6 ,0.00177001953125 ,0.045654296875 ,0.942443847656 ,0.331298828125
14.5681 ,8378550 ,-92 ,6 ,0.00640869140625 ,0.0430297851562 ,0.94384765625 ,0.327453613281
14.5786 ,8379703 ,-91 ,7 ,0.01171875 ,0.0399780273438 ,0.943725585938 ,0.328063964844
14.5892 ,8379979 ,-91 ,8 ,0.0181274414062 ,0.0364990234375 ,0.943542480469 ,0.328796386719
14.6001 ,8380886 ,-90 ,9 ,0.0341186523438 ,0.0267333984375 ,0.942932128906 ,0.330200195312
14.6182 ,8380280 ,-88 ,12 ,0.0433349609375 ,0.0214233398438 ,0.943786621094 ,0.327026367188
14.6291 ,8379550 ,-87 ,15 ,0.0541381835938 ,0.0159912109375 ,0.943603515625 ,0.326232910156
14.6399 ,8380087 ,-87 ,19 ,0.0829467773438 ,0.003662109375 ,0.942504882812 ,0.323608398438
14.6544 ,8378211 ,-84 ,23 ,0.0968627929688 ,-0.00140380859375 ,0.941589355469 ,0.322631835938
14.6681 ,8377440 ,-82 ,27 ,0.1064453125 ,-0.0045166015625 ,0.942138671875 ,0.317810058594
14.6784 ,8376370 ,-82 ,30 ,0.115051269531 ,-0.0069580078125 ,0.941650390625 ,0.316162109375
14.6891 ,8371917 ,-79 ,33 ,0.126159667969 ,-0.0098876953125 ,0.940124511719 ,0.316528320312
14.6997 ,8369062 ,-77 ,38 ,0.142272949219 ,-0.0147094726562 ,0.937316894531 ,0.31787109375
14.7109 ,8363951 ,-75 ,43 ,0.185119628906 ,-0.0233154296875 ,0.929443359375 ,0.318420410156
14.7246 ,8360439 ,-75 ,49 ,0.208435058594 ,-0.0269165039062 ,0.92431640625 ,0.318481445312
14.7354 ,8357439 ,-74 ,52 ,0.228515625 ,-0.0296630859375 ,0.920043945312 ,0.316955566406
14.7462 ,8354446 ,-74 ,53 ,0.243835449219 ,-0.0308837890625 ,0.91650390625 ,0.315551757812
14.757 ,8351744 ,-73 ,54 ,0.253601074219 ,-0.0299682617188 ,0.914428710938 ,0.314086914062
14.7681 ,8347591 ,-73 ,53 ,0.257690429688 ,-0.0259399414062 ,0.915405273438 ,0.308044433594
14.7786 ,8346570 ,-73 ,53 ,0.257629394531 ,-0.0223388671875 ,0.915466308594 ,0.308227539062
14.7893 ,8343785 ,-73 ,52 ,0.25732421875 ,-0.0198364257812 ,0.915161132812 ,0.3095703125
14.8001 ,8342546 ,-73 ,51 ,0.26611328125 ,-0.0174560546875 ,0.907653808594 ,0.324157714844
14.8184 ,8341619 ,-74 ,49 ,0.275634765625 ,-0.0189819335938 ,0.901000976562 ,0.334411621094
14.8302 ,8341595 ,-75 ,46 ,0.295349121094 ,-0.0174560546875 ,0.881530761719 ,0.367919921875
14.8445 ,8341667 ,-75 ,43 ,0.298278808594 ,-0.0201416015625 ,0.872436523438 ,0.386657714844
14.8549 ,8342038 ,-76 ,40 ,0.291809082031 ,-0.0300903320312 ,0.866394042969 ,0.404174804688
14.8673 ,8340553 ,-77 ,37 ,0.276123046875 ,-0.04931640625 ,0.863647460938 ,0.418884277344
14.8782 ,8339875 ,-77 ,34 ,0.255065917969 ,-0.0704956054688 ,0.86962890625 ,0.416809082031
14.8887 ,8340678 ,-78 ,32 ,0.233825683594 ,-0.0848999023438 ,0.890625 ,0.380676269531
14.8996 ,8339425 ,-79 ,30 ,0.208435058594 ,-0.0910034179688 ,0.915405273438 ,0.332092285156
14.9104 ,8339795 ,-79 ,29 ,0.142333984375 ,-0.0765991210938 ,0.948120117188 ,0.273681640625
14.9247 ,8340747 ,-81 ,28 ,0.107788085938 ,-0.0529174804688 ,0.955871582031 ,0.268249511719
14.9352 ,8341110 ,-81 ,26 ,0.0753784179688 ,-0.0308837890625 ,0.959350585938 ,0.270202636719
14.9456 ,8340256 ,-82 ,25 ,0.04736328125 ,-0.0167846679688 ,0.9609375 ,0.272216796875
14.9562 ,8342100 ,-83 ,24 ,0.0264282226562 ,-0.00787353515625 ,0.963684082031 ,0.265625
14.9669 ,8342238 ,-84 ,23 ,0.015869140625 ,0.000244140625 ,0.968994140625 ,0.246643066406
14.9774 ,8341854 ,-84 ,22 ,0.00872802734375 ,0.011474609375 ,0.97509765625 ,0.221313476562
14.9879 ,8342775 ,-85 ,21 ,0.00115966796875 ,0.025146484375 ,0.980041503906 ,0.197082519531
14.9989 ,8342363 ,-86 ,20 ,-0.0127563476562 ,0.0404663085938 ,0.9814453125 ,0.186828613281
15.01 ,8342802 ,-87 ,19 ,-0.0497436523438 ,0.0501708984375 ,0.976867675781 ,0.201965332031
15.0248 ,8343373 ,-89 ,17 ,-0.0615234375 ,0.0454711914062 ,0.974243164062 ,0.212219238281
15.0352 ,8343134 ,-91 ,12 ,-0.0859985351562 ,0.0728149414062 ,0.967712402344 ,0.225524902344
15.089 ,8342889 ,-92 ,11 ,-0.0918579101562 ,0.0739135742188 ,0.967163085938 ,0.225219726562
15.0998 ,8343799 ,-92 ,11 ,-0.0979614257812 ,0.0653076171875 ,0.969116210938 ,0.216796875
15.1167 ,8343920 ,-93 ,10 ,-0.0938110351562 ,0.0625610351562 ,0.970581054688 ,0.212646484375
15.1278 ,8344643 ,-93 ,10 ,-0.0867919921875 ,0.0621337890625 ,0.9716796875 ,0.210815429688
15.1386 ,8344764 ,-93 ,10 ,-0.0777587890625 ,0.0651245117188 ,0.972290039062 ,0.210693359375
15.1494 ,8346391 ,-93 ,10 ,-0.0701293945312 ,0.068359375 ,0.972412109375 ,0.211669921875
15.1602 ,8347328 ,-93 ,-1 ,-0.0654296875 ,0.06005859375 ,0.972534179688 ,0.215270996094
15.1741 ,8348526 ,-93 ,-1 ,-0.0722045898438 ,0.0562133789062 ,0.970581054688 ,0.222595214844
15.1848 ,8353287 ,-93 ,-1 ,-0.090576171875 ,0.0565185546875 ,0.965881347656 ,0.235961914062
15.1953 ,8354688 ,-92 ,-1 ,-0.121520996094 ,0.0557861328125 ,0.958740234375 ,0.250793457031
15.2057 ,8355477 ,-92 ,-1 ,-0.160095214844 ,0.057861328125 ,0.948852539062 ,0.265991210938
15.2169 ,8353875 ,-92 ,-1 ,-0.195251464844 ,0.0643920898438 ,0.938781738281 ,0.276428222656
15.2283 ,8354020 ,-92 ,10 ,-0.216735839844 ,0.0656127929688 ,0.932495117188 ,0.281311035156
15.239 ,8353380 ,-92 ,10 ,-0.215698242188 ,0.067626953125 ,0.932250976562 ,0.282470703125
15.2497 ,8354311 ,-92 ,11 ,-0.162414550781 ,0.0679931640625 ,0.941711425781 ,0.286682128906
15.2666 ,8354702 ,-91 ,12 ,-0.127014160156 ,0.0674438476562 ,0.947021484375 ,0.287231445312
15.2775 ,8355020 ,-91 ,12 ,-0.0978393554688 ,0.0670776367188 ,0.949890136719 ,0.289306640625
15.2883 ,8353588 ,-91 ,12 ,-0.0817260742188 ,0.0641479492188 ,0.950744628906 ,0.292114257812
15.2988 ,8352629 ,-91 ,13 ,-0.07763671875 ,0.0670166015625 ,0.950439453125 ,0.293518066406
15.31 ,8353391 ,-90 ,12 ,-0.08642578125 ,0.0753784179688 ,0.948669433594 ,0.294738769531
15.3241 ,8353969 ,-89 ,12 ,-0.0864868164062 ,0.0800170898438 ,0.948059082031 ,0.295471191406
15.3348 ,8354405 ,-89 ,12 ,-0.0814819335938 ,0.080322265625 ,0.946594238281 ,0.301513671875
15.3452 ,8354197 ,-89 ,12 ,-0.0711059570312 ,0.07666015625 ,0.945556640625 ,0.308227539062
15.3558 ,8354456 ,-89 ,12 ,-0.0581665039062 ,0.0733032226562 ,0.944702148438 ,0.314331054688
15.367 ,8354211 ,-90 ,11 ,-0.0466918945312 ,0.0701293945312 ,0.943908691406 ,0.319213867188
15.3818 ,8354782 ,-90 ,11 ,-0.0374145507812 ,0.0672607421875 ,0.94189453125 ,0.326965332031
15.3943 ,8354155 ,-91 ,6 ,-0.017333984375 ,0.0684204101562 ,0.937255859375 ,0.341369628906
15.4855 ,8356685 ,-92 ,6 ,-0.0201416015625 ,0.0691528320312 ,0.937194824219 ,0.341369628906
15.4961 ,8356668 ,-92 ,5 ,-0.0222778320312 ,0.0697021484375 ,0.937194824219 ,0.341003417969
15.5099 ,8357273 ,-92 ,-1 ,-0.0193481445312 ,0.06884765625 ,0.938171386719 ,0.338684082031
15.5247 ,8357574 ,-92 ,-1 ,-0.0154418945312 ,0.0676879882812 ,0.93798828125 ,0.339721679688
15.5353 ,8358065 ,-92 ,2 ,-0.00054931640625 ,0.0607299804688 ,0.932739257812 ,0.355346679688
15.6387 ,8361713 ,-94 ,2 ,0.00103759765625 ,0.0599975585938 ,0.932373046875 ,0.356506347656
15.6496 ,8361228 ,-94 ,1 ,0.003662109375 ,0.058837890625 ,0.932250976562 ,0.35693359375
15.668 ,8362000 ,-94 ,3 ,0.0471801757812 ,0.0454711914062 ,0.938232421875 ,0.339660644531
15.7584 ,8360764 ,-94 ,4 ,0.0547485351562 ,0.0431518554688 ,0.939025878906 ,0.336730957031
15.7695 ,8360827 ,-94 ,4 ,0.0626220703125 ,0.040771484375 ,0.93994140625 ,0.333129882812
15.7804 ,8361221 ,-94 ,5 ,0.0774536132812 ,0.0363159179688 ,0.941345214844 ,0.326354980469
15.7946 ,8360540 ,-93 ,7 ,0.0848388671875 ,0.0341186523438 ,0.941955566406 ,0.322998046875
15.8056 ,8360685 ,-93 ,10 ,0.104187011719 ,0.0264892578125 ,0.943542480469 ,0.313293457031
15.8345 ,8361242 ,-92 ,12 ,0.111206054688 ,0.0245971679688 ,0.943908691406 ,0.309997558594
15.845 ,8360989 ,-92 ,46 ,0.288146972656 ,0.0133056640625 ,0.914855957031 ,0.282592773438
15.9694 ,8360668 ,-92 ,50 ,0.355163574219 ,-0.0304565429688 ,0.908874511719 ,0.216491699219
16.0749 ,8344391 ,-75 ,48 ,0.353088378906 ,-0.0308837890625 ,0.909912109375 ,0.215576171875
16.0856 ,8344560 ,-62 ,43 ,0.337219238281 ,-0.0302734375 ,0.91455078125 ,0.221252441406
16.1045 ,8342110 ,-64 ,40 ,0.324645996094 ,-0.0310668945312 ,0.917785644531 ,0.226379394531
16.1167 ,8342446 ,-65 ,35 ,0.309814453125 ,-0.0328369140625 ,0.921447753906 ,0.232055664062
16.1278 ,8342737 ,-66 ,33 ,0.29296875 ,-0.0357055664062 ,0.925903320312 ,0.235778808594
16.1384 ,8342861 ,-68 ,30 ,0.274536132812 ,-0.0375366210938 ,0.931884765625 ,0.234069824219
16.149 ,8344335 ,-69 ,27 ,0.25439453125 ,-0.0362548828125 ,0.939758300781 ,0.225341796875
16.1598 ,8343640 ,-70 ,25 ,0.205993652344 ,-0.0230102539062 ,0.956420898438 ,0.205627441406
16.1742 ,8343916 ,-72 ,22 ,0.17919921875 ,-0.0134887695312 ,0.962707519531 ,0.202209472656
16.1846 ,8343397 ,-73 ,21 ,0.155517578125 ,-0.0054931640625 ,0.967956542969 ,0.197082519531
16.1952 ,8343494 ,-75 ,19 ,0.135375976562 ,0.00128173828125 ,0.972839355469 ,0.187805175781
16.2057 ,8344719 ,-77 ,18 ,0.116149902344 ,0.0091552734375 ,0.977233886719 ,0.177490234375
16.2167 ,8344896 ,-78 ,17 ,0.0977172851562 ,0.0191040039062 ,0.980712890625 ,0.168151855469
16.2272 ,8346872 ,-79 ,16 ,0.0802612304688 ,0.0305786132812 ,0.983215332031 ,0.161010742188
16.2379 ,8347913 ,-81 ,15 ,0.0629272460938 ,0.0394287109375 ,0.98486328125 ,0.156433105469
16.2484 ,8348647 ,-82 ,14 ,0.0449829101562 ,0.0419311523438 ,0.986450195312 ,0.152099609375
16.259 ,8351079 ,-84 ,13 ,0.0247192382812 ,0.0439453125 ,0.987670898438 ,0.148315429688
16.2702 ,8353114 ,-85 ,12 ,-0.0281372070312 ,0.0574340820312 ,0.987060546875 ,0.147094726562
16.2845 ,8356737 ,-87 ,10 ,-0.0597534179688 ,0.0575561523438 ,0.985900878906 ,0.145141601562
16.2952 ,8359086 ,-88 ,9 ,-0.0949096679688 ,0.0626220703125 ,0.982727050781 ,0.145874023438
16.3057 ,8362031 ,-89 ,8 ,-0.13134765625 ,0.0684814453125 ,0.977905273438 ,0.147399902344
16.3168 ,8364128 ,-90 ,7 ,-0.166015625 ,0.070556640625 ,0.972229003906 ,0.149291992188
16.3274 ,8365502 ,-91 ,7 ,-0.196472167969 ,0.0750732421875 ,0.965698242188 ,0.152282714844
16.338 ,8367453 ,-91 ,6 ,-0.222045898438 ,0.0765380859375 ,0.95947265625 ,0.155517578125
16.3485 ,8369322 ,-92 ,6 ,-0.242431640625 ,0.0787353515625 ,0.953918457031 ,0.158142089844
16.3591 ,8370820 ,-92 ,6 ,-0.258911132812 ,0.0800170898438 ,0.949096679688 ,0.16064453125
16.3701 ,8371543 ,-92 ,6 ,-0.283203125 ,0.0825805664062 ,0.941101074219 ,0.165466308594
16.3843 ,8371785 ,-92 ,7 ,-0.289733886719 ,0.0835571289062 ,0.938720703125 ,0.1669921875
16.3966 ,8372104 ,-93 ,8 ,-0.291687011719 ,0.0847778320312 ,0.937622070312 ,0.169250488281
16.4071 ,8372104 ,-93 ,9 ,-0.288513183594 ,0.0848388671875 ,0.937561035156 ,0.174743652344
16.4278 ,8371983 ,-93 ,9 ,-0.286560058594 ,0.084716796875 ,0.937072753906 ,0.180480957031
16.4384 ,8371540 ,-93 ,9 ,-0.281311035156 ,0.087646484375 ,0.934936523438 ,0.197631835938
16.4542 ,8369419 ,-93 ,9 ,-0.274963378906 ,0.0829467773438 ,0.935241699219 ,0.206970214844
16.4683 ,8369481 ,-92 ,8 ,-0.262268066406 ,0.081787109375 ,0.938232421875 ,0.210388183594
16.4803 ,8369353 ,-92 ,8 ,-0.237731933594 ,0.0802001953125 ,0.945007324219 ,0.209777832031
16.4952 ,8369152 ,-91 ,9 ,-0.229370117188 ,0.0796508789062 ,0.947265625 ,0.209228515625
16.5063 ,8368263 ,-91 ,9 ,-0.221984863281 ,0.0796508789062 ,0.94921875 ,0.208190917969
16.517 ,8368090 ,-91 ,10 ,-0.212829589844 ,0.080810546875 ,0.951599121094 ,0.206604003906
16.5277 ,8368426 ,-90 ,11 ,-0.198791503906 ,0.0821533203125 ,0.955139160156 ,0.203552246094
16.5385 ,8368166 ,-89 ,11 ,-0.185119628906 ,0.082275390625 ,0.957580566406 ,0.204833984375
16.5493 ,8365796 ,-89 ,11 ,-0.175476074219 ,0.0833740234375 ,0.958557128906 ,0.208312988281
16.5603 ,8365796 ,-88 ,11 ,-0.155883789062 ,0.08056640625 ,0.960388183594 ,0.216430664062
16.5743 ,8363931 ,-88 ,11 ,-0.142272949219 ,0.0778198242188 ,0.961547851562 ,0.2216796875
16.585 ,8363882 ,-88 ,11 ,-0.13037109375 ,0.07666015625 ,0.962036132812 ,0.227172851562
16.5957 ,8364920 ,-88 ,11 ,-0.121337890625 ,0.0760498046875 ,0.962158203125 ,0.231811523438
16.6065 ,8365896 ,-88 ,11 ,-0.113830566406 ,0.0756225585938 ,0.96240234375 ,0.234802246094
16.6182 ,8365688 ,-89 ,10 ,-0.105834960938 ,0.075927734375 ,0.962646484375 ,0.237243652344
16.6298 ,8365412 ,-89 ,10 ,-0.0928955078125 ,0.0742797851562 ,0.963684082031 ,0.239074707031
16.6451 ,8365989 ,-89 ,9 ,-0.0914306640625 ,0.0752563476562 ,0.96337890625 ,0.240600585938
16.6565 ,8368156 ,-89 ,9 ,-0.0930786132812 ,0.07763671875 ,0.962585449219 ,0.242370605469
16.6677 ,8368381 ,-89 ,8 ,-0.0960083007812 ,0.0802612304688 ,0.961547851562 ,0.244445800781
16.6787 ,8368470 ,-90 ,7 ,-0.0843505859375 ,0.079345703125 ,0.962097167969 ,0.246826171875
16.7052 ,8370737 ,-90 ,6 ,-0.0775146484375 ,0.07763671875 ,0.9619140625 ,0.250427246094
16.7169 ,8372311 ,-90 ,6 ,-0.0744018554688 ,0.0771484375 ,0.96142578125 ,0.253356933594
16.7274 ,8372509 ,-90 ,5 ,-0.0759887695312 ,0.0782470703125 ,0.960388183594 ,0.25634765625
16.739 ,8374740 ,-90 ,5 ,-0.0787963867188 ,0.078857421875 ,0.95947265625 ,0.258911132812
16.7497 ,8375761 ,-90 ,4 ,-0.0814208984375 ,0.078857421875 ,0.958374023438 ,0.261962890625
16.7665 ,8375817 ,-91 ,3 ,-0.0828247070312 ,0.0789794921875 ,0.9580078125 ,0.263000488281
16.7768 ,8378059 ,-91 ,3 ,-0.0858764648438 ,0.0792236328125 ,0.957336425781 ,0.264282226562
16.7874 ,8378696 ,-91 ,3 ,-0.0886840820312 ,0.0797119140625 ,0.956604003906 ,0.265869140625
16.798 ,8379547 ,-91 ,3 ,-0.0889282226562 ,0.0794067382812 ,0.956237792969 ,0.26708984375
16.8085 ,8380450 ,-91 ,2 ,-0.0857543945312 ,0.078125 ,0.956420898438 ,0.267944335938
16.8197 ,8380921 ,-92 ,2 ,-0.0783081054688 ,0.0752563476562 ,0.956726074219 ,0.270080566406
16.8346 ,8382142 ,-92 ,-1 ,-0.0773315429688 ,0.0745239257812 ,0.956726074219 ,0.2705078125
16.8457 ,8382782 ,-92 ,-1 ,-0.0773315429688 ,0.0740966796875 ,0.956604003906 ,0.271057128906
16.8567 ,8382381 ,-93 ,-1 ,-0.076416015625 ,0.073486328125 ,0.95654296875 ,0.271606445312
16.8674 ,8383021 ,-93 ,-1 ,-0.0747680664062 ,0.0724487304688 ,0.956726074219 ,0.271789550781
16.8783 ,8383509 ,-93 ,-1 ,-0.0729370117188 ,0.0714111328125 ,0.956909179688 ,0.271789550781
16.8892 ,8383675 ,-93 ,-1 ,-0.071533203125 ,0.0704956054688 ,0.957092285156 ,0.271911621094
16.9005 ,8383222 ,-93 ,-1 ,-0.0674438476562 ,0.068115234375 ,0.957458496094 ,0.272155761719
16.9185 ,8383782 ,-93 ,2 ,-0.0634765625 ,0.06591796875 ,0.959533691406 ,0.266418457031
16.9298 ,8384467 ,-93 ,2 ,-0.0496215820312 ,0.06103515625 ,0.961120605469 ,0.264770507812
16.9461 ,8383883 ,-93 ,3 ,-0.042236328125 ,0.0584106445312 ,0.961730957031 ,0.264465332031
16.9571 ,8383602 ,-93 ,3 ,-0.0353393554688 ,0.0557861328125 ,0.962219238281 ,0.26416015625
16.9678 ,8384194 ,-92 ,3 ,-0.029296875 ,0.052978515625 ,0.964294433594 ,0.2578125
16.9787 ,8384007 ,-92 ,-1 ,-0.0236206054688 ,0.0503540039062 ,0.964721679688 ,0.257263183594
16.9895 ,8384270 ,-92 ,-1 ,0.006591796875 ,0.0359497070312 ,0.96728515625 ,0.250915527344
17.0354 ,8385083 ,-91 ,-1 ,0.0149536132812 ,0.0321655273438 ,0.96728515625 ,0.251098632812
17.047 ,8387512 ,-88 ,-1 ,0.0240478515625 ,0.0281372070312 ,0.967041015625 ,0.251831054688
17.0584 ,8388990 ,-87 ,4 ,0.0339965820312 ,0.023681640625 ,0.966552734375 ,0.252990722656
17.0702 ,8388395 ,-86 ,7 ,0.0562133789062 ,0.013916015625 ,0.966735839844 ,0.249145507812
17.0846 ,8387509 ,-84 ,11 ,0.067626953125 ,0.0089111328125 ,0.965881347656 ,0.249755859375
17.0956 ,8387886 ,-84 ,15 ,0.0778198242188 ,0.00457763671875 ,0.964965820312 ,0.250610351562
17.1067 ,8386118 ,-81 ,19 ,0.0872192382812 ,0.00091552734375 ,0.963623046875 ,0.252624511719
17.1184 ,8385426 ,-79 ,-1 ,0.0961303710938 ,-0.0018310546875 ,0.963195800781 ,0.2509765625
17.1295 ,8382924 ,-76 ,-1 ,0.117919921875 ,-0.00848388671875 ,0.958251953125 ,0.26025390625
17.1446 ,8379066 ,-73 ,22 ,0.133972167969 ,-0.013427734375 ,0.955017089844 ,0.264221191406
17.1559 ,8375789 ,-71 ,26 ,0.153686523438 ,-0.0180053710938 ,0.950927734375 ,0.26806640625
17.1672 ,8372785 ,-70 ,32 ,0.175598144531 ,-0.0218505859375 ,0.946472167969 ,0.270080566406
17.179 ,8368287 ,-68 ,35 ,0.216369628906 ,-0.0296630859375 ,0.936706542969 ,0.273559570312
17.1942 ,8361927 ,-68 ,38 ,0.231079101562 ,-0.0325927734375 ,0.933410644531 ,0.272583007812
17.2055 ,8361927 ,-68 ,38 ,0.240051269531 ,-0.0344848632812 ,0.931518554688 ,0.271118164062
17.2182 ,8354695 ,-67 ,39 ,0.243774414062 ,-0.0326538085938 ,0.93212890625 ,0.265686035156
17.23 ,8350290 ,-66 ,-1 ,0.23876953125 ,-0.0277709960938 ,0.93310546875 ,0.267517089844
17.245 ,8347249 ,-66 ,-1 ,0.236083984375 ,-0.0245971679688 ,0.93359375 ,0.268493652344
17.2562 ,8346622 ,-66 ,39 ,0.235046386719 ,-0.0225830078125 ,0.931945800781 ,0.275146484375
17.2682 ,8343595 ,-67 ,37 ,0.236633300781 ,-0.02001953125 ,0.929931640625 ,0.280700683594
17.2801 ,8343384 ,-67 ,35 ,0.243286132812 ,-0.0239868164062 ,0.924621582031 ,0.292114257812
17.2944 ,8342536 ,-68 ,31 ,0.248779296875 ,-0.0275268554688 ,0.921447753906 ,0.297180175781
17.3058 ,8342439 ,-69 ,29 ,0.254760742188 ,-0.0325317382812 ,0.917114257812 ,0.304931640625
17.3178 ,8341674 ,-69 ,27 ,0.259033203125 ,-0.0404663085938 ,0.912658691406 ,0.313537597656
17.3287 ,8342435 ,-72 ,24 ,0.258850097656 ,-0.0525512695312 ,0.909484863281 ,0.321044921875
17.3399 ,8342435 ,-73 ,21 ,0.237365722656 ,-0.0702514648438 ,0.921142578125 ,0.30029296875
17.3541 ,8342027 ,-75 ,18 ,0.212280273438 ,-0.0669555664062 ,0.935180664062 ,0.275390625
17.3693 ,8341619 ,-76 ,15 ,0.1337890625 ,-0.0367431640625 ,0.958984375 ,0.247131347656
17.3838 ,8342719 ,-78 ,13 ,0.0964965820312 ,-0.016845703125 ,0.965209960938 ,0.242370605469
17.3943 ,8341871 ,-80 ,12 ,0.0675048828125 ,-0.00146484375 ,0.96923828125 ,0.236694335938
17.4048 ,8342318 ,-81 ,10 ,0.0482177734375 ,0.0064697265625 ,0.972778320312 ,0.226623535156
17.4163 ,8342681 ,-83 ,9 ,0.0347900390625 ,0.01220703125 ,0.976318359375 ,0.213073730469
17.4267 ,8343297 ,-85 ,8 ,0.0234985351562 ,0.0176391601562 ,0.979919433594 ,0.197326660156
17.4371 ,8343193 ,-86 ,6 ,0.0108032226562 ,0.02490234375 ,0.982849121094 ,0.182495117188
17.4476 ,8344373 ,-87 ,5 ,-0.003662109375 ,0.0370483398438 ,0.984252929688 ,0.172790527344
17.4581 ,8344747 ,-88 ,4 ,-0.01904296875 ,0.0519409179688 ,0.984436035156 ,0.1669921875
17.4684 ,8345404 ,-89 ,2 ,-0.0342407226562 ,0.0643920898438 ,0.983764648438 ,0.1640625
17.4797 ,8346602 ,-89 ,0 ,-0.060546875 ,0.0685424804688 ,0.983825683594 ,0.154174804688
17.4939 ,8347795 ,-91 ,-1 ,-0.0739135742188 ,0.0641479492188 ,0.984191894531 ,0.147766113281
17.5044 ,8349581 ,-91 ,-2 ,-0.09375 ,0.0640869140625 ,0.982849121094 ,0.145385742188
17.5164 ,8351536 ,-92 ,-3 ,-0.121643066406 ,0.0686645507812 ,0.979614257812 ,0.144409179688
17.5268 ,8353270 ,-92 ,-3 ,-0.155029296875 ,0.0690307617188 ,0.975524902344 ,0.139953613281
17.5374 ,8353366 ,-93 ,-3 ,-0.18994140625 ,0.0665893554688 ,0.970031738281 ,0.136291503906
17.5479 ,8354477 ,-93 ,-3 ,-0.220153808594 ,0.0694580078125 ,0.963745117188 ,0.1337890625
17.5584 ,8355079 ,-93 ,-1 ,-0.240844726562 ,0.0704345703125 ,0.959228515625 ,0.130126953125
17.5697 ,8357847 ,-93 ,-3 ,-0.246154785156 ,0.0714111328125 ,0.958129882812 ,0.127502441406
17.5839 ,8360467 ,-93 ,-3 ,-0.237182617188 ,0.0706176757812 ,0.960266113281 ,0.128784179688
17.5944 ,8361076 ,-93 ,-2 ,-0.230041503906 ,0.0684814453125 ,0.961791992188 ,0.131652832031
17.6048 ,8361076 ,-93 ,-1 ,-0.283996582031 ,0.0677490234375 ,0.940979003906 ,0.171081542969
17.6461 ,8362287 ,-93 ,-1 ,-0.282104492188 ,0.07080078125 ,0.935974121094 ,0.198425292969
17.6664 ,8360467 ,-92 ,-1 ,-0.261108398438 ,0.0662841796875 ,0.941589355469 ,0.202209472656
17.6774 ,8361273 ,-92 ,-1 ,-0.233459472656 ,0.0650024414062 ,0.948364257812 ,0.204711914062
17.688 ,8360965 ,-92 ,-1 ,-0.209289550781 ,0.0642700195312 ,0.954040527344 ,0.20458984375
17.6985 ,8359453 ,-91 ,-2 ,-0.197204589844 ,0.0626220703125 ,0.956787109375 ,0.204345703125
17.7095 ,8357311 ,-91 ,-1 ,-0.193969726562 ,0.0662841796875 ,0.957397460938 ,0.203369140625
17.724 ,8358277 ,-91 ,0 ,-0.187744140625 ,0.0696411132812 ,0.958618164062 ,0.202331542969
17.7346 ,8359356 ,-90 ,0 ,-0.174560546875 ,0.0733642578125 ,0.960388183594 ,0.204528808594
17.7451 ,8359124 ,-88 ,0 ,-0.158996582031 ,0.0750122070312 ,0.961853027344 ,0.209716796875
17.7555 ,8359647 ,-88 ,0 ,-0.144775390625 ,0.0743408203125 ,0.962707519531 ,0.216125488281
17.7663 ,8357886 ,-88 ,-1 ,-0.1328125 ,0.0718994140625 ,0.962890625 ,0.223571777344
17.777 ,8356820 ,-87 ,-1 ,-0.12255859375 ,0.0697631835938 ,0.96240234375 ,0.232238769531
17.7874 ,8356342 ,-87 ,-1 ,-0.110168457031 ,0.0656127929688 ,0.961242675781 ,0.244079589844
17.8038 ,8355685 ,-87 ,-1 ,-0.106506347656 ,0.0671997070312 ,0.960571289062 ,0.247985839844
17.8162 ,8357664 ,-87 ,-1 ,-0.0992431640625 ,0.0681762695312 ,0.960632324219 ,0.250427246094
17.8272 ,8359010 ,-88 ,-2 ,-0.0859985351562 ,0.0678100585938 ,0.96142578125 ,0.252380371094
17.8377 ,8359325 ,-88 ,-2 ,-0.070556640625 ,0.0662841796875 ,0.96240234375 ,0.253845214844
17.8483 ,8360052 ,-88 ,-3 ,-0.0586547851562 ,0.0635375976562 ,0.962951660156 ,0.255493164062
17.8593 ,8359052 ,-88 ,-3 ,-0.0618896484375 ,0.0636596679688 ,0.962097167969 ,0.257751464844
17.8736 ,8359751 ,-88 ,-1 ,-0.0731811523438 ,0.06787109375 ,0.960693359375 ,0.258972167969
17.8844 ,8360681 ,-88 ,-4 ,-0.0828857421875 ,0.0714721679688 ,0.959411621094 ,0.259826660156
17.8954 ,8360906 ,-89 ,-5 ,-0.0859375 ,0.0730590820312 ,0.958923339844 ,0.260314941406
17.906 ,8361412 ,-89 ,-6 ,-0.0816650390625 ,0.0722045898438 ,0.959350585938 ,0.260375976562
17.9164 ,8362256 ,-89 ,-7 ,-0.0489501953125 ,0.0643920898438 ,0.962280273438 ,0.259826660156
17.9456 ,8362003 ,-89 ,-8 ,-0.06103515625 ,0.0675659179688 ,0.959838867188 ,0.265441894531
17.9799 ,8364792 ,-91 ,-8 ,-0.0684814453125 ,0.068603515625 ,0.958984375 ,0.266296386719
17.9943 ,8366457 ,-91 ,-9 ,-0.0655517578125 ,0.0675659179688 ,0.959350585938 ,0.26611328125
18.0052 ,8367232 ,-91 ,-9 ,-0.060791015625 ,0.0665283203125 ,0.959594726562 ,0.266540527344
18.0162 ,8367149 ,-92 ,-9 ,-0.0572509765625 ,0.0654907226562 ,0.959594726562 ,0.267639160156
18.0273 ,8367315 ,-92 ,-10 ,-0.05517578125 ,0.064697265625 ,0.959533691406 ,0.268432617188
18.0378 ,8368142 ,-92 ,-10 ,-0.0533447265625 ,0.0640869140625 ,0.959655761719 ,0.2685546875
18.0483 ,8368201 ,-93 ,-10 ,-0.050537109375 ,0.0631713867188 ,0.960083007812 ,0.267822265625
18.0593 ,8368381 ,-93 ,-10 ,-0.0425415039062 ,0.0609741210938 ,0.961181640625 ,0.265747070312
18.0742 ,8369145 ,-93 ,-11 ,-0.0397338867188 ,0.0598754882812 ,0.961486816406 ,0.265319824219
18.0852 ,8369055 ,-93 ,-11 ,-0.0386962890625 ,0.0592651367188 ,0.961669921875 ,0.264892578125
18.0962 ,8370021 ,-93 ,-1 ,-0.0385131835938 ,0.0591430664062 ,0.961608886719 ,0.26513671875
18.1069 ,8368498 ,-93 ,-1 ,-0.0376586914062 ,0.058349609375 ,0.961669921875 ,0.265380859375
18.1177 ,8368498 ,-93 ,-1 ,-0.0347290039062 ,0.0572509765625 ,0.9619140625 ,0.264892578125
18.1287 ,8369086 ,-93 ,-1 ,-0.029296875 ,0.0556640625 ,0.962463378906 ,0.264038085938
18.1394 ,8369844 ,-93 ,-1 ,-0.0147094726562 ,0.0509033203125 ,0.963562011719 ,0.262084960938
18.1537 ,8369387 ,-93 ,-1 ,-0.0081787109375 ,0.0484619140625 ,0.964111328125 ,0.260925292969
18.1662 ,8369107 ,-93 ,-1 ,-0.00274658203125 ,0.0465698242188 ,0.964599609375 ,0.259582519531
18.177 ,8368785 ,-93 ,-1 ,0.00244140625 ,0.0443115234375 ,0.964965820312 ,0.258605957031
18.1884 ,8368810 ,-92 ,-1 ,0.00848388671875 ,0.041748046875 ,0.965393066406 ,0.257263183594
18.1996 ,8368716 ,-92 ,-1 ,0.0252075195312 ,0.0350952148438 ,0.966003417969 ,0.2548828125
18.2174 ,8369197 ,-91 ,-1 ,0.0340576171875 ,0.0316162109375 ,0.968505859375 ,0.244689941406
18.2283 ,8369270 ,-91 ,-1 ,0.0422973632812 ,0.0284423828125 ,0.968322753906 ,0.244506835938
18.2394 ,8369588 ,-90 ,-1 ,0.0572509765625 ,0.0216674804688 ,0.967407226562 ,0.245666503906
18.2538 ,8371125 ,-88 ,-11 ,0.0657958984375 ,0.0176391601562 ,0.966613769531 ,0.247009277344
18.2675 ,8372993 ,-87 ,-10 ,0.0757446289062 ,0.013671875 ,0.967834472656 ,0.239440917969
18.2793 ,8374529 ,-85 ,-9 ,0.0947265625 ,0.00311279296875 ,0.965087890625 ,0.244262695312
18.2939 ,8376585 ,-84 ,-7 ,0.102478027344 ,-0.002197265625 ,0.963439941406 ,0.247436523438
18.3046 ,8377789 ,-82 ,-5 ,0.112060546875 ,-0.00787353515625 ,0.961608886719 ,0.250305175781
18.3175 ,8378529 ,-81 ,-2 ,0.124694824219 ,-0.0127563476562 ,0.961059570312 ,0.246398925781
18.3281 ,8379879 ,-80 ,-1 ,0.135986328125 ,-0.0179443359375 ,0.958312988281 ,0.250610351562
18.3387 ,8380969 ,-77 ,-1 ,0.144897460938 ,-0.0230712890625 ,0.955749511719 ,0.255004882812
18.3494 ,8382370 ,-74 ,-1 ,0.155700683594 ,-0.0319213867188 ,0.951171875 ,0.264709472656
18.3674 ,8382118 ,-72 ,2 ,0.159301757812 ,-0.034423828125 ,0.951721191406 ,0.260070800781
18.3788 ,8380014 ,-69 ,5 ,0.16357421875 ,-0.0377807617188 ,0.9501953125 ,0.262634277344
18.3894 ,8376484 ,-69 ,9 ,0.174926757812 ,-0.0430908203125 ,0.946228027344 ,0.268615722656
18.4039 ,8374782 ,-68 ,14 ,0.181518554688 ,-0.0422973632812 ,0.944030761719 ,0.272216796875
18.4174 ,8370450 ,-67 ,19 ,0.188537597656 ,-0.0383911132812 ,0.943664550781 ,0.269104003906
18.4279 ,8367384 ,-67 ,21 ,0.193237304688 ,-0.0343017578125 ,0.94140625 ,0.274291992188
18.4384 ,8364311 ,-66 ,21 ,0.19482421875 ,-0.0284423828125 ,0.939697265625 ,0.279602050781
18.4492 ,8359031 ,-67 ,22 ,0.190734863281 ,-0.01318359375 ,0.9375 ,0.290832519531
18.4674 ,8355200 ,-67 ,22 ,0.188354492188 ,-0.0025634765625 ,0.938110351562 ,0.290649414062
18.4783 ,8352086 ,-67 ,22 ,0.18798828125 ,0.00579833984375 ,0.935485839844 ,0.299194335938
18.4892 ,8347695 ,-68 ,23 ,0.192504882812 ,0.0167236328125 ,0.927978515625 ,0.318664550781
18.5038 ,8345986 ,-69 ,23 ,0.196472167969 ,0.0185546875 ,0.923278808594 ,0.32958984375
18.5173 ,8343944 ,-72 ,22 ,0.200988769531 ,0.0220947265625 ,0.920593261719 ,0.334106445312
18.5277 ,8342740 ,-72 ,20 ,0.207153320312 ,0.0227661132812 ,0.915222167969 ,0.344787597656
18.5382 ,8342197 ,-74 ,18 ,0.214965820312 ,0.0216064453125 ,0.909851074219 ,0.354248046875
18.5491 ,8341653 ,-76 ,16 ,0.2197265625 ,0.00787353515625 ,0.900939941406 ,0.374145507812
18.5662 ,8341678 ,-76 ,13 ,0.212524414062 ,-0.00909423828125 ,0.89892578125 ,0.382934570312
18.5772 ,8341847 ,-79 ,12 ,0.199340820312 ,-0.030517578125 ,0.898498535156 ,0.389953613281
18.589 ,8342301 ,-80 ,10 ,0.152893066406 ,-0.0272827148438 ,0.909057617188 ,0.386596679688
18.6036 ,8341224 ,-82 ,8 ,0.117004394531 ,-0.00634765625 ,0.920104980469 ,0.373657226562
18.6161 ,8341349 ,-83 ,6 ,0.0773315429688 ,0.00567626953125 ,0.930725097656 ,0.357360839844
18.6267 ,8340498 ,-85 ,4 ,0.0479125976562 ,0.0172729492188 ,0.9375 ,0.344299316406
18.6372 ,8341567 ,-85 ,2 ,0.0328979492188 ,0.0279541015625 ,0.940612792969 ,0.336791992188
18.6479 ,8340965 ,-87 ,1 ,0.0282592773438 ,0.0289306640625 ,0.942749023438 ,0.330993652344
18.6594 ,8341910 ,-88 ,0 ,0.0220947265625 ,0.0232543945312 ,0.951904296875 ,0.304748535156
18.6741 ,8341813 ,-89 ,-1 ,0.0116577148438 ,0.0270385742188 ,0.958312988281 ,0.2841796875
18.6845 ,8341211 ,-90 ,-2 ,-0.0050048828125 ,0.032958984375 ,0.963623046875 ,0.265197753906
18.6953 ,8341211 ,-90 ,-3 ,-0.025146484375 ,0.0377807617188 ,0.968505859375 ,0.244812011719
18.706 ,8341671 ,-91 ,-4 ,-0.0475463867188 ,0.0438842773438 ,0.972961425781 ,0.2216796875
18.7173 ,8342169 ,-91 ,-6 ,-0.0714111328125 ,0.04931640625 ,0.976440429688 ,0.197631835938
18.7291 ,8343307 ,-92 ,-8 ,-0.106262207031 ,0.0553588867188 ,0.97998046875 ,0.158813476562
18.7436 ,8342467 ,-92 ,-10 ,-0.104248046875 ,0.0492553710938 ,0.981323242188 ,0.154052734375
18.7544 ,8342927 ,-92 ,-11 ,-0.0941162109375 ,0.0338745117188 ,0.983581542969 ,0.150329589844
18.7661 ,8343110 ,-92 ,-13 ,-0.0925903320312 ,0.0261840820312 ,0.985656738281 ,0.138793945312
18.7766 ,8342958 ,-92 ,-14 ,-0.0948486328125 ,0.0260620117188 ,0.987182617188 ,0.125427246094
18.787 ,8344609 ,-93 ,-15 ,-0.104858398438 ,0.0314331054688 ,0.9873046875 ,0.115051269531
18.7977 ,8343892 ,-93 ,-16 ,-0.116577148438 ,0.039794921875 ,0.986145019531 ,0.111389160156
18.8086 ,8343830 ,-93 ,-17 ,-0.127685546875 ,0.0462646484375 ,0.984619140625 ,0.110046386719
18.8193 ,8344664 ,-93 ,-17 ,-0.127502441406 ,0.0440063476562 ,0.986145019531 ,0.0964965820312
18.8336 ,8344560 ,-93 ,-18 ,-0.120422363281 ,0.036865234375 ,0.988464355469 ,0.0840454101562
18.8442 ,8344259 ,-93 ,-17 ,-0.111938476562 ,0.0307006835938 ,0.990356445312 ,0.0752563476562
18.855 ,8345415 ,-93 ,-17 ,-0.106018066406 ,0.0298461914062 ,0.991088867188 ,0.0748901367188
18.8664 ,8346695 ,-93 ,-16 ,-0.102416992188 ,0.0328979492188 ,0.9912109375 ,0.0772094726562
18.8799 ,8348404 ,-93 ,-16 ,-0.100219726562 ,0.0259399414062 ,0.990600585938 ,0.089111328125
18.8937 ,8349318 ,-93 ,-16 ,-0.102111816406 ,0.0244750976562 ,0.989135742188 ,0.102600097656
18.9044 ,8350460 ,-93 ,-17 ,-0.104125976562 ,0.0239868164062 ,0.988647460938 ,0.105651855469
18.9161 ,8349778 ,-93 ,-16 ,-0.105651855469 ,0.0199584960938 ,0.988708496094 ,0.104370117188
18.9273 ,8350501 ,-92 ,-1 ,-0.1064453125 ,0.0247192382812 ,0.98828125 ,0.1064453125
18.9382 ,8350813 ,-92 ,-16 ,-0.105773925781 ,0.0331420898438 ,0.987976074219 ,0.107666015625
18.9493 ,8349162 ,-92 ,-16 ,-0.0997924804688 ,0.0350341796875 ,0.988830566406 ,0.104858398438
18.9661 ,8348560 ,-93 ,-15 ,-0.0972290039062 ,0.0421142578125 ,0.988403320312 ,0.108947753906
18.9776 ,8348242 ,-93 ,-15 ,-0.0932006835938 ,0.0466918945312 ,0.988159179688 ,0.112670898438
18.9881 ,8347602 ,-92 ,-15 ,-0.0841064453125 ,0.0484619140625 ,0.988403320312 ,0.116516113281
18.9996 ,8346501 ,-91 ,-16 ,-0.049072265625 ,0.0525512695312 ,0.987609863281 ,0.139343261719
19.0162 ,8346654 ,-91 ,-16 ,-0.0269775390625 ,0.0477294921875 ,0.987670898438 ,0.146484375
19.0272 ,8346851 ,-91 ,-16 ,-0.00738525390625 ,0.0446166992188 ,0.987060546875 ,0.153686523438
19.0381 ,8346581 ,-91 ,-16 ,0.00482177734375 ,0.045166015625 ,0.985656738281 ,0.162414550781
19.0493 ,8346809 ,-90 ,-17 ,0.00604248046875 ,0.0478515625 ,0.983581542969 ,0.173767089844
19.0663 ,8347252 ,-90 ,-18 ,0.00335693359375 ,0.0489501953125 ,0.983154296875 ,0.175903320312
19.0771 ,8347114 ,-90 ,-18 ,0.00201416015625 ,0.0505981445312 ,0.982604980469 ,0.178527832031
19.0877 ,8348685 ,-90 ,-19 ,0.00408935546875 ,0.0518798828125 ,0.982299804688 ,0.180053710938
19.0983 ,8348297 ,-90 ,-19 ,0.0150146484375 ,0.0491333007812 ,0.981994628906 ,0.181701660156
19.1164 ,8350263 ,-90 ,-20 ,0.0193481445312 ,0.0501708984375 ,0.981750488281 ,0.182495117188
19.1271 ,8351550 ,-90 ,-20 ,0.02099609375 ,0.0519409179688 ,0.981689453125 ,0.182067871094
19.1377 ,8350283 ,-90 ,-21 ,0.0200805664062 ,0.0521850585938 ,0.981750488281 ,0.181701660156
19.1491 ,8351740 ,-90 ,-21 ,0.0121459960938 ,0.0545043945312 ,0.98193359375 ,0.1806640625
19.1665 ,8351166 ,-91 ,-21 ,0.0091552734375 ,0.0548706054688 ,0.982055664062 ,0.180114746094
19.1781 ,8351141 ,-91 ,-22 ,0.00958251953125 ,0.0540161132812 ,0.982177734375 ,0.179626464844
19.1891 ,8351176 ,-91 ,-22 ,0.0172119140625 ,0.0527954101562 ,0.982055664062 ,0.180114746094
19.2043 ,8351667 ,-91 ,-22 ,0.0213623046875 ,0.0524291992188 ,0.98193359375 ,0.180541992188
19.2174 ,8351699 ,-91 ,-23 ,0.0232543945312 ,0.0528564453125 ,0.983215332031 ,0.173217773438
19.2285 ,8351058 ,-92 ,-23 ,0.0233764648438 ,0.0538330078125 ,0.982727050781 ,0.175415039062
19.2439 ,8351176 ,-92 ,-23 ,0.0235595703125 ,0.053955078125 ,0.982604980469 ,0.176147460938
19.2545 ,8350972 ,-92 ,-24 ,0.0252685546875 ,0.0540161132812 ,0.982482910156 ,0.176574707031
19.2677 ,8351055 ,-92 ,-24 ,0.028564453125 ,0.0540161132812 ,0.983520507812 ,0.170166015625
19.279 ,8351602 ,-92 ,-24 ,0.0379028320312 ,0.0537109375 ,0.983276367188 ,0.169799804688
19.2937 ,8351657 ,-92 ,-24 ,0.0407104492188 ,0.0538940429688 ,0.983154296875 ,0.169799804688
19.3045 ,8351681 ,-93 ,-25 ,0.0414428710938 ,0.0542602539062 ,0.983093261719 ,0.169860839844
19.3174 ,8351622 ,-93 ,-25 ,0.0407104492188 ,0.054931640625 ,0.984313964844 ,0.16259765625
19.3285 ,8351965 ,-93 ,-25 ,0.0409545898438 ,0.0550537109375 ,0.984313964844 ,0.16259765625
19.3395 ,8352401 ,-93 ,-25 ,0.047119140625 ,0.0546264648438 ,0.984191894531 ,0.161865234375
19.3539 ,8351851 ,-93 ,-25 ,0.052978515625 ,0.0542602539062 ,0.984008789062 ,0.161193847656
19.3675 ,8352508 ,-94 ,-25 ,0.0585327148438 ,0.0543823242188 ,0.984985351562 ,0.153137207031
19.3784 ,8352124 ,-94 ,-25 ,0.0631103515625 ,0.0543823242188 ,0.984741210938 ,0.152587890625
19.3894 ,8351318 ,-94 ,-25 ,0.068115234375 ,0.0541381835938 ,0.984619140625 ,0.151611328125
19.4043 ,8350771 ,-94 ,-25 ,0.0704956054688 ,0.0538330078125 ,0.984558105469 ,0.150939941406
19.4179 ,8351124 ,-94 ,-24 ,0.0740966796875 ,0.0540161132812 ,0.985473632812 ,0.142822265625
19.4291 ,8350543 ,-94 ,-24 ,0.087890625 ,0.0527954101562 ,0.984741210938 ,0.140502929688
19.4442 ,8351100 ,-93 ,-24 ,0.0965576171875 ,0.0521850585938 ,0.984191894531 ,0.138916015625
19.4553 ,8350927 ,-93 ,-23 ,0.104187011719 ,0.0513305664062 ,0.983703613281 ,0.13720703125
19.4675 ,8352391 ,-93 ,-23 ,0.109008789062 ,0.05126953125 ,0.984252929688 ,0.129333496094
19.4782 ,8352353 ,-93 ,-23 ,0.112182617188 ,0.0506591796875 ,0.984130859375 ,0.127746582031
19.4893 ,8352671 ,-93 ,-22 ,0.117614746094 ,0.048828125 ,0.983947753906 ,0.125183105469
19.5039 ,8354065 ,-92 ,-22 ,0.12158203125 ,0.0476684570312 ,0.983642578125 ,0.124206542969
19.5179 ,8354668 ,-91 ,-20 ,0.126647949219 ,0.0473022460938 ,0.984008789062 ,0.115966796875
19.5283 ,8355190 ,-91 ,-19 ,0.133728027344 ,0.0463256835938 ,0.983215332031 ,0.114929199219
19.5391 ,8354886 ,-90 ,-18 ,0.154968261719 ,0.04345703125 ,0.98046875 ,0.112854003906
19.5536 ,8355076 ,-90 ,-16 ,0.166748046875 ,0.0424194335938 ,0.978759765625 ,0.111511230469
19.5677 ,8354813 ,-88 ,-12 ,0.177612304688 ,0.0440063476562 ,0.977722167969 ,0.102783203125
19.5792 ,8354488 ,-87 ,-9 ,0.198913574219 ,0.0445556640625 ,0.974060058594 ,0.0980834960938
19.5936 ,8355522 ,-86 ,-5 ,0.209106445312 ,0.0464477539062 ,0.972045898438 ,0.0960083007812
19.6043 ,8354007 ,-84 ,-2 ,0.219421386719 ,0.048828125 ,0.969909667969 ,0.0935668945312
19.6172 ,8353671 ,-83 ,0 ,0.229858398438 ,0.0535278320312 ,0.968139648438 ,0.0840454101562
19.6282 ,8352515 ,-81 ,3 ,0.24169921875 ,0.0570068359375 ,0.965026855469 ,0.0836181640625
19.6393 ,8352560 ,-78 ,7 ,0.271911621094 ,0.0646362304688 ,0.956665039062 ,0.08203125
19.6539 ,8351491 ,-75 ,12 ,0.291198730469 ,0.0684814453125 ,0.950805664062 ,0.0807495117188
19.6665 ,8350276 ,-73 ,19 ,0.312316894531 ,0.072265625 ,0.943969726562 ,0.0786743164062
19.6777 ,8349027 ,-70 ,23 ,0.332214355469 ,0.0775146484375 ,0.936950683594 ,0.07568359375
19.6882 ,8347733 ,-68 ,27 ,0.34814453125 ,0.0846557617188 ,0.930908203125 ,0.0712280273438
19.6989 ,8347840 ,-68 ,29 ,0.364868164062 ,0.0912475585938 ,0.924621582031 ,0.0598754882812
19.7173 ,8345629 ,-66 ,32 ,0.367858886719 ,0.095947265625 ,0.923950195312 ,0.0426635742188
19.7279 ,8346304 ,-65 ,33 ,0.370971679688 ,0.09765625 ,0.922973632812 ,0.0313110351562
19.7386 ,8344584 ,-64 ,34 ,0.37451171875 ,0.097412109375 ,0.921875 ,0.0201416015625
19.7495 ,8345224 ,-64 ,35 ,0.385559082031 ,0.0953369140625 ,0.917724609375 ,-0.00067138671875
19.7674 ,8344788 ,-63 ,35 ,0.389465332031 ,0.09912109375 ,0.915588378906 ,-0.0125122070312
19.7782 ,8344667 ,-63 ,30 ,0.365661621094 ,0.09716796875 ,0.925598144531 ,-0.0117797851562
19.8166 ,8341865 ,-64 ,27 ,0.350219726562 ,0.0931396484375 ,0.932006835938 ,-0.00640869140625
19.8273 ,8342093 ,-67 ,23 ,0.332580566406 ,0.0855102539062 ,0.939208984375 ,-0.00103759765625
19.8377 ,8341795 ,-69 ,20 ,0.313537597656 ,0.074462890625 ,0.946655273438 ,0.00128173828125
19.8482 ,8343522 ,-72 ,9 ,0.221923828125 ,0.0470581054688 ,0.97314453125 ,-0.0389404296875
19.8836 ,8343211 ,-74 ,5 ,0.194091796875 ,0.0482788085938 ,0.978820800781 ,-0.0437622070312
19.894 ,8342757 ,-75 ,2 ,0.169677734375 ,0.047607421875 ,0.983215332031 ,-0.0477294921875
19.9044 ,8343138 ,-76 ,0 ,0.150512695312 ,0.0452270507812 ,0.986145019531 ,-0.0531005859375
19.9161 ,8343968 ,-77 ,-3 ,0.135498046875 ,0.0420532226562 ,0.988159179688 ,-0.0586547851562
19.9265 ,8344321 ,-78 ,-4 ,0.122314453125 ,0.04052734375 ,0.989685058594 ,-0.0625610351562
19.9371 ,8345591 ,-80 ,-5 ,0.109436035156 ,0.0435791015625 ,0.990905761719 ,-0.065185546875
19.9476 ,8345813 ,-80 ,-7 ,0.0955810546875 ,0.0485229492188 ,0.991882324219 ,-0.0682373046875
19.958 ,8346173 ,-81 ,-8 ,0.0809326171875 ,0.0496215820312 ,0.992980957031 ,-0.0706787109375
19.9693 ,8346328 ,-82 ,-10 ,0.0488891601562 ,0.0429077148438 ,0.995056152344 ,-0.0753784179688
19.9854 ,8350872 ,-84 ,-11 ,0.0294189453125 ,0.0438842773438 ,0.995666503906 ,-0.0764770507812
19.9959 ,8351429 ,-84 ,-12 ,0.00787353515625 ,0.0458984375 ,0.996154785156 ,-0.073974609375
20.0064 ,8354443 ,-86 ,-13 ,-0.0142822265625 ,0.0435791015625 ,0.996398925781 ,-0.071044921875
20.0168 ,8356806 ,-86 ,-13 ,-0.03857421875 ,0.0386352539062 ,0.99609375 ,-0.0692749023438
20.0279 ,8359861 ,-87 ,-14 ,-0.0676879882812 ,0.037109375 ,0.994873046875 ,-0.065673828125
20.0384 ,8360934 ,-88 ,-15 ,-0.0990600585938 ,0.034912109375 ,0.992553710938 ,-0.0615234375
20.0492 ,8362958 ,-88 ,-15 ,-0.158935546875 ,0.0275268554688 ,0.985656738281 ,-0.0496215820312
20.0661 ,8366066 ,-89 ,-16 ,-0.183532714844 ,0.0247802734375 ,0.981750488281 ,-0.0430297851562
20.0773 ,8367211 ,-90 ,-16 ,-0.20166015625 ,0.0233764648438 ,0.978454589844 ,-0.0371704101562
20.0878 ,8367758 ,-90 ,-16 ,-0.213928222656 ,0.0230102539062 ,0.97607421875 ,-0.0311279296875
20.0984 ,8368152 ,-90 ,-16 ,-0.222351074219 ,0.0227661132812 ,0.974426269531 ,-0.0242919921875
20.1092 ,8367308 ,-91 ,-17 ,-0.235290527344 ,0.0235595703125 ,0.971557617188 ,-0.0101318359375
20.1236 ,8366329 ,-91 ,-17 ,-0.242004394531 ,0.024169921875 ,0.969970703125 ,-0.00250244140625
20.134 ,8365986 ,-91 ,-17 ,-0.248962402344 ,0.02490234375 ,0.968139648438 ,0.00592041015625
20.1445 ,8364270 ,-91 ,-17 ,-0.254760742188 ,0.0253295898438 ,0.966552734375 ,0.0149536132812
20.155 ,8363367 ,-91 ,-17 ,-0.257995605469 ,0.0258178710938 ,0.965515136719 ,0.0238647460938
20.1661 ,8362567 ,-91 ,-17 ,-0.257873535156 ,0.0261840820312 ,0.965270996094 ,0.0323486328125
20.1765 ,8361052 ,-91 ,-17 ,-0.254455566406 ,0.0264892578125 ,0.965881347656 ,0.0404052734375
20.187 ,8360996 ,-91 ,-17 ,-0.248474121094 ,0.0278930664062 ,0.967041015625 ,0.0484008789062
20.1977 ,8360965 ,-90 ,-17 ,-0.239379882812 ,0.0267333984375 ,0.968933105469 ,0.0559692382812
20.2082 ,8360803 ,-90 ,-17 ,-0.226379394531 ,0.0239868164062 ,0.971801757812 ,0.0616455078125
20.2193 ,8358896 ,-89 ,-18 ,-0.200073242188 ,0.0233154296875 ,0.977478027344 ,0.0626220703125
20.2335 ,8358308 ,-89 ,-17 ,-0.188842773438 ,0.0242919921875 ,0.980163574219 ,0.0552978515625
20.2441 ,8359505 ,-90 ,-17 ,-0.179870605469 ,0.0281982421875 ,0.98193359375 ,0.0508422851562
20.2546 ,8359346 ,-90 ,-16 ,-0.172546386719 ,0.0310668945312 ,0.983337402344 ,0.0482788085938
20.2661 ,8360197 ,-89 ,-16 ,-0.167663574219 ,0.0340576171875 ,0.984069824219 ,0.0488891601562
20.2768 ,8359166 ,-88 ,-16 ,-0.162536621094 ,0.0364379882812 ,0.984741210938 ,0.0502319335938
20.2874 ,8357218 ,-88 ,-15 ,-0.154113769531 ,0.0391845703125 ,0.986022949219 ,0.0498046875
20.2981 ,8355847 ,-87 ,-14 ,-0.141662597656 ,0.0404052734375 ,0.987609863281 ,0.0540161132812
20.3093 ,8354712 ,-87 ,-14 ,-0.110961914062 ,0.0416870117188 ,0.990844726562 ,0.0645751953125
20.3244 ,8354103 ,-87 ,-14 ,-0.09716796875 ,0.0424194335938 ,0.992004394531 ,0.0686645507812
20.3349 ,8354650 ,-87 ,-14 ,-0.0863647460938 ,0.0433959960938 ,0.99267578125 ,0.0725708007812
20.3495 ,8355059 ,-86 ,-14 ,-0.0689697265625 ,0.0487670898438 ,0.993347167969 ,0.0781860351562
20.366 ,8354924 ,-87 ,-14 ,-0.0623779296875 ,0.0494995117188 ,0.99365234375 ,0.0796508789062
20.377 ,8355232 ,-87 ,-15 ,-0.0574951171875 ,0.0496215820312 ,0.993835449219 ,0.0806884765625
20.3875 ,8355463 ,-87 ,-16 ,-0.054443359375 ,0.0482788085938 ,0.994018554688 ,0.081298828125
20.3993 ,8357065 ,-88 ,-16 ,-0.0550537109375 ,0.0501098632812 ,0.993835449219 ,0.0823974609375
20.4161 ,8357553 ,-88 ,-17 ,-0.0560913085938 ,0.051025390625 ,0.993530273438 ,0.0843505859375
20.4276 ,8358844 ,-88 ,-18 ,-0.0551147460938 ,0.0516967773438 ,0.993469238281 ,0.0857543945312
20.4382 ,8358868 ,-88 ,-1 ,-0.0520629882812 ,0.0513916015625 ,0.993591308594 ,0.08642578125
20.4492 ,8359650 ,-89 ,-19 ,-0.0427856445312 ,0.0502319335938 ,0.993713378906 ,0.0902709960938
20.466 ,8362214 ,-89 ,-20 ,-0.038818359375 ,0.0489501953125 ,0.993713378906 ,0.0925903320312
20.4766 ,8361384 ,-89 ,-21 ,-0.0372314453125 ,0.0490112304688 ,0.993591308594 ,0.0950317382812
20.4888 ,8362976 ,-90 ,-22 ,-0.0387573242188 ,0.0486450195312 ,0.993286132812 ,0.0975952148438
20.4994 ,8364041 ,-90 ,-23 ,-0.0479125976562 ,0.048828125 ,0.992309570312 ,0.103271484375
20.5164 ,8364443 ,-90 ,-24 ,-0.0509643554688 ,0.0485229492188 ,0.992004394531 ,0.104736328125
20.5282 ,8365986 ,-91 ,-24 ,-0.0509033203125 ,0.0478515625 ,0.991943359375 ,0.105590820312
20.5395 ,8366062 ,-91 ,-24 ,-0.0440063476562 ,0.0469970703125 ,0.9921875 ,0.106994628906
20.5536 ,8366962 ,-91 ,-24 ,-0.0399169921875 ,0.0464477539062 ,0.992309570312 ,0.107727050781
20.566 ,8367637 ,-92 ,-24 ,-0.037109375 ,0.0458984375 ,0.992370605469 ,0.108276367188
20.5763 ,8366830 ,-92 ,-24 ,-0.0359497070312 ,0.0454711914062 ,0.992431640625 ,0.108154296875
20.5868 ,8367716 ,-92 ,-24 ,-0.03564453125 ,0.0449829101562 ,0.992553710938 ,0.107299804688
20.5974 ,8367965 ,-92 ,-24 ,-0.034423828125 ,0.0447387695312 ,0.992736816406 ,0.10595703125
20.6083 ,8368055 ,-92 ,-24 ,-0.0324096679688 ,0.0444946289062 ,0.992980957031 ,0.104797363281
20.6196 ,8369249 ,-93 ,-1 ,-0.0283203125 ,0.0436401367188 ,0.993286132812 ,0.103210449219
20.6336 ,8369477 ,-93 ,-1 ,-0.0260009765625 ,0.043212890625 ,0.993469238281 ,0.102294921875
20.6442 ,8370529 ,-93 ,-1 ,-0.023193359375 ,0.0425415039062 ,0.993591308594 ,0.102294921875
20.6548 ,8370125 ,-93 ,-24 ,-0.019775390625 ,0.041748046875 ,0.993713378906 ,0.102233886719
20.6674 ,8372401 ,-92 ,-24 ,-0.0166625976562 ,0.0408935546875 ,0.994323730469 ,0.0968017578125
20.6779 ,8371488 ,-92 ,-24 ,-0.012939453125 ,0.0401000976562 ,0.994384765625 ,0.0970458984375
20.6884 ,8373062 ,-92 ,-1 ,-0.0084228515625 ,0.0390625 ,0.994445800781 ,0.0972290039062
20.6993 ,8373813 ,-92 ,-23 ,0.00372314453125 ,0.0359497070312 ,0.994567871094 ,0.097412109375
20.7171 ,8374834 ,-91 ,-23 ,0.0103759765625 ,0.0342407226562 ,0.9951171875 ,0.0919189453125
20.728 ,8376135 ,-90 ,-22 ,0.016845703125 ,0.0323486328125 ,0.995056152344 ,0.0926513671875
20.7388 ,8377125 ,-90 ,-22 ,0.0230102539062 ,0.0303344726562 ,0.994873046875 ,0.0938110351562
20.7492 ,8378190 ,-89 ,-1 ,0.0366821289062 ,0.0243530273438 ,0.994323730469 ,0.096923828125
20.7673 ,8379948 ,-88 ,-1 ,0.0440063476562 ,0.0208129882812 ,0.994506835938 ,0.0924682617188
20.7782 ,8382893 ,-86 ,-1 ,0.0516357421875 ,0.0166015625 ,0.994079589844 ,0.0944213867188
20.789 ,8383177 ,-86 ,-1 ,0.06591796875 ,0.00677490234375 ,0.992858886719 ,0.0992431640625
20.8037 ,8390225 ,-84 ,-1 ,0.0733642578125 ,0.00128173828125 ,0.992004394531 ,0.1025390625
20.817 ,8392689 ,-82 ,-21 ,0.0828247070312 ,-0.00439453125 ,0.991394042969 ,0.10107421875
20.8277 ,8396395 ,-80 ,-19 ,0.0917358398438 ,-0.0100708007812 ,0.990051269531 ,0.106262207031
20.839 ,8397592 ,-79 ,-17 ,0.0992431640625 ,-0.0192260742188 ,0.987915039062 ,0.11767578125
20.8579 ,8402052 ,-76 ,-1 ,0.102661132812 ,-0.0239868164062 ,0.986694335938 ,0.123962402344
20.8693 ,8402519 ,-74 ,-1 ,0.110595703125 ,-0.0316772460938 ,0.984741210938 ,0.130493164062
20.8838 ,8403125 ,-72 ,-13 ,0.113525390625 ,-0.0338134765625 ,0.983764648438 ,0.134826660156
20.8948 ,8399651 ,-71 ,-11 ,0.114807128906 ,-0.03515625 ,0.98291015625 ,0.139465332031
20.9057 ,8398865 ,-71 ,-8 ,0.114440917969 ,-0.0345458984375 ,0.982360839844 ,0.143981933594
20.9171 ,8396218 ,-71 ,-4 ,0.112121582031 ,-0.0309448242188 ,0.982727050781 ,0.143737792969
20.9275 ,8394422 ,-71 ,11 ,0.0870971679688 ,0.00860595703125 ,0.981689453125 ,0.169006347656
20.9661 ,8379959 ,-70 ,16 ,0.0892944335938 ,0.0243530273438 ,0.979858398438 ,0.176940917969
20.9768 ,8373661 ,-71 ,18 ,0.095458984375 ,0.0401000976562 ,0.977172851562 ,0.185546875
20.9875 ,8372287 ,-71 ,20 ,0.102966308594 ,0.0546264648438 ,0.97412109375 ,0.193786621094
20.9986 ,8370301 ,-71 ,21 ,0.110473632812 ,0.068359375 ,0.970825195312 ,0.201477050781
21.0098 ,8365259 ,-73 ,22 ,0.1298828125 ,0.0887451171875 ,0.963623046875 ,0.215942382812
21.024 ,8360218 ,-73 ,23 ,0.139343261719 ,0.0936889648438 ,0.960876464844 ,0.220336914062
21.0349 ,8357917 ,-73 ,23 ,0.146240234375 ,0.0990600585938 ,0.957885742188 ,0.226440429688
21.0454 ,8355768 ,-75 ,9 ,0.127014160156 ,0.084716796875 ,0.951477050781 ,0.267211914062
21.1161 ,8346432 ,-79 ,5 ,0.127685546875 ,0.064208984375 ,0.950927734375 ,0.274475097656
21.1283 ,8342211 ,-80 ,2 ,0.128967285156 ,0.0360107421875 ,0.950744628906 ,0.279479980469
21.1399 ,8341792 ,-81 ,-2 ,0.129943847656 ,-0.00433349609375 ,0.957763671875 ,0.256469726562
21.154 ,8341342 ,-83 ,-6 ,0.122375488281 ,0.001708984375 ,0.968200683594 ,0.21826171875
21.1663 ,8340941 ,-83 ,-9 ,0.106872558594 ,0.00592041015625 ,0.979431152344 ,0.171081542969
21.1773 ,8341730 ,-84 ,-11 ,0.0892944335938 ,0.00543212890625 ,0.987670898438 ,0.128234863281
21.1882 ,8342186 ,-85 ,-12 ,0.0751342773438 ,0.01171875 ,0.992370605469 ,0.09716796875
21.1997 ,8341889 ,-86 ,-13 ,0.0557250976562 ,0.0223999023438 ,0.996520996094 ,0.057861328125
21.2162 ,8342730 ,-87 ,-1 ,0.0443115234375 ,0.020751953125 ,0.998229980469 ,0.0332641601562
21.2272 ,8343816 ,-88 ,-14 ,0.029052734375 ,0.0204467773438 ,0.999389648438 ,-0.003173828125
21.2384 ,8343771 ,-89 ,-16 ,0.00933837890625 ,0.0178833007812 ,0.998474121094 ,-0.0512084960938
21.2495 ,8344570 ,-89 ,-17 ,-0.0498046875 ,0.0284423828125 ,0.990600585938 ,-0.124328613281
21.2664 ,8345072 ,-90 ,-19 ,-0.0775146484375 ,0.0366821289062 ,0.987426757812 ,-0.132690429688
21.2784 ,8345072 ,-90 ,-20 ,-0.104248046875 ,0.045654296875 ,0.985778808594 ,-0.123474121094
21.2943 ,8347744 ,-91 ,-21 ,-0.0994873046875 ,0.0365600585938 ,0.985412597656 ,-0.133239746094
21.3052 ,8350885 ,-92 ,-22 ,-0.0969848632812 ,0.0209350585938 ,0.98388671875 ,-0.148559570312
21.3162 ,8352384 ,-92 ,-22 ,-0.1123046875 ,0.0152587890625 ,0.9814453125 ,-0.154663085938
21.3275 ,8353090 ,-92 ,-23 ,-0.140747070312 ,0.0149536132812 ,0.976745605469 ,-0.1611328125
21.3382 ,8356117 ,-92 ,-23 ,-0.16796875 ,0.0030517578125 ,0.969848632812 ,-0.176452636719
21.3492 ,8356339 ,-93 ,-23 ,-0.219177246094 ,-0.00579833984375 ,0.95849609375 ,-0.182312011719
21.3662 ,8360252 ,-93 ,-23 ,-0.234802246094 ,-0.0103149414062 ,0.954040527344 ,-0.185913085938
21.3769 ,8362159 ,-93 ,-22 ,-0.241882324219 ,-0.01123046875 ,0.952026367188 ,-0.187194824219
21.3876 ,8360284 ,-93 ,-22 ,-0.220825195312 ,-0.021240234375 ,0.959777832031 ,-0.172180175781
21.424 ,8358308 ,-93 ,-21 ,-0.235412597656 ,-0.02685546875 ,0.957885742188 ,-0.162231445312
21.4347 ,8358076 ,-92 ,-21 ,-0.248962402344 ,-0.0336303710938 ,0.95556640625 ,-0.154052734375
21.4481 ,8356896 ,-92 ,-22 ,-0.248107910156 ,-0.0372314453125 ,0.956237792969 ,-0.150512695312
21.4591 ,8356204 ,-91 ,-20 ,-0.1923828125 ,-0.0228271484375 ,0.967529296875 ,-0.162231445312
21.4738 ,8354892 ,-91 ,-1 ,-0.153930664062 ,-0.0137329101562 ,0.97265625 ,-0.173400878906
21.4846 ,8355214 ,-91 ,-20 ,-0.12841796875 ,-0.00506591796875 ,0.975158691406 ,-0.180541992188
21.4959 ,8354484 ,-90 ,-19 ,-0.121276855469 ,-0.00262451171875 ,0.975158691406 ,-0.185363769531
21.5068 ,8353813 ,-90 ,-19 ,-0.127319335938 ,-0.001953125 ,0.973693847656 ,-0.189086914062
21.5196 ,8350595 ,-89 ,-18 ,-0.141174316406 ,-0.00201416015625 ,0.972106933594 ,-0.187194824219
21.5336 ,8349508 ,-88 ,-18 ,-0.134094238281 ,0.0006103515625 ,0.973571777344 ,-0.184875488281
21.5443 ,8348785 ,-88 ,-18 ,-0.115600585938 ,0.00640869140625 ,0.976196289062 ,-0.183532714844
21.555 ,8348072 ,-88 ,-18 ,-0.0895385742188 ,0.0128173828125 ,0.979309082031 ,-0.180969238281
21.5661 ,8348190 ,-88 ,-18 ,-0.0625610351562 ,0.021728515625 ,0.981750488281 ,-0.178405761719
21.5771 ,8348536 ,-88 ,-19 ,-0.0396728515625 ,0.0311889648438 ,0.983032226562 ,-0.17626953125
21.5879 ,8350076 ,-87 ,-1 ,-0.0245361328125 ,0.0365600585938 ,0.984008789062 ,-0.172729492188
21.5994 ,8348602 ,-87 ,-19 ,-0.0245971679688 ,0.0413818359375 ,0.985290527344 ,-0.163818359375
21.616 ,8347889 ,-86 ,-20 ,-0.0319213867188 ,0.0407104492188 ,0.98583984375 ,-0.159301757812
21.6267 ,8348159 ,-86 ,-21 ,-0.0364379882812 ,0.0384521484375 ,0.986633300781 ,-0.153930664062
21.6374 ,8347141 ,-86 ,-21 ,-0.0345458984375 ,0.0389404296875 ,0.987487792969 ,-0.14892578125
21.6481 ,8347418 ,-86 ,-22 ,-0.0254516601562 ,0.0433959960938 ,0.988098144531 ,-0.145324707031
21.6598 ,8347418 ,-86 ,-22 ,0.00732421875 ,0.0523681640625 ,0.989074707031 ,-0.137573242188
21.6738 ,8347685 ,-86 ,-23 ,0.0231323242188 ,0.0562744140625 ,0.989135742188 ,-0.133605957031
21.6877 ,8350086 ,-86 ,-23 ,0.0326538085938 ,0.059814453125 ,0.989196777344 ,-0.129943847656
21.6984 ,8349986 ,-86 ,-24 ,0.0338745117188 ,0.0602416992188 ,0.989501953125 ,-0.126892089844
21.7099 ,8350377 ,-87 ,-24 ,0.0158081054688 ,0.0560302734375 ,0.991149902344 ,-0.119323730469
21.7239 ,8350031 ,-87 ,-25 ,0.00604248046875 ,0.0538330078125 ,0.991882324219 ,-0.115173339844
21.7347 ,8349031 ,-87 ,-25 ,0.0030517578125 ,0.0519409179688 ,0.992370605469 ,-0.111938476562
21.7453 ,8349494 ,-88 ,-26 ,0.0079345703125 ,0.0516357421875 ,0.99267578125 ,-0.109191894531
21.7561 ,8349622 ,-88 ,-26 ,0.0184326171875 ,0.0532836914062 ,0.992614746094 ,-0.107299804688
21.7672 ,8351117 ,-88 ,-27 ,0.0310668945312 ,0.055419921875 ,0.992309570312 ,-0.106018066406
21.7783 ,8351359 ,-89 ,-27 ,0.042236328125 ,0.0567626953125 ,0.992004394531 ,-0.104614257812
21.7893 ,8351771 ,-89 ,-27 ,0.0474243164062 ,0.0571899414062 ,0.992065429688 ,-0.101623535156
21.8037 ,8352086 ,-89 ,-28 ,0.040771484375 ,0.0557250976562 ,0.992614746094 ,-0.0999755859375
21.8158 ,8352962 ,-90 ,-28 ,0.031982421875 ,0.0536499023438 ,0.993286132812 ,-0.0975341796875
21.8265 ,8352221 ,-90 ,-29 ,0.02490234375 ,0.0521850585938 ,0.993835449219 ,-0.0949096679688
21.8373 ,8353571 ,-90 ,-1 ,0.0223999023438 ,0.0514526367188 ,0.994079589844 ,-0.0927124023438
21.8479 ,8353782 ,-90 ,-1 ,0.025390625 ,0.051513671875 ,0.994201660156 ,-0.0908203125
21.8594 ,8354014 ,-91 ,-1 ,0.0419921875 ,0.0543212890625 ,0.993774414062 ,-0.0880126953125
21.8732 ,8355495 ,-91 ,-1 ,0.0504760742188 ,0.0552978515625 ,0.993408203125 ,-0.0868530273438
21.8839 ,8355155 ,-91 ,-1 ,0.0556640625 ,0.0559692382812 ,0.9931640625 ,-0.0859375
21.8945 ,8355674 ,-91 ,-1 ,0.0565185546875 ,0.0559692382812 ,0.9931640625 ,-0.0850830078125
21.9053 ,8355470 ,-91 ,-1 ,0.0543823242188 ,0.0552368164062 ,0.993408203125 ,-0.08447265625
21.9158 ,8355647 ,-91 ,-1 ,0.0517578125 ,0.0550537109375 ,0.993591308594 ,-0.0838623046875
21.9269 ,8355384 ,-91 ,-1 ,0.0510864257812 ,0.054931640625 ,0.993713378906 ,-0.0834350585938
21.9378 ,8355339 ,-91 ,-1 ,0.0537109375 ,0.0552978515625 ,0.993530273438 ,-0.08349609375
21.9486 ,8356097 ,-91 ,-1 ,0.0601196289062 ,0.05615234375 ,0.993103027344 ,-0.0838623046875
21.9594 ,8356353 ,-91 ,-1 ,0.07958984375 ,0.0580444335938 ,0.991455078125 ,-0.085205078125
21.9732 ,8356668 ,-90 ,-29 ,0.088623046875 ,0.058349609375 ,0.990661621094 ,-0.0858154296875
21.9839 ,8356152 ,-90 ,-29 ,0.0953369140625 ,0.05810546875 ,0.989990234375 ,-0.0864868164062
21.9945 ,8355958 ,-90 ,-28 ,0.100036621094 ,0.0574340820312 ,0.989501953125 ,-0.0872802734375
22.0053 ,8356436 ,-89 ,-27 ,0.104248046875 ,0.0564575195312 ,0.989013671875 ,-0.088134765625
22.016 ,8357245 ,-89 ,-26 ,0.109252929688 ,0.0555419921875 ,0.988464355469 ,-0.0891723632812
22.027 ,8357754 ,-89 ,-25 ,0.115783691406 ,0.0546264648438 ,0.987609863281 ,-0.0904541015625
22.0376 ,8358633 ,-88 ,-24 ,0.124206542969 ,0.0535278320312 ,0.986511230469 ,-0.0919189453125
22.0485 ,8359131 ,-88 ,-24 ,0.133728027344 ,0.0519409179688 ,0.985229492188 ,-0.0933837890625
22.0594 ,8360027 ,-87 ,-22 ,0.152526855469 ,0.0453491210938 ,0.983825683594 ,-0.08251953125
22.0736 ,8360391 ,-85 ,-19 ,0.160339355469 ,0.0422973632812 ,0.982727050781 ,-0.0823974609375
22.0844 ,8361418 ,-84 ,-16 ,0.168029785156 ,0.0399169921875 ,0.981506347656 ,-0.0827026367188
22.0949 ,8362495 ,-83 ,-13 ,0.1767578125 ,0.0387573242188 ,0.97998046875 ,-0.0833129882812
22.1056 ,8363374 ,-81 ,-11 ,0.186889648438 ,0.0382690429688 ,0.978088378906 ,-0.0829467773438
22.1172 ,8364121 ,-80 ,-8 ,0.198181152344 ,0.036865234375 ,0.976806640625 ,-0.0726928710938
22.1281 ,8364197 ,-77 ,-6 ,0.210266113281 ,0.03759765625 ,0.974365234375 ,-0.0704345703125
22.1392 ,8364197 ,-75 ,-3 ,0.23388671875 ,0.0404663085938 ,0.969421386719 ,-0.0623779296875
22.1535 ,8363017 ,-72 ,2 ,0.2451171875 ,0.0427856445312 ,0.966796875 ,-0.0581665039062
22.1662 ,8360993 ,-70 ,7 ,0.26513671875 ,0.04638671875 ,0.961547851562 ,-0.0549926757812
22.1776 ,8359176 ,-68 ,11 ,0.289367675781 ,0.0511474609375 ,0.954406738281 ,-0.0525512695312
22.1885 ,8357809 ,-67 ,15 ,0.310180664062 ,0.0577392578125 ,0.947509765625 ,-0.052001953125
22.1993 ,8356398 ,-67 ,18 ,0.324462890625 ,0.0704956054688 ,0.942016601562 ,-0.048583984375
22.216 ,8354913 ,-66 ,22 ,0.3212890625 ,0.0765991210938 ,0.942626953125 ,-0.0491333007812
22.2267 ,8353834 ,-65 ,23 ,0.314514160156 ,0.0819702148438 ,0.9443359375 ,-0.0503540039062
22.2373 ,8352740 ,-64 ,-1 ,0.305297851562 ,0.0902099609375 ,0.946533203125 ,-0.05224609375
22.2481 ,8352740 ,-64 ,24 ,0.29638671875 ,0.0970458984375 ,0.94873046875 ,-0.0519409179688
22.2591 ,8350972 ,-64 ,25 ,0.283081054688 ,0.111511230469 ,0.951477050781 ,-0.0455322265625
22.2741 ,8348224 ,-65 ,25 ,0.277893066406 ,0.117980957031 ,0.952514648438 ,-0.0402221679688
22.2848 ,8348069 ,-66 ,25 ,0.272094726562 ,0.122802734375 ,0.953796386719 ,-0.033935546875
22.2958 ,8345581 ,-67 ,24 ,0.263854980469 ,0.126281738281 ,0.955871582031 ,-0.0281982421875
22.3066 ,8344446 ,-68 ,-1 ,0.253662109375 ,0.127685546875 ,0.958557128906 ,-0.0232543945312
22.3177 ,8344487 ,-68 ,22 ,0.242614746094 ,0.126525878906 ,0.961669921875 ,-0.0193481445312
22.3284 ,8343162 ,-70 ,19 ,0.2314453125 ,0.123291015625 ,0.96484375 ,-0.0164184570312
22.3395 ,8343121 ,-71 ,15 ,0.209716796875 ,0.111938476562 ,0.971252441406 ,-0.0147094726562
22.354 ,8342557 ,-72 ,11 ,0.201171875 ,0.101257324219 ,0.97412109375 ,-0.0177001953125
22.3661 ,8343003 ,-73 ,7 ,0.193603515625 ,0.0889282226562 ,0.976684570312 ,-0.025390625
22.3767 ,8342058 ,-74 ,2 ,0.18505859375 ,0.0791015625 ,0.978820800781 ,-0.0377807617188
22.3878 ,8343027 ,-74 ,-1 ,0.174987792969 ,0.072998046875 ,0.98046875 ,-0.0526733398438
22.3992 ,8343698 ,-75 ,-3 ,0.145751953125 ,0.065185546875 ,0.983947753906 ,-0.0797119140625
22.4163 ,8342968 ,-77 ,-7 ,0.130615234375 ,0.0595092773438 ,0.9853515625 ,-0.092041015625
22.427 ,8342249 ,-78 ,-9 ,0.117431640625 ,0.0521850585938 ,0.986083984375 ,-0.105407714844
22.4386 ,8343093 ,-80 ,-11 ,0.106201171875 ,0.0458984375 ,0.986145019531 ,-0.119079589844
22.4493 ,8344183 ,-80 ,-12 ,0.0824584960938 ,0.0438842773438 ,0.985290527344 ,-0.142883300781
22.466 ,8345273 ,-82 ,-13 ,0.0676879882812 ,0.046875 ,0.984924316406 ,-0.152038574219
22.4771 ,8346204 ,-83 ,-14 ,0.0510864257812 ,0.0477294921875 ,0.984741210938 ,-0.159545898438
22.4878 ,8346740 ,-85 ,-15 ,0.0333251953125 ,0.0466918945312 ,0.984252929688 ,-0.167236328125
22.4983 ,8348197 ,-86 ,-16 ,0.0144653320312 ,0.044677734375 ,0.983581542969 ,-0.174194335938
22.5096 ,8349719 ,-87 ,-17 ,-0.0280151367188 ,0.037109375 ,0.983337402344 ,-0.175720214844
22.5234 ,8350875 ,-87 ,-19 ,-0.0512084960938 ,0.0332641601562 ,0.982788085938 ,-0.174499511719
22.5342 ,8352533 ,-88 ,-1 ,-0.074462890625 ,0.02734375 ,0.981994628906 ,-0.17138671875
22.5451 ,8353685 ,-89 ,-1 ,-0.0979614257812 ,0.0203247070312 ,0.981079101562 ,-0.165588378906
22.5557 ,8354671 ,-90 ,-20 ,-0.121948242188 ,0.0151977539062 ,0.9794921875 ,-0.159606933594
22.5663 ,8355584 ,-91 ,-21 ,-0.144104003906 ,0.00982666015625 ,0.977416992188 ,-0.154235839844
22.5776 ,8357989 ,-91 ,-22 ,-0.163757324219 ,0.00439453125 ,0.975402832031 ,-0.147644042969
22.5882 ,8359055 ,-92 ,-22 ,-0.180603027344 ,0.00152587890625 ,0.973388671875 ,-0.14111328125
22.5987 ,8360841 ,-92 ,-22 ,-0.193542480469 ,-0.00146484375 ,0.971923828125 ,-0.133850097656
22.6095 ,8361342 ,-92 ,-1 ,-0.211242675781 ,-0.00640869140625 ,0.970092773438 ,-0.11962890625
22.6235 ,8361117 ,-92 ,-1 ,-0.220092773438 ,-0.00872802734375 ,0.968994140625 ,-0.111938476562
22.6341 ,8360495 ,-92 ,-1 ,-0.23046875 ,-0.01171875 ,0.967529296875 ,-0.103271484375
22.6447 ,8361045 ,-92 ,-1 ,-0.240661621094 ,-0.0149536132812 ,0.965881347656 ,-0.0945434570312
22.6552 ,8359899 ,-92 ,-21 ,-0.247619628906 ,-0.0155639648438 ,0.964965820312 ,-0.0856323242188
22.6659 ,8359519 ,-91 ,-21 ,-0.247009277344 ,-0.0142211914062 ,0.9658203125 ,-0.077392578125
22.6778 ,8358706 ,-91 ,-21 ,-0.236877441406 ,-0.0142211914062 ,0.968933105469 ,-0.0698852539062
22.6886 ,8357951 ,-90 ,-21 ,-0.220031738281 ,-0.00946044921875 ,0.973327636719 ,-0.064453125
22.6994 ,8357155 ,-89 ,-21 ,-0.177856445312 ,-0.00244140625 ,0.9814453125 ,-0.0712890625
22.7161 ,8355477 ,-89 ,-19 ,-0.162475585938 ,0.003662109375 ,0.983764648438 ,-0.0764770507812
22.7266 ,8355027 ,-89 ,-18 ,-0.146667480469 ,0.01123046875 ,0.985717773438 ,-0.0819702148438
22.7492 ,8355443 ,-86 ,-18 ,-0.129577636719 ,0.0198364257812 ,0.987854003906 ,-0.08349609375
22.766 ,8355356 ,-86 ,-17 ,-0.118408203125 ,0.0232543945312 ,0.989196777344 ,-0.0834350585938
22.7774 ,8354574 ,-85 ,-17 ,-0.107788085938 ,0.0250244140625 ,0.990661621094 ,-0.0794067382812
22.7882 ,8354616 ,-85 ,-17 ,-0.0963745117188 ,0.0272827148438 ,0.992065429688 ,-0.0755615234375
22.7995 ,8353764 ,-85 ,-18 ,-0.0785522460938 ,0.0271606445312 ,0.994384765625 ,-0.0657958984375
22.816 ,8354328 ,-84 ,-18 ,-0.0763549804688 ,0.0286254882812 ,0.994689941406 ,-0.0626831054688
22.8274 ,8354370 ,-84 ,-19 ,-0.0741577148438 ,0.0301513671875 ,0.994995117188 ,-0.0595703125
22.8383 ,8354505 ,-84 ,-1 ,-0.0704345703125 ,0.0317993164062 ,0.995422363281 ,-0.055908203125
22.849 ,8354899 ,-84 ,-1 ,-0.0524291992188 ,0.0380859375 ,0.996704101562 ,-0.0491333007812
22.8658 ,8353681 ,-84 ,-19 ,-0.0473022460938 ,0.0401611328125 ,0.996948242188 ,-0.0474243164062
22.8766 ,8353484 ,-84 ,-20 ,-0.0421142578125 ,0.0421752929688 ,0.997192382812 ,-0.0457153320312
22.8872 ,8353948 ,-84 ,-20 ,-0.03955078125 ,0.0438232421875 ,0.997253417969 ,-0.0447387695312
22.8978 ,8354830 ,-84 ,-21 ,-0.0379638671875 ,0.044189453125 ,0.997497558594 ,-0.040283203125
22.9092 ,8355422 ,-84 ,-22 ,-0.0333251953125 ,0.044677734375 ,0.998046875 ,-0.0278930664062
22.923 ,8356692 ,-84 ,-23 ,-0.0304565429688 ,0.0443725585938 ,0.998291015625 ,-0.0218505859375
22.9337 ,8357180 ,-84 ,-24 ,-0.028076171875 ,0.0442504882812 ,0.998474121094 ,-0.0162353515625
22.9444 ,8357851 ,-85 ,-25 ,-0.0267944335938 ,0.0438842773438 ,0.998596191406 ,-0.0115966796875
22.9552 ,8358951 ,-85 ,-26 ,-0.0274047851562 ,0.0435180664062 ,0.998657226562 ,-0.0079345703125
22.9659 ,8360221 ,-85 ,-26 ,-0.0315551757812 ,0.0423583984375 ,0.998596191406 ,-0.004638671875
22.9768 ,8359747 ,-85 ,-26 ,-0.0357055664062 ,0.0411376953125 ,0.99853515625 ,-0.0013427734375
22.9874 ,8360591 ,-86 ,-27 ,-0.0392456054688 ,0.0404052734375 ,0.998413085938 ,0.00177001953125
22.998 ,8361149 ,-86 ,-27 ,-0.0400390625 ,0.0396118164062 ,0.998413085938 ,0.004150390625
23.0089 ,8361671 ,-86 ,-27 ,-0.0292358398438 ,0.0383911132812 ,0.998840332031 ,0.00634765625
23.0232 ,8362104 ,-86 ,-27 ,-0.021484375 ,0.03759765625 ,0.9990234375 ,0.00677490234375
23.034 ,8362242 ,-87 ,-27 ,-0.0152587890625 ,0.0369873046875 ,0.999206542969 ,0.00653076171875
23.0445 ,8362187 ,-87 ,-27 ,-0.01220703125 ,0.036376953125 ,0.999267578125 ,0.00701904296875
23.0552 ,8362325 ,-87 ,-27 ,-0.01220703125 ,0.0355834960938 ,0.999267578125 ,0.0081787109375
23.0657 ,8362387 ,-87 ,-27 ,-0.0136108398438 ,0.0349731445312 ,0.999267578125 ,0.009033203125
23.076 ,8363194 ,-87 ,-27 ,-0.0112915039062 ,0.0338745117188 ,0.999328613281 ,0.0098876953125
23.094 ,8363183 ,-88 ,-27 ,-0.00567626953125 ,0.0335083007812 ,0.999389648438 ,0.00946044921875
23.1045 ,8363616 ,-88 ,-27 ,-0.000244140625 ,0.0330810546875 ,0.999389648438 ,0.00909423828125
23.1162 ,8363086 ,-88 ,-27 ,0.0037841796875 ,0.0325317382812 ,0.999450683594 ,0.0087890625
23.1277 ,8363097 ,-88 ,-27 ,0.0078125 ,0.031982421875 ,0.999450683594 ,0.00848388671875
23.1387 ,8363813 ,-88 ,-27 ,0.0155639648438 ,0.03125 ,0.999389648438 ,0.0059814453125
23.1536 ,8363986 ,-88 ,-27 ,0.0214233398438 ,0.03076171875 ,0.999267578125 ,0.00469970703125
23.1657 ,8363488 ,-88 ,-26 ,0.0277099609375 ,0.0303955078125 ,0.999145507812 ,0.0030517578125
23.176 ,8364031 ,-88 ,-26 ,0.0340576171875 ,0.030029296875 ,0.998962402344 ,0.0013427734375
23.1867 ,8363270 ,-88 ,-25 ,0.0396118164062 ,0.0293579101562 ,0.998779296875 ,0.00018310546875
23.1972 ,8362955 ,-88 ,-25 ,0.044677734375 ,0.0284423828125 ,0.998596191406 ,-0.00091552734375
23.2076 ,8363055 ,-88 ,-24 ,0.0499267578125 ,0.0274047851562 ,0.998352050781 ,-0.0020751953125
23.2188 ,8362989 ,-88 ,-24 ,0.0648193359375 ,0.0238647460938 ,0.99755859375 ,0.010986328125
23.2335 ,8363273 ,-87 ,-1 ,0.074462890625 ,0.0226440429688 ,0.996948242188 ,0.00927734375
23.2447 ,8364090 ,-87 ,-1 ,0.0848388671875 ,0.0213623046875 ,0.996154785156 ,0.0076904296875
23.2553 ,8364474 ,-86 ,-1 ,0.0949096679688 ,0.0200805664062 ,0.995239257812 ,0.0067138671875
23.2669 ,8365823 ,-85 ,-1 ,0.104125976562 ,0.0170288085938 ,0.994201660156 ,0.02197265625
23.2774 ,8366339 ,-85 ,-1 ,0.112426757812 ,0.0152587890625 ,0.993286132812 ,0.0222778320312
23.2881 ,8367169 ,-84 ,-23 ,0.12060546875 ,0.013427734375 ,0.992309570312 ,0.0233154296875
23.2995 ,8367332 ,-83 ,-21 ,0.140014648438 ,0.0119018554688 ,0.98974609375 ,0.0266723632812
23.3174 ,8369630 ,-81 ,-18 ,0.15234375 ,0.009765625 ,0.987487792969 ,0.0403442382812
23.3283 ,8370976 ,-79 ,-16 ,0.1669921875 ,0.009521484375 ,0.984985351562 ,0.0421752929688
23.3397 ,8370370 ,-78 ,-1 ,0.189636230469 ,0.010009765625 ,0.980651855469 ,0.0477294921875
23.3535 ,8370862 ,-75 ,-1 ,0.197021484375 ,0.01025390625 ,0.978942871094 ,0.0526123046875
23.3674 ,8368789 ,-73 ,-13 ,0.204650878906 ,0.00848388671875 ,0.976501464844 ,0.0671997070312
23.3786 ,8368789 ,-72 ,-10 ,0.230285644531 ,0.00762939453125 ,0.970092773438 ,0.0759887695312
23.3938 ,8367194 ,-69 ,-6 ,0.248474121094 ,0.00738525390625 ,0.96533203125 ,0.0798950195312
23.4049 ,8366560 ,-65 ,-1 ,0.267333984375 ,0.00762939453125 ,0.960021972656 ,0.0827026367188
23.418 ,8363086 ,-61 ,4 ,0.285766601562 ,0.00909423828125 ,0.95458984375 ,0.0836181640625
23.4296 ,8359328 ,-59 ,10 ,0.319396972656 ,0.013916015625 ,0.943786621094 ,0.0838012695312
23.4438 ,8357944 ,-57 ,16 ,0.331787109375 ,0.0198364257812 ,0.939392089844 ,0.0839233398438
23.4547 ,8355903 ,-56 ,20 ,0.33984375 ,0.0256958007812 ,0.936279296875 ,0.0852661132812
23.4659 ,8353294 ,-55 ,23 ,0.34375 ,0.031494140625 ,0.934448242188 ,0.0874633789062
23.4769 ,8353145 ,-54 ,25 ,0.34326171875 ,0.03955078125 ,0.934143066406 ,0.0892944335938
23.4879 ,8353090 ,-54 ,28 ,0.330749511719 ,0.05712890625 ,0.937133789062 ,0.0955200195312
23.5039 ,8351373 ,-53 ,29 ,0.319152832031 ,0.066650390625 ,0.939758300781 ,0.102844238281
23.5165 ,8350010 ,-53 ,29 ,0.305236816406 ,0.0756225585938 ,0.942687988281 ,0.111694335938
23.5279 ,8348619 ,-54 ,29 ,0.291687011719 ,0.0828857421875 ,0.945068359375 ,0.122131347656
23.5392 ,8347764 ,-55 ,29 ,0.272277832031 ,0.09228515625 ,0.947326660156 ,0.141296386719
23.5538 ,8346989 ,-55 ,27 ,0.267272949219 ,0.0926513671875 ,0.947265625 ,0.150451660156
23.5659 ,8346058 ,-57 ,25 ,0.263305664062 ,0.0905151367188 ,0.947204589844 ,0.158935546875
23.5776 ,8343726 ,-59 ,22 ,0.258728027344 ,0.0875244140625 ,0.947692871094 ,0.165344238281
23.589 ,8344027 ,-60 ,19 ,0.239624023438 ,0.0820922851562 ,0.951965332031 ,0.172058105469
23.6039 ,8343733 ,-62 ,14 ,0.223205566406 ,0.0764770507812 ,0.956237792969 ,0.173156738281
23.6166 ,8343778 ,-64 ,8 ,0.202819824219 ,0.0673828125 ,0.961791992188 ,0.171203613281
23.6273 ,8343878 ,-66 ,4 ,0.180541992188 ,0.0582275390625 ,0.967895507812 ,0.1650390625
23.6379 ,8343176 ,-67 ,0 ,0.158447265625 ,0.051025390625 ,0.973815917969 ,0.154968261719
23.6491 ,8343629 ,-68 ,-4 ,0.117858886719 ,0.0457153320312 ,0.98291015625 ,0.133850097656
23.6656 ,8344020 ,-72 ,-9 ,0.103576660156 ,0.0444946289062 ,0.986022949219 ,0.122680664062
23.6768 ,8344636 ,-74 ,-12 ,0.0939331054688 ,0.0422973632812 ,0.988586425781 ,0.110107421875
23.6873 ,8345152 ,-75 ,-14 ,0.0859985351562 ,0.0393676757812 ,0.990783691406 ,0.0966186523438
23.6985 ,8346484 ,-78 ,-16 ,0.060546875 ,0.0392456054688 ,0.995056152344 ,0.0682983398438
23.7156 ,8349114 ,-80 ,-19 ,0.0390014648438 ,0.0404052734375 ,0.996887207031 ,0.0553588867188
23.727 ,8350588 ,-81 ,-20 ,0.0103759765625 ,0.0394897460938 ,0.998107910156 ,0.046142578125
23.7378 ,8351321 ,-81 ,-21 ,-0.0248413085938 ,0.0401000976562 ,0.998107910156 ,0.0397338867188
23.7486 ,8352242 ,-83 ,-23 ,-0.0986938476562 ,0.0406494140625 ,0.993896484375 ,0.0270385742188
23.7657 ,8354629 ,-85 ,-25 ,-0.128356933594 ,0.037841796875 ,0.99072265625 ,0.0230712890625
23.7764 ,8355280 ,-86 ,-26 ,-0.151062011719 ,0.0360717773438 ,0.987670898438 ,0.018798828125
23.7875 ,8357716 ,-87 ,-27 ,-0.168212890625 ,0.0370483398438 ,0.984924316406 ,0.0145874023438
23.798 ,8357830 ,-87 ,-28 ,-0.193603515625 ,0.0355834960938 ,0.980407714844 ,0.003173828125
23.8159 ,8361432 ,-88 ,-29 ,-0.208801269531 ,0.0350341796875 ,0.977355957031 ,-0.00067138671875
23.8269 ,8363111 ,-89 ,-29 ,-0.226318359375 ,0.0330810546875 ,0.973510742188 ,-0.004638671875
23.8376 ,8362927 ,-89 ,-29 ,-0.243347167969 ,0.0320434570312 ,0.969360351562 ,-0.0084228515625
23.8488 ,8363419 ,-89 ,-29 ,-0.262329101562 ,0.0319213867188 ,0.96435546875 ,-0.0147094726562
23.8656 ,8363377 ,-90 ,-29 ,-0.263305664062 ,0.0330810546875 ,0.964050292969 ,-0.014892578125
23.8764 ,8363886 ,-90 ,-29 ,-0.261657714844 ,0.0333862304688 ,0.964477539062 ,-0.013427734375
23.8874 ,8362349 ,-90 ,-1 ,-0.26025390625 ,0.03369140625 ,0.964904785156 ,-0.010009765625
23.8981 ,8361823 ,-90 ,-1 ,-0.259765625 ,0.0327758789062 ,0.965087890625 ,-0.00531005859375
23.9097 ,8359491 ,-90 ,-1 ,-0.2529296875 ,0.0298461914062 ,0.966979980469 ,0.00445556640625
23.9236 ,8360550 ,-90 ,-1 ,-0.244750976562 ,0.0305786132812 ,0.969055175781 ,0.009765625
23.9342 ,8358972 ,-90 ,-1 ,-0.19580078125 ,0.0310668945312 ,0.980041503906 ,0.01220703125
23.9657 ,8355716 ,-88 ,-1 ,-0.176635742188 ,0.0324096679688 ,0.983703613281 ,0.00689697265625
23.9761 ,8353934 ,-88 ,-27 ,-0.1591796875 ,0.0335083007812 ,0.986694335938 ,0.00335693359375
23.9866 ,8354754 ,-86 ,-27 ,-0.145263671875 ,0.0364990234375 ,0.988708496094 ,0.00152587890625
23.9971 ,8354020 ,-86 ,-27 ,-0.127075195312 ,0.0358276367188 ,0.991271972656 ,0.00146484375
24.0155 ,8353356 ,-84 ,-27 ,-0.119262695312 ,0.0350341796875 ,0.992248535156 ,0.0057373046875
24.0268 ,8352180 ,-84 ,-26 ,-0.110412597656 ,0.034423828125 ,0.993225097656 ,0.00848388671875
24.0375 ,8349972 ,-84 ,-26 ,-0.10107421875 ,0.0335083007812 ,0.994262695312 ,0.0123291015625
24.0488 ,8349564 ,-84 ,-25 ,-0.0795288085938 ,0.034423828125 ,0.996154785156 ,0.013916015625
24.0661 ,8350017 ,-84 ,-25 ,-0.0651245117188 ,0.038330078125 ,0.9970703125 ,0.0134887695312
24.0772 ,8350252 ,-84 ,-25 ,-0.0490112304688 ,0.0426025390625 ,0.997802734375 ,0.0138549804688
24.0879 ,8350252 ,-84 ,-25 ,-0.0341796875 ,0.0457763671875 ,0.998291015625 ,0.014404296875
24.099 ,8349962 ,-83 ,-26 ,-0.0202026367188 ,0.0458984375 ,0.99853515625 ,0.0189208984375
24.116 ,8350204 ,-83 ,-26 ,-0.0198364257812 ,0.0455932617188 ,0.998596191406 ,0.0189819335938
24.128 ,8350356 ,-83 ,-27 ,-0.0198974609375 ,0.046875 ,0.99853515625 ,0.0172119140625
24.1394 ,8351332 ,-83 ,-28 ,-0.0154418945312 ,0.046875 ,0.998474121094 ,0.025634765625
24.1535 ,8351470 ,-83 ,-28 ,-0.0091552734375 ,0.0465087890625 ,0.998474121094 ,0.0291137695312
24.1661 ,8352013 ,-83 ,-1 ,-0.00238037109375 ,0.0459594726562 ,0.998352050781 ,0.0345458984375
24.1768 ,8353155 ,-83 ,-29 ,0.00274658203125 ,0.0447387695312 ,0.998229980469 ,0.0390625
24.1874 ,8354422 ,-84 ,-30 ,0.0045166015625 ,0.0444946289062 ,0.998107910156 ,0.0425415039062
24.198 ,8354512 ,-84 ,-30 ,0.003173828125 ,0.04443359375 ,0.997985839844 ,0.0454711914062
24.209 ,8355360 ,-84 ,-31 ,-0.00469970703125 ,0.04296875 ,0.997802734375 ,0.0499877929688
24.2231 ,8356211 ,-84 ,-32 ,-0.0084228515625 ,0.0423583984375 ,0.997741699219 ,0.0518188476562
24.2341 ,8356657 ,-85 ,-32 ,-0.0103149414062 ,0.0416259765625 ,0.997619628906 ,0.0540771484375
24.2446 ,8356540 ,-85 ,-33 ,-0.0098876953125 ,0.0411987304688 ,0.997497558594 ,0.056884765625
24.255 ,8357733 ,-85 ,-33 ,-0.00738525390625 ,0.0407104492188 ,0.997375488281 ,0.0593872070312
24.2667 ,8357526 ,-85 ,-34 ,-0.003173828125 ,0.040283203125 ,0.996765136719 ,0.0694580078125
24.2778 ,8357951 ,-86 ,-34 ,0.0009765625 ,0.039794921875 ,0.996643066406 ,0.0712280273438
24.2885 ,8359104 ,-86 ,-35 ,0.00457763671875 ,0.0386352539062 ,0.996520996094 ,0.0735473632812
24.303 ,8358892 ,-86 ,-35 ,0.00335693359375 ,0.0381469726562 ,0.996459960938 ,0.0745239257812
24.3168 ,8359924 ,-87 ,-35 ,0.001220703125 ,0.03759765625 ,0.996032714844 ,0.0808715820312
24.3272 ,8359982 ,-87 ,-1 ,-0.00128173828125 ,0.0372924804688 ,0.995910644531 ,0.08203125
24.3378 ,8360045 ,-87 ,-1 ,-0.00262451171875 ,0.0369873046875 ,0.995849609375 ,0.0831298828125
24.3486 ,8360512 ,-87 ,-1 ,0.00274658203125 ,0.0360107421875 ,0.995727539062 ,0.0848388671875
24.3668 ,8360111 ,-88 ,-1 ,0.00885009765625 ,0.0353393554688 ,0.995056152344 ,0.092041015625
24.3776 ,8361207 ,-88 ,-1 ,0.0145263671875 ,0.03466796875 ,0.994995117188 ,0.0927124023438
24.3885 ,8360290 ,-88 ,-1 ,0.0209350585938 ,0.0331420898438 ,0.994750976562 ,0.094482421875
24.403 ,8361055 ,-88 ,-1 ,0.0223999023438 ,0.0325317382812 ,0.99462890625 ,0.095703125
24.4167 ,8361149 ,-88 ,-1 ,0.0247192382812 ,0.0316772460938 ,0.994018554688 ,0.1015625
24.4271 ,8361349 ,-88 ,-1 ,0.0281372070312 ,0.03076171875 ,0.993835449219 ,0.102661132812
24.4379 ,8362173 ,-88 ,-1 ,0.0332641601562 ,0.0297241210938 ,0.99365234375 ,0.103515625
24.4487 ,8361886 ,-88 ,-1 ,0.046142578125 ,0.0267333984375 ,0.9931640625 ,0.10400390625
24.4669 ,8362612 ,-88 ,-36 ,0.0523681640625 ,0.0247192382812 ,0.992370605469 ,0.109008789062
24.4774 ,8362623 ,-87 ,-36 ,0.0577392578125 ,0.0227661132812 ,0.992126464844 ,0.109008789062
24.488 ,8363488 ,-87 ,-35 ,0.0628051757812 ,0.0206909179688 ,0.991821289062 ,0.109069824219
24.4987 ,8364000 ,-87 ,-35 ,0.074462890625 ,0.0159301757812 ,0.991088867188 ,0.109130859375
24.5168 ,8364889 ,-86 ,-1 ,0.08154296875 ,0.0126953125 ,0.990173339844 ,0.11279296875
24.5278 ,8366083 ,-85 ,-1 ,0.089111328125 ,0.009521484375 ,0.989562988281 ,0.112915039062
24.5385 ,8366868 ,-84 ,-1 ,0.103942871094 ,0.0015869140625 ,0.987976074219 ,0.114562988281
24.5534 ,8368602 ,-82 ,-1 ,0.111022949219 ,-0.0032958984375 ,0.986999511719 ,0.1162109375
24.5668 ,8370332 ,-82 ,-34 ,0.124694824219 ,-0.01513671875 ,0.984191894531 ,0.125
24.5828 ,8374135 ,-79 ,-33 ,0.132019042969 ,-0.0218505859375 ,0.982543945312 ,0.129333496094
24.5934 ,8376059 ,-77 ,-32 ,0.144104003906 ,-0.0288696289062 ,0.979919433594 ,0.134582519531
24.6039 ,8378377 ,-76 ,-30 ,0.156799316406 ,-0.0360717773438 ,0.976928710938 ,0.140380859375
24.6168 ,8380682 ,-74 ,-28 ,0.166748046875 ,-0.04345703125 ,0.9736328125 ,0.149658203125
24.6277 ,8383447 ,-71 ,-26 ,0.173156738281 ,-0.049560546875 ,0.971069335938 ,0.156616210938
24.6384 ,8384796 ,-69 ,-23 ,0.177062988281 ,-0.0554809570312 ,0.968933105469 ,0.163696289062
24.649 ,8384537 ,-67 ,-21 ,0.183471679688 ,-0.0640869140625 ,0.964965820312 ,0.176330566406
24.6668 ,8384180 ,-65 ,-16 ,0.184448242188 ,-0.067138671875 ,0.962768554688 ,0.185974121094
24.6776 ,8382436 ,-64 ,-11 ,0.185119628906 ,-0.0668334960938 ,0.96044921875 ,0.197021484375
24.6931 ,8376235 ,-62 ,-7 ,0.186096191406 ,-0.0642700195312 ,0.959289550781 ,0.202392578125
24.7038 ,8373163 ,-61 ,-3 ,0.187194824219 ,-0.0592041015625 ,0.9580078125 ,0.208862304688
24.7169 ,8367522 ,-60 ,4 ,0.188171386719 ,-0.0521240234375 ,0.955200195312 ,0.222473144531
24.7284 ,8366626 ,-59 ,9 ,0.191223144531 ,-0.0411987304688 ,0.953430175781 ,0.229675292969
24.739 ,8360723 ,-59 ,11 ,0.203674316406 ,-0.019287109375 ,0.94775390625 ,0.244689941406
24.7531 ,8359865 ,-58 ,13 ,0.210266113281 ,-0.009765625 ,0.944763183594 ,0.251281738281
24.7669 ,8352529 ,-59 ,13 ,0.216735839844 ,-0.001708984375 ,0.940307617188 ,0.262329101562
24.7773 ,8352318 ,-59 ,13 ,0.222839355469 ,0.00543212890625 ,0.937255859375 ,0.26806640625
24.7879 ,8350200 ,-59 ,13 ,0.227844238281 ,0.01123046875 ,0.934265136719 ,0.274108886719
24.7986 ,8346757 ,-60 ,13 ,0.236633300781 ,0.0140380859375 ,0.929077148438 ,0.283874511719
24.8166 ,8345200 ,-60 ,11 ,0.241394042969 ,0.0108642578125 ,0.9248046875 ,0.293884277344
24.8276 ,8345200 ,-61 ,9 ,0.24658203125 ,0.00689697265625 ,0.921752929688 ,0.299133300781
24.8383 ,8343512 ,-61 ,6 ,0.25146484375 ,-0.0104370117188 ,0.918273925781 ,0.305541992188
24.8531 ,8342671 ,-62 ,2 ,0.249145507812 ,-0.0244750976562 ,0.918090820312 ,0.307373046875
24.866 ,8343705 ,-63 ,-1 ,0.24072265625 ,-0.041015625 ,0.919372558594 ,0.308471679688
24.8772 ,8341871 ,-64 ,-4 ,0.225341796875 ,-0.0545654296875 ,0.923278808594 ,0.306213378906
24.8878 ,8342435 ,-65 ,-8 ,0.172607421875 ,-0.05078125 ,0.94482421875 ,0.273681640625
24.9034 ,8342276 ,-70 ,-11 ,0.13671875 ,-0.0474243164062 ,0.95751953125 ,0.249328613281
24.9157 ,8341778 ,-70 ,-15 ,0.103759765625 ,-0.0433349609375 ,0.96728515625 ,0.227416992188
24.9265 ,8342626 ,-71 ,-18 ,0.0726318359375 ,-0.0267333984375 ,0.976379394531 ,0.201843261719
24.943 ,8342297 ,-75 ,-19 ,0.0712280273438 ,-0.025390625 ,0.978820800781 ,0.190246582031
24.9572 ,8342262 ,-76 ,-20 ,0.0723876953125 ,-0.0228271484375 ,0.982116699219 ,0.172485351562
24.9679 ,8342072 ,-77 ,-20 ,0.0707397460938 ,-0.0167236328125 ,0.986389160156 ,0.147644042969
24.979 ,8343083 ,-78 ,-21 ,0.0479736328125 ,0.0008544921875 ,0.994750976562 ,0.0902099609375
24.9932 ,8343806 ,-80 ,-22 ,0.0242309570312 ,0.0177001953125 ,0.996948242188 ,0.0719604492188
25.0043 ,8344100 ,-82 ,-23 ,-0.0040283203125 ,0.0352783203125 ,0.997314453125 ,0.0643310546875
25.0159 ,8344100 ,-83 ,-24 ,-0.0314331054688 ,0.0520629882812 ,0.996154785156 ,0.0628051757812
25.0269 ,8344934 ,-84 ,-25 ,-0.0526733398438 ,0.0648803710938 ,0.994445800781 ,0.0641479492188
25.0379 ,8346162 ,-85 ,-27 ,-0.0668334960938 ,0.068359375 ,0.993225097656 ,0.0659790039062
25.049 ,8346539 ,-86 ,-28 ,-0.078369140625 ,0.0487060546875 ,0.993774414062 ,0.0624389648438
25.0669 ,8349141 ,-88 ,-29 ,-0.0887451171875 ,0.044921875 ,0.992553710938 ,0.0703735351562
25.0778 ,8349647 ,-88 ,-30 ,-0.111145019531 ,0.0484619140625 ,0.989990234375 ,0.0726318359375
25.0885 ,8350678 ,-89 ,-31 ,-0.17041015625 ,0.0371704101562 ,0.982727050781 ,0.0613403320312
25.1031 ,8352173 ,-89 ,-32 ,-0.196838378906 ,0.0369873046875 ,0.977905273438 ,0.0598754882812
25.1155 ,8352283 ,-89 ,-32 ,-0.215209960938 ,0.039306640625 ,0.973999023438 ,0.0593872070312
25.1262 ,8353304 ,-90 ,-1 ,-0.225646972656 ,0.034912109375 ,0.9716796875 ,0.0609741210938
25.1368 ,8353733 ,-90 ,-1 ,-0.227355957031 ,0.0355224609375 ,0.971252441406 ,0.0611572265625
25.1476 ,8354598 ,-90 ,-1 ,-0.221801757812 ,0.0377807617188 ,0.972351074219 ,0.0621337890625
25.1586 ,8352934 ,-90 ,-1 ,-0.204040527344 ,0.0333862304688 ,0.975830078125 ,0.0704956054688
25.1729 ,8350944 ,-90 ,-1 ,-0.200988769531 ,0.031005859375 ,0.976318359375 ,0.0740356445312
25.1836 ,8349792 ,-89 ,-1 ,-0.203552246094 ,0.0274658203125 ,0.975463867188 ,0.0795288085938
25.1941 ,8349792 ,-89 ,-1 ,-0.207092285156 ,0.024169921875 ,0.974304199219 ,0.08544921875
25.2051 ,8346948 ,-88 ,-1 ,-0.204223632812 ,0.0199584960938 ,0.974548339844 ,0.0899047851562
25.2154 ,8346941 ,-88 ,-1 ,-0.191955566406 ,0.0188598632812 ,0.976989746094 ,0.0908813476562
25.2265 ,8346377 ,-88 ,-31 ,-0.170837402344 ,0.0187377929688 ,0.981506347656 ,0.0843505859375
25.237 ,8345429 ,-89 ,-31 ,-0.144348144531 ,0.0194091796875 ,0.986389160156 ,0.076171875
25.2475 ,8344913 ,-89 ,-31 ,-0.116394042969 ,0.0238037109375 ,0.990356445312 ,0.0711059570312
25.2586 ,8344055 ,-89 ,-30 ,-0.0674438476562 ,0.0352783203125 ,0.9951171875 ,0.062744140625
25.2729 ,8344494 ,-88 ,-30 ,-0.0493774414062 ,0.0411987304688 ,0.996154785156 ,0.0592651367188
25.2834 ,8344827 ,-88 ,-30 ,-0.0371704101562 ,0.0458984375 ,0.996704101562 ,0.0559692382812
25.2947 ,8343695 ,-87 ,-29 ,-0.0308837890625 ,0.050048828125 ,0.996704101562 ,0.0560913085938
25.306 ,8342543 ,-87 ,-30 ,-0.0265502929688 ,0.053955078125 ,0.996276855469 ,0.0616455078125
25.3171 ,8343743 ,-87 ,-30 ,-0.0227661132812 ,0.0548706054688 ,0.995483398438 ,0.0739135742188
25.3283 ,8342972 ,-87 ,-30 ,-0.015380859375 ,0.0440063476562 ,0.993408203125 ,0.104614257812
25.3432 ,8345224 ,-86 ,-30 ,-0.0122680664062 ,0.037109375 ,0.992736816406 ,0.11376953125
25.3538 ,8345439 ,-86 ,-30 ,-0.01025390625 ,0.0336303710938 ,0.992614746094 ,0.115966796875
25.3656 ,8345588 ,-86 ,-31 ,-0.00775146484375 ,0.0355224609375 ,0.992431640625 ,0.117248535156
25.3763 ,8345024 ,-86 ,-31 ,-0.0029296875 ,0.0397338867188 ,0.991760253906 ,0.121826171875
25.3869 ,8344602 ,-86 ,-1 ,0.0221557617188 ,0.0432739257812 ,0.990966796875 ,0.124755859375
25.4066 ,8344913 ,-86 ,-33 ,0.0394287109375 ,0.0435180664062 ,0.990539550781 ,0.124267578125
25.4179 ,8344598 ,-86 ,-33 ,0.0548095703125 ,0.0430297851562 ,0.989685058594 ,0.125
25.4288 ,8344391 ,-86 ,-34 ,0.0728149414062 ,0.0439453125 ,0.989196777344 ,0.119384765625
25.4431 ,8345186 ,-86 ,-35 ,0.0608520507812 ,0.0470581054688 ,0.989990234375 ,0.118469238281
25.4732 ,8347941 ,-87 ,-36 ,0.048828125 ,0.0481567382812 ,0.990478515625 ,0.119506835938
25.4842 ,8347605 ,-87 ,-37 ,0.03564453125 ,0.0482788085938 ,0.990234375 ,0.125915527344
25.4948 ,8348266 ,-87 ,-37 ,0.02490234375 ,0.048095703125 ,0.98974609375 ,0.132141113281
25.5052 ,8347332 ,-87 ,-38 ,0.0195922851562 ,0.0477294921875 ,0.989440917969 ,0.135375976562
25.5158 ,8347560 ,-88 ,-38 ,0.0203857421875 ,0.0469970703125 ,0.989013671875 ,0.138427734375
25.527 ,8347716 ,-88 ,-38 ,0.0267333984375 ,0.0457153320312 ,0.988647460938 ,0.140808105469
25.5375 ,8347716 ,-88 ,-39 ,0.044677734375 ,0.0444946289062 ,0.987731933594 ,0.142639160156
25.553 ,8349010 ,-88 ,-39 ,0.0501098632812 ,0.0449829101562 ,0.987365722656 ,0.143249511719
25.5654 ,8348591 ,-89 ,-39 ,0.04541015625 ,0.0463256835938 ,0.987243652344 ,0.145385742188
25.583 ,8349719 ,-89 ,-39 ,0.0382690429688 ,0.0469360351562 ,0.987487792969 ,0.145629882812
25.5937 ,8349719 ,-89 ,-39 ,0.0319213867188 ,0.047607421875 ,0.987731933594 ,0.145141601562
25.6042 ,8349235 ,-89 ,-39 ,0.0303955078125 ,0.04833984375 ,0.987976074219 ,0.143676757812
25.6166 ,8349709 ,-89 ,-40 ,0.0357055664062 ,0.0485229492188 ,0.987182617188 ,0.147644042969
25.6269 ,8349820 ,-89 ,-40 ,0.045654296875 ,0.048095703125 ,0.986938476562 ,0.146606445312
25.6374 ,8353394 ,-90 ,-41 ,0.0806274414062 ,0.0470581054688 ,0.981079101562 ,0.169555664062
25.7566 ,8354055 ,-90 ,-41 ,0.0822143554688 ,0.0465698242188 ,0.980895996094 ,0.170166015625
25.7675 ,8353747 ,-90 ,-41 ,0.081787109375 ,0.0458984375 ,0.98046875 ,0.172790527344
25.7788 ,8353820 ,-90 ,-41 ,0.0829467773438 ,0.0449829101562 ,0.980590820312 ,0.171875
25.7932 ,8354076 ,-90 ,-40 ,0.0869140625 ,0.0438232421875 ,0.980285644531 ,0.171752929688
25.8045 ,8354076 ,-90 ,-40 ,0.0932006835938 ,0.0423583984375 ,0.97998046875 ,0.170776367188
25.8174 ,8355218 ,-90 ,-40 ,0.100402832031 ,0.0405883789062 ,0.97900390625 ,0.172546386719
25.8286 ,8355155 ,-90 ,-39 ,0.109558105469 ,0.0366821289062 ,0.978454589844 ,0.171264648438
25.8435 ,8356619 ,-89 ,-39 ,0.110473632812 ,0.0346069335938 ,0.978454589844 ,0.171020507812
25.8547 ,8357941 ,-88 ,-38 ,0.110961914062 ,0.03173828125 ,0.978637695312 ,0.170104980469
25.8671 ,8358104 ,-88 ,-37 ,0.119995117188 ,0.022705078125 ,0.977478027344 ,0.172241210938
25.8842 ,8360311 ,-86 ,-36 ,0.127807617188 ,0.0167236328125 ,0.976684570312 ,0.171691894531
25.8953 ,8360716 ,-85 ,-35 ,0.135681152344 ,0.0106201171875 ,0.975769042969 ,0.171264648438
25.9063 ,8361329 ,-85 ,-33 ,0.148559570312 ,-0.0030517578125 ,0.9736328125 ,0.173156738281
25.923 ,8365014 ,-83 ,-31 ,0.15478515625 ,-0.0098876953125 ,0.972412109375 ,0.174133300781
25.9349 ,8364737 ,-81 ,-29 ,0.160705566406 ,-0.0170288085938 ,0.971008300781 ,0.176147460938
25.9461 ,8367886 ,-80 ,-27 ,0.165466308594 ,-0.0227661132812 ,0.969543457031 ,0.179016113281
25.9573 ,8369093 ,-79 ,-26 ,0.169677734375 ,-0.02734375 ,0.968139648438 ,0.182250976562
25.9694 ,8369111 ,-77 ,-23 ,0.183776855469 ,-0.0364379882812 ,0.963928222656 ,0.189147949219
25.9831 ,8368602 ,-74 ,-21 ,0.191772460938 ,-0.0386352539062 ,0.9619140625 ,0.190856933594
25.9941 ,8366983 ,-74 ,-18 ,0.199035644531 ,-0.0391845703125 ,0.960144042969 ,0.192321777344
26.0052 ,8365073 ,-73 ,-15 ,0.210144042969 ,-0.038818359375 ,0.957580566406 ,0.193359375
26.0167 ,8363564 ,-73 ,-12 ,0.222229003906 ,-0.0354614257812 ,0.95458984375 ,0.1953125
26.0278 ,8360481 ,-73 ,-9 ,0.231384277344 ,-0.0299682617188 ,0.952209472656 ,0.197204589844
26.0393 ,8360481 ,-73 ,-4 ,0.233337402344 ,-0.00823974609375 ,0.950317382812 ,0.205810546875
26.0534 ,8357754 ,-72 ,1 ,0.229858398438 ,0.00604248046875 ,0.949829101562 ,0.212158203125
26.0661 ,8357463 ,-72 ,5 ,0.225708007812 ,0.02392578125 ,0.948791503906 ,0.219787597656
26.0771 ,8357100 ,-72 ,7 ,0.220581054688 ,0.0424194335938 ,0.947326660156 ,0.228332519531
26.0883 ,8356429 ,-72 ,8 ,0.209350585938 ,0.0759887695312 ,0.942749023438 ,0.248168945312
26.1035 ,8356965 ,-73 ,9 ,0.203857421875 ,0.0900268554688 ,0.940490722656 ,0.256469726562
26.1165 ,8357865 ,-74 ,10 ,0.195373535156 ,0.102111816406 ,0.939086914062 ,0.263610839844
26.1271 ,8356342 ,-74 ,10 ,0.180786132812 ,0.114562988281 ,0.9384765625 ,0.270935058594
26.1375 ,8356249 ,-75 ,10 ,0.160339355469 ,0.124938964844 ,0.939636230469 ,0.275268554688
26.1482 ,8355422 ,-75 ,10 ,0.120361328125 ,0.139770507812 ,0.942138671875 ,0.279907226562
26.1664 ,8353225 ,-76 ,9 ,0.107360839844 ,0.141052246094 ,0.942260742188 ,0.284118652344
26.1774 ,8351276 ,-77 ,7 ,0.100646972656 ,0.140869140625 ,0.942626953125 ,0.285339355469
26.1881 ,8348885 ,-78 ,5 ,0.100830078125 ,0.136840820312 ,0.943176269531 ,0.285522460938
26.1987 ,8347636 ,-78 ,3 ,0.112121582031 ,0.122131347656 ,0.944519042969 ,0.283569335938
26.2166 ,8345792 ,-79 ,-2 ,0.118103027344 ,0.112976074219 ,0.944946289062 ,0.283508300781
26.2277 ,8344335 ,-80 ,-5 ,0.119934082031 ,0.103210449219 ,0.947143554688 ,0.278991699219
26.2383 ,8344903 ,-81 ,-8 ,0.110534667969 ,0.0863647460938 ,0.953979492188 ,0.265075683594
26.2529 ,8343792 ,-82 ,-12 ,0.102294921875 ,0.0784912109375 ,0.958190917969 ,0.25537109375
26.2656 ,8343262 ,-82 ,-15 ,0.0941772460938 ,0.0697021484375 ,0.962768554688 ,0.243713378906
26.276 ,8343166 ,-83 ,-17 ,0.0870971679688 ,0.0603637695312 ,0.967529296875 ,0.229614257812
26.2868 ,8343764 ,-84 ,-20 ,0.0806884765625 ,0.053955078125 ,0.972229003906 ,0.212829589844
26.2975 ,8343923 ,-84 ,-22 ,0.0734252929688 ,0.0513916015625 ,0.976440429688 ,0.196228027344
26.3086 ,8344325 ,-85 ,-24 ,0.0518798828125 ,0.0528564453125 ,0.983093261719 ,0.167358398438
26.3225 ,8344048 ,-86 ,-25 ,0.0386962890625 ,0.0540771484375 ,0.98583984375 ,0.153869628906
26.3331 ,8344038 ,-86 ,-26 ,0.0244140625 ,0.0556030273438 ,0.988098144531 ,0.141418457031
26.344 ,8345069 ,-87 ,-27 ,0.0078125 ,0.0579223632812 ,0.989685058594 ,0.130554199219
26.3548 ,8345982 ,-88 ,-28 ,-0.011474609375 ,0.0625610351562 ,0.990661621094 ,0.120666503906
26.3663 ,8347650 ,-88 ,-29 ,-0.0330810546875 ,0.067626953125 ,0.990905761719 ,0.111572265625
26.3773 ,8348709 ,-88 ,-30 ,-0.0563354492188 ,0.0655517578125 ,0.990905761719 ,0.103088378906
26.3881 ,8351090 ,-89 ,-1 ,-0.0804443359375 ,0.0570678710938 ,0.990539550781 ,0.0955200195312
26.3986 ,8351491 ,-89 ,-1 ,-0.1298828125 ,0.0586547851562 ,0.986755371094 ,0.0776977539062
26.4153 ,8352429 ,-89 ,-1 ,-0.149963378906 ,0.057861328125 ,0.984558105469 ,0.0694580078125
26.4265 ,8354048 ,-90 ,-1 ,-0.162963867188 ,0.0550537109375 ,0.983337402344 ,0.058837890625
26.437 ,8354647 ,-90 ,-1 ,-0.171325683594 ,0.0582275390625 ,0.982238769531 ,0.0497436523438
26.4475 ,8356899 ,-90 ,-1 ,-0.177185058594 ,0.0596313476562 ,0.981323242188 ,0.04541015625
26.4584 ,8357311 ,-90 ,-1 ,-0.187866210938 ,0.0616455078125 ,0.979431152344 ,0.040771484375
26.4731 ,8358380 ,-90 ,-31 ,-0.194702148438 ,0.0608520507812 ,0.978088378906 ,0.0420532226562
26.4836 ,8357937 ,-90 ,-31 ,-0.202331542969 ,0.0604248046875 ,0.976440429688 ,0.04443359375
26.494 ,8357152 ,-90 ,-31 ,-0.210632324219 ,0.0598754882812 ,0.974609375 ,0.0470581054688
26.5047 ,8356079 ,-90 ,-30 ,-0.21875 ,0.0572509765625 ,0.972839355469 ,0.050048828125
26.5153 ,8355477 ,-90 ,-30 ,-0.225036621094 ,0.0564575195312 ,0.97119140625 ,0.0538940429688
26.5257 ,8355360 ,-89 ,-29 ,-0.174255371094 ,0.0519409179688 ,0.980285644531 ,0.0772094726562
26.575 ,8349055 ,-88 ,-29 ,-0.152709960938 ,0.0479736328125 ,0.983947753906 ,0.0791625976562
26.5855 ,8347629 ,-88 ,-29 ,-0.132202148438 ,0.0457153320312 ,0.987121582031 ,0.0775146484375
26.596 ,8346418 ,-88 ,-29 ,-0.114501953125 ,0.04541015625 ,0.98974609375 ,0.0718994140625
26.6065 ,8347609 ,-88 ,-28 ,-0.101318359375 ,0.0433959960938 ,0.991760253906 ,0.0655517578125
26.6175 ,8346965 ,-88 ,-28 ,-0.091796875 ,0.0427856445312 ,0.993041992188 ,0.0602416992188
26.6283 ,8349487 ,-87 ,-28 ,-0.0776977539062 ,0.0443725585938 ,0.994567871094 ,0.0530395507812
26.6428 ,8349349 ,-85 ,-27 ,-0.0728759765625 ,0.0426025390625 ,0.995056152344 ,0.0526123046875
26.6533 ,8348536 ,-85 ,-27 ,-0.0689697265625 ,0.0416870117188 ,0.995300292969 ,0.05419921875
26.6652 ,8347878 ,-86 ,-26 ,-0.0652465820312 ,0.0411987304688 ,0.995544433594 ,0.0538330078125
26.6761 ,8346660 ,-86 ,-26 ,-0.0618286132812 ,0.0419311523438 ,0.995727539062 ,0.053955078125
26.6867 ,8345830 ,-86 ,-26 ,-0.0568237304688 ,0.0435791015625 ,0.995849609375 ,0.056640625
26.6972 ,8343916 ,-85 ,-26 ,-0.0475463867188 ,0.0445556640625 ,0.996154785156 ,0.0587158203125
26.7084 ,8343609 ,-85 ,-27 ,-0.0139770507812 ,0.047119140625 ,0.996887207031 ,0.0620727539062
26.7225 ,8344107 ,-85 ,-27 ,0.009521484375 ,0.0488891601562 ,0.996765136719 ,0.063232421875
26.7333 ,8343674 ,-85 ,-27 ,0.0327758789062 ,0.0488891601562 ,0.996215820312 ,0.0635375976562
26.7439 ,8344387 ,-85 ,-1 ,0.0513916015625 ,0.04638671875 ,0.995727539062 ,0.061279296875
26.7544 ,8344051 ,-85 ,-28 ,0.0626220703125 ,0.0445556640625 ,0.995422363281 ,0.05712890625
26.7654 ,8344051 ,-85 ,-28 ,0.0654296875 ,0.0444946289062 ,0.995300292969 ,0.0556640625
26.7764 ,8345086 ,-85 ,-29 ,0.0595703125 ,0.0451049804688 ,0.995483398438 ,0.0590209960938
26.787 ,8344169 ,-85 ,-29 ,0.0487670898438 ,0.04541015625 ,0.995727539062 ,0.0641479492188
26.7976 ,8344778 ,-86 ,-29 ,0.0382690429688 ,0.0468139648438 ,0.995788574219 ,0.0689697265625
26.8085 ,8344643 ,-86 ,-29 ,0.0310668945312 ,0.05078125 ,0.995178222656 ,0.0783081054688
26.8226 ,8345304 ,-86 ,-30 ,0.035888671875 ,0.0499877929688 ,0.994873046875 ,0.0804443359375
26.8332 ,8344837 ,-86 ,-30 ,0.0453491210938 ,0.047607421875 ,0.994506835938 ,0.0811767578125
26.8439 ,8345674 ,-87 ,-30 ,0.056396484375 ,0.0459594726562 ,0.993957519531 ,0.0823974609375
26.8544 ,8346093 ,-87 ,-31 ,0.0653686523438 ,0.0457763671875 ,0.993286132812 ,0.0838012695312
26.8652 ,8346093 ,-87 ,-31 ,0.0697021484375 ,0.0453491210938 ,0.992919921875 ,0.0848388671875
26.8785 ,8345816 ,-87 ,-31 ,0.0643310546875 ,0.042724609375 ,0.993225097656 ,0.0869140625
26.8928 ,8346138 ,-87 ,-32 ,0.0580444335938 ,0.0425415039062 ,0.993530273438 ,0.0878295898438
26.9035 ,8345958 ,-88 ,-32 ,0.052001953125 ,0.0424194335938 ,0.993713378906 ,0.0892944335938
26.9151 ,8345775 ,-88 ,-32 ,0.049072265625 ,0.0420532226562 ,0.993713378906 ,0.0911865234375
26.926 ,8345968 ,-88 ,-32 ,0.0508422851562 ,0.0423583984375 ,0.993530273438 ,0.0924682617188
26.9365 ,8346515 ,-88 ,-33 ,0.0560302734375 ,0.0435180664062 ,0.9931640625 ,0.0929565429688
26.9471 ,8346543 ,-88 ,-33 ,0.062255859375 ,0.0445556640625 ,0.992736816406 ,0.0927124023438
26.9581 ,8346712 ,-89 ,-33 ,0.0675048828125 ,0.0443115234375 ,0.992492675781 ,0.0916748046875
26.9686 ,8346868 ,-89 ,-33 ,0.0694580078125 ,0.0436401367188 ,0.992797851562 ,0.08740234375
26.983 ,8346830 ,-89 ,-33 ,0.0657348632812 ,0.0435791015625 ,0.993103027344 ,0.0866088867188
26.9935 ,8347339 ,-89 ,-33 ,0.0609741210938 ,0.04296875 ,0.993469238281 ,0.0861206054688
27.0042 ,8346989 ,-89 ,-34 ,0.0573120117188 ,0.0424194335938 ,0.993713378906 ,0.0859985351562
27.0163 ,8348176 ,-90 ,-34 ,0.0559692382812 ,0.0425415039062 ,0.993957519531 ,0.0843505859375
27.0271 ,8347567 ,-90 ,-34 ,0.057373046875 ,0.0426025390625 ,0.993957519531 ,0.0831909179688
27.0375 ,8347951 ,-90 ,-34 ,0.06103515625 ,0.04248046875 ,0.993835449219 ,0.08203125
27.0482 ,8347937 ,-90 ,-34 ,0.0694580078125 ,0.0435180664062 ,0.993469238281 ,0.0794067382812
27.0663 ,8348754 ,-90 ,-34 ,0.0709838867188 ,0.0438232421875 ,0.993469238281 ,0.0780639648438
27.0775 ,8349197 ,-90 ,-35 ,0.069580078125 ,0.0438232421875 ,0.993530273438 ,0.0784301757812
27.0883 ,8349657 ,-90 ,-35 ,0.0617065429688 ,0.0426635742188 ,0.993957519531 ,0.0801391601562
27.1028 ,8350263 ,-90 ,-35 ,0.0579223632812 ,0.0424194335938 ,0.994079589844 ,0.0814208984375
27.1164 ,8351218 ,-90 ,-35 ,0.0560302734375 ,0.0421752929688 ,0.994140625 ,0.0823364257812
27.1268 ,8350373 ,-90 ,-35 ,0.0565795898438 ,0.0420532226562 ,0.994018554688 ,0.0831298828125
27.1375 ,8351962 ,-89 ,-35 ,0.0593872070312 ,0.0419311523438 ,0.993835449219 ,0.0839233398438
27.149 ,8352356 ,-88 ,-35 ,0.0677490234375 ,0.040283203125 ,0.993225097656 ,0.0853271484375
27.1665 ,8353899 ,-88 ,-35 ,0.06982421875 ,0.0387573242188 ,0.9931640625 ,0.0853881835938
27.1771 ,8355941 ,-87 ,-35 ,0.0701293945312 ,0.0363159179688 ,0.993103027344 ,0.0867919921875
27.188 ,8356446 ,-87 ,-35 ,0.0646362304688 ,0.0317993164062 ,0.9931640625 ,0.0917358398438
27.2029 ,8357155 ,-86 ,-35 ,0.0603637695312 ,0.0291137695312 ,0.9931640625 ,0.095458984375
27.2166 ,8358450 ,-85 ,-34 ,0.0567626953125 ,0.0264892578125 ,0.993225097656 ,0.0977172851562
27.2277 ,8358477 ,-85 ,-34 ,0.0545043945312 ,0.0240478515625 ,0.993041992188 ,0.101501464844
27.2386 ,8358809 ,-85 ,-34 ,0.0555419921875 ,0.0188598632812 ,0.992431640625 ,0.107727050781
27.2527 ,8359501 ,-85 ,-33 ,0.056640625 ,0.0166015625 ,0.992126464844 ,0.110717773438
27.2664 ,8360318 ,-85 ,-33 ,0.0556030273438 ,0.015380859375 ,0.991943359375 ,0.112609863281
27.2769 ,8360335 ,-85 ,-33 ,0.0517578125 ,0.0153198242188 ,0.99169921875 ,0.116882324219
27.2876 ,8362221 ,-86 ,-32 ,0.045166015625 ,0.0158081054688 ,0.991333007812 ,0.122497558594
27.2985 ,8362502 ,-86 ,-32 ,0.02783203125 ,0.019775390625 ,0.989929199219 ,0.137329101562
27.3163 ,8364477 ,-87 ,-31 ,0.019775390625 ,0.02197265625 ,0.989074707031 ,0.144409179688
27.3273 ,8366682 ,-87 ,-31 ,0.0122680664062 ,0.0241088867188 ,0.987609863281 ,0.154479980469
27.338 ,8366682 ,-87 ,-31 ,0.00408935546875 ,0.0263671875 ,0.985717773438 ,0.166198730469
27.3483 ,8369515 ,-88 ,-30 ,-0.0181884765625 ,0.0322875976562 ,0.980651855469 ,0.1923828125
27.3654 ,8371941 ,-88 ,-30 ,-0.0327758789062 ,0.0361938476562 ,0.977355957031 ,0.205810546875
27.3765 ,8374100 ,-88 ,-30 ,-0.047607421875 ,0.0402221679688 ,0.973693847656 ,0.219055175781
27.3871 ,8376412 ,-88 ,-29 ,-0.0601806640625 ,0.0436401367188 ,0.970092773438 ,0.231140136719
27.3976 ,8378315 ,-88 ,-29 ,-0.0689086914062 ,0.0460815429688 ,0.966979980469 ,0.240966796875
27.4086 ,8381862 ,-88 ,-29 ,-0.0785522460938 ,0.0504150390625 ,0.96044921875 ,0.262390136719
27.4232 ,8383069 ,-88 ,-28 ,-0.0821533203125 ,0.052490234375 ,0.957214355469 ,0.272399902344
27.4336 ,8391308 ,-89 ,-24 ,-0.11474609375 ,0.0872802734375 ,0.931884765625 ,0.332824707031
27.7228 ,8374176 ,-90 ,-23 ,-0.117248535156 ,0.089111328125 ,0.932373046875 ,0.330200195312
27.7335 ,8372422 ,-90 ,-22 ,-0.118286132812 ,0.09033203125 ,0.933044433594 ,0.32763671875
27.7443 ,8372446 ,-90 ,-22 ,-0.116577148438 ,0.0921020507812 ,0.934143066406 ,0.324462890625
27.7547 ,8368996 ,-90 ,-21 ,-0.112243652344 ,0.0931396484375 ,0.934814453125 ,0.32373046875
27.7663 ,8365979 ,-90 ,-20 ,-0.105895996094 ,0.0924682617188 ,0.935852050781 ,0.323181152344
27.7774 ,8364287 ,-90 ,-19 ,-0.0979614257812 ,0.092041015625 ,0.936340332031 ,0.324401855469
27.7882 ,8361536 ,-90 ,-19 ,-0.0810546875 ,0.0911865234375 ,0.937194824219 ,0.326782226562
27.8031 ,8358104 ,-90 ,-19 ,-0.07373046875 ,0.0910034179688 ,0.937377929688 ,0.328125
27.8166 ,8356162 ,-90 ,-19 ,-0.0682983398438 ,0.0911254882812 ,0.938354492188 ,0.326354980469
27.8288 ,8355117 ,-90 ,-1 ,-0.05126953125 ,0.0901489257812 ,0.939819335938 ,0.325561523438
27.8527 ,8354020 ,-90 ,-21 ,-0.00555419921875 ,0.0781860351562 ,0.94287109375 ,0.323791503906
27.883 ,8342079 ,-90 ,-21 ,0.0181884765625 ,0.0698852539062 ,0.943298339844 ,0.323913574219
27.8936 ,8342214 ,-90 ,-1 ,0.04443359375 ,0.0546875 ,0.943359375 ,0.324157714844
27.9042 ,8342200 ,-90 ,-1 ,0.0703735351562 ,0.0323486328125 ,0.942687988281 ,0.324523925781
27.9154 ,8342252 ,-90 ,-1 ,0.105407714844 ,0.0048828125 ,0.949523925781 ,0.295349121094
27.9428 ,8342553 ,-90 ,-22 ,0.0927124023438 ,0.0188598632812 ,0.956176757812 ,0.276977539062
27.9532 ,8342449 ,-90 ,-22 ,0.0682373046875 ,0.0337524414062 ,0.962341308594 ,0.260864257812
27.9682 ,8342193 ,-90 ,-22 ,0.0122680664062 ,0.0579223632812 ,0.965637207031 ,0.252990722656
27.9826 ,8342577 ,-90 ,-22 ,-0.007568359375 ,0.0654907226562 ,0.963134765625 ,0.260803222656
27.9931 ,8341716 ,-90 ,-23 ,-0.019287109375 ,0.0700073242188 ,0.959350585938 ,0.272644042969
28.0056 ,8343055 ,-90 ,-23 ,-0.0216674804688 ,0.0707397460938 ,0.955383300781 ,0.285949707031
28.0167 ,8342207 ,-90 ,-23 ,-0.0189208984375 ,0.0653076171875 ,0.9521484375 ,0.297973632812
28.0279 ,8343256 ,-90 ,-24 ,-0.0169067382812 ,0.0572509765625 ,0.949157714844 ,0.309204101562
28.0382 ,8342377 ,-90 ,-24 ,-0.018798828125 ,0.0462036132812 ,0.94482421875 ,0.323669433594
28.0526 ,8341159 ,-90 ,-25 ,-0.0181884765625 ,0.0396728515625 ,0.943969726562 ,0.327087402344
28.073 ,8341397 ,-90 ,-26 ,-0.0100708007812 ,0.0372314453125 ,0.94482421875 ,0.325317382812
28.0834 ,8340954 ,-90 ,-26 ,-0.004150390625 ,0.0391235351562 ,0.946594238281 ,0.320007324219
28.0939 ,8340954 ,-90 ,-26 ,-0.00189208984375 ,0.04296875 ,0.94873046875 ,0.313232421875
28.1044 ,8341249 ,-90 ,-27 ,-0.00323486328125 ,0.046875 ,0.951110839844 ,0.305297851562
28.115 ,8341546 ,-90 ,-27 ,-0.0059814453125 ,0.0501098632812 ,0.953125 ,0.298278808594
28.1258 ,8341335 ,-90 ,-28 ,-0.00640869140625 ,0.0509643554688 ,0.954711914062 ,0.293151855469
28.1363 ,8342055 ,-90 ,-28 ,0.0029296875 ,0.0477905273438 ,0.955200195312 ,0.292175292969
28.1468 ,8342207 ,-90 ,-28 ,0.021240234375 ,0.0421142578125 ,0.954467773438 ,0.294494628906
28.1577 ,8342145 ,-90 ,-28 ,0.0673217773438 ,0.0294189453125 ,0.953857421875 ,0.291137695312
28.1724 ,8342017 ,-90 ,-28 ,0.0872192382812 ,0.0247802734375 ,0.953308105469 ,0.2880859375
28.1837 ,8342384 ,-90 ,-28 ,0.0996704101562 ,0.0198364257812 ,0.952575683594 ,0.286804199219
28.1943 ,8341847 ,-90 ,-28 ,0.103759765625 ,0.0165405273438 ,0.951538085938 ,0.289123535156
28.2049 ,8341764 ,-90 ,-28 ,0.101867675781 ,0.0147094726562 ,0.950073242188 ,0.294494628906
28.2154 ,8340954 ,-90 ,-28 ,0.0970458984375 ,0.0137939453125 ,0.948608398438 ,0.300964355469
28.2262 ,8341307 ,-90 ,-28 ,0.092529296875 ,0.013916015625 ,0.947387695312 ,0.306030273438
28.2371 ,8341899 ,-90 ,-28 ,0.0896606445312 ,0.0136108398438 ,0.947021484375 ,0.30810546875
28.2479 ,8341626 ,-90 ,-28 ,0.087158203125 ,0.011474609375 ,0.948791503906 ,0.303405761719
28.2653 ,8342024 ,-89 ,-28 ,0.08642578125 ,0.010986328125 ,0.950012207031 ,0.299865722656
28.2768 ,8341252 ,-89 ,-28 ,0.0845947265625 ,0.0120849609375 ,0.950927734375 ,0.297424316406
28.2873 ,8341923 ,-89 ,-28 ,0.0806884765625 ,0.0146484375 ,0.951538085938 ,0.29638671875
28.2984 ,8341878 ,-89 ,-28 ,0.06787109375 ,0.0206298828125 ,0.952331542969 ,0.296691894531
28.3154 ,8342155 ,-89 ,-28 ,0.0606079101562 ,0.0232543945312 ,0.95263671875 ,0.297058105469
28.326 ,8343079 ,-89 ,-28 ,0.0531616210938 ,0.0253295898438 ,0.952819824219 ,0.297729492188
28.3368 ,8341813 ,-89 ,-28 ,0.046142578125 ,0.0269775390625 ,0.952819824219 ,0.298767089844
28.3474 ,8341792 ,-89 ,-28 ,0.0402221679688 ,0.0280151367188 ,0.952575683594 ,0.300354003906
28.3585 ,8342217 ,-89 ,-29 ,0.029296875 ,0.027099609375 ,0.952270507812 ,0.302551269531
28.3722 ,8342138 ,-89 ,-29 ,0.0248413085938 ,0.025634765625 ,0.952331542969 ,0.302978515625
28.3825 ,8342532 ,-89 ,-29 ,0.021240234375 ,0.023681640625 ,0.952453613281 ,0.303100585938
28.3934 ,8342266 ,-89 ,-29 ,0.0197143554688 ,0.0219116210938 ,0.95263671875 ,0.302612304688
28.404 ,8341865 ,-89 ,-29 ,0.0205078125 ,0.0200805664062 ,0.953002929688 ,0.301513671875
28.4163 ,8342006 ,-89 ,-29 ,0.0234375 ,0.0186157226562 ,0.953918457031 ,0.298461914062
28.427 ,8342871 ,-89 ,-29 ,0.0281982421875 ,0.0178833007812 ,0.954528808594 ,0.296264648438
28.4381 ,8342228 ,-88 ,-30 ,0.040771484375 ,0.0169067382812 ,0.955871582031 ,0.290466308594
28.4529 ,8342429 ,-88 ,-30 ,0.0473022460938 ,0.0162353515625 ,0.956665039062 ,0.286926269531
28.4668 ,8342294 ,-88 ,-30 ,0.053466796875 ,0.0150146484375 ,0.958068847656 ,0.281188964844
28.4777 ,8342598 ,-88 ,-30 ,0.05908203125 ,0.0128173828125 ,0.958618164062 ,0.2783203125
28.4883 ,8341999 ,-88 ,-30 ,0.0685424804688 ,0.0067138671875 ,0.959045410156 ,0.274658203125
28.5027 ,8342214 ,-88 ,-31 ,0.0720825195312 ,0.00347900390625 ,0.959106445312 ,0.273742675781
28.5162 ,8341806 ,-88 ,-31 ,0.07470703125 ,0.0010986328125 ,0.960021972656 ,0.269775390625
28.5267 ,8342944 ,-88 ,-31 ,0.076416015625 ,-0.000732421875 ,0.959716796875 ,0.270385742188
28.5372 ,8342228 ,-87 ,-31 ,0.077392578125 ,-0.00140380859375 ,0.959228515625 ,0.271850585938
28.5482 ,8342390 ,-87 ,-31 ,0.0780639648438 ,0.000244140625 ,0.958435058594 ,0.2744140625
28.5662 ,8342280 ,-87 ,-32 ,0.0775146484375 ,0.001953125 ,0.959228515625 ,0.271789550781
28.5774 ,8343280 ,-87 ,-32 ,0.0764770507812 ,0.00372314453125 ,0.959533691406 ,0.270935058594
28.5883 ,8342069 ,-86 ,-32 ,0.0717163085938 ,0.0072021484375 ,0.960083007812 ,0.270263671875
28.6026 ,8342975 ,-86 ,-32 ,0.0673217773438 ,0.00860595703125 ,0.960510253906 ,0.269897460938
28.6163 ,8343173 ,-86 ,-32 ,0.0620727539062 ,0.009765625 ,0.961791992188 ,0.266479492188
28.6274 ,8342878 ,-86 ,-32 ,0.0567626953125 ,0.0104370117188 ,0.963256835938 ,0.262329101562
28.6384 ,8343657 ,-86 ,-32 ,0.0498657226562 ,0.013916015625 ,0.967346191406 ,0.248046875
28.6526 ,8343138 ,-86 ,-33 ,0.049072265625 ,0.0181274414062 ,0.969177246094 ,0.240783691406
28.6663 ,8343138 ,-86 ,-33 ,0.05126953125 ,0.0234985351562 ,0.970825195312 ,0.233154296875
28.6767 ,8343072 ,-86 ,-33 ,0.0549926757812 ,0.0309448242188 ,0.971862792969 ,0.226867675781
28.6872 ,8343740 ,-87 ,-33 ,0.0601806640625 ,0.039794921875 ,0.972961425781 ,0.219360351562
28.698 ,8344131 ,-87 ,-33 ,0.072998046875 ,0.0536499023438 ,0.975463867188 ,0.20068359375
28.7161 ,8343806 ,-87 ,-33 ,0.0822143554688 ,0.0550537109375 ,0.976989746094 ,0.188842773438
28.7271 ,8342830 ,-87 ,-33 ,0.0933837890625 ,0.0536499023438 ,0.977844238281 ,0.179321289062
28.7379 ,8342570 ,-87 ,-33 ,0.121459960938 ,0.046875 ,0.977233886719 ,0.16748046875
28.7524 ,8343688 ,-87 ,-33 ,0.137573242188 ,0.0428466796875 ,0.975463867188 ,0.166625976562
28.7661 ,8342595 ,-87 ,-33 ,0.150329589844 ,0.037841796875 ,0.973815917969 ,0.166076660156
28.7764 ,8342692 ,-88 ,-33 ,0.157348632812 ,0.0317993164062 ,0.97216796875 ,0.170776367188
28.7871 ,8342861 ,-88 ,-33 ,0.156677246094 ,0.0291137695312 ,0.9716796875 ,0.174560546875
28.7978 ,8343013 ,-88 ,-33 ,0.14697265625 ,0.029541015625 ,0.972595214844 ,0.177612304688
28.8088 ,8342301 ,-88 ,-33 ,0.108703613281 ,0.0333862304688 ,0.976501464844 ,0.182922363281
28.8227 ,8342128 ,-88 ,-33 ,0.0885009765625 ,0.03564453125 ,0.978271484375 ,0.183898925781
28.8333 ,8342833 ,-88 ,-33 ,0.0714721679688 ,0.0382080078125 ,0.979553222656 ,0.184020996094
28.8439 ,8342982 ,-88 ,-33 ,0.0588989257812 ,0.0411376953125 ,0.980163574219 ,0.184753417969
28.8545 ,8343854 ,-88 ,-33 ,0.0509033203125 ,0.0437622070312 ,0.980224609375 ,0.18603515625
28.866 ,8342657 ,-88 ,-33 ,0.0478515625 ,0.0457153320312 ,0.979553222656 ,0.190124511719
28.8765 ,8343453 ,-89 ,-33 ,0.0491943359375 ,0.045166015625 ,0.978393554688 ,0.195556640625
28.8924 ,8342093 ,-89 ,-33 ,0.0506591796875 ,0.045166015625 ,0.978149414062 ,0.196472167969
28.9029 ,8342951 ,-89 ,-33 ,0.0528564453125 ,0.0452270507812 ,0.977966308594 ,0.196899414062
28.916 ,8343550 ,-89 ,-33 ,0.056640625 ,0.0445556640625 ,0.978088378906 ,0.195373535156
28.9269 ,8343612 ,-89 ,-33 ,0.062255859375 ,0.04248046875 ,0.97802734375 ,0.194519042969
28.9378 ,8343245 ,-89 ,-33 ,0.0767211914062 ,0.039306640625 ,0.97802734375 ,0.189819335938
28.9523 ,8342453 ,-89 ,-33 ,0.0849609375 ,0.0390014648438 ,0.977905273438 ,0.187133789062
28.9661 ,8342823 ,-89 ,-33 ,0.0938720703125 ,0.0386962890625 ,0.977844238281 ,0.182983398438
28.9773 ,8342761 ,-89 ,-33 ,0.10302734375 ,0.037353515625 ,0.977416992188 ,0.180786132812
28.988 ,8342280 ,-89 ,-33 ,0.116943359375 ,0.0361328125 ,0.976623535156 ,0.176635742188
29.0025 ,8342965 ,-89 ,-33 ,0.1201171875 ,0.0360107421875 ,0.976257324219 ,0.176452636719
29.0159 ,8342512 ,-89 ,-33 ,0.120056152344 ,0.036865234375 ,0.976318359375 ,0.176025390625
29.0266 ,8343775 ,-89 ,-33 ,0.116760253906 ,0.0377197265625 ,0.976318359375 ,0.178283691406
29.0371 ,8343775 ,-89 ,-33 ,0.111083984375 ,0.0388793945312 ,0.9765625 ,0.180114746094
29.0478 ,8342681 ,-89 ,-33 ,0.0972290039062 ,0.040771484375 ,0.977111816406 ,0.184631347656
29.0662 ,8343557 ,-89 ,-33 ,0.0908203125 ,0.0420532226562 ,0.9775390625 ,0.185546875
29.0771 ,8343557 ,-89 ,-33 ,0.0853271484375 ,0.0435791015625 ,0.977905273438 ,0.185913085938
29.0878 ,8343138 ,-89 ,-33 ,0.0773315429688 ,0.0466918945312 ,0.978088378906 ,0.187683105469
29.1025 ,8344238 ,-89 ,-33 ,0.0747680664062 ,0.0477905273438 ,0.977844238281 ,0.189575195312
29.116 ,8343411 ,-89 ,-33 ,0.07373046875 ,0.0484008789062 ,0.977783203125 ,0.190002441406
29.1266 ,8343709 ,-89 ,-33 ,0.0745849609375 ,0.0482788085938 ,0.977600097656 ,0.190734863281
29.1377 ,8343733 ,-89 ,-33 ,0.0769653320312 ,0.047607421875 ,0.977416992188 ,0.191040039062
29.1482 ,8343380 ,-89 ,-33 ,0.0856323242188 ,0.0444946289062 ,0.976928710938 ,0.190612792969
29.1661 ,8343716 ,-89 ,-33 ,0.0908203125 ,0.0428466796875 ,0.976928710938 ,0.188598632812
29.1768 ,8343702 ,-89 ,-33 ,0.095947265625 ,0.0418090820312 ,0.9765625 ,0.188171386719
29.1877 ,8343342 ,-89 ,-33 ,0.103881835938 ,0.0418090820312 ,0.976135253906 ,0.186157226562
29.2026 ,8343494 ,-89 ,-33 ,0.106079101562 ,0.042236328125 ,0.97607421875 ,0.184875488281
29.216 ,8343176 ,-89 ,-33 ,0.106506347656 ,0.0430297851562 ,0.976623535156 ,0.181640625
29.2274 ,8343356 ,-89 ,-33 ,0.10546875 ,0.0435791015625 ,0.976623535156 ,0.182250976562
29.2381 ,8343723 ,-89 ,-33 ,0.10009765625 ,0.0449829101562 ,0.976745605469 ,0.184020996094
29.2524 ,8344110 ,-89 ,-33 ,0.0967407226562 ,0.0457763671875 ,0.976867675781 ,0.185241699219
29.266 ,8343827 ,-89 ,-33 ,0.093505859375 ,0.04638671875 ,0.976989746094 ,0.185913085938
29.2776 ,8343768 ,-89 ,-33 ,0.0892944335938 ,0.046875 ,0.977172851562 ,0.187133789062
29.2923 ,8343726 ,-90 ,-33 ,0.0885009765625 ,0.0470581054688 ,0.977172851562 ,0.187316894531
29.3028 ,8344117 ,-90 ,-33 ,0.0885620117188 ,0.0473022460938 ,0.977111816406 ,0.187622070312
29.3161 ,8344024 ,-90 ,-33 ,0.0891723632812 ,0.0474853515625 ,0.977172851562 ,0.186828613281
29.3268 ,8343508 ,-90 ,-33 ,0.0904541015625 ,0.04736328125 ,0.97705078125 ,0.186889648438
29.3376 ,8343377 ,-90 ,-33 ,0.09228515625 ,0.0467529296875 ,0.976989746094 ,0.186645507812
29.3483 ,8343328 ,-90 ,-33 ,0.0962524414062 ,0.0453491210938 ,0.976806640625 ,0.185974121094
29.3662 ,8343010 ,-90 ,-33 ,0.09765625 ,0.0452880859375 ,0.977172851562 ,0.183227539062
29.3772 ,8343397 ,-90 ,-33 ,0.0985107421875 ,0.0452270507812 ,0.977111816406 ,0.18310546875
29.388 ,8343854 ,-90 ,-33 ,0.09765625 ,0.0457153320312 ,0.977172851562 ,0.18310546875
29.4024 ,8344761 ,-90 ,-33 ,0.0960693359375 ,0.046142578125 ,0.977233886719 ,0.183410644531
29.416 ,8343166 ,-90 ,-33 ,0.0941772460938 ,0.0467529296875 ,0.977600097656 ,0.182189941406
29.4265 ,8343425 ,-90 ,-33 ,0.0925903320312 ,0.0470581054688 ,0.977722167969 ,0.182495117188
29.4371 ,8343910 ,-90 ,-33 ,0.0914916992188 ,0.0472412109375 ,0.977722167969 ,0.182739257812
29.4481 ,8343380 ,-90 ,-33 ,0.0943603515625 ,0.04638671875 ,0.9775390625 ,0.182678222656
29.4669 ,8344612 ,-90 ,-33 ,0.0970458984375 ,0.0458374023438 ,0.977661132812 ,0.180847167969
29.478 ,8344103 ,-90 ,-33 ,0.101013183594 ,0.044921875 ,0.977355957031 ,0.180358886719
29.4932 ,8343799 ,-90 ,-33 ,0.101806640625 ,0.0446166992188 ,0.977355957031 ,0.179992675781
29.5052 ,8343788 ,-90 ,-33 ,0.101989746094 ,0.0445556640625 ,0.977416992188 ,0.179748535156
29.516 ,8343889 ,-90 ,-33 ,0.101928710938 ,0.0446166992188 ,0.977478027344 ,0.179260253906
29.5274 ,8343775 ,-90 ,-33 ,0.101745605469 ,0.0446166992188 ,0.9775390625 ,0.17919921875
29.5383 ,8344031 ,-90 ,-33 ,0.101623535156 ,0.0442504882812 ,0.977600097656 ,0.179016113281
29.5534 ,8344076 ,-90 ,-33 ,0.101745605469 ,0.0438842773438 ,0.977600097656 ,0.178894042969
29.5667 ,8344086 ,-90 ,-33 ,0.101989746094 ,0.04345703125 ,0.977478027344 ,0.1796875
29.5781 ,8342913 ,-90 ,-33 ,0.102783203125 ,0.0425415039062 ,0.977416992188 ,0.179626464844
29.5936 ,8344276 ,-90 ,-33 ,0.103576660156 ,0.0422973632812 ,0.977355957031 ,0.179565429688
29.6048 ,8344231 ,-90 ,-33 ,0.104370117188 ,0.042236328125 ,0.977294921875 ,0.179565429688
29.6169 ,8343595 ,-90 ,-33 ,0.104675292969 ,0.0424194335938 ,0.977294921875 ,0.179260253906
29.6282 ,8343394 ,-90 ,-33 ,0.104370117188 ,0.0427856445312 ,0.977355957031 ,0.179016113281
29.6433 ,8343117 ,-90 ,-33 ,0.103698730469 ,0.04296875 ,0.977416992188 ,0.178955078125
29.6538 ,8343391 ,-90 ,-33 ,0.10302734375 ,0.0431518554688 ,0.9775390625 ,0.178833007812
29.667 ,8343996 ,-90 ,-33 ,0.102600097656 ,0.0432739257812 ,0.9775390625 ,0.178955078125
29.6776 ,8344377 ,-90 ,-33 ,0.102478027344 ,0.0433959960938 ,0.977600097656 ,0.178771972656
29.6884 ,8344134 ,-90 ,-33 ,0.102844238281 ,0.0435180664062 ,0.977600097656 ,0.178344726562
29.7028 ,8343577 ,-90 ,-33 ,0.10302734375 ,0.0435791015625 ,0.977600097656 ,0.17822265625
29.7167 ,8344072 ,-90 ,-33 ,0.103210449219 ,0.0436401367188 ,0.977600097656 ,0.178100585938
29.7279 ,8344110 ,-90 ,-33 ,0.103637695312 ,0.0435791015625 ,0.977600097656 ,0.178039550781
29.743 ,8343982 ,-90 ,-33 ,0.103820800781 ,0.0435180664062 ,0.9775390625 ,0.178039550781
29.7538 ,8344124 ,-90 ,-33 ,0.103820800781 ,0.0436401367188 ,0.9775390625 ,0.178039550781
29.767 ,8343847 ,-90 ,-33 ,0.103576660156 ,0.0438842773438 ,0.9775390625 ,0.17822265625
29.7782 ,8344003 ,-90 ,-33 ,0.102722167969 ,0.0440063476562 ,0.977600097656 ,0.178466796875
29.7932 ,8344131 ,-90 ,-33 ,0.102294921875 ,0.0440063476562 ,0.977600097656 ,0.178649902344
29.8037 ,8344370 ,-90 ,-33 ,0.102111816406 ,0.0440063476562 ,0.977600097656 ,0.178771972656
29.8171 ,8344633 ,-90 ,-33 ,0.102294921875 ,0.0439453125 ,0.9775390625 ,0.179016113281
29.8281 ,8343667 ,-90 ,-33 ,0.103332519531 ,0.0435791015625 ,0.977416992188 ,0.179016113281
