time, Futek, ENCL, ENCR, X, Y, Z, W 
2.5765 ,8369128 ,-93 ,1 ,0.0 ,0.0 ,0.0 ,0.0
2.5874 ,8367419 ,-93 ,1 ,-0.02734375 ,-0.0794067382812 ,-0.00396728515625 ,-0.996459960938
2.7989 ,8367900 ,-93 ,1 ,-0.02734375 ,-0.0792846679688 ,-0.00384521484375 ,-0.996459960938
2.8097 ,8367311 ,-93 ,1 ,-0.02734375 ,-0.0791625976562 ,-0.00372314453125 ,-0.996459960938
2.8205 ,8367529 ,-93 ,1 ,-0.02734375 ,-0.0791015625 ,-0.0035400390625 ,-0.996459960938
2.8357 ,8367208 ,-93 ,1 ,-0.02734375 ,-0.0791015625 ,-0.0035400390625 ,-0.996459960938
2.8489 ,8367221 ,-93 ,1 ,-0.02734375 ,-0.0791625976562 ,-0.0035400390625 ,-0.996459960938
2.86 ,8367817 ,-93 ,1 ,-0.02734375 ,-0.0791625976562 ,-0.0035400390625 ,-0.996459960938
2.8714 ,8367879 ,-93 ,1 ,-0.0274047851562 ,-0.0792236328125 ,-0.0035400390625 ,-0.996459960938
2.886 ,8367356 ,-93 ,1 ,-0.0274047851562 ,-0.0792846679688 ,-0.0035400390625 ,-0.996459960938
2.8973 ,8367028 ,-93 ,1 ,-0.0274047851562 ,-0.0792846679688 ,-0.00347900390625 ,-0.996459960938
2.9084 ,8367861 ,-93 ,1 ,-0.02734375 ,-0.079345703125 ,-0.0032958984375 ,-0.996459960938
2.9253 ,8367173 ,-93 ,1 ,-0.02734375 ,-0.0792846679688 ,-0.0032958984375 ,-0.996459960938
2.9364 ,8367913 ,-93 ,1 ,-0.02734375 ,-0.0791625976562 ,-0.0032958984375 ,-0.996459960938
2.9475 ,8367187 ,-93 ,1 ,-0.0274047851562 ,-0.0791015625 ,-0.0032958984375 ,-0.996459960938
2.9588 ,8367263 ,-93 ,1 ,-0.0274047851562 ,-0.0790405273438 ,-0.00335693359375 ,-0.996520996094
2.9699 ,8367969 ,-93 ,1 ,-0.0274047851562 ,-0.0789794921875 ,-0.00347900390625 ,-0.996520996094
2.9811 ,8367827 ,-93 ,1 ,-0.0274047851562 ,-0.0792846679688 ,-0.0037841796875 ,-0.996459960938
2.9957 ,8367792 ,-93 ,1 ,-0.02734375 ,-0.07958984375 ,-0.00390625 ,-0.996459960938
3.0065 ,8367159 ,-93 ,1 ,-0.0274047851562 ,-0.0798950195312 ,-0.00396728515625 ,-0.996398925781
3.0184 ,8367650 ,-93 ,1 ,-0.02734375 ,-0.0801391601562 ,-0.00396728515625 ,-0.996398925781
3.0297 ,8367460 ,-93 ,1 ,-0.0272827148438 ,-0.0802612304688 ,-0.00396728515625 ,-0.996398925781
3.0409 ,8367491 ,-93 ,1 ,-0.0272216796875 ,-0.0803833007812 ,-0.00396728515625 ,-0.996398925781
3.0553 ,8368017 ,-93 ,1 ,-0.0271606445312 ,-0.0803833007812 ,-0.0040283203125 ,-0.996398925781
3.0676 ,8367592 ,-93 ,1 ,-0.0271606445312 ,-0.0805053710938 ,-0.004150390625 ,-0.996398925781
3.0782 ,8367785 ,-93 ,1 ,-0.027099609375 ,-0.0806274414062 ,-0.00421142578125 ,-0.996337890625
3.089 ,8367581 ,-93 ,1 ,-0.0270385742188 ,-0.080810546875 ,-0.0042724609375 ,-0.996337890625
3.0996 ,8367889 ,-93 ,1 ,-0.0269775390625 ,-0.0809936523438 ,-0.0042724609375 ,-0.996337890625
3.1105 ,8367048 ,-93 ,1 ,-0.0269775390625 ,-0.0813598632812 ,-0.0042724609375 ,-0.996337890625
3.1261 ,8367270 ,-93 ,1 ,-0.0269165039062 ,-0.0814208984375 ,-0.00439453125 ,-0.996337890625
3.1367 ,8367270 ,-93 ,1 ,-0.0269775390625 ,-0.0814208984375 ,-0.00445556640625 ,-0.996276855469
3.1475 ,8367052 ,-93 ,1 ,-0.0269165039062 ,-0.0814208984375 ,-0.00457763671875 ,-0.996276855469
3.1584 ,8367401 ,-93 ,1 ,-0.0269165039062 ,-0.0814819335938 ,-0.00469970703125 ,-0.996276855469
3.1697 ,8367637 ,-93 ,1 ,-0.0269165039062 ,-0.08154296875 ,-0.0047607421875 ,-0.996276855469
3.1804 ,8367228 ,-93 ,1 ,-0.0269165039062 ,-0.0816040039062 ,-0.0047607421875 ,-0.996276855469
3.1958 ,8367439 ,-93 ,1 ,-0.0269165039062 ,-0.0816650390625 ,-0.0047607421875 ,-0.996276855469
3.2064 ,8367474 ,-93 ,1 ,-0.0269165039062 ,-0.081787109375 ,-0.0047607421875 ,-0.996276855469
3.2199 ,8367138 ,-93 ,1 ,-0.027099609375 ,-0.0818481445312 ,-0.00201416015625 ,-0.996276855469
3.2354 ,8367187 ,-93 ,1 ,-0.0271606445312 ,-0.0818481445312 ,-0.00201416015625 ,-0.996276855469
3.2459 ,8367166 ,-93 ,1 ,-0.0271606445312 ,-0.081787109375 ,-0.00201416015625 ,-0.996276855469
3.258 ,8366699 ,-93 ,1 ,-0.0271606445312 ,-0.0817260742188 ,-0.00201416015625 ,-0.996276855469
3.2686 ,8367692 ,-93 ,1 ,-0.0272216796875 ,-0.0817260742188 ,-0.0020751953125 ,-0.996276855469
3.2791 ,8366872 ,-93 ,1 ,-0.0272216796875 ,-0.0819091796875 ,-0.002197265625 ,-0.996276855469
3.2901 ,8367571 ,-93 ,1 ,-0.0272827148438 ,-0.0822143554688 ,-0.0025634765625 ,-0.996215820312
3.3056 ,8367387 ,-93 ,1 ,-0.0272827148438 ,-0.0823974609375 ,-0.00274658203125 ,-0.996215820312
3.318 ,8367533 ,-93 ,1 ,-0.0272827148438 ,-0.0824584960938 ,-0.0029296875 ,-0.996215820312
3.3291 ,8366886 ,-93 ,1 ,-0.02734375 ,-0.0823974609375 ,-0.003173828125 ,-0.996215820312
3.3401 ,8367066 ,-93 ,1 ,-0.02734375 ,-0.0822143554688 ,-0.00372314453125 ,-0.996215820312
3.3558 ,8366758 ,-93 ,1 ,-0.02734375 ,-0.0821533203125 ,-0.0040283203125 ,-0.996215820312
3.3681 ,8366560 ,-93 ,1 ,-0.0272827148438 ,-0.0820922851562 ,-0.0042724609375 ,-0.996215820312
3.3788 ,8366675 ,-93 ,1 ,-0.0272216796875 ,-0.0819702148438 ,-0.0045166015625 ,-0.996276855469
3.3895 ,8366903 ,-93 ,1 ,-0.0271606445312 ,-0.0818481445312 ,-0.004638671875 ,-0.996276855469
3.4005 ,8366554 ,-93 ,1 ,-0.0269165039062 ,-0.081787109375 ,-0.0047607421875 ,-0.996276855469
3.4182 ,8366457 ,-93 ,1 ,-0.0267944335938 ,-0.0818481445312 ,-0.00469970703125 ,-0.996276855469
3.4291 ,8366529 ,-93 ,1 ,-0.0266723632812 ,-0.0819702148438 ,-0.0045166015625 ,-0.996276855469
3.4401 ,8365560 ,-93 ,1 ,-0.0263671875 ,-0.0818481445312 ,-0.004150390625 ,-0.996276855469
3.4557 ,8366010 ,-93 ,0 ,-0.0263061523438 ,-0.08154296875 ,-0.00390625 ,-0.996337890625
3.4682 ,8365768 ,-93 ,0 ,-0.0261840820312 ,-0.0812377929688 ,-0.00360107421875 ,-0.996337890625
3.4795 ,8365602 ,-93 ,0 ,-0.0261840820312 ,-0.0809326171875 ,-0.0032958984375 ,-0.996398925781
3.4905 ,8365848 ,-93 ,0 ,-0.0261840820312 ,-0.0806884765625 ,-0.00286865234375 ,-0.996398925781
3.5054 ,8366218 ,-93 ,0 ,-0.0261840820312 ,-0.0807495117188 ,-0.00274658203125 ,-0.996398925781
3.5176 ,8365225 ,-93 ,0 ,-0.0262451171875 ,-0.0808715820312 ,-0.00274658203125 ,-0.996398925781
3.5283 ,8365730 ,-93 ,0 ,-0.0262451171875 ,-0.0809936523438 ,-0.0028076171875 ,-0.996337890625
3.539 ,8366519 ,-93 ,0 ,-0.0263061523438 ,-0.0811767578125 ,-0.0029296875 ,-0.996337890625
3.5498 ,8366519 ,-93 ,0 ,-0.0264282226562 ,-0.0814819335938 ,-0.00341796875 ,-0.996337890625
3.5678 ,8365474 ,-93 ,1 ,-0.0264282226562 ,-0.0816650390625 ,-0.00372314453125 ,-0.996276855469
3.5785 ,8366315 ,-93 ,1 ,-0.0264892578125 ,-0.0819091796875 ,-0.0040283203125 ,-0.996276855469
3.589 ,8366329 ,-93 ,1 ,-0.0264892578125 ,-0.0821533203125 ,-0.00439453125 ,-0.996276855469
3.5997 ,8366017 ,-93 ,1 ,-0.0265502929688 ,-0.0822143554688 ,-0.0047607421875 ,-0.996276855469
3.6109 ,8366318 ,-93 ,1 ,-0.026611328125 ,-0.082275390625 ,-0.00543212890625 ,-0.996215820312
3.6257 ,8366242 ,-93 ,1 ,-0.026611328125 ,-0.0823974609375 ,-0.0057373046875 ,-0.996215820312
3.6365 ,8367100 ,-93 ,1 ,-0.026611328125 ,-0.08251953125 ,-0.0059814453125 ,-0.996215820312
3.6472 ,8366190 ,-93 ,1 ,-0.0266723632812 ,-0.0826416015625 ,-0.006103515625 ,-0.996215820312
3.658 ,8366249 ,-93 ,1 ,-0.0266723632812 ,-0.0828857421875 ,-0.00634765625 ,-0.996154785156
3.6751 ,8366149 ,-93 ,1 ,-0.0266723632812 ,-0.0829467773438 ,-0.0064697265625 ,-0.996154785156
3.686 ,8366097 ,-93 ,1 ,-0.0267333984375 ,-0.0830688476562 ,-0.006591796875 ,-0.996154785156
3.6968 ,8365941 ,-93 ,1 ,-0.0267333984375 ,-0.083251953125 ,-0.0067138671875 ,-0.996154785156
3.7075 ,8366190 ,-93 ,1 ,-0.0267333984375 ,-0.0833740234375 ,-0.0068359375 ,-0.996154785156
3.7179 ,8366484 ,-93 ,1 ,-0.0266723632812 ,-0.0835571289062 ,-0.00689697265625 ,-0.99609375
3.7357 ,8367152 ,-93 ,1 ,-0.0266723632812 ,-0.08349609375 ,-0.00689697265625 ,-0.996154785156
3.7464 ,8365920 ,-93 ,1 ,-0.0266723632812 ,-0.0833740234375 ,-0.00689697265625 ,-0.996154785156
3.7579 ,8366031 ,-93 ,1 ,-0.02685546875 ,-0.0828247070312 ,-0.00439453125 ,-0.996215820312
3.7759 ,8365951 ,-93 ,1 ,-0.0267944335938 ,-0.0826416015625 ,-0.00439453125 ,-0.996215820312
3.7866 ,8366733 ,-93 ,1 ,-0.0267944335938 ,-0.08251953125 ,-0.00439453125 ,-0.996215820312
3.7977 ,8365934 ,-93 ,1 ,-0.0267944335938 ,-0.0824584960938 ,-0.00439453125 ,-0.996215820312
3.8091 ,8366280 ,-93 ,1 ,-0.0267944335938 ,-0.0823974609375 ,-0.00439453125 ,-0.996215820312
3.8204 ,8365550 ,-93 ,1 ,-0.0267944335938 ,-0.08203125 ,-0.00439453125 ,-0.996276855469
3.8356 ,8365934 ,-93 ,1 ,-0.02685546875 ,-0.0817260742188 ,-0.00439453125 ,-0.996276855469
3.8463 ,8365602 ,-93 ,1 ,-0.02685546875 ,-0.0814208984375 ,-0.00439453125 ,-0.996337890625
3.8572 ,8366308 ,-93 ,1 ,-0.02685546875 ,-0.0811767578125 ,-0.00445556640625 ,-0.996337890625
3.869 ,8365682 ,-93 ,1 ,-0.0271606445312 ,-0.0809936523438 ,-0.001220703125 ,-0.996337890625
3.8805 ,8366169 ,-93 ,1 ,-0.0271606445312 ,-0.0810546875 ,-0.00164794921875 ,-0.996337890625
3.8955 ,8365204 ,-93 ,1 ,-0.0272216796875 ,-0.0812377929688 ,-0.00189208984375 ,-0.996337890625
3.9061 ,8366107 ,-93 ,1 ,-0.0272216796875 ,-0.081298828125 ,-0.002197265625 ,-0.996337890625
3.9178 ,8366747 ,-93 ,1 ,-0.0272216796875 ,-0.0813598632812 ,-0.00250244140625 ,-0.996337890625
3.929 ,8366342 ,-93 ,1 ,-0.0272827148438 ,-0.081298828125 ,-0.00274658203125 ,-0.996337890625
3.94 ,8366028 ,-93 ,1 ,-0.02734375 ,-0.0811767578125 ,-0.00341796875 ,-0.996337890625
3.9556 ,8366152 ,-93 ,1 ,-0.02734375 ,-0.0811157226562 ,-0.00360107421875 ,-0.996337890625
3.9682 ,8366342 ,-93 ,1 ,-0.0272216796875 ,-0.0809326171875 ,-0.00384521484375 ,-0.996337890625
3.9853 ,8365574 ,-93 ,1 ,-0.027099609375 ,-0.0808715820312 ,-0.00384521484375 ,-0.996337890625
3.9961 ,8366069 ,-93 ,0 ,-0.0270385742188 ,-0.080810546875 ,-0.00372314453125 ,-0.996337890625
4.0068 ,8365830 ,-93 ,0 ,-0.02685546875 ,-0.0807495117188 ,-0.00347900390625 ,-0.996337890625
4.0178 ,8365360 ,-93 ,0 ,-0.0259399414062 ,-0.079833984375 ,-0.0015869140625 ,-0.996459960938
4.0682 ,8365131 ,-93 ,0 ,-0.0257568359375 ,-0.07958984375 ,-0.0010986328125 ,-0.996520996094
4.079 ,8364557 ,-93 ,0 ,-0.0255737304688 ,-0.0794677734375 ,-0.00067138671875 ,-0.996520996094
4.09 ,8364232 ,-93 ,0 ,-0.025390625 ,-0.0795288085938 ,-0.0001220703125 ,-0.996520996094
4.1048 ,8363944 ,-93 ,0 ,-0.0253295898438 ,-0.07958984375 ,0.0 ,-0.996520996094
4.1169 ,8364287 ,-93 ,0 ,-0.0253295898438 ,-0.0797119140625 ,0.0 ,-0.996520996094
4.1276 ,8365547 ,-93 ,0 ,-0.0253295898438 ,-0.079833984375 ,-0.00018310546875 ,-0.996459960938
4.139 ,8364301 ,-93 ,0 ,-0.025390625 ,-0.080078125 ,-0.0003662109375 ,-0.996459960938
4.1499 ,8364834 ,-93 ,0 ,-0.0255737304688 ,-0.080322265625 ,-0.00115966796875 ,-0.996459960938
4.1689 ,8364834 ,-93 ,0 ,-0.0258178710938 ,-0.080322265625 ,0.0006103515625 ,-0.996459960938
4.1805 ,8365332 ,-93 ,0 ,-0.0260009765625 ,-0.0802612304688 ,-0.000732421875 ,-0.996459960938
4.1951 ,8365377 ,-93 ,0 ,-0.0259399414062 ,-0.0803833007812 ,-0.00146484375 ,-0.996398925781
4.2064 ,8365515 ,-93 ,0 ,-0.0259399414062 ,-0.0806274414062 ,-0.002197265625 ,-0.996398925781
4.2184 ,8364938 ,-93 ,0 ,-0.02587890625 ,-0.0809936523438 ,-0.00299072265625 ,-0.996398925781
4.2301 ,8365273 ,-93 ,1 ,-0.0257568359375 ,-0.0814208984375 ,-0.004150390625 ,-0.996337890625
4.2455 ,8364730 ,-93 ,1 ,-0.025634765625 ,-0.0814819335938 ,-0.004638671875 ,-0.996337890625
4.2564 ,8365491 ,-93 ,1 ,-0.0255126953125 ,-0.0814819335938 ,-0.0050048828125 ,-0.996337890625
4.2692 ,8365941 ,-94 ,1 ,-0.0255737304688 ,-0.081298828125 ,-0.00311279296875 ,-0.996337890625
4.2802 ,8365502 ,-94 ,1 ,-0.025390625 ,-0.0806884765625 ,-0.00347900390625 ,-0.996398925781
4.2956 ,8365346 ,-94 ,1 ,-0.0253295898438 ,-0.0803833007812 ,-0.00341796875 ,-0.996459960938
4.3065 ,8365464 ,-94 ,1 ,-0.0253295898438 ,-0.0799560546875 ,-0.003173828125 ,-0.996459960938
4.3181 ,8365176 ,-94 ,1 ,-0.0253295898438 ,-0.07958984375 ,-0.0028076171875 ,-0.996520996094
4.3296 ,8364989 ,-94 ,1 ,-0.0253295898438 ,-0.0791625976562 ,-0.00244140625 ,-0.996520996094
4.3404 ,8364841 ,-94 ,1 ,-0.0252685546875 ,-0.0783081054688 ,-0.00146484375 ,-0.99658203125
4.3553 ,8365145 ,-94 ,1 ,-0.0252685546875 ,-0.0778198242188 ,-0.00091552734375 ,-0.996643066406
4.3677 ,8365190 ,-94 ,1 ,-0.0252075195312 ,-0.0773315429688 ,-0.00030517578125 ,-0.996704101562
4.3787 ,8365512 ,-94 ,1 ,-0.0252075195312 ,-0.0767822265625 ,0.00042724609375 ,-0.996704101562
4.3892 ,8365028 ,-94 ,1 ,-0.025390625 ,-0.0762329101562 ,0.001220703125 ,-0.996765136719
4.3999 ,8365640 ,-94 ,0 ,-0.0255737304688 ,-0.074951171875 ,0.0029296875 ,-0.996826171875
4.4178 ,8365183 ,-94 ,0 ,-0.0258178710938 ,-0.0742797851562 ,0.003662109375 ,-0.996887207031
4.4282 ,8365273 ,-94 ,0 ,-0.0260009765625 ,-0.0735473632812 ,0.00439453125 ,-0.996948242188
4.4389 ,8365273 ,-94 ,0 ,-0.0262451171875 ,-0.07275390625 ,0.0050048828125 ,-0.997009277344
4.45 ,8365460 ,-94 ,0 ,-0.0269165039062 ,-0.071533203125 ,0.005859375 ,-0.9970703125
4.4695 ,8365377 ,-94 ,0 ,-0.0274658203125 ,-0.0711669921875 ,0.00909423828125 ,-0.9970703125
4.4806 ,8365512 ,-94 ,0 ,-0.0283203125 ,-0.0701904296875 ,0.0096435546875 ,-0.9970703125
4.4945 ,8365367 ,-94 ,0 ,-0.0287475585938 ,-0.0694580078125 ,0.00994873046875 ,-0.997131347656
4.5054 ,8365173 ,-94 ,1 ,-0.0291748046875 ,-0.0687255859375 ,0.0101928710938 ,-0.997131347656
4.5169 ,8365816 ,-94 ,1 ,-0.0296630859375 ,-0.0680541992188 ,0.0104370117188 ,-0.997192382812
4.528 ,8365986 ,-94 ,1 ,-0.0300903320312 ,-0.0674438476562 ,0.0106201171875 ,-0.997192382812
4.5386 ,8366758 ,-94 ,1 ,-0.0305786132812 ,-0.067138671875 ,0.0108032226562 ,-0.997192382812
4.5492 ,8366308 ,-94 ,1 ,-0.0310668945312 ,-0.0669555664062 ,0.0108642578125 ,-0.997192382812
4.5606 ,8365938 ,-94 ,1 ,-0.0321044921875 ,-0.0667114257812 ,0.0108642578125 ,-0.997192382812
4.5743 ,8365380 ,-94 ,1 ,-0.0326538085938 ,-0.0665283203125 ,0.0108642578125 ,-0.997192382812
4.5853 ,8365291 ,-94 ,1 ,-0.0333862304688 ,-0.0662841796875 ,0.0108642578125 ,-0.997192382812
4.5961 ,8365654 ,-94 ,1 ,-0.0340576171875 ,-0.0660400390625 ,0.0109252929688 ,-0.997192382812
4.607 ,8365391 ,-94 ,1 ,-0.0347900390625 ,-0.0657348632812 ,0.0111083984375 ,-0.997192382812
4.6178 ,8365291 ,-94 ,1 ,-0.0355834960938 ,-0.0653686523438 ,0.0112915039062 ,-0.997192382812
4.6283 ,8365574 ,-94 ,1 ,-0.036376953125 ,-0.0650024414062 ,0.0115966796875 ,-0.997131347656
4.6388 ,8365574 ,-94 ,1 ,-0.0380249023438 ,-0.0653076171875 ,0.012451171875 ,-0.9970703125
4.6553 ,8365225 ,-94 ,1 ,-0.038818359375 ,-0.066162109375 ,0.0130004882812 ,-0.996948242188
4.6677 ,8365550 ,-94 ,2 ,-0.0397338867188 ,-0.0671997070312 ,0.0136108398438 ,-0.996826171875
4.6787 ,8365201 ,-94 ,2 ,-0.041748046875 ,-0.0674438476562 ,0.0147094726562 ,-0.996765136719
4.6962 ,8364944 ,-94 ,2 ,-0.0430297851562 ,-0.066162109375 ,0.0151977539062 ,-0.996765136719
4.7069 ,8364944 ,-94 ,3 ,-0.0444946289062 ,-0.0643310546875 ,0.0155639648438 ,-0.996826171875
4.7203 ,8364989 ,-94 ,3 ,-0.0478515625 ,-0.0598754882812 ,0.019287109375 ,-0.996887207031
4.7342 ,8364989 ,-94 ,4 ,-0.0494995117188 ,-0.0582275390625 ,0.0191650390625 ,-0.996887207031
4.7448 ,8364605 ,-94 ,5 ,-0.0528564453125 ,-0.055908203125 ,0.0181884765625 ,-0.996887207031
4.767 ,8364598 ,-94 ,6 ,-0.0545654296875 ,-0.0551147460938 ,0.0171508789062 ,-0.996826171875
4.7776 ,8364747 ,-94 ,8 ,-0.0591430664062 ,-0.0531616210938 ,0.0113525390625 ,-0.996765136719
4.8043 ,8359834 ,-95 ,19 ,-0.078369140625 ,-0.0267944335938 ,-0.0371704101562 ,-0.995849609375
4.9046 ,8359138 ,-95 ,20 ,-0.0802612304688 ,-0.0226440429688 ,-0.045654296875 ,-0.995483398438
4.9181 ,8357792 ,-95 ,21 ,-0.0828857421875 ,-0.0167846679688 ,-0.0503540039062 ,-0.9951171875
4.9296 ,8356488 ,-95 ,21 ,-0.0853881835938 ,-0.0098876953125 ,-0.061279296875 ,-0.994384765625
4.9404 ,8356377 ,-95 ,21 ,-0.08935546875 ,0.00482177734375 ,-0.0858764648438 ,-0.992248535156
4.9547 ,8355591 ,-95 ,21 ,-0.0912475585938 ,0.0107421875 ,-0.100891113281 ,-0.990661621094
4.9668 ,8355062 ,-95 ,20 ,-0.0928955078125 ,0.0155639648438 ,-0.117614746094 ,-0.988586425781
4.9775 ,8355584 ,-95 ,20 ,-0.093994140625 ,0.0188598632812 ,-0.135192871094 ,-0.986206054688
4.988 ,8356858 ,-95 ,20 ,-0.0953979492188 ,0.0224609375 ,-0.172729492188 ,-0.980102539062
5.0044 ,8358678 ,-95 ,19 ,-0.0955810546875 ,0.0240478515625 ,-0.191833496094 ,-0.976440429688
5.0173 ,8359958 ,-95 ,19 ,-0.0960693359375 ,0.0242919921875 ,-0.20947265625 ,-0.972778320312
5.0283 ,8363540 ,-95 ,18 ,-0.0956420898438 ,0.0223999023438 ,-0.226257324219 ,-0.969116210938
5.0391 ,8365100 ,-95 ,18 ,-0.0916748046875 ,0.016357421875 ,-0.266296386719 ,-0.959411621094
5.0545 ,8370630 ,-95 ,17 ,-0.0901489257812 ,0.0123901367188 ,-0.284790039062 ,-0.954284667969
5.0671 ,8375692 ,-95 ,17 ,-0.089111328125 ,0.010009765625 ,-0.302001953125 ,-0.949096679688
5.0775 ,8378751 ,-95 ,16 ,-0.0867309570312 ,0.0068359375 ,-0.316528320312 ,-0.944580078125
5.0933 ,8380104 ,-95 ,16 ,-0.080322265625 ,-0.00225830078125 ,-0.34619140625 ,-0.934692382812
5.1051 ,8387263 ,-95 ,15 ,-0.07763671875 ,-0.00701904296875 ,-0.359252929688 ,-0.929992675781
5.1171 ,8390831 ,-95 ,15 ,-0.07421875 ,-0.0131225585938 ,-0.374145507812 ,-0.92431640625
5.1282 ,8398049 ,-94 ,15 ,-0.0693969726562 ,-0.01953125 ,-0.389892578125 ,-0.918029785156
5.1388 ,8401762 ,-94 ,14 ,-0.0641479492188 ,-0.0262451171875 ,-0.404235839844 ,-0.912048339844
5.1498 ,8402661 ,-94 ,14 ,-0.0548095703125 ,-0.0344848632812 ,-0.426391601562 ,-0.902221679688
5.168 ,8409001 ,-93 ,13 ,-0.0514526367188 ,-0.0313110351562 ,-0.433959960938 ,-0.89892578125
5.1785 ,8409689 ,-92 ,13 ,-0.04931640625 ,-0.0289306640625 ,-0.444396972656 ,-0.893981933594
5.189 ,8410710 ,-92 ,13 ,-0.03955078125 ,-0.0323486328125 ,-0.460327148438 ,-0.886291503906
5.2047 ,8412807 ,-90 ,13 ,-0.033203125 ,-0.0345458984375 ,-0.466613769531 ,-0.883178710938
5.218 ,8412343 ,-89 ,12 ,-0.02880859375 ,-0.0338745117188 ,-0.466979980469 ,-0.883117675781
5.2291 ,8411354 ,-89 ,12 ,-0.0245361328125 ,-0.0314331054688 ,-0.47314453125 ,-0.880065917969
5.2399 ,8411322 ,-89 ,12 ,-0.0133666992188 ,-0.0309448242188 ,-0.482421875 ,-0.875305175781
5.2543 ,8405886 ,-87 ,12 ,-0.00897216796875 ,-0.027587890625 ,-0.486022949219 ,-0.873474121094
5.2682 ,8400457 ,-86 ,12 ,-0.0062255859375 ,-0.0205688476562 ,-0.483093261719 ,-0.875305175781
5.2794 ,8393319 ,-85 ,11 ,-0.0029296875 ,-0.0137329101562 ,-0.487060546875 ,-0.873229980469
5.29 ,8391478 ,-84 ,11 ,0.0106811523438 ,-0.00860595703125 ,-0.491455078125 ,-0.870788574219
5.305 ,8382810 ,-83 ,11 ,0.0186767578125 ,-0.00799560546875 ,-0.492004394531 ,-0.870361328125
5.3167 ,8382810 ,-83 ,11 ,0.0301513671875 ,0.0003662109375 ,-0.491333007812 ,-0.870422363281
5.3344 ,8364370 ,-83 ,11 ,0.034912109375 ,0.005615234375 ,-0.489074707031 ,-0.871520996094
5.3451 ,8357636 ,-82 ,11 ,0.0386962890625 ,0.0100708007812 ,-0.484497070312 ,-0.873901367188
5.3555 ,8348906 ,-82 ,11 ,0.043701171875 ,0.0161743164062 ,-0.480041503906 ,-0.8759765625
5.3669 ,8342986 ,-82 ,11 ,0.053466796875 ,0.018798828125 ,-0.473937988281 ,-0.878723144531
5.3783 ,8340612 ,-82 ,11 ,0.05810546875 ,0.018798828125 ,-0.460144042969 ,-0.8857421875
5.3889 ,8340612 ,-83 ,11 ,0.038330078125 ,0.0458984375 ,-0.404602050781 ,-0.912536621094
5.4045 ,8341259 ,-84 ,11 ,0.0186767578125 ,0.0759887695312 ,-0.351989746094 ,-0.932739257812
5.4169 ,8340487 ,-84 ,11 ,0.00042724609375 ,0.109741210938 ,-0.286682128906 ,-0.951721191406
5.428 ,8340740 ,-85 ,11 ,-0.0128173828125 ,0.142150878906 ,-0.2265625 ,-0.963500976562
5.4387 ,8340775 ,-85 ,11 ,-0.0147705078125 ,0.173522949219 ,-0.187255859375 ,-0.966735839844
5.4495 ,8340446 ,-86 ,11 ,-0.0015869140625 ,0.190124511719 ,-0.167541503906 ,-0.967346191406
5.4605 ,8339612 ,-86 ,12 ,0.0447998046875 ,0.19970703125 ,-0.154174804688 ,-0.966613769531
5.4741 ,8340795 ,-87 ,10 ,0.0608520507812 ,0.181945800781 ,-0.12744140625 ,-0.97314453125
5.485 ,8340705 ,-88 ,10 ,0.0667724609375 ,0.1513671875 ,-0.0773315429688 ,-0.983154296875
5.4958 ,8341231 ,-88 ,10 ,0.0631713867188 ,0.117980957031 ,-0.0103759765625 ,-0.990966796875
5.5066 ,8340906 ,-88 ,10 ,0.0559692382812 ,0.08935546875 ,0.0648193359375 ,-0.992309570312
5.5177 ,8341034 ,-89 ,10 ,0.0498657226562 ,0.0702514648438 ,0.138610839844 ,-0.986572265625
5.5291 ,8341574 ,-89 ,10 ,0.0428466796875 ,0.056640625 ,0.200744628906 ,-0.97705078125
5.54 ,8343027 ,-90 ,10 ,-0.0161743164062 ,0.0520629882812 ,0.261047363281 ,-0.963806152344
5.5544 ,8344716 ,-90 ,10 ,-0.052978515625 ,0.0551147460938 ,0.268737792969 ,-0.960205078125
5.5669 ,8345339 ,-91 ,10 ,-0.0657958984375 ,0.0594482421875 ,0.28173828125 ,-0.955383300781
5.5772 ,8352716 ,-91 ,10 ,-0.0508422851562 ,0.0626831054688 ,0.306701660156 ,-0.948364257812
5.5879 ,8361789 ,-92 ,10 ,-0.0249633789062 ,0.053955078125 ,0.343505859375 ,-0.937255859375
5.5985 ,8372125 ,-92 ,11 ,-0.0243530273438 ,0.01708984375 ,0.371215820312 ,-0.928039550781
5.6092 ,8372125 ,-92 ,12 ,-0.0618286132812 ,-0.051513671875 ,0.383605957031 ,-0.919982910156
5.6201 ,8380329 ,-92 ,15 ,-0.110900878906 ,-0.223754882812 ,0.396240234375 ,-0.883544921875
5.6346 ,8387426 ,-92 ,18 ,-0.126525878906 ,-0.267883300781 ,0.400146484375 ,-0.867248535156
5.6454 ,8393900 ,-92 ,20 ,-0.138305664062 ,-0.268859863281 ,0.405090332031 ,-0.862854003906
5.6561 ,8414174 ,-92 ,21 ,-0.132385253906 ,-0.237121582031 ,0.414367675781 ,-0.86865234375
5.6668 ,8418188 ,-92 ,23 ,-0.116455078125 ,-0.200866699219 ,0.424377441406 ,-0.875244140625
5.6778 ,8420233 ,-92 ,24 ,-0.104248046875 ,-0.1826171875 ,0.433837890625 ,-0.876098632812
5.6886 ,8424177 ,-92 ,25 ,-0.104797363281 ,-0.182250976562 ,0.437805175781 ,-0.874145507812
5.6994 ,8428478 ,-92 ,25 ,-0.108703613281 ,-0.190124511719 ,0.438720703125 ,-0.871520996094
5.7108 ,8439735 ,-92 ,25 ,-0.127258300781 ,-0.207214355469 ,0.437683105469 ,-0.865600585938
5.7245 ,8436589 ,-92 ,24 ,-0.142150878906 ,-0.244995117188 ,0.434448242188 ,-0.85498046875
5.7357 ,8433222 ,-92 ,23 ,-0.162414550781 ,-0.291076660156 ,0.428588867188 ,-0.839721679688
5.747 ,8435150 ,-91 ,21 ,-0.180969238281 ,-0.318420410156 ,0.427429199219 ,-0.826538085938
5.7581 ,8437731 ,-91 ,19 ,-0.185119628906 ,-0.321594238281 ,0.430419921875 ,-0.822875976562
5.7693 ,8435908 ,-91 ,17 ,-0.177734375 ,-0.311584472656 ,0.436218261719 ,-0.825256347656
5.7848 ,8425336 ,-91 ,18 ,-0.173278808594 ,-0.29833984375 ,0.438110351562 ,-0.830078125
5.7964 ,8423842 ,-91 ,20 ,-0.165893554688 ,-0.27392578125 ,0.440185546875 ,-0.8388671875
5.8074 ,8422724 ,-92 ,21 ,-0.154846191406 ,-0.244018554688 ,0.442199707031 ,-0.849060058594
5.8189 ,8417966 ,-92 ,23 ,-0.145385742188 ,-0.218017578125 ,0.442993164062 ,-0.857360839844
5.8302 ,8412997 ,-92 ,25 ,-0.142150878906 ,-0.196228027344 ,0.437072753906 ,-0.866149902344
5.8449 ,8404084 ,-93 ,26 ,-0.14453125 ,-0.188842773438 ,0.432983398438 ,-0.869506835938
5.856 ,8401353 ,-93 ,27 ,-0.14697265625 ,-0.181213378906 ,0.427795410156 ,-0.873229980469
5.8674 ,8394589 ,-93 ,27 ,-0.149108886719 ,-0.177429199219 ,0.42138671875 ,-0.876770019531
5.8784 ,8387336 ,-93 ,27 ,-0.153259277344 ,-0.180603027344 ,0.413940429688 ,-0.878967285156
5.8896 ,8375176 ,-93 ,27 ,-0.162170410156 ,-0.181884765625 ,0.395874023438 ,-0.885375976562
5.9042 ,8368768 ,-93 ,28 ,-0.159118652344 ,-0.167907714844 ,0.384887695312 ,-0.893493652344
5.9167 ,8356931 ,-93 ,27 ,-0.15283203125 ,-0.143188476562 ,0.374145507812 ,-0.903442382812
5.9274 ,8347761 ,-93 ,27 ,-0.142456054688 ,-0.109497070312 ,0.360229492188 ,-0.915405273438
5.938 ,8344283 ,-94 ,26 ,-0.131591796875 ,-0.065673828125 ,0.346069335938 ,-0.926574707031
5.9487 ,8342083 ,-94 ,25 ,-0.11962890625 ,-0.0127563476562 ,0.331604003906 ,-0.935729980469
5.9597 ,8341560 ,-94 ,25 ,-0.0839233398438 ,0.111877441406 ,0.302795410156 ,-0.942749023438
5.9742 ,8341342 ,-94 ,24 ,-0.0582885742188 ,0.16943359375 ,0.291076660156 ,-0.939758300781
5.9851 ,8339781 ,-94 ,23 ,-0.0341796875 ,0.212158203125 ,0.276062011719 ,-0.936828613281
5.9958 ,8341006 ,-94 ,22 ,-0.03466796875 ,0.238464355469 ,0.237915039062 ,-0.94091796875
6.0063 ,8340851 ,-94 ,21 ,-0.0665283203125 ,0.247680664062 ,0.164367675781 ,-0.952453613281
6.0178 ,8341197 ,-94 ,20 ,-0.1083984375 ,0.238403320312 ,0.0702514648438 ,-0.962524414062
6.0292 ,8340633 ,-94 ,19 ,-0.1220703125 ,0.202941894531 ,-0.0264282226562 ,-0.97119140625
6.04 ,8341695 ,-94 ,18 ,-0.0780029296875 ,0.0790405273438 ,-0.197814941406 ,-0.973937988281
6.0541 ,8345664 ,-94 ,18 ,-0.07763671875 ,0.0133056640625 ,-0.261901855469 ,-0.961853027344
6.0665 ,8349325 ,-95 ,17 ,-0.0768432617188 ,-0.0364990234375 ,-0.309143066406 ,-0.947204589844
6.0772 ,8356931 ,-95 ,17 ,-0.0765991210938 ,-0.0655517578125 ,-0.357055664062 ,-0.928649902344
6.0877 ,8373038 ,-95 ,17 ,-0.0640869140625 ,-0.0756225585938 ,-0.382751464844 ,-0.918518066406
6.0981 ,8378965 ,-95 ,16 ,-0.0421752929688 ,-0.0779418945312 ,-0.389831542969 ,-0.916625976562
6.1087 ,8379104 ,-95 ,16 ,-0.0253295898438 ,-0.102355957031 ,-0.404235839844 ,-0.908569335938
6.12 ,8378301 ,-96 ,15 ,0.0244750976562 ,-0.135620117188 ,-0.424377441406 ,-0.894958496094
6.1341 ,8394343 ,-96 ,15 ,0.01416015625 ,-0.115234375 ,-0.441162109375 ,-0.889892578125
6.1456 ,8417793 ,-96 ,15 ,-0.0126953125 ,-0.0846557617188 ,-0.459106445312 ,-0.88427734375
6.1563 ,8421537 ,-96 ,14 ,-0.021728515625 ,-0.0698852539062 ,-0.471313476562 ,-0.878967285156
6.1676 ,8417627 ,-96 ,14 ,0.0052490234375 ,-0.0941162109375 ,-0.479675292969 ,-0.872375488281
6.1786 ,8416741 ,-96 ,14 ,0.0413818359375 ,-0.132568359375 ,-0.484069824219 ,-0.863952636719
6.1896 ,8428693 ,-96 ,14 ,0.0289306640625 ,-0.121948242188 ,-0.510925292969 ,-0.850402832031
6.2042 ,8438620 ,-96 ,14 ,0.01025390625 ,-0.0955200195312 ,-0.52392578125 ,-0.846313476562
6.2166 ,8438620 ,-96 ,14 ,0.0187377929688 ,-0.0997924804688 ,-0.529541015625 ,-0.842163085938
6.2271 ,8431520 ,-95 ,14 ,0.0521850585938 ,-0.1357421875 ,-0.530822753906 ,-0.834899902344
6.2378 ,8436866 ,-95 ,14 ,0.0693359375 ,-0.159057617188 ,-0.53515625 ,-0.826721191406
6.2484 ,8437634 ,-94 ,14 ,0.0569458007812 ,-0.147033691406 ,-0.545227050781 ,-0.823303222656
6.2599 ,8425932 ,-93 ,15 ,0.0402221679688 ,-0.102355957031 ,-0.559326171875 ,-0.821655273438
6.2744 ,8419212 ,-92 ,15 ,0.0385131835938 ,-0.0881958007812 ,-0.562377929688 ,-0.8212890625
6.2851 ,8415222 ,-91 ,15 ,0.031982421875 ,-0.073974609375 ,-0.562316894531 ,-0.822998046875
6.2958 ,8407758 ,-90 ,15 ,0.0311889648438 ,-0.0628662109375 ,-0.559997558594 ,-0.825500488281
6.3066 ,8397644 ,-89 ,15 ,0.0391845703125 ,-0.0540161132812 ,-0.55615234375 ,-0.828369140625
6.3176 ,8397644 ,-89 ,15 ,0.0489501953125 ,-0.0460205078125 ,-0.55126953125 ,-0.831604003906
6.3285 ,8382249 ,-88 ,15 ,0.0570068359375 ,-0.0401611328125 ,-0.545532226562 ,-0.835205078125
6.3393 ,8374976 ,-89 ,15 ,0.060302734375 ,-0.0322875976562 ,-0.540100097656 ,-0.838806152344
6.3499 ,8363550 ,-90 ,15 ,0.0587768554688 ,-0.005615234375 ,-0.526611328125 ,-0.848022460938
6.3667 ,8350207 ,-90 ,15 ,0.0656127929688 ,-0.00616455078125 ,-0.512573242188 ,-0.856140136719
6.3778 ,8343536 ,-91 ,15 ,0.0789794921875 ,-0.0125732421875 ,-0.495178222656 ,-0.865112304688
6.3883 ,8340757 ,-91 ,15 ,0.0917358398438 ,-0.0171508789062 ,-0.472778320312 ,-0.876220703125
6.3995 ,8340480 ,-91 ,16 ,0.0946655273438 ,0.0316772460938 ,-0.39208984375 ,-0.914489746094
6.4164 ,8340536 ,-92 ,16 ,0.0921020507812 ,0.0840454101562 ,-0.321960449219 ,-0.9384765625
6.4273 ,8341352 ,-92 ,17 ,0.089111328125 ,0.136657714844 ,-0.248413085938 ,-0.954833984375
6.438 ,8340705 ,-92 ,17 ,0.0841064453125 ,0.183776855469 ,-0.190124511719 ,-0.960754394531
6.4487 ,8341318 ,-92 ,17 ,0.0778198242188 ,0.221801757812 ,-0.154052734375 ,-0.959716796875
6.4597 ,8341636 ,-92 ,16 ,0.073974609375 ,0.250305175781 ,-0.123596191406 ,-0.957397460938
6.4737 ,8340709 ,-93 ,15 ,0.0834350585938 ,0.2529296875 ,-0.108764648438 ,-0.957702636719
6.4843 ,8340986 ,-93 ,15 ,0.100036621094 ,0.257568359375 ,-0.0769653320312 ,-0.9580078125
6.4948 ,8342491 ,-93 ,14 ,0.113708496094 ,0.263427734375 ,-0.0220336914062 ,-0.957702636719
6.5055 ,8342698 ,-93 ,14 ,0.116027832031 ,0.263977050781 ,0.0550537109375 ,-0.955932617188
6.5165 ,8342425 ,-93 ,14 ,0.115051269531 ,0.254211425781 ,0.142333984375 ,-0.94970703125
6.5274 ,8343307 ,-93 ,14 ,0.11181640625 ,0.228881835938 ,0.227661132812 ,-0.939819335938
6.5381 ,8344432 ,-93 ,13 ,0.087646484375 ,0.19677734375 ,0.301452636719 ,-0.928833007812
6.5488 ,8345837 ,-93 ,13 ,0.0343017578125 ,0.167541503906 ,0.341064453125 ,-0.92431640625
6.5598 ,8348290 ,-94 ,13 ,-0.017578125 ,0.130065917969 ,0.335815429688 ,-0.932739257812
6.5738 ,8351906 ,-94 ,13 ,0.0167846679688 ,0.117858886719 ,0.352722167969 ,-0.928100585938
6.5844 ,8358145 ,-94 ,13 ,0.046630859375 ,0.105712890625 ,0.389343261719 ,-0.913818359375
6.5949 ,8366470 ,-94 ,-1 ,0.012939453125 ,0.0858764648438 ,0.401123046875 ,-0.911926269531
6.6054 ,8374716 ,-94 ,13 ,-0.00933837890625 ,0.0380859375 ,0.414184570312 ,-0.909362792969
6.6165 ,8380658 ,-94 ,14 ,-0.0177001953125 ,-0.00909423828125 ,0.423706054688 ,-0.905578613281
6.6267 ,8383298 ,-94 ,15 ,-0.0338745117188 ,-0.0370483398438 ,0.434692382812 ,-0.899169921875
6.6387 ,8401599 ,-94 ,15 ,-0.0371704101562 ,-0.0429077148438 ,0.443115234375 ,-0.894653320312
6.6495 ,8408177 ,-94 ,16 ,-0.0289306640625 ,-0.0142822265625 ,0.452941894531 ,-0.890930175781
6.6667 ,8413907 ,-93 ,17 ,-0.0226440429688 ,-0.0184936523438 ,0.457092285156 ,-0.888916015625
6.6784 ,8416367 ,-93 ,19 ,-0.0333862304688 ,-0.03515625 ,0.462707519531 ,-0.885192871094
6.6894 ,8420759 ,-93 ,20 ,-0.0447998046875 ,-0.0499267578125 ,0.468872070312 ,-0.880737304688
6.7042 ,8427004 ,-93 ,22 ,-0.0457153320312 ,-0.0448608398438 ,0.468994140625 ,-0.880859375
6.7167 ,8425146 ,-93 ,24 ,-0.05615234375 ,-0.0609130859375 ,0.467468261719 ,-0.880126953125
6.7276 ,8423634 ,-93 ,26 ,-0.104553222656 ,-0.13720703125 ,0.467590332031 ,-0.866943359375
6.7454 ,8417907 ,-94 ,26 ,-0.121520996094 ,-0.154174804688 ,0.467834472656 ,-0.861755371094
6.7559 ,8410464 ,-94 ,-1 ,-0.128234863281 ,-0.157775878906 ,0.466857910156 ,-0.860656738281
6.7672 ,8396305 ,-94 ,28 ,-0.137145996094 ,-0.164123535156 ,0.463073730469 ,-0.860107421875
6.7781 ,8390540 ,-94 ,28 ,-0.151794433594 ,-0.174499511719 ,0.457458496094 ,-0.858642578125
6.7887 ,8375934 ,-94 ,28 ,-0.161560058594 ,-0.176086425781 ,0.4521484375 ,-0.859313964844
6.7999 ,8366342 ,-94 ,27 ,-0.14990234375 ,-0.127624511719 ,0.4443359375 ,-0.873962402344
6.8169 ,8352273 ,-94 ,27 ,-0.136779785156 ,-0.085693359375 ,0.43798828125 ,-0.884338378906
6.8277 ,8348650 ,-94 ,27 ,-0.121826171875 ,-0.0420532226562 ,0.428649902344 ,-0.894226074219
6.8384 ,8343000 ,-94 ,26 ,-0.109252929688 ,0.0048828125 ,0.421997070312 ,-0.899963378906
6.8492 ,8341307 ,-94 ,25 ,-0.0980224609375 ,0.05517578125 ,0.419067382812 ,-0.901000976562
6.8601 ,8341643 ,-94 ,25 ,-0.0564575195312 ,0.150756835938 ,0.412841796875 ,-0.896484375
6.874 ,8341072 ,-94 ,24 ,-0.02783203125 ,0.184875488281 ,0.40625 ,-0.894409179688
6.8852 ,8339705 ,-94 ,23 ,-0.01025390625 ,0.199829101562 ,0.392578125 ,-0.897644042969
6.8964 ,8340380 ,-94 ,23 ,-0.0264282226562 ,0.208923339844 ,0.349975585938 ,-0.912780761719
6.9072 ,8341359 ,-93 ,23 ,-0.0767211914062 ,0.209838867188 ,0.274536132812 ,-0.935241699219
6.918 ,8340529 ,-93 ,22 ,-0.125366210938 ,0.195617675781 ,0.183410644531 ,-0.955200195312
6.9297 ,8341491 ,-93 ,22 ,-0.168640136719 ,0.138000488281 ,0.0111083984375 ,-0.975891113281
6.9446 ,8339515 ,-94 ,21 ,-0.17578125 ,0.0996704101562 ,-0.0485229492188 ,-0.978149414062
6.9553 ,8339965 ,-94 ,20 ,-0.159606933594 ,0.0634765625 ,-0.107849121094 ,-0.979187011719
6.9666 ,8341214 ,-94 ,20 ,-0.136169433594 ,0.0421142578125 ,-0.174438476562 ,-0.974304199219
6.978 ,8342114 ,-94 ,19 ,-0.10791015625 ,0.0416870117188 ,-0.236328125 ,-0.964782714844
6.9886 ,8342228 ,-94 ,19 ,-0.080322265625 ,0.060302734375 ,-0.291931152344 ,-0.951171875
7.0 ,8343498 ,-95 ,18 ,-0.0889282226562 ,0.0845947265625 ,-0.367309570312 ,-0.921936035156
7.0174 ,8352124 ,-95 ,18 ,-0.127624511719 ,0.069091796875 ,-0.388732910156 ,-0.909851074219
7.0287 ,8354100 ,-95 ,18 ,-0.151794433594 ,0.035400390625 ,-0.404113769531 ,-0.9013671875
7.0401 ,8358325 ,-95 ,17 ,-0.077392578125 ,0.0179443359375 ,-0.423706054688 ,-0.902282714844
7.0548 ,8368145 ,-96 ,17 ,-0.083740234375 ,0.00164794921875 ,-0.438537597656 ,-0.894775390625
7.0671 ,8373360 ,-96 ,17 ,-0.0615844726562 ,0.00201416015625 ,-0.44482421875 ,-0.893493652344
7.0787 ,8379325 ,-96 ,17 ,-0.0593872070312 ,-0.011474609375 ,-0.461547851562 ,-0.885070800781
7.0902 ,8389820 ,-96 ,17 ,-0.0361328125 ,-0.0494995117188 ,-0.4765625 ,-0.877014160156
7.1045 ,8392689 ,-96 ,17 ,-0.0292358398438 ,-0.0556030273438 ,-0.480834960938 ,-0.874572753906
7.117 ,8399848 ,-96 ,17 ,-0.0302124023438 ,-0.0508422851562 ,-0.489074707031 ,-0.870239257812
7.1283 ,8401800 ,-96 ,17 ,-0.0250244140625 ,-0.0538940429688 ,-0.495361328125 ,-0.866638183594
7.1394 ,8403502 ,-95 ,17 ,-0.0344848632812 ,-0.046142578125 ,-0.498596191406 ,-0.864929199219
7.1546 ,8412520 ,-95 ,16 ,-0.0487060546875 ,-0.02294921875 ,-0.502746582031 ,-0.862731933594
7.1669 ,8411876 ,-94 ,16 ,-0.0572509765625 ,-0.008056640625 ,-0.508117675781 ,-0.859313964844
7.1784 ,8411125 ,-94 ,16 ,-0.0545043945312 ,-0.00830078125 ,-0.514465332031 ,-0.855773925781
7.1899 ,8409457 ,-93 ,16 ,-0.0504150390625 ,-0.0079345703125 ,-0.522705078125 ,-0.851013183594
7.2045 ,8409976 ,-92 ,16 ,-0.0563354492188 ,0.0062255859375 ,-0.525390625 ,-0.848999023438
7.2179 ,8403734 ,-90 ,16 ,-0.0538940429688 ,0.0153198242188 ,-0.528137207031 ,-0.847351074219
7.2295 ,8396353 ,-90 ,16 ,-0.023681640625 ,-0.0006103515625 ,-0.52880859375 ,-0.848388671875
7.2441 ,8389152 ,-89 ,16 ,-0.0185546875 ,0.00433349609375 ,-0.52587890625 ,-0.850341796875
7.2549 ,8383284 ,-89 ,16 ,-0.0232543945312 ,0.0244750976562 ,-0.523132324219 ,-0.8515625
7.2667 ,8376332 ,-89 ,16 ,-0.0261840820312 ,0.0446166992188 ,-0.521728515625 ,-0.851501464844
7.278 ,8366041 ,-89 ,16 ,-0.0189819335938 ,0.0511474609375 ,-0.519653320312 ,-0.852661132812
7.2893 ,8357875 ,-90 ,16 ,-0.00439453125 ,0.0465698242188 ,-0.514831542969 ,-0.856018066406
7.3006 ,8354211 ,-90 ,17 ,0.0390014648438 ,0.0298461914062 ,-0.493530273438 ,-0.868347167969
7.3175 ,8342795 ,-90 ,-1 ,0.0538940429688 ,0.0164184570312 ,-0.47412109375 ,-0.878662109375
7.3283 ,8341110 ,-90 ,17 ,0.058837890625 ,0.0162963867188 ,-0.451477050781 ,-0.890197753906
7.3392 ,8341373 ,-90 ,18 ,0.0535888671875 ,0.0374145507812 ,-0.42431640625 ,-0.903137207031
7.3498 ,8342276 ,-91 ,17 ,0.0296020507812 ,0.129211425781 ,-0.335876464844 ,-0.932556152344
7.3666 ,8341712 ,-91 ,18 ,0.0178833007812 ,0.185363769531 ,-0.270629882812 ,-0.944519042969
7.3779 ,8342647 ,-91 ,18 ,0.0116577148438 ,0.238525390625 ,-0.201782226562 ,-0.949890136719
7.389 ,8341999 ,-92 ,16 ,0.134521484375 ,0.1689453125 ,0.101196289062 ,-0.971130371094
7.4671 ,8341868 ,-93 ,16 ,0.113647460938 ,0.151794433594 ,0.173461914062 ,-0.966430664062
7.4784 ,8341868 ,-93 ,15 ,0.0838623046875 ,0.140319824219 ,0.243530273438 ,-0.955993652344
7.4901 ,8344453 ,-93 ,15 ,-0.003662109375 ,0.141479492188 ,0.307250976562 ,-0.941040039062
7.5045 ,8344387 ,-93 ,15 ,-0.0137329101562 ,0.153991699219 ,0.305480957031 ,-0.939575195312
7.5168 ,8351373 ,-93 ,14 ,0.009033203125 ,0.166625976562 ,0.310363769531 ,-0.935852050781
7.5284 ,8361709 ,-93 ,14 ,0.0527954101562 ,0.167602539062 ,0.344421386719 ,-0.922241210938
7.5394 ,8368311 ,-93 ,13 ,0.00482177734375 ,0.0582275390625 ,0.387329101562 ,-0.920104980469
7.5545 ,8373692 ,-93 ,13 ,-0.0152587890625 ,-0.048095703125 ,0.407409667969 ,-0.911865234375
7.5673 ,8379786 ,-93 ,14 ,-0.0560302734375 ,-0.131164550781 ,0.403381347656 ,-0.903869628906
7.5779 ,8392703 ,-93 ,15 ,-0.0676879882812 ,-0.182983398438 ,0.41455078125 ,-0.888854980469
7.5886 ,8406461 ,-93 ,16 ,-0.0859985351562 ,-0.180725097656 ,0.419372558594 ,-0.885498046875
7.5999 ,8415139 ,-93 ,16 ,-0.0586547851562 ,-0.118835449219 ,0.438842773438 ,-0.888732910156
7.617 ,8416229 ,-93 ,17 ,-0.045654296875 ,-0.0991821289062 ,0.444213867188 ,-0.889221191406
7.6287 ,8420523 ,-93 ,18 ,-0.0414428710938 ,-0.0847778320312 ,0.450744628906 ,-0.887634277344
7.6402 ,8434852 ,-93 ,19 ,-0.0285034179688 ,-0.0439453125 ,0.454711914062 ,-0.889099121094
7.6547 ,8436323 ,-93 ,21 ,-0.02880859375 ,-0.043701171875 ,0.455139160156 ,-0.888854980469
7.6669 ,8431959 ,-93 ,23 ,-0.0447387695312 ,-0.0843505859375 ,0.457336425781 ,-0.884155273438
7.6781 ,8430959 ,-93 ,24 ,-0.0717163085938 ,-0.141174316406 ,0.458068847656 ,-0.874694824219
7.6898 ,8434696 ,-93 ,25 ,-0.106384277344 ,-0.191467285156 ,0.454223632812 ,-0.863525390625
7.7046 ,8428959 ,-93 ,25 ,-0.111389160156 ,-0.197265625 ,0.45361328125 ,-0.861938476562
7.7167 ,8417987 ,-94 ,25 ,-0.121643066406 ,-0.208312988281 ,0.453674316406 ,-0.85791015625
7.728 ,8406807 ,-94 ,26 ,-0.130126953125 ,-0.212036132812 ,0.452880859375 ,-0.856201171875
7.7391 ,8397468 ,-94 ,27 ,-0.1298828125 ,-0.199462890625 ,0.451843261719 ,-0.859741210938
7.7505 ,8397468 ,-94 ,27 ,-0.110534667969 ,-0.139892578125 ,0.448913574219 ,-0.875610351562
7.7665 ,8369785 ,-94 ,28 ,-0.104675292969 ,-0.120422363281 ,0.444946289062 ,-0.881225585938
7.7773 ,8361526 ,-94 ,28 ,-0.10400390625 ,-0.108703613281 ,0.439086914062 ,-0.8857421875
7.7881 ,8352802 ,-94 ,28 ,-0.1015625 ,-0.0929565429688 ,0.430786132812 ,-0.891906738281
7.799 ,8350536 ,-94 ,27 ,-0.074462890625 ,0.0560913085938 ,0.382446289062 ,-0.919250488281
7.8381 ,8342065 ,-94 ,26 ,-0.0624389648438 ,0.0997924804688 ,0.370666503906 ,-0.921264648438
7.8496 ,8341048 ,-94 ,25 ,-0.0240478515625 ,0.184692382812 ,0.352661132812 ,-0.917053222656
7.8673 ,8341262 ,-94 ,25 ,-0.0144653320312 ,0.213317871094 ,0.328369140625 ,-0.920043945312
7.8784 ,8341321 ,-95 ,24 ,-0.0287475585938 ,0.229919433594 ,0.276306152344 ,-0.932739257812
7.8897 ,8341321 ,-94 ,24 ,-0.0995483398438 ,0.21337890625 ,0.116943359375 ,-0.96484375
7.9046 ,8342280 ,-94 ,23 ,-0.126159667969 ,0.194274902344 ,0.0245971679688 ,-0.972473144531
7.9168 ,8342889 ,-94 ,23 ,-0.128601074219 ,0.153625488281 ,-0.0678100585938 ,-0.977355957031
7.9278 ,8342003 ,-94 ,22 ,-0.114868164062 ,0.108093261719 ,-0.158142089844 ,-0.974731445312
7.9386 ,8343207 ,-94 ,22 ,-0.09716796875 ,0.0582885742188 ,-0.229125976562 ,-0.966796875
7.9499 ,8344681 ,-94 ,21 ,-0.0919189453125 ,0.0154418945312 ,-0.307800292969 ,-0.946838378906
7.9669 ,8353411 ,-94 ,21 ,-0.135070800781 ,0.0151977539062 ,-0.320983886719 ,-0.937255859375
7.9786 ,8358283 ,-95 ,20 ,-0.16650390625 ,0.0350952148438 ,-0.333068847656 ,-0.927429199219
7.9896 ,8365893 ,-95 ,19 ,-0.138549804688 ,0.10498046875 ,-0.381713867188 ,-0.907775878906
8.0047 ,8377540 ,-95 ,19 ,-0.132263183594 ,0.0759887695312 ,-0.396057128906 ,-0.905456542969
8.0169 ,8382561 ,-95 ,18 ,-0.101501464844 ,0.0458984375 ,-0.416870117188 ,-0.902099609375
8.0278 ,8392516 ,-95 ,17 ,-0.088134765625 ,0.010009765625 ,-0.435729980469 ,-0.895690917969
8.0385 ,8397298 ,-95 ,17 ,-0.0750732421875 ,-0.0164794921875 ,-0.456726074219 ,-0.886291503906
8.0543 ,8409987 ,-95 ,16 ,-0.0658569335938 ,-0.0276489257812 ,-0.470947265625 ,-0.879272460938
8.0671 ,8414194 ,-95 ,16 ,-0.0369873046875 ,-0.0496215820312 ,-0.481140136719 ,-0.874450683594
8.0783 ,8425530 ,-95 ,16 ,-0.0176391601562 ,-0.0792236328125 ,-0.487243652344 ,-0.869506835938
8.0898 ,8433641 ,-96 ,16 ,-0.0352783203125 ,-0.0535888671875 ,-0.499389648438 ,-0.864013671875
8.1038 ,8436067 ,-96 ,15 ,-0.04296875 ,-0.035888671875 ,-0.505859375 ,-0.860778808594
8.1162 ,8434537 ,-96 ,15 ,-0.027099609375 ,-0.0523071289062 ,-0.511108398438 ,-0.857482910156
8.1273 ,8437752 ,-96 ,15 ,-0.00927734375 ,-0.0753784179688 ,-0.515014648438 ,-0.853820800781
8.1383 ,8441856 ,-95 ,16 ,-0.012451171875 ,-0.0716552734375 ,-0.519104003906 ,-0.851623535156
8.1495 ,8438852 ,-95 ,16 ,-0.0390625 ,-0.0225830078125 ,-0.527893066406 ,-0.84814453125
8.1675 ,8432797 ,-93 ,16 ,-0.0322265625 ,-0.0225219726562 ,-0.529479980469 ,-0.847412109375
8.1786 ,8431662 ,-92 ,16 ,-0.0234985351562 ,-0.027587890625 ,-0.527404785156 ,-0.848815917969
8.1943 ,8417824 ,-89 ,16 ,-0.0283203125 ,-0.00750732421875 ,-0.5263671875 ,-0.849731445312
8.2054 ,8408488 ,-87 ,16 ,-0.0281372070312 ,0.0122680664062 ,-0.524780273438 ,-0.850646972656
8.2163 ,8404052 ,-87 ,16 ,-0.021728515625 ,0.0216064453125 ,-0.519714355469 ,-0.853759765625
8.2276 ,8397686 ,-85 ,16 ,-0.0149536132812 ,0.0291137695312 ,-0.511840820312 ,-0.858459472656
8.2392 ,8383671 ,-83 ,16 ,-0.0104370117188 ,0.0650634765625 ,-0.498291015625 ,-0.864501953125
8.2547 ,8374540 ,-83 ,16 ,-0.00262451171875 ,0.0779418945312 ,-0.489868164062 ,-0.868286132812
8.2668 ,8361412 ,-84 ,16 ,0.0087890625 ,0.0826416015625 ,-0.479553222656 ,-0.873596191406
8.2778 ,8349041 ,-86 ,16 ,0.0187377929688 ,0.0855102539062 ,-0.467163085938 ,-0.879821777344
8.2892 ,8346359 ,-87 ,16 ,0.039306640625 ,0.0962524414062 ,-0.440002441406 ,-0.891967773438
8.3044 ,8340543 ,-88 ,16 ,0.0457153320312 ,0.101318359375 ,-0.415649414062 ,-0.902709960938
8.3167 ,8341280 ,-89 ,16 ,0.007080078125 ,0.204833984375 ,-0.258850097656 ,-0.943908691406
8.3464 ,8341844 ,-91 ,15 ,-0.0047607421875 ,0.247253417969 ,-0.180358886719 ,-0.952026367188
8.357 ,8342761 ,-91 ,15 ,-0.00604248046875 ,0.279113769531 ,-0.101989746094 ,-0.954833984375
8.3676 ,8341996 ,-91 ,15 ,0.010986328125 ,0.300598144531 ,-0.0368041992188 ,-0.953002929688
8.3795 ,8340951 ,-92 ,14 ,0.0906372070312 ,0.292114257812 ,0.0281982421875 ,-0.95166015625
8.3939 ,8341065 ,-93 ,14 ,0.131286621094 ,0.275146484375 ,0.0390625 ,-0.951599121094
8.4052 ,8341733 ,-93 ,14 ,0.154113769531 ,0.246765136719 ,0.0603637695312 ,-0.954833984375
8.4165 ,8341757 ,-93 ,13 ,0.128051757812 ,0.189514160156 ,0.155944824219 ,-0.9609375
8.4339 ,8342401 ,-94 ,13 ,0.0696411132812 ,0.1640625 ,0.214904785156 ,-0.960205078125
8.4447 ,8343785 ,-94 ,12 ,0.0078125 ,0.139831542969 ,0.255981445312 ,-0.956481933594
8.4553 ,8348539 ,-94 ,12 ,-0.0206298828125 ,0.123352050781 ,0.269592285156 ,-0.954833984375
8.4662 ,8350692 ,-94 ,12 ,0.003662109375 ,0.121704101562 ,0.269226074219 ,-0.955383300781
8.4766 ,8353079 ,-94 ,12 ,0.0413208007812 ,0.100769042969 ,0.349792480469 ,-0.930480957031
8.4937 ,8378488 ,-95 ,13 ,-0.00775146484375 ,0.0242919921875 ,0.365905761719 ,-0.930297851562
8.5042 ,8379415 ,-95 ,15 ,-0.0284423828125 ,-0.0888671875 ,0.391540527344 ,-0.915405273438
8.5162 ,8393467 ,-95 ,18 ,-0.0732421875 ,-0.180480957031 ,0.388793945312 ,-0.900512695312
8.5273 ,8400371 ,-95 ,20 ,-0.0907592773438 ,-0.238891601562 ,0.397705078125 ,-0.881225585938
8.5381 ,8423627 ,-95 ,20 ,-0.110961914062 ,-0.237243652344 ,0.406311035156 ,-0.875366210938
8.5487 ,8425745 ,-95 ,21 ,-0.1025390625 ,-0.206298828125 ,0.415893554688 ,-0.879760742188
8.5605 ,8424018 ,-95 ,22 ,-0.0722045898438 ,-0.157348632812 ,0.442199707031 ,-0.880065917969
8.5734 ,8427074 ,-95 ,22 ,-0.0634155273438 ,-0.138793945312 ,0.446228027344 ,-0.8818359375
8.5844 ,8443922 ,-95 ,21 ,-0.0531005859375 ,-0.110473632812 ,0.450927734375 ,-0.884094238281
8.5952 ,8448541 ,-95 ,20 ,-0.0459594726562 ,-0.0798950195312 ,0.455017089844 ,-0.885681152344
8.6064 ,8443375 ,-95 ,20 ,-0.0447387695312 ,-0.0789184570312 ,0.455017089844 ,-0.885864257812
8.6173 ,8438036 ,-95 ,21 ,-0.0599365234375 ,-0.120361328125 ,0.457153320312 ,-0.879150390625
8.6284 ,8442375 ,-95 ,24 ,-0.0841064453125 ,-0.173828125 ,0.458374023438 ,-0.867553710938
8.6392 ,8443236 ,-95 ,26 ,-0.113586425781 ,-0.219482421875 ,0.456115722656 ,-0.854919433594
8.6538 ,8431416 ,-95 ,27 ,-0.120178222656 ,-0.2275390625 ,0.455505371094 ,-0.852233886719
8.6665 ,8420226 ,-95 ,28 ,-0.129272460938 ,-0.237060546875 ,0.457458496094 ,-0.847229003906
8.6769 ,8411357 ,-95 ,-1 ,-0.134338378906 ,-0.233093261719 ,0.458190917969 ,-0.84716796875
8.6876 ,8404513 ,-95 ,29 ,-0.1318359375 ,-0.211181640625 ,0.458618164062 ,-0.853088378906
8.6984 ,8393571 ,-95 ,30 ,-0.120422363281 ,-0.176391601562 ,0.461303710938 ,-0.861145019531
8.7091 ,8381014 ,-96 ,30 ,-0.108581542969 ,-0.146362304688 ,0.464721679688 ,-0.866516113281
8.7205 ,8364166 ,-96 ,29 ,-0.105834960938 ,-0.121032714844 ,0.464294433594 ,-0.870971679688
8.7337 ,8356190 ,-96 ,30 ,-0.102661132812 ,-0.1015625 ,0.459716796875 ,-0.876281738281
8.7445 ,8348581 ,-96 ,30 ,-0.094482421875 ,-0.0715942382812 ,0.454467773438 ,-0.8828125
8.7554 ,8344536 ,-96 ,30 ,-0.0838012695312 ,-0.0336303710938 ,0.448425292969 ,-0.889282226562
8.7662 ,8342089 ,-96 ,29 ,-0.0762329101562 ,0.00848388671875 ,0.445129394531 ,-0.892150878906
8.7771 ,8341640 ,-96 ,28 ,-0.0689086914062 ,0.0510864257812 ,0.446594238281 ,-0.890625
8.7879 ,8341837 ,-96 ,28 ,-0.0570678710938 ,0.0939331054688 ,0.451538085938 ,-0.885437011719
8.7986 ,8342349 ,-96 ,27 ,-0.039306640625 ,0.135498046875 ,0.457397460938 ,-0.877990722656
8.8099 ,8340602 ,-95 ,26 ,0.0062255859375 ,0.187255859375 ,0.456726074219 ,-0.869689941406
8.8237 ,8340325 ,-96 ,25 ,0.0164794921875 ,0.197937011719 ,0.429504394531 ,-0.880920410156
8.8344 ,8340474 ,-96 ,25 ,0.000244140625 ,0.206115722656 ,0.362487792969 ,-0.908874511719
8.8459 ,8341563 ,-96 ,24 ,-0.0357666015625 ,0.201782226562 ,0.271423339844 ,-0.9404296875
8.8567 ,8342474 ,-95 ,24 ,-0.0715942382812 ,0.197265625 ,0.164855957031 ,-0.963745117188
8.8673 ,8342297 ,-95 ,24 ,-0.0912475585938 ,0.192199707031 ,0.0467529296875 ,-0.976013183594
8.8783 ,8342152 ,-95 ,23 ,-0.0975952148438 ,0.167358398438 ,-0.0660400390625 ,-0.978820800781
8.8894 ,8341678 ,-95 ,22 ,-0.0947265625 ,0.068115234375 ,-0.218872070312 ,-0.96875
8.9044 ,8342595 ,-95 ,22 ,-0.0731201171875 ,0.0389404296875 ,-0.262573242188 ,-0.961364746094
8.9161 ,8344501 ,-96 ,22 ,-0.062255859375 ,0.03662109375 ,-0.294250488281 ,-0.953002929688
8.9264 ,8345356 ,-96 ,21 ,-0.0767211914062 ,0.0481567382812 ,-0.31494140625 ,-0.944763183594
8.9369 ,8351148 ,-96 ,21 ,-0.121459960938 ,0.061279296875 ,-0.322143554688 ,-0.936889648438
8.9475 ,8352809 ,-96 ,20 ,-0.169616699219 ,0.079833984375 ,-0.322326660156 ,-0.927856445312
8.9597 ,8362830 ,-96 ,20 ,-0.145690917969 ,0.145751953125 ,-0.383361816406 ,-0.900329589844
8.9737 ,8365332 ,-96 ,20 ,-0.16455078125 ,0.113586425781 ,-0.395080566406 ,-0.896606445312
8.9842 ,8372758 ,-96 ,19 ,-0.129577636719 ,0.104919433594 ,-0.414428710938 ,-0.894653320312
8.9948 ,8377014 ,-96 ,19 ,-0.130798339844 ,0.0697021484375 ,-0.430541992188 ,-0.890319824219
9.0052 ,8384761 ,-96 ,19 ,-0.10498046875 ,0.0507202148438 ,-0.440856933594 ,-0.889953613281
9.0163 ,8394744 ,-96 ,18 ,-0.106262207031 ,0.0297241210938 ,-0.450988769531 ,-0.885681152344
9.0266 ,8396467 ,-97 ,18 ,-0.0938720703125 ,0.0225219726562 ,-0.461486816406 ,-0.881896972656
9.0371 ,8398412 ,-97 ,18 ,-0.0654296875 ,-0.004150390625 ,-0.479675292969 ,-0.875
9.0566 ,8409018 ,-97 ,-1 ,-0.052734375 ,-0.0249633789062 ,-0.484680175781 ,-0.872741699219
9.0675 ,8414447 ,-96 ,18 ,-0.05224609375 ,-0.0286865234375 ,-0.489624023438 ,-0.869934082031
9.0782 ,8415575 ,-96 ,18 ,-0.0623168945312 ,-0.0131225585938 ,-0.493957519531 ,-0.867126464844
9.0889 ,8416319 ,-96 ,18 ,-0.0632934570312 ,-0.00335693359375 ,-0.5029296875 ,-0.861999511719
9.1038 ,8415236 ,-95 ,18 ,-0.0552368164062 ,-0.00927734375 ,-0.50634765625 ,-0.860534667969
9.1162 ,8413731 ,-94 ,18 ,-0.0587768554688 ,-0.001953125 ,-0.508361816406 ,-0.859130859375
9.1276 ,8409994 ,-92 ,18 ,-0.072509765625 ,0.0208740234375 ,-0.509338378906 ,-0.857238769531
9.1383 ,8404502 ,-91 ,18 ,-0.0806274414062 ,0.0426025390625 ,-0.510620117188 ,-0.85498046875
9.149 ,8402291 ,-91 ,18 ,-0.056396484375 ,0.0347900390625 ,-0.511596679688 ,-0.856689453125
9.1661 ,8389332 ,-89 ,18 ,-0.0454711914062 ,0.0321655273438 ,-0.5078125 ,-0.859680175781
9.177 ,8383249 ,-89 ,18 ,-0.0448608398438 ,0.0462036132812 ,-0.502380371094 ,-0.862243652344
9.1875 ,8383249 ,-89 ,18 ,-0.0411987304688 ,0.0799560546875 ,-0.492126464844 ,-0.865844726562
9.2037 ,8368906 ,-89 ,18 ,-0.0296630859375 ,0.0841674804688 ,-0.487854003906 ,-0.868347167969
9.2161 ,8360155 ,-90 ,18 ,-0.01904296875 ,0.0859375 ,-0.482849121094 ,-0.871276855469
9.2264 ,8353474 ,-90 ,18 ,-0.0126953125 ,0.0925903320312 ,-0.476501464844 ,-0.874206542969
9.2369 ,8347695 ,-91 ,18 ,-0.00836181640625 ,0.104370117188 ,-0.469299316406 ,-0.876831054688
9.2474 ,8345903 ,-91 ,18 ,-0.00286865234375 ,0.112731933594 ,-0.456848144531 ,-0.882385253906
9.2578 ,8342162 ,-91 ,18 ,0.00201416015625 ,0.117797851562 ,-0.440734863281 ,-0.889892578125
9.2681 ,8340557 ,-92 ,18 ,0.00213623046875 ,0.129333496094 ,-0.420288085938 ,-0.898132324219
9.2794 ,8341896 ,-92 ,18 ,-0.0068359375 ,0.186889648438 ,-0.349670410156 ,-0.918029785156
9.2939 ,8341359 ,-93 ,18 ,-0.00823974609375 ,0.222045898438 ,-0.290710449219 ,-0.9306640625
9.3047 ,8342200 ,-93 ,18 ,-0.0048828125 ,0.253784179688 ,-0.224853515625 ,-0.940734863281
9.3162 ,8341339 ,-93 ,18 ,0.00390625 ,0.276977539062 ,-0.159362792969 ,-0.947570800781
9.3268 ,8341671 ,-94 ,18 ,0.0198364257812 ,0.287902832031 ,-0.101318359375 ,-0.952087402344
9.3376 ,8340923 ,-94 ,18 ,0.0426025390625 ,0.285522460938 ,-0.0552978515625 ,-0.955810546875
9.3486 ,8340775 ,-94 ,17 ,0.0742797851562 ,0.267883300781 ,-0.0260620117188 ,-0.960205078125
9.3596 ,8340249 ,-94 ,17 ,0.147827148438 ,0.222290039062 ,-0.00274658203125 ,-0.963684082031
9.3743 ,8341529 ,-94 ,17 ,0.166320800781 ,0.204895019531 ,0.0208129882812 ,-0.96435546875
9.3852 ,8341757 ,-94 ,16 ,0.164123535156 ,0.190002441406 ,0.0697631835938 ,-0.965454101562
9.3964 ,8341605 ,-94 ,16 ,0.150146484375 ,0.177001953125 ,0.138000488281 ,-0.962829589844
9.4071 ,8341598 ,-95 ,16 ,0.132751464844 ,0.167602539062 ,0.21240234375 ,-0.953491210938
9.4181 ,8342944 ,-95 ,15 ,0.106201171875 ,0.164916992188 ,0.27880859375 ,-0.940124511719
9.4291 ,8344100 ,-95 ,15 ,0.0191650390625 ,0.173828125 ,0.325500488281 ,-0.92919921875
9.4437 ,8349993 ,-95 ,14 ,0.00689697265625 ,0.178344726562 ,0.322143554688 ,-0.929748535156
9.455 ,8352131 ,-95 ,14 ,0.02587890625 ,0.175354003906 ,0.331848144531 ,-0.926513671875
9.4664 ,8363263 ,-95 ,13 ,0.063232421875 ,0.155151367188 ,0.381958007812 ,-0.908874511719
9.4778 ,8380014 ,-95 ,13 ,0.0520629882812 ,0.101745605469 ,0.413391113281 ,-0.9033203125
9.4892 ,8383575 ,-95 ,14 ,-0.0440673828125 ,-0.115417480469 ,0.449340820312 ,-0.884765625
9.5042 ,8386651 ,-95 ,16 ,-0.0919799804688 ,-0.203918457031 ,0.442077636719 ,-0.86865234375
9.5167 ,8415589 ,-95 ,19 ,-0.107421875 ,-0.254333496094 ,0.447814941406 ,-0.850402832031
9.5286 ,8421530 ,-95 ,22 ,-0.113891601562 ,-0.215087890625 ,0.462829589844 ,-0.852355957031
9.544 ,8427323 ,-95 ,23 ,-0.09130859375 ,-0.183044433594 ,0.475646972656 ,-0.855529785156
9.5547 ,8426219 ,-95 ,24 ,-0.0774536132812 ,-0.156677246094 ,0.483825683594 ,-0.857543945312
9.5662 ,8432444 ,-95 ,24 ,-0.0654907226562 ,-0.126586914062 ,0.488159179688 ,-0.861022949219
9.5776 ,8444700 ,-95 ,23 ,-0.05078125 ,-0.0917358398438 ,0.490417480469 ,-0.865173339844
9.5886 ,8446108 ,-95 ,22 ,-0.0405883789062 ,-0.063232421875 ,0.492492675781 ,-0.867065429688
9.5998 ,8442423 ,-95 ,23 ,-0.0646362304688 ,-0.11474609375 ,0.494812011719 ,-0.858947753906
9.6168 ,8441610 ,-95 ,24 ,-0.0936889648438 ,-0.170532226562 ,0.494323730469 ,-0.847229003906
9.6285 ,8441219 ,-95 ,25 ,-0.117614746094 ,-0.207641601562 ,0.4921875 ,-0.837158203125
9.6397 ,8433136 ,-95 ,26 ,-0.135131835938 ,-0.227233886719 ,0.491577148438 ,-0.829711914062
9.6538 ,8420284 ,-95 ,27 ,-0.140319824219 ,-0.229675292969 ,0.4951171875 ,-0.826049804688
9.6663 ,8415149 ,-95 ,28 ,-0.140258789062 ,-0.218139648438 ,0.497497558594 ,-0.827758789062
9.678 ,8410264 ,-95 ,29 ,-0.135803222656 ,-0.195190429688 ,0.500793457031 ,-0.832275390625
9.6897 ,8405423 ,-95 ,29 ,-0.113647460938 ,-0.135131835938 ,0.509643554688 ,-0.842102050781
9.7038 ,8383883 ,-95 ,29 ,-0.107360839844 ,-0.115661621094 ,0.511901855469 ,-0.844421386719
9.7164 ,8370952 ,-96 ,29 ,-0.106689453125 ,-0.103393554688 ,0.511413574219 ,-0.846374511719
9.7277 ,8363024 ,-96 ,28 ,-0.104370117188 ,-0.088134765625 ,0.508666992188 ,-0.850036621094
9.7388 ,8352875 ,-96 ,27 ,-0.0995483398438 ,-0.0687255859375 ,0.505493164062 ,-0.854309082031
9.75 ,8349930 ,-96 ,27 ,-0.084716796875 ,-0.0208740234375 ,0.496398925781 ,-0.863708496094
9.7665 ,8342705 ,-96 ,27 ,-0.0765991210938 ,0.00732421875 ,0.490539550781 ,-0.867980957031
9.7771 ,8342349 ,-96 ,26 ,-0.0641479492188 ,0.0427856445312 ,0.487670898438 ,-0.86962890625
9.7877 ,8341076 ,-96 ,25 ,-0.0476684570312 ,0.0833740234375 ,0.488464355469 ,-0.867248535156
9.7985 ,8341647 ,-95 ,24 ,0.00286865234375 ,0.160949707031 ,0.490783691406 ,-0.856262207031
9.8162 ,8340363 ,-95 ,23 ,0.0336303710938 ,0.184753417969 ,0.48583984375 ,-0.853637695312
9.8278 ,8339875 ,-95 ,22 ,0.062255859375 ,0.199096679688 ,0.471984863281 ,-0.856567382812
9.8389 ,8341207 ,-95 ,22 ,0.025390625 ,0.251098632812 ,0.368591308594 ,-0.894714355469
9.8543 ,8341013 ,-95 ,21 ,-0.0317993164062 ,0.272644042969 ,0.286804199219 ,-0.917846679688
9.8669 ,8341750 ,-95 ,21 ,-0.0794067382812 ,0.280639648438 ,0.203857421875 ,-0.9345703125
9.8784 ,8340736 ,-95 ,21 ,-0.103881835938 ,0.265319824219 ,0.125549316406 ,-0.950317382812
9.89 ,8341062 ,-95 ,20 ,-0.108154296875 ,0.200927734375 ,-0.0125732421875 ,-0.973510742188
9.9041 ,8341024 ,-95 ,20 ,-0.108276367188 ,0.153930664062 ,-0.0568237304688 ,-0.98046875
9.9171 ,8342055 ,-95 ,19 ,-0.102294921875 ,0.119934082031 ,-0.0911254882812 ,-0.983276367188
9.9287 ,8341975 ,-95 ,19 ,-0.0654907226562 ,0.108581542969 ,-0.135070800781 ,-0.982666015625
9.9439 ,8341484 ,-95 ,19 ,-0.0463256835938 ,0.130310058594 ,-0.157348632812 ,-0.977844238281
9.9549 ,8342079 ,-95 ,18 ,-0.0410766601562 ,0.163513183594 ,-0.186157226562 ,-0.967956542969
9.9664 ,8341100 ,-95 ,18 ,-0.0503540039062 ,0.189697265625 ,-0.215515136719 ,-0.956604003906
9.978 ,8345539 ,-95 ,18 ,-0.0745849609375 ,0.19482421875 ,-0.238952636719 ,-0.948364257812
9.9888 ,8345297 ,-95 ,17 ,-0.113403320312 ,0.185424804688 ,-0.258422851562 ,-0.941284179688
10.0001 ,8348090 ,-95 ,17 ,-0.159484863281 ,0.165588378906 ,-0.312927246094 ,-0.921508789062
10.0161 ,8353256 ,-94 ,17 ,-0.146057128906 ,0.165161132812 ,-0.340515136719 ,-0.914001464844
10.0268 ,8358692 ,-94 ,17 ,-0.143005371094 ,0.166931152344 ,-0.356018066406 ,-0.908264160156
10.0376 ,8358692 ,-94 ,16 ,-0.151489257812 ,0.160583496094 ,-0.367614746094 ,-0.903381347656
10.0493 ,8366436 ,-93 ,16 ,-0.133117675781 ,0.137634277344 ,-0.391784667969 ,-0.89990234375
10.0662 ,8369695 ,-91 ,16 ,-0.119323730469 ,0.120422363281 ,-0.399230957031 ,-0.901062011719
10.0775 ,8371010 ,-90 ,16 ,-0.106140136719 ,0.105407714844 ,-0.406799316406 ,-0.901184082031
10.0882 ,8371682 ,-89 ,16 ,-0.103149414062 ,0.0997924804688 ,-0.414428710938 ,-0.898681640625
10.099 ,8372948 ,-88 ,16 ,-0.100708007812 ,0.119445800781 ,-0.424438476562 ,-0.891845703125
10.1161 ,8371024 ,-87 ,16 ,-0.0972290039062 ,0.132507324219 ,-0.429138183594 ,-0.88818359375
10.1269 ,8368491 ,-87 ,16 ,-0.093505859375 ,0.141235351562 ,-0.43017578125 ,-0.88671875
10.1377 ,8366806 ,-86 ,16 ,-0.0844116210938 ,0.142395019531 ,-0.428588867188 ,-0.88818359375
10.1484 ,8362778 ,-86 ,16 ,-0.0744018554688 ,0.139404296875 ,-0.426513671875 ,-0.890563964844
10.1593 ,8357799 ,-86 ,16 ,-0.056396484375 ,0.146545410156 ,-0.422790527344 ,-0.892517089844
10.1733 ,8350515 ,-86 ,16 ,-0.0486450195312 ,0.156921386719 ,-0.420593261719 ,-0.892272949219
10.1841 ,8345712 ,-87 ,16 ,-0.0414428710938 ,0.164367675781 ,-0.415710449219 ,-0.8935546875
10.1949 ,8342899 ,-88 ,-1 ,-0.031982421875 ,0.16796875 ,-0.402893066406 ,-0.899108886719
10.2057 ,8341674 ,-88 ,16 ,-0.0216674804688 ,0.17138671875 ,-0.386169433594 ,-0.906127929688
10.217 ,8340681 ,-89 ,17 ,-0.0148315429688 ,0.180908203125 ,-0.364807128906 ,-0.913208007812
10.228 ,8341463 ,-89 ,17 ,-0.0108642578125 ,0.201049804688 ,-0.337036132812 ,-0.919677734375
10.2389 ,8342318 ,-90 ,-1 ,0.00689697265625 ,0.250854492188 ,-0.254943847656 ,-0.933837890625
10.2536 ,8341778 ,-90 ,17 ,0.0230712890625 ,0.267761230469 ,-0.209899902344 ,-0.940063476562
10.2661 ,8341674 ,-90 ,17 ,0.039794921875 ,0.277893066406 ,-0.172302246094 ,-0.944213867188
10.2774 ,8341325 ,-90 ,17 ,0.0570068359375 ,0.279357910156 ,-0.145141601562 ,-0.947448730469
10.2882 ,8341076 ,-91 ,17 ,0.07275390625 ,0.270202636719 ,-0.1259765625 ,-0.951721191406
10.2991 ,8340557 ,-91 ,16 ,0.0999755859375 ,0.22509765625 ,-0.0740356445312 ,-0.966369628906
10.3163 ,8341543 ,-92 ,15 ,0.105102539062 ,0.201416015625 ,-0.0325317382812 ,-0.973327636719
10.3284 ,8341484 ,-92 ,14 ,0.105773925781 ,0.183959960938 ,0.017822265625 ,-0.97705078125
10.3396 ,8342598 ,-92 ,14 ,0.0971069335938 ,0.167114257812 ,0.127014160156 ,-0.972900390625
10.3542 ,8344173 ,-92 ,14 ,0.0782470703125 ,0.160095214844 ,0.177551269531 ,-0.967834472656
10.3665 ,8344460 ,-92 ,13 ,0.0447998046875 ,0.149108886719 ,0.21875 ,-0.963256835938
10.3776 ,8344429 ,-92 ,13 ,0.0116577148438 ,0.135925292969 ,0.247863769531 ,-0.959167480469
10.3883 ,8351799 ,-93 ,13 ,-0.00665283203125 ,0.124206542969 ,0.2646484375 ,-0.956298828125
10.3993 ,8358176 ,-93 ,13 ,0.0179443359375 ,0.0791015625 ,0.306640625 ,-0.948364257812
10.4159 ,8370163 ,-93 ,13 ,0.021240234375 ,0.0299682617188 ,0.344848632812 ,-0.937927246094
10.4269 ,8375640 ,-93 ,13 ,-0.0172119140625 ,-0.038818359375 ,0.361450195312 ,-0.931396484375
10.4378 ,8377751 ,-93 ,15 ,-0.0374145507812 ,-0.126403808594 ,0.380187988281 ,-0.915466308594
10.4492 ,8383716 ,-93 ,18 ,-0.0836181640625 ,-0.256958007812 ,0.385009765625 ,-0.882446289062
10.4665 ,8407675 ,-93 ,22 ,-0.0997924804688 ,-0.268615722656 ,0.388122558594 ,-0.875915527344
10.4783 ,8412291 ,-93 ,23 ,-0.0835571289062 ,-0.201965332031 ,0.409301757812 ,-0.885864257812
10.4936 ,8415627 ,-93 ,25 ,-0.0650634765625 ,-0.171020507812 ,0.416259765625 ,-0.890686035156
10.5048 ,8417340 ,-93 ,27 ,-0.0548706054688 ,-0.150756835938 ,0.419311523438 ,-0.8935546875
10.5166 ,8421001 ,-93 ,27 ,-0.0574951171875 ,-0.134704589844 ,0.422058105469 ,-0.894653320312
10.5334 ,8432561 ,-93 ,26 ,-0.0602416992188 ,-0.128723144531 ,0.420776367188 ,-0.89599609375
10.5441 ,8430821 ,-93 ,26 ,-0.066162109375 ,-0.147705078125 ,0.41748046875 ,-0.894165039062
10.5548 ,8429208 ,-94 ,25 ,-0.0826416015625 ,-0.1953125 ,0.415649414062 ,-0.884460449219
10.5661 ,8430489 ,-94 ,24 ,-0.107543945312 ,-0.252746582031 ,0.412902832031 ,-0.868347167969
10.5772 ,8434049 ,-94 ,23 ,-0.129272460938 ,-0.291564941406 ,0.407775878906 ,-0.855529785156
10.5877 ,8431589 ,-94 ,23 ,-0.1376953125 ,-0.30419921875 ,0.404479980469 ,-0.851440429688
10.5985 ,8423845 ,-94 ,22 ,-0.138305664062 ,-0.309143066406 ,0.405517578125 ,-0.849060058594
10.6093 ,8423631 ,-94 ,21 ,-0.135620117188 ,-0.301635742188 ,0.412536621094 ,-0.848815917969
10.6233 ,8422516 ,-94 ,20 ,-0.125061035156 ,-0.271057128906 ,0.417236328125 ,-0.8583984375
10.634 ,8422506 ,-94 ,19 ,-0.110229492188 ,-0.234680175781 ,0.420837402344 ,-0.869262695312
10.6445 ,8420018 ,-94 ,19 ,-0.0988159179688 ,-0.212097167969 ,0.422790527344 ,-0.87548828125
10.6555 ,8409260 ,-94 ,19 ,-0.0953979492188 ,-0.206726074219 ,0.424377441406 ,-0.876403808594
10.6658 ,8408201 ,-94 ,19 ,-0.0960083007812 ,-0.207336425781 ,0.4248046875 ,-0.8759765625
10.6771 ,8405610 ,-94 ,19 ,-0.095947265625 ,-0.204956054688 ,0.422790527344 ,-0.877502441406
10.6876 ,8405118 ,-94 ,20 ,-0.0948486328125 ,-0.203125 ,0.414489746094 ,-0.882019042969
10.7034 ,8398744 ,-94 ,21 ,-0.0977783203125 ,-0.209167480469 ,0.411499023438 ,-0.881713867188
10.7158 ,8395872 ,-94 ,23 ,-0.100891113281 ,-0.213745117188 ,0.408386230469 ,-0.881713867188
10.7266 ,8395236 ,-95 ,25 ,-0.101196289062 ,-0.212890625 ,0.403625488281 ,-0.884033203125
10.7371 ,8394841 ,-95 ,27 ,-0.0994262695312 ,-0.20751953125 ,0.397766113281 ,-0.88818359375
10.7476 ,8391824 ,-95 ,28 ,-0.0973510742188 ,-0.197814941406 ,0.392395019531 ,-0.893005371094
10.7583 ,8386395 ,-95 ,29 ,-0.0945434570312 ,-0.187683105469 ,0.387634277344 ,-0.897521972656
10.7694 ,8384204 ,-95 ,30 ,-0.0895385742188 ,-0.162048339844 ,0.377563476562 ,-0.907287597656
10.7833 ,8379000 ,-94 ,30 ,-0.0903930664062 ,-0.148681640625 ,0.372253417969 ,-0.911682128906
10.7938 ,8377381 ,-94 ,31 ,-0.0914306640625 ,-0.136657714844 ,0.367248535156 ,-0.915466308594
10.8045 ,8371671 ,-94 ,31 ,-0.09326171875 ,-0.128112792969 ,0.363586425781 ,-0.91796875
10.8157 ,8368367 ,-94 ,32 ,-0.096923828125 ,-0.121704101562 ,0.360717773438 ,-0.919616699219
10.8269 ,8362879 ,-94 ,32 ,-0.100219726562 ,-0.11572265625 ,0.357116699219 ,-0.921447753906
10.8373 ,8355858 ,-94 ,31 ,-0.101135253906 ,-0.106872558594 ,0.3525390625 ,-0.924133300781
10.848 ,8351138 ,-94 ,30 ,-0.10009765625 ,-0.0930786132812 ,0.347473144531 ,-0.927673339844
10.859 ,8348418 ,-94 ,30 ,-0.0925903320312 ,-0.0529174804688 ,0.332641601562 ,-0.93701171875
10.8734 ,8344356 ,-94 ,29 ,-0.0863037109375 ,-0.0267944335938 ,0.32470703125 ,-0.941467285156
10.884 ,8341986 ,-94 ,28 ,-0.079345703125 ,0.00225830078125 ,0.317749023438 ,-0.94482421875
10.8945 ,8342214 ,-94 ,28 ,-0.07177734375 ,0.0333862304688 ,0.31103515625 ,-0.947082519531
10.9056 ,8342314 ,-94 ,27 ,-0.0621337890625 ,0.0635986328125 ,0.305053710938 ,-0.948181152344
10.9187 ,8341446 ,-94 ,26 ,-0.0325317382812 ,0.110168457031 ,0.294860839844 ,-0.948608398438
10.9334 ,8341134 ,-94 ,26 ,-0.0191040039062 ,0.124633789062 ,0.278747558594 ,-0.952026367188
10.945 ,8342110 ,-94 ,25 ,-0.013671875 ,0.134948730469 ,0.240844726562 ,-0.961059570312
10.9561 ,8342031 ,-94 ,25 ,-0.013671875 ,0.134643554688 ,0.183959960938 ,-0.973571777344
10.9674 ,8341712 ,-94 ,24 ,-0.0137329101562 ,0.1240234375 ,0.117309570312 ,-0.985229492188
10.9796 ,8341380 ,-94 ,24 ,-0.0208129882812 ,0.0946044921875 ,0.0152587890625 ,-0.995178222656
10.9933 ,8341415 ,-94 ,24 ,-0.02880859375 ,0.082763671875 ,-0.00921630859375 ,-0.99609375
11.004 ,8341408 ,-94 ,23 ,-0.0333862304688 ,0.0785522460938 ,-0.0267944335938 ,-0.995971679688
11.0157 ,8341726 ,-94 ,23 ,-0.0350952148438 ,0.0848388671875 ,-0.0496215820312 ,-0.994567871094
11.0263 ,8341726 ,-94 ,23 ,-0.037841796875 ,0.0973510742188 ,-0.075439453125 ,-0.991638183594
11.0367 ,8341761 ,-93 ,23 ,-0.054931640625 ,0.132019042969 ,-0.130493164062 ,-0.981079101562
11.0534 ,8342515 ,-93 ,23 ,-0.0665893554688 ,0.145080566406 ,-0.15185546875 ,-0.975402832031
11.0658 ,8343280 ,-92 ,23 ,-0.0753784179688 ,0.153015136719 ,-0.168395996094 ,-0.970825195312
11.0769 ,8343384 ,-92 ,22 ,-0.0786743164062 ,0.158996582031 ,-0.184448242188 ,-0.966674804688
11.0877 ,8343006 ,-92 ,22 ,-0.08154296875 ,0.1650390625 ,-0.203125 ,-0.961669921875
11.0985 ,8344356 ,-91 ,22 ,-0.087158203125 ,0.171142578125 ,-0.2236328125 ,-0.95556640625
11.1091 ,8343273 ,-91 ,22 ,-0.0950927734375 ,0.195495605469 ,-0.264709472656 ,-0.939514160156
11.1231 ,8343577 ,-91 ,22 ,-0.094970703125 ,0.212585449219 ,-0.282531738281 ,-0.930541992188
11.1336 ,8345733 ,-90 ,21 ,-0.0972900390625 ,0.22802734375 ,-0.29443359375 ,-0.922973632812
11.1442 ,8345875 ,-90 ,21 ,-0.102722167969 ,0.238464355469 ,-0.304809570312 ,-0.916320800781
11.155 ,8345314 ,-90 ,20 ,-0.104431152344 ,0.241760253906 ,-0.317687988281 ,-0.910888671875
11.1656 ,8345314 ,-91 ,20 ,-0.09912109375 ,0.238891601562 ,-0.332214355469 ,-0.907043457031
11.1759 ,8346491 ,-91 ,20 ,-0.0918579101562 ,0.228149414062 ,-0.343505859375 ,-0.906372070312
11.1868 ,8345557 ,-91 ,19 ,-0.0863647460938 ,0.209228515625 ,-0.348876953125 ,-0.909423828125
11.1979 ,8345107 ,-91 ,18 ,-0.0792236328125 ,0.188659667969 ,-0.354064941406 ,-0.912536621094
11.2088 ,8342359 ,-92 ,16 ,-0.0380249023438 ,0.143615722656 ,-0.350830078125 ,-0.924560546875
11.2657 ,8342231 ,-92 ,16 ,-0.0353393554688 ,0.145080566406 ,-0.346557617188 ,-0.926086425781
11.2766 ,8341083 ,-92 ,16 ,-0.0322875976562 ,0.145080566406 ,-0.339477539062 ,-0.928833007812
11.2872 ,8341692 ,-92 ,15 ,-0.0282592773438 ,0.14404296875 ,-0.329162597656 ,-0.932800292969
11.2977 ,8341110 ,-93 ,15 ,-0.0224609375 ,0.14208984375 ,-0.314697265625 ,-0.938232421875
11.309 ,8341058 ,-93 ,15 ,-0.00335693359375 ,0.136596679688 ,-0.273864746094 ,-0.952026367188
11.3231 ,8340851 ,-93 ,15 ,0.0087890625 ,0.133605957031 ,-0.252014160156 ,-0.958435058594
11.3335 ,8340851 ,-93 ,15 ,0.0346069335938 ,0.12744140625 ,-0.21533203125 ,-0.967590332031
11.3532 ,8341148 ,-93 ,15 ,0.046875 ,0.123840332031 ,-0.204345703125 ,-0.969909667969
11.3655 ,8341190 ,-93 ,15 ,0.0557250976562 ,0.121459960938 ,-0.1962890625 ,-0.971374511719
11.3767 ,8341512 ,-93 ,15 ,0.06201171875 ,0.117858886719 ,-0.18701171875 ,-0.973266601562
11.3874 ,8341868 ,-93 ,15 ,0.0662841796875 ,0.113098144531 ,-0.172912597656 ,-0.976196289062
11.3981 ,8341127 ,-93 ,15 ,0.0692138671875 ,0.107849121094 ,-0.152893066406 ,-0.979919433594
11.4091 ,8341515 ,-93 ,15 ,0.067626953125 ,0.0963745117188 ,-0.0977172851562 ,-0.988220214844
11.4231 ,8341605 ,-93 ,15 ,0.062744140625 ,0.0889282226562 ,-0.0670166015625 ,-0.991821289062
11.4337 ,8342550 ,-93 ,16 ,0.05712890625 ,0.0806274414062 ,-0.03662109375 ,-0.994445800781
11.4442 ,8341923 ,-93 ,16 ,0.0519409179688 ,0.073486328125 ,-0.0076904296875 ,-0.995910644531
11.4548 ,8341975 ,-93 ,16 ,0.0474853515625 ,0.068603515625 ,0.0196533203125 ,-0.996337890625
11.4655 ,8341525 ,-93 ,16 ,0.043701171875 ,0.0661010742188 ,0.044677734375 ,-0.995849609375
11.4759 ,8341982 ,-93 ,16 ,0.0418090820312 ,0.0651245117188 ,0.0673828125 ,-0.994750976562
11.4863 ,8341432 ,-93 ,17 ,0.0421142578125 ,0.0653686523438 ,0.0885009765625 ,-0.993041992188
11.4968 ,8341432 ,-93 ,17 ,0.0365600585938 ,0.0694580078125 ,0.15283203125 ,-0.985107421875
11.5232 ,8342782 ,-93 ,17 ,0.0299072265625 ,0.0703125 ,0.174499511719 ,-0.981689453125
11.5336 ,8343256 ,-93 ,16 ,0.0204467773438 ,0.0707397460938 ,0.195007324219 ,-0.97802734375
11.5441 ,8343885 ,-93 ,16 ,0.00909423828125 ,0.0730590820312 ,0.210693359375 ,-0.974792480469
11.5545 ,8344553 ,-93 ,16 ,-0.0018310546875 ,0.0758666992188 ,0.221130371094 ,-0.972290039062
11.5655 ,8347193 ,-93 ,16 ,-0.0111694335938 ,0.0797729492188 ,0.226928710938 ,-0.970581054688
11.5761 ,8348882 ,-93 ,16 ,-0.0123901367188 ,0.0841064453125 ,0.232849121094 ,-0.968811035156
11.5865 ,8353685 ,-93 ,16 ,-0.0025634765625 ,0.0838623046875 ,0.244079589844 ,-0.966125488281
11.597 ,8353685 ,-93 ,16 ,0.005126953125 ,0.0716552734375 ,0.257507324219 ,-0.963623046875
11.6075 ,8355941 ,-93 ,15 ,-0.00592041015625 ,0.0451049804688 ,0.268310546875 ,-0.962280273438
11.6178 ,8359896 ,-93 ,15 ,-0.0169067382812 ,0.0072021484375 ,0.276733398438 ,-0.960754394531
11.6284 ,8362059 ,-92 ,15 ,-0.0198364257812 ,-0.03125 ,0.285217285156 ,-0.957763671875
11.6389 ,8362059 ,-92 ,15 ,-0.0386352539062 ,-0.0700073242188 ,0.299438476562 ,-0.950744628906
11.6532 ,8367097 ,-92 ,15 ,-0.0406494140625 ,-0.0662231445312 ,0.303649902344 ,-0.949584960938
11.6655 ,8370010 ,-91 ,15 ,-0.0391845703125 ,-0.0501098632812 ,0.30712890625 ,-0.949523925781
11.6761 ,8371495 ,-91 ,15 ,-0.03369140625 ,-0.0333862304688 ,0.310791015625 ,-0.949279785156
11.6865 ,8372104 ,-91 ,14 ,-0.0325927734375 ,-0.026611328125 ,0.314758300781 ,-0.9482421875
11.697 ,8372083 ,-91 ,14 ,-0.0355224609375 ,-0.0364990234375 ,0.318481445312 ,-0.946533203125
11.7076 ,8371519 ,-91 ,14 ,-0.0440673828125 ,-0.0587158203125 ,0.322204589844 ,-0.943786621094
11.7178 ,8372118 ,-91 ,14 ,-0.052490234375 ,-0.080810546875 ,0.325622558594 ,-0.940551757812
11.7286 ,8373720 ,-91 ,14 ,-0.0565795898438 ,-0.0853881835938 ,0.328979492188 ,-0.938781738281
11.7432 ,8374505 ,-91 ,14 ,-0.0516967773438 ,-0.06884765625 ,0.329711914062 ,-0.940124511719
11.754 ,8373692 ,-91 ,14 ,-0.0473022460938 ,-0.0534057617188 ,0.330688476562 ,-0.941040039062
11.7658 ,8373522 ,-91 ,14 ,-0.0458374023438 ,-0.0471801757812 ,0.332092285156 ,-0.94091796875
11.7764 ,8372336 ,-91 ,14 ,-0.0471801757812 ,-0.04931640625 ,0.333312988281 ,-0.940307617188
11.787 ,8373516 ,-91 ,14 ,-0.0488891601562 ,-0.0526733398438 ,0.333190917969 ,-0.940124511719
11.7978 ,8374145 ,-91 ,14 ,-0.0494384765625 ,-0.05126953125 ,0.33154296875 ,-0.940734863281
11.8088 ,8374374 ,-91 ,14 ,-0.0473022460938 ,-0.0421142578125 ,0.328308105469 ,-0.942443847656
11.8227 ,8373166 ,-92 ,13 ,-0.0484619140625 ,-0.04541015625 ,0.328369140625 ,-0.942199707031
11.8333 ,8372232 ,-92 ,13 ,-0.0518188476562 ,-0.05517578125 ,0.328491210938 ,-0.941467285156
11.8441 ,8372232 ,-92 ,13 ,-0.05517578125 ,-0.063720703125 ,0.327087402344 ,-0.941223144531
11.8546 ,8370920 ,-92 ,13 ,-0.056640625 ,-0.0643920898438 ,0.325073242188 ,-0.941772460938
11.8658 ,8371460 ,-92 ,13 ,-0.055419921875 ,-0.0562133789062 ,0.323425292969 ,-0.942932128906
11.8766 ,8371090 ,-92 ,13 ,-0.052734375 ,-0.0441284179688 ,0.322631835938 ,-0.944030761719
11.8871 ,8369844 ,-92 ,12 ,-0.0509643554688 ,-0.034912109375 ,0.322814941406 ,-0.944458007812
11.8977 ,8368633 ,-92 ,12 ,-0.0513305664062 ,-0.0328979492188 ,0.323486328125 ,-0.944274902344
11.9091 ,8367688 ,-92 ,11 ,-0.0574340820312 ,-0.0419311523438 ,0.324096679688 ,-0.943359375
11.9232 ,8366920 ,-92 ,11 ,-0.0598754882812 ,-0.0438232421875 ,0.323181152344 ,-0.943420410156
11.9344 ,8366394 ,-93 ,11 ,-0.0607299804688 ,-0.0404052734375 ,0.322326660156 ,-0.943786621094
11.9453 ,8365643 ,-93 ,12 ,-0.0603637695312 ,-0.0333251953125 ,0.321594238281 ,-0.9443359375
11.9575 ,8365979 ,-93 ,13 ,-0.0597534179688 ,-0.0259399414062 ,0.320556640625 ,-0.945007324219
11.9694 ,8363360 ,-93 ,14 ,-0.0602416992188 ,-0.0171508789062 ,0.316284179688 ,-0.946594238281
11.9839 ,8361256 ,-93 ,15 ,-0.0607299804688 ,-0.0137939453125 ,0.312805175781 ,-0.94775390625
11.9954 ,8360688 ,-93 ,16 ,-0.0608520507812 ,-0.0089111328125 ,0.308654785156 ,-0.949157714844
12.0068 ,8360104 ,-93 ,17 ,-0.0606079101562 ,-0.00225830078125 ,0.304138183594 ,-0.95068359375
12.019 ,8360716 ,-93 ,17 ,-0.0621948242188 ,0.0076904296875 ,0.2939453125 ,-0.953796386719
12.0335 ,8358294 ,-93 ,19 ,-0.0642700195312 ,0.009765625 ,0.2880859375 ,-0.955383300781
12.0446 ,8356391 ,-93 ,20 ,-0.0675048828125 ,0.00958251953125 ,0.281860351562 ,-0.95703125
12.0557 ,8356263 ,-93 ,21 ,-0.0714721679688 ,0.00958251953125 ,0.275329589844 ,-0.958679199219
12.0677 ,8353726 ,-93 ,21 ,-0.07470703125 ,0.0164184570312 ,0.267517089844 ,-0.960510253906
12.079 ,8352716 ,-93 ,22 ,-0.0805053710938 ,0.0335083007812 ,0.251770019531 ,-0.9638671875
12.0936 ,8351245 ,-93 ,22 ,-0.0830078125 ,0.0453491210938 ,0.243103027344 ,-0.965393066406
12.1051 ,8349256 ,-94 ,22 ,-0.0855102539062 ,0.0569458007812 ,0.233276367188 ,-0.966979980469
12.1161 ,8348335 ,-94 ,22 ,-0.0878295898438 ,0.0671997070312 ,0.22119140625 ,-0.968933105469
12.1271 ,8346747 ,-94 ,22 ,-0.090087890625 ,0.077392578125 ,0.209106445312 ,-0.970642089844
12.1383 ,8345581 ,-94 ,22 ,-0.0932006835938 ,0.0978393554688 ,0.182312011719 ,-0.973937988281
12.1539 ,8345847 ,-94 ,22 ,-0.0945434570312 ,0.110107421875 ,0.167053222656 ,-0.975219726562
12.1666 ,8344442 ,-94 ,22 ,-0.093505859375 ,0.12451171875 ,0.148376464844 ,-0.976623535156
12.1776 ,8343975 ,-94 ,21 ,-0.0924072265625 ,0.138854980469 ,0.129577636719 ,-0.977416992188
12.1896 ,8344186 ,-94 ,21 ,-0.0928344726562 ,0.163208007812 ,0.086181640625 ,-0.978454589844
12.204 ,8344743 ,-93 ,21 ,-0.0938110351562 ,0.170227050781 ,0.0621948242188 ,-0.978942871094
12.2162 ,8344650 ,-93 ,21 ,-0.0941162109375 ,0.174621582031 ,0.0375366210938 ,-0.979431152344
12.2276 ,8345100 ,-93 ,20 ,-0.0943603515625 ,0.178894042969 ,0.0128784179688 ,-0.979248046875
12.2386 ,8345757 ,-92 ,20 ,-0.0935668945312 ,0.180358886719 ,-0.0429077148438 ,-0.978210449219
12.2532 ,8346764 ,-92 ,19 ,-0.0933837890625 ,0.180908203125 ,-0.0654296875 ,-0.976867675781
12.2658 ,8348294 ,-91 ,19 ,-0.0906982421875 ,0.182495117188 ,-0.0877075195312 ,-0.97509765625
12.2769 ,8349456 ,-90 ,19 ,-0.087890625 ,0.183959960938 ,-0.109924316406 ,-0.972778320312
12.2875 ,8349636 ,-89 ,18 ,-0.0836181640625 ,0.184875488281 ,-0.130432128906 ,-0.970458984375
12.2983 ,8349775 ,-89 ,18 ,-0.0748291015625 ,0.182373046875 ,-0.160461425781 ,-0.967163085938
12.3157 ,8351398 ,-87 ,18 ,-0.0714721679688 ,0.185791015625 ,-0.178100585938 ,-0.963684082031
12.3264 ,8351398 ,-87 ,18 ,-0.068603515625 ,0.188293457031 ,-0.191162109375 ,-0.960876464844
12.3372 ,8352813 ,-86 ,18 ,-0.0659790039062 ,0.190673828125 ,-0.204223632812 ,-0.957885742188
12.348 ,8353533 ,-85 ,18 ,-0.0628662109375 ,0.193786621094 ,-0.220092773438 ,-0.953979492188
12.3591 ,8353706 ,-85 ,17 ,-0.0597534179688 ,0.195678710938 ,-0.245727539062 ,-0.947509765625
12.3729 ,8352771 ,-85 ,17 ,-0.0560913085938 ,0.192504882812 ,-0.254333496094 ,-0.946105957031
12.384 ,8351879 ,-86 ,17 ,-0.0546264648438 ,0.185852050781 ,-0.261169433594 ,-0.945678710938
12.3949 ,8349522 ,-86 ,17 ,-0.0528564453125 ,0.178161621094 ,-0.264343261719 ,-0.946350097656
12.4057 ,8348363 ,-86 ,17 ,-0.0509643554688 ,0.172058105469 ,-0.267700195312 ,-0.946655273438
12.4165 ,8347114 ,-87 ,17 ,-0.0505981445312 ,0.167846679688 ,-0.269653320312 ,-0.946838378906
12.4277 ,8345823 ,-88 ,16 ,-0.0511474609375 ,0.165283203125 ,-0.266235351562 ,-0.9482421875
12.4388 ,8344591 ,-88 ,16 ,-0.0546875 ,0.165710449219 ,-0.252624511719 ,-0.951721191406
12.4532 ,8343401 ,-88 ,15 ,-0.0558471679688 ,0.168029785156 ,-0.242004394531 ,-0.953979492188
12.4655 ,8341913 ,-89 ,15 ,-0.0562133789062 ,0.169921875 ,-0.228942871094 ,-0.956848144531
12.4758 ,8341678 ,-89 ,15 ,-0.0554809570312 ,0.170654296875 ,-0.213928222656 ,-0.960205078125
12.4865 ,8342262 ,-89 ,14 ,-0.0531616210938 ,0.169921875 ,-0.197265625 ,-0.964050292969
12.4971 ,8341474 ,-90 ,14 ,-0.0494995117188 ,0.167297363281 ,-0.179565429688 ,-0.968139648438
12.5078 ,8341557 ,-90 ,14 ,-0.044189453125 ,0.163452148438 ,-0.161743164062 ,-0.97216796875
12.519 ,8341231 ,-90 ,13 ,-0.031494140625 ,0.150756835938 ,-0.130432128906 ,-0.979431152344
12.5332 ,8341141 ,-90 ,13 ,-0.0261840820312 ,0.139831542969 ,-0.116516113281 ,-0.982971191406
12.5443 ,8342854 ,-91 ,13 ,-0.0235595703125 ,0.12646484375 ,-0.10107421875 ,-0.986511230469
12.5557 ,8342242 ,-91 ,12 ,-0.024169921875 ,0.110534667969 ,-0.08203125 ,-0.990173339844
12.5665 ,8341847 ,-91 ,12 ,-0.0252685546875 ,0.0942993164062 ,-0.0595703125 ,-0.993408203125
12.579 ,8342806 ,-91 ,12 ,-0.0260009765625 ,0.0722045898438 ,-0.0135498046875 ,-0.996948242188
12.5934 ,8342283 ,-92 ,11 ,-0.02783203125 ,0.0664672851562 ,0.00860595703125 ,-0.997375488281
12.6044 ,8343107 ,-92 ,11 ,-0.0303344726562 ,0.0612182617188 ,0.0302734375 ,-0.997192382812
12.6158 ,8343854 ,-92 ,11 ,-0.0324096679688 ,0.0552368164062 ,0.05126953125 ,-0.996643066406
12.6269 ,8344743 ,-92 ,11 ,-0.0343627929688 ,0.046875 ,0.0722045898438 ,-0.995666503906
12.6377 ,8344401 ,-93 ,11 ,-0.03564453125 ,0.0357055664062 ,0.0936279296875 ,-0.994323730469
12.6489 ,8344972 ,-93 ,11 ,-0.0319213867188 ,0.0118408203125 ,0.1328125 ,-0.990539550781
12.6656 ,8346660 ,-93 ,11 ,-0.0303344726562 ,0.00244140625 ,0.147155761719 ,-0.988647460938
12.6773 ,8349629 ,-93 ,12 ,-0.0282592773438 ,-0.0050048828125 ,0.163024902344 ,-0.986206054688
12.6893 ,8350664 ,-93 ,12 ,-0.0128173828125 ,-0.02392578125 ,0.196350097656 ,-0.980163574219
12.7032 ,8352474 ,-93 ,12 ,-0.0121459960938 ,-0.0393676757812 ,0.211791992188 ,-0.976440429688
12.7161 ,8352709 ,-92 ,12 ,-0.0145263671875 ,-0.0557250976562 ,0.223388671875 ,-0.973022460938
12.7277 ,8353598 ,-92 ,13 ,-0.0126342773438 ,-0.06640625 ,0.229309082031 ,-0.971008300781
12.7389 ,8355571 ,-92 ,13 ,-0.0162963867188 ,-0.055419921875 ,0.234558105469 ,-0.970397949219
12.7536 ,8358737 ,-92 ,14 ,-0.0153198242188 ,-0.0394897460938 ,0.238220214844 ,-0.970275878906
12.766 ,8359194 ,-92 ,14 ,-0.0172119140625 ,-0.0248413085938 ,0.243469238281 ,-0.969421386719
12.777 ,8360249 ,-92 ,14 ,-0.0177612304688 ,-0.0184936523438 ,0.250183105469 ,-0.967834472656
12.7879 ,8358540 ,-92 ,14 ,-0.027099609375 ,-0.0383911132812 ,0.256896972656 ,-0.965270996094
12.8034 ,8357072 ,-91 ,14 ,-0.0330200195312 ,-0.0572509765625 ,0.257141113281 ,-0.964111328125
12.8158 ,8356318 ,-90 ,14 ,-0.0388793945312 ,-0.0707397460938 ,0.258178710938 ,-0.962707519531
12.8276 ,8355868 ,-90 ,14 ,-0.04345703125 ,-0.0704956054688 ,0.2587890625 ,-0.962341308594
12.8389 ,8358003 ,-90 ,14 ,-0.0364379882812 ,-0.0275268554688 ,0.260986328125 ,-0.964233398438
12.8531 ,8359460 ,-90 ,13 ,-0.0315551757812 ,6.103515625e-05 ,0.263061523438 ,-0.964233398438
12.8656 ,8359813 ,-90 ,12 ,-0.0269775390625 ,0.0185546875 ,0.265258789062 ,-0.963623046875
12.8765 ,8360585 ,-90 ,12 ,-0.0255737304688 ,0.0205078125 ,0.267761230469 ,-0.962951660156
12.8873 ,8359152 ,-90 ,12 ,-0.0296020507812 ,0.00555419921875 ,0.270629882812 ,-0.962219238281
12.8987 ,8357536 ,-90 ,12 ,-0.0411987304688 ,-0.0372924804688 ,0.275024414062 ,-0.959838867188
12.9159 ,8357488 ,-90 ,11 ,-0.0439453125 ,-0.0436401367188 ,0.27685546875 ,-0.958923339844
12.9273 ,8357809 ,-91 ,11 ,-0.0436401367188 ,-0.03515625 ,0.278564453125 ,-0.958801269531
12.9389 ,8357578 ,-91 ,11 ,-0.0352783203125 ,0.00439453125 ,0.280395507812 ,-0.959228515625
12.9532 ,8356924 ,-91 ,11 ,-0.0328979492188 ,0.0177001953125 ,0.280944824219 ,-0.958984375
12.9654 ,8355906 ,-91 ,11 ,-0.032470703125 ,0.0205688476562 ,0.28173828125 ,-0.958740234375
12.9764 ,8355906 ,-91 ,10 ,-0.0346069335938 ,0.0145263671875 ,0.283203125 ,-0.958312988281
12.9888 ,8355764 ,-91 ,10 ,-0.0383911132812 ,-0.00347900390625 ,0.286499023438 ,-0.957275390625
13.0031 ,8355681 ,-91 ,10 ,-0.0391235351562 ,-0.004638671875 ,0.287475585938 ,-0.956970214844
13.0154 ,8355834 ,-91 ,10 ,-0.0375366210938 ,0.00189208984375 ,0.287963867188 ,-0.956909179688
13.0269 ,8356841 ,-91 ,10 ,-0.0346069335938 ,0.01318359375 ,0.288146972656 ,-0.956848144531
13.038 ,8356557 ,-91 ,10 ,-0.0308837890625 ,0.0283813476562 ,0.288879394531 ,-0.956420898438
13.053 ,8357650 ,-91 ,10 ,-0.0311279296875 ,0.0266723632812 ,0.290161132812 ,-0.956115722656
13.0667 ,8357259 ,-91 ,10 ,-0.03271484375 ,0.02099609375 ,0.294799804688 ,-0.954772949219
13.0785 ,8356491 ,-91 ,9 ,-0.0340576171875 ,0.0142211914062 ,0.297790527344 ,-0.953918457031
13.0931 ,8356882 ,-91 ,9 ,-0.0331420898438 ,0.0186157226562 ,0.298645019531 ,-0.95361328125
13.1046 ,8356758 ,-91 ,9 ,-0.0304565429688 ,0.0274047851562 ,0.299194335938 ,-0.953308105469
13.1163 ,8357629 ,-91 ,9 ,-0.0281372070312 ,0.0371704101562 ,0.300659179688 ,-0.952575683594
13.1274 ,8358263 ,-91 ,9 ,-0.0265502929688 ,0.0433959960938 ,0.301574707031 ,-0.952087402344
13.1382 ,8358733 ,-91 ,9 ,-0.0272827148438 ,0.0407104492188 ,0.304504394531 ,-0.951232910156
13.1528 ,8358553 ,-91 ,9 ,-0.0283813476562 ,0.0364379882812 ,0.306030273438 ,-0.950866699219
13.1663 ,8358256 ,-91 ,9 ,-0.02880859375 ,0.03515625 ,0.309265136719 ,-0.949890136719
13.1766 ,8358726 ,-91 ,9 ,-0.026123046875 ,0.0452270507812 ,0.309875488281 ,-0.949340820312
13.1929 ,8359443 ,-91 ,8 ,-0.023681640625 ,0.053466796875 ,0.310119628906 ,-0.948913574219
13.2038 ,8360266 ,-92 ,8 ,-0.0216064453125 ,0.0599365234375 ,0.310546875 ,-0.948425292969
13.2167 ,8360536 ,-92 ,8 ,-0.0203857421875 ,0.0629272460938 ,0.313232421875 ,-0.947387695312
13.2272 ,8361045 ,-92 ,8 ,-0.0201416015625 ,0.0621337890625 ,0.314392089844 ,-0.947021484375
13.2383 ,8361027 ,-92 ,8 ,-0.0205688476562 ,0.0587768554688 ,0.31689453125 ,-0.946411132812
13.2529 ,8361443 ,-92 ,7 ,-0.0194091796875 ,0.0609130859375 ,0.317993164062 ,-0.945922851562
13.2665 ,8362993 ,-92 ,7 ,-0.01708984375 ,0.0657348632812 ,0.321594238281 ,-0.944458007812
13.2775 ,8363117 ,-92 ,7 ,-0.0145263671875 ,0.071044921875 ,0.322814941406 ,-0.943664550781
13.2882 ,8364533 ,-92 ,7 ,-0.010986328125 ,0.0743408203125 ,0.326477050781 ,-0.942199707031
13.3028 ,8365304 ,-92 ,7 ,-0.0103759765625 ,0.0720825195312 ,0.328430175781 ,-0.941711425781
13.3165 ,8366014 ,-91 ,7 ,-0.00927734375 ,0.0697021484375 ,0.332580566406 ,-0.9404296875
13.328 ,8366924 ,-91 ,7 ,-0.0042724609375 ,0.0717163085938 ,0.335144042969 ,-0.939392089844
13.3429 ,8368367 ,-90 ,8 ,0.00067138671875 ,0.0780029296875 ,0.3359375 ,-0.938659667969
13.3534 ,8369509 ,-90 ,8 ,0.0068359375 ,0.0853271484375 ,0.336608886719 ,-0.937744140625
13.3665 ,8370547 ,-89 ,9 ,0.0131225585938 ,0.0907592773438 ,0.337768554688 ,-0.936767578125
13.3774 ,8370329 ,-89 ,10 ,0.0187377929688 ,0.0928955078125 ,0.33837890625 ,-0.936218261719
13.3881 ,8371481 ,-88 ,12 ,0.029052734375 ,0.0941772460938 ,0.338439941406 ,-0.935791015625
13.4029 ,8371841 ,-86 ,15 ,0.0357055664062 ,0.09765625 ,0.338073730469 ,-0.935363769531
13.4163 ,8373343 ,-85 ,17 ,0.042724609375 ,0.1025390625 ,0.338500976562 ,-0.934387207031
13.427 ,8374841 ,-84 ,19 ,0.0492553710938 ,0.107055664062 ,0.338928222656 ,-0.933410644531
13.4375 ,8374087 ,-83 ,20 ,0.0548095703125 ,0.110290527344 ,0.33984375 ,-0.932373046875
13.4485 ,8373879 ,-83 ,22 ,0.0645751953125 ,0.117248535156 ,0.341979980469 ,-0.930114746094
13.4663 ,8372187 ,-81 ,25 ,0.0692138671875 ,0.123291015625 ,0.343017578125 ,-0.928588867188
13.4771 ,8372239 ,-81 ,26 ,0.073974609375 ,0.131652832031 ,0.343505859375 ,-0.926940917969
13.4877 ,8368924 ,-80 ,28 ,0.0794067382812 ,0.140625 ,0.34326171875 ,-0.925231933594
13.4987 ,8365325 ,-79 ,28 ,0.0890502929688 ,0.154846191406 ,0.340209960938 ,-0.923217773438
13.5163 ,8359290 ,-79 ,29 ,0.092529296875 ,0.159240722656 ,0.337463378906 ,-0.923156738281
13.5275 ,8353560 ,-79 ,29 ,0.095458984375 ,0.163940429688 ,0.333923339844 ,-0.92333984375
13.5382 ,8349813 ,-79 ,29 ,0.103515625 ,0.181640625 ,0.324157714844 ,-0.922607421875
13.5531 ,8346968 ,-79 ,29 ,0.108154296875 ,0.197021484375 ,0.318176269531 ,-0.921020507812
13.5655 ,8342868 ,-80 ,28 ,0.112426757812 ,0.217163085938 ,0.3134765625 ,-0.917541503906
13.5759 ,8342581 ,-80 ,28 ,0.118041992188 ,0.240539550781 ,0.310913085938 ,-0.911865234375
13.5867 ,8341806 ,-80 ,27 ,0.125427246094 ,0.265991210938 ,0.309448242188 ,-0.904296875
13.5972 ,8341522 ,-80 ,26 ,0.132751464844 ,0.291748046875 ,0.309326171875 ,-0.895324707031
13.6087 ,8342044 ,-80 ,25 ,0.147094726562 ,0.331481933594 ,0.312316894531 ,-0.878051757812
13.6224 ,8342726 ,-81 ,24 ,0.157104492188 ,0.339172363281 ,0.313598632812 ,-0.872863769531
13.6335 ,8341529 ,-81 ,23 ,0.172607421875 ,0.334350585938 ,0.314575195312 ,-0.871459960938
13.6441 ,8340747 ,-81 ,23 ,0.191955566406 ,0.318481445312 ,0.3134765625 ,-0.873718261719
13.6549 ,8340522 ,-81 ,22 ,0.192504882812 ,0.29833984375 ,0.289978027344 ,-0.888732910156
13.6655 ,8340435 ,-81 ,22 ,0.176513671875 ,0.272705078125 ,0.246948242188 ,-0.912963867188
13.6763 ,8341179 ,-81 ,21 ,0.166381835938 ,0.2412109375 ,0.211120605469 ,-0.932495117188
13.6867 ,8339941 ,-82 ,21 ,0.16455078125 ,0.212829589844 ,0.191040039062 ,-0.943969726562
13.6973 ,8341899 ,-82 ,20 ,0.156066894531 ,0.195129394531 ,0.18212890625 ,-0.950988769531
13.7087 ,8341577 ,-82 ,20 ,0.140502929688 ,0.18701171875 ,0.179748535156 ,-0.955505371094
13.7228 ,8341065 ,-82 ,19 ,0.139282226562 ,0.189453125 ,0.175109863281 ,-0.9560546875
13.7334 ,8342231 ,-83 ,19 ,0.134582519531 ,0.189697265625 ,0.162353515625 ,-0.958923339844
13.7439 ,8342307 ,-83 ,18 ,0.125732421875 ,0.188049316406 ,0.138427734375 ,-0.964172363281
13.7546 ,8341394 ,-83 ,18 ,0.112731933594 ,0.182861328125 ,0.108520507812 ,-0.970581054688
13.7652 ,8341733 ,-84 ,17 ,0.0936889648438 ,0.173095703125 ,0.0839233398438 ,-0.976867675781
13.7759 ,8341681 ,-84 ,17 ,0.0718383789062 ,0.159362792969 ,0.0714111328125 ,-0.981994628906
13.7864 ,8342418 ,-84 ,16 ,0.0546875 ,0.143676757812 ,0.0709838867188 ,-0.985534667969
13.7971 ,8342816 ,-85 ,15 ,0.044189453125 ,0.1298828125 ,0.0801391601562 ,-0.9873046875
13.8084 ,8341816 ,-85 ,15 ,0.0284423828125 ,0.110412597656 ,0.108581542969 ,-0.987548828125
13.8232 ,8342110 ,-86 ,14 ,0.0183715820312 ,0.103454589844 ,0.119567871094 ,-0.987243652344
13.8337 ,8342636 ,-87 ,14 ,0.005615234375 ,0.09765625 ,0.125610351562 ,-0.987243652344
13.8444 ,8342705 ,-87 ,13 ,-0.00634765625 ,0.09375 ,0.127075195312 ,-0.987426757812
13.855 ,8342889 ,-87 ,12 ,-0.0145874023438 ,0.0911865234375 ,0.126403808594 ,-0.987670898438
13.8661 ,8342695 ,-88 ,12 ,-0.0180053710938 ,0.089599609375 ,0.126831054688 ,-0.987731933594
13.8771 ,8342463 ,-88 ,11 ,-0.0184326171875 ,0.0872192382812 ,0.129821777344 ,-0.987548828125
13.8878 ,8343397 ,-89 ,11 ,-0.028076171875 ,0.075439453125 ,0.151977539062 ,-0.985107421875
13.9151 ,8344408 ,-90 ,10 ,-0.0366821289062 ,0.0680541992188 ,0.15625 ,-0.984680175781
13.9261 ,8347283 ,-90 ,10 ,-0.0422973632812 ,0.0594482421875 ,0.157592773438 ,-0.984802246094
13.9369 ,8348674 ,-91 ,10 ,-0.0396118164062 ,0.0481567382812 ,0.161437988281 ,-0.984924316406
13.9477 ,8350564 ,-91 ,10 ,-0.031005859375 ,0.0327758789062 ,0.172729492188 ,-0.983947753906
13.9588 ,8352761 ,-91 ,10 ,-0.0304565429688 ,-0.0258178710938 ,0.198547363281 ,-0.979248046875
13.9728 ,8356121 ,-92 ,10 ,-0.031494140625 ,-0.0701293945312 ,0.213317871094 ,-0.973937988281
13.9836 ,8357671 ,-92 ,10 ,-0.0345458984375 ,-0.112670898438 ,0.227416992188 ,-0.966613769531
13.9943 ,8357557 ,-92 ,11 ,-0.03955078125 ,-0.142761230469 ,0.239929199219 ,-0.959411621094
14.0051 ,8359702 ,-92 ,11 ,-0.0399780273438 ,-0.155883789062 ,0.252868652344 ,-0.954040527344
14.0157 ,8362439 ,-92 ,12 ,-0.039794921875 ,-0.153137207031 ,0.265197753906 ,-0.951110839844
14.0266 ,8367772 ,-92 ,13 ,-0.0365600585938 ,-0.143127441406 ,0.278503417969 ,-0.949035644531
14.0374 ,8369920 ,-92 ,13 ,-0.032958984375 ,-0.137634277344 ,0.300659179688 ,-0.943176269531
14.053 ,8374260 ,-93 ,13 ,-0.0361328125 ,-0.151306152344 ,0.307739257812 ,-0.938659667969
14.0655 ,8375457 ,-93 ,14 ,-0.0440063476562 ,-0.171203613281 ,0.312927246094 ,-0.933166503906
14.0785 ,8379035 ,-93 ,15 ,-0.0595703125 ,-0.202514648438 ,0.31982421875 ,-0.923645019531
14.0931 ,8381301 ,-93 ,15 ,-0.0643310546875 ,-0.2080078125 ,0.322509765625 ,-0.921203613281
14.1039 ,8383000 ,-93 ,15 ,-0.0670776367188 ,-0.207336425781 ,0.324401855469 ,-0.920471191406
14.1155 ,8383844 ,-93 ,16 ,-0.0693359375 ,-0.205078125 ,0.325988769531 ,-0.920288085938
14.1266 ,8382969 ,-92 ,16 ,-0.072509765625 ,-0.203063964844 ,0.327819824219 ,-0.919799804688
14.1373 ,8382678 ,-92 ,16 ,-0.0755004882812 ,-0.199645996094 ,0.329284667969 ,-0.919799804688
14.1483 ,8382533 ,-92 ,16 ,-0.0783081054688 ,-0.182800292969 ,0.330505371094 ,-0.922607421875
14.1654 ,8384249 ,-92 ,15 ,-0.078125 ,-0.1728515625 ,0.331237792969 ,-0.924255371094
14.176 ,8385685 ,-93 ,15 ,-0.0800170898438 ,-0.168334960938 ,0.333435058594 ,-0.924133300781
14.1865 ,8386661 ,-93 ,15 ,-0.0836181640625 ,-0.170471191406 ,0.336975097656 ,-0.922180175781
14.1973 ,8387727 ,-93 ,15 ,-0.0877075195312 ,-0.175842285156 ,0.34033203125 ,-0.919555664062
14.2084 ,8387578 ,-93 ,15 ,-0.0934448242188 ,-0.179809570312 ,0.345031738281 ,-0.916442871094
14.2228 ,8390637 ,-92 ,15 ,-0.0943603515625 ,-0.177124023438 ,0.347412109375 ,-0.916015625
14.2336 ,8391198 ,-92 ,14 ,-0.09521484375 ,-0.175598144531 ,0.35107421875 ,-0.914794921875
14.2444 ,8392146 ,-92 ,14 ,-0.096435546875 ,-0.176391601562 ,0.355712890625 ,-0.912719726562
14.2551 ,8392139 ,-91 ,14 ,-0.0975952148438 ,-0.176513671875 ,0.359619140625 ,-0.911010742188
14.2663 ,8392332 ,-91 ,13 ,-0.09716796875 ,-0.172241210938 ,0.362670898438 ,-0.910705566406
14.2772 ,8392772 ,-91 ,13 ,-0.0951538085938 ,-0.164184570312 ,0.365173339844 ,-0.911376953125
14.2882 ,8393658 ,-91 ,12 ,-0.0928955078125 ,-0.152038574219 ,0.369445800781 ,-0.911987304688
14.3031 ,8392644 ,-91 ,12 ,-0.0940551757812 ,-0.152282714844 ,0.370666503906 ,-0.911376953125
14.3156 ,8392921 ,-91 ,12 ,-0.095703125 ,-0.153625488281 ,0.371215820312 ,-0.910705566406
14.3268 ,8391616 ,-91 ,12 ,-0.0970458984375 ,-0.154052734375 ,0.37109375 ,-0.910583496094
14.3372 ,8392505 ,-91 ,11 ,-0.0982055664062 ,-0.153686523438 ,0.370544433594 ,-0.910705566406
14.3482 ,8393014 ,-92 ,11 ,-0.10009765625 ,-0.154052734375 ,0.370300292969 ,-0.910583496094
14.3654 ,8391592 ,-92 ,11 ,-0.100036621094 ,-0.152465820312 ,0.370727539062 ,-0.91064453125
14.3763 ,8392499 ,-92 ,11 ,-0.098876953125 ,-0.14794921875 ,0.371154785156 ,-0.911376953125
14.3872 ,8393706 ,-92 ,11 ,-0.0968017578125 ,-0.141967773438 ,0.371520996094 ,-0.912414550781
14.3982 ,8394063 ,-92 ,10 ,-0.0935668945312 ,-0.133178710938 ,0.37353515625 ,-0.913208007812
14.4155 ,8393796 ,-92 ,10 ,-0.0927734375 ,-0.132141113281 ,0.374633789062 ,-0.913024902344
14.4267 ,8394180 ,-92 ,10 ,-0.0923461914062 ,-0.132202148438 ,0.375427246094 ,-0.912719726562
14.4375 ,8394478 ,-93 ,10 ,-0.0919189453125 ,-0.131652832031 ,0.3759765625 ,-0.91259765625
14.4482 ,8394817 ,-93 ,10 ,-0.0911865234375 ,-0.1318359375 ,0.376770019531 ,-0.912292480469
14.4666 ,8395962 ,-93 ,10 ,-0.0890502929688 ,-0.133239746094 ,0.364501953125 ,-0.917297363281
14.4772 ,8395672 ,-93 ,10 ,-0.0882568359375 ,-0.132080078125 ,0.36474609375 ,-0.917419433594
14.4882 ,8395333 ,-93 ,9 ,-0.0853881835938 ,-0.125122070312 ,0.365173339844 ,-0.918518066406
14.5031 ,8395831 ,-93 ,9 ,-0.0835571289062 ,-0.120361328125 ,0.365295410156 ,-0.919311523438
14.5165 ,8395675 ,-93 ,9 ,-0.0803833007812 ,-0.1171875 ,0.352905273438 ,-0.9248046875
14.5276 ,8396004 ,-93 ,9 ,-0.0789184570312 ,-0.113464355469 ,0.352722167969 ,-0.925476074219
14.5385 ,8395097 ,-94 ,9 ,-0.0769653320312 ,-0.108764648438 ,0.350708007812 ,-0.926940917969
14.5531 ,8394426 ,-94 ,9 ,-0.0765380859375 ,-0.108032226562 ,0.348937988281 ,-0.927734375
14.5666 ,8392869 ,-94 ,10 ,-0.0750732421875 ,-0.108703613281 ,0.336791992188 ,-0.932250976562
14.578 ,8392879 ,-94 ,12 ,-0.0734252929688 ,-0.106872558594 ,0.331176757812 ,-0.934631347656
14.5929 ,8389478 ,-94 ,15 ,-0.072021484375 ,-0.103149414062 ,0.327270507812 ,-0.9365234375
14.6037 ,8387156 ,-94 ,18 ,-0.0706176757812 ,-0.0968017578125 ,0.32177734375 ,-0.939208984375
14.6165 ,8382962 ,-95 ,20 ,-0.068359375 ,-0.0883178710938 ,0.304504394531 ,-0.945922851562
14.6273 ,8380097 ,-95 ,23 ,-0.067626953125 ,-0.0772705078125 ,0.297668457031 ,-0.949096679688
14.6383 ,8375993 ,-95 ,24 ,-0.0703735351562 ,-0.056396484375 ,0.282775878906 ,-0.954956054688
14.6529 ,8372000 ,-95 ,26 ,-0.0743408203125 ,-0.047607421875 ,0.273376464844 ,-0.957824707031
14.6667 ,8366775 ,-95 ,28 ,-0.0789794921875 ,-0.03955078125 ,0.255737304688 ,-0.962707519531
14.6776 ,8365384 ,-95 ,29 ,-0.0889892578125 ,-0.0181274414062 ,0.233520507812 ,-0.968078613281
14.693 ,8356896 ,-95 ,30 ,-0.0928344726562 ,-0.00482177734375 ,0.219848632812 ,-0.971069335938
14.7038 ,8354259 ,-95 ,30 ,-0.0958251953125 ,0.0110473632812 ,0.204895019531 ,-0.973999023438
14.7154 ,8352270 ,-95 ,31 ,-0.0980834960938 ,0.0307006835938 ,0.188842773438 ,-0.976623535156
14.7261 ,8348231 ,-94 ,30 ,-0.0999755859375 ,0.0540771484375 ,0.172546386719 ,-0.978393554688
14.7368 ,8345868 ,-94 ,30 ,-0.099609375 ,0.08203125 ,0.152954101562 ,-0.979797363281
14.7476 ,8343754 ,-94 ,30 ,-0.098876953125 ,0.113891601562 ,0.131469726562 ,-0.979797363281
14.7587 ,8344000 ,-93 ,30 ,-0.0980224609375 ,0.184631347656 ,0.0828247070312 ,-0.974426269531
14.7728 ,8342743 ,-93 ,-1 ,-0.0946044921875 ,0.215637207031 ,0.0555419921875 ,-0.970275878906
14.7836 ,8342906 ,-92 ,-1 ,-0.0906372070312 ,0.23974609375 ,0.0242919921875 ,-0.96630859375
14.7944 ,8343314 ,-91 ,-1 ,-0.08740234375 ,0.255615234375 ,-0.01318359375 ,-0.962707519531
14.8052 ,8343975 ,-91 ,-1 ,-0.08447265625 ,0.263977050781 ,-0.0560302734375 ,-0.959167480469
14.8164 ,8345131 ,-91 ,-1 ,-0.0801391601562 ,0.265808105469 ,-0.0986328125 ,-0.955627441406
14.8273 ,8345660 ,-89 ,28 ,-0.0770263671875 ,0.262573242188 ,-0.134826660156 ,-0.952331542969
14.8385 ,8346612 ,-89 ,28 ,-0.0760498046875 ,0.254272460938 ,-0.190490722656 ,-0.945129394531
14.8532 ,8352055 ,-88 ,27 ,-0.07080078125 ,0.255310058594 ,-0.217407226562 ,-0.939453125
14.8655 ,8354886 ,-87 ,26 ,-0.0675659179688 ,0.255432128906 ,-0.243713378906 ,-0.933166503906
14.8766 ,8356266 ,-87 ,25 ,-0.064453125 ,0.248352050781 ,-0.263549804688 ,-0.929870605469
14.8873 ,8359017 ,-87 ,-1 ,-0.0390014648438 ,0.1357421875 ,-0.34423828125 ,-0.92822265625
14.9432 ,8365073 ,-88 ,24 ,-0.04833984375 ,0.139404296875 ,-0.353759765625 ,-0.923645019531
14.9541 ,8364612 ,-89 ,-1 ,-0.0546264648438 ,0.143371582031 ,-0.360107421875 ,-0.920227050781
14.9666 ,8363571 ,-89 ,-1 ,-0.0599975585938 ,0.139038085938 ,-0.371276855469 ,-0.916076660156
14.9774 ,8359363 ,-89 ,23 ,-0.0576171875 ,0.126037597656 ,-0.372680664062 ,-0.917541503906
14.9882 ,8357557 ,-89 ,23 ,-0.0486450195312 ,0.0878295898438 ,-0.367736816406 ,-0.924499511719
15.003 ,8351529 ,-89 ,22 ,-0.0482788085938 ,0.0781860351562 ,-0.365539550781 ,-0.92626953125
15.0162 ,8350633 ,-89 ,21 ,-0.0528564453125 ,0.0775756835938 ,-0.369873046875 ,-0.92431640625
15.0268 ,8350394 ,-89 ,20 ,-0.0719604492188 ,0.101440429688 ,-0.354370117188 ,-0.926818847656
15.0553 ,8342660 ,-89 ,-1 ,-0.0740356445312 ,0.105346679688 ,-0.344970703125 ,-0.929748535156
15.0668 ,8342508 ,-89 ,-1 ,-0.0741577148438 ,0.107543945312 ,-0.332946777344 ,-0.933837890625
15.0783 ,8341923 ,-89 ,-1 ,-0.070068359375 ,0.113586425781 ,-0.290893554688 ,-0.947387695312
15.093 ,8341903 ,-89 ,-1 ,-0.0643310546875 ,0.117553710938 ,-0.264343261719 ,-0.955078125
15.1047 ,8341833 ,-89 ,-1 ,-0.0556640625 ,0.119812011719 ,-0.236938476562 ,-0.962524414062
15.1159 ,8341608 ,-89 ,-1 ,-0.0438232421875 ,0.120727539062 ,-0.213195800781 ,-0.968505859375
15.1268 ,8341505 ,-89 ,-1 ,-0.02783203125 ,0.117492675781 ,-0.196838378906 ,-0.972961425781
15.1388 ,8341951 ,-89 ,-1 ,0.00390625 ,0.0994873046875 ,-0.180725097656 ,-0.978454589844
15.1533 ,8341726 ,-90 ,-1 ,0.00628662109375 ,0.0757446289062 ,-0.165344238281 ,-0.983337402344
15.1658 ,8342522 ,-90 ,20 ,0.008544921875 ,0.0475463867188 ,-0.137329101562 ,-0.989318847656
15.1771 ,8341806 ,-90 ,20 ,0.0101928710938 ,0.0244140625 ,-0.10400390625 ,-0.994201660156
15.1885 ,8342854 ,-90 ,20 ,0.00665283203125 ,0.004638671875 ,-0.0399169921875 ,-0.999145507812
15.2034 ,8343211 ,-91 ,20 ,0.0032958984375 ,0.00439453125 ,-0.0120239257812 ,-0.999938964844
15.216 ,8344615 ,-91 ,21 ,0.000244140625 ,0.00811767578125 ,0.0116577148438 ,-0.999877929688
15.2275 ,8345006 ,-91 ,22 ,-0.0020751953125 ,0.0079345703125 ,0.0556640625 ,-0.998413085938
15.2434 ,8348276 ,-92 ,22 ,0.00042724609375 ,-0.0013427734375 ,0.0853271484375 ,-0.996337890625
15.2546 ,8349923 ,-92 ,22 ,-0.00018310546875 ,-0.0189208984375 ,0.11669921875 ,-0.992980957031
15.2659 ,8351647 ,-92 ,22 ,0.00054931640625 ,-0.0418701171875 ,0.146240234375 ,-0.988342285156
15.2766 ,8353283 ,-93 ,23 ,0.0042724609375 ,-0.0681762695312 ,0.166015625 ,-0.983764648438
15.2877 ,8355280 ,-93 ,23 ,0.00421142578125 ,-0.09765625 ,0.18115234375 ,-0.978576660156
15.2988 ,8358263 ,-93 ,24 ,-0.0109252929688 ,-0.145874023438 ,0.209106445312 ,-0.966918945312
15.3164 ,8363301 ,-93 ,24 ,-0.0139770507812 ,-0.155822753906 ,0.208862304688 ,-0.96533203125
15.3273 ,8369588 ,-93 ,25 ,-0.0228271484375 ,-0.157165527344 ,0.223693847656 ,-0.961608886719
15.3385 ,8377907 ,-93 ,25 ,-0.0335083007812 ,-0.148193359375 ,0.248413085938 ,-0.956665039062
15.3534 ,8383502 ,-93 ,25 ,-0.0318603515625 ,-0.142578125 ,0.257568359375 ,-0.955139160156
15.3668 ,8385512 ,-93 ,25 ,-0.0319213867188 ,-0.150451660156 ,0.258361816406 ,-0.953735351562
15.3776 ,8386682 ,-93 ,25 ,-0.0407104492188 ,-0.179504394531 ,0.263549804688 ,-0.946960449219
15.3885 ,8387775 ,-92 ,25 ,-0.070068359375 ,-0.254089355469 ,0.2705078125 ,-0.925964355469
15.4036 ,8391014 ,-92 ,25 ,-0.0792236328125 ,-0.266845703125 ,0.272521972656 ,-0.921020507812
15.4168 ,8391582 ,-91 ,-1 ,-0.0784912109375 ,-0.259155273438 ,0.264526367188 ,-0.925598144531
15.4279 ,8391204 ,-91 ,24 ,-0.073974609375 ,-0.238525390625 ,0.264770507812 ,-0.931396484375
15.439 ,8390232 ,-91 ,24 ,-0.072265625 ,-0.203063964844 ,0.268737792969 ,-0.938781738281
15.4534 ,8390599 ,-91 ,24 ,-0.0753173828125 ,-0.193664550781 ,0.271606445312 ,-0.939697265625
15.4668 ,8394087 ,-90 ,24 ,-0.0762939453125 ,-0.184448242188 ,0.270751953125 ,-0.941711425781
15.4783 ,8397966 ,-90 ,24 ,-0.0794677734375 ,-0.184875488281 ,0.274475097656 ,-0.940307617188
15.4936 ,8396149 ,-90 ,24 ,-0.083984375 ,-0.199462890625 ,0.276489257812 ,-0.936340332031
15.5047 ,8396713 ,-90 ,24 ,-0.0890502929688 ,-0.2158203125 ,0.279235839844 ,-0.931396484375
15.5165 ,8397243 ,-90 ,24 ,-0.0913696289062 ,-0.223510742188 ,0.276672363281 ,-0.930114746094
15.5273 ,8399571 ,-90 ,24 ,-0.091552734375 ,-0.218322753906 ,0.277770996094 ,-0.931030273438
15.5383 ,8399492 ,-90 ,24 ,-0.0861206054688 ,-0.196228027344 ,0.281127929688 ,-0.935424804688
15.553 ,8398454 ,-90 ,23 ,-0.0848388671875 ,-0.189208984375 ,0.283569335938 ,-0.936279296875
15.5668 ,8398710 ,-90 ,23 ,-0.08349609375 ,-0.183959960938 ,0.27978515625 ,-0.938598632812
15.5776 ,8397357 ,-90 ,22 ,-0.0856323242188 ,-0.175354003906 ,0.278198242188 ,-0.940490722656
15.6168 ,8397087 ,-91 ,22 ,-0.0879516601562 ,-0.183166503906 ,0.274719238281 ,-0.939819335938
15.6283 ,8397156 ,-91 ,22 ,-0.089111328125 ,-0.179565429688 ,0.2744140625 ,-0.940490722656
15.6433 ,8397007 ,-91 ,21 ,-0.0872802734375 ,-0.170654296875 ,0.275268554688 ,-0.942077636719
15.6567 ,8397402 ,-91 ,21 ,-0.0857543945312 ,-0.164245605469 ,0.276916503906 ,-0.94287109375
15.6687 ,8396540 ,-91 ,21 ,-0.083251953125 ,-0.158142089844 ,0.274475097656 ,-0.94482421875
15.6837 ,8397478 ,-91 ,20 ,-0.08251953125 ,-0.153869628906 ,0.274353027344 ,-0.945617675781
15.6948 ,8396942 ,-91 ,20 ,-0.0816040039062 ,-0.150329589844 ,0.27392578125 ,-0.946411132812
15.7059 ,8396685 ,-92 ,20 ,-0.0809936523438 ,-0.148498535156 ,0.27392578125 ,-0.94677734375
15.7171 ,8395980 ,-92 ,19 ,-0.0804443359375 ,-0.150085449219 ,0.270751953125 ,-0.947448730469
15.7285 ,8394038 ,-92 ,19 ,-0.0807495117188 ,-0.15283203125 ,0.267944335938 ,-0.947814941406
15.7432 ,8394070 ,-92 ,-1 ,-0.0797729492188 ,-0.148681640625 ,0.266052246094 ,-0.949096679688
15.7546 ,8393346 ,-92 ,20 ,-0.0780639648438 ,-0.142700195312 ,0.264465332031 ,-0.950561523438
15.7667 ,8392191 ,-92 ,20 ,-0.07568359375 ,-0.137878417969 ,0.259033203125 ,-0.952941894531
15.7786 ,8389606 ,-93 ,21 ,-0.072998046875 ,-0.131469726562 ,0.255249023438 ,-0.955139160156
15.7932 ,8388332 ,-93 ,24 ,-0.071533203125 ,-0.127746582031 ,0.25244140625 ,-0.956481933594
15.804 ,8387232 ,-93 ,26 ,-0.0703735351562 ,-0.123657226562 ,0.2490234375 ,-0.9580078125
15.8171 ,8383284 ,-93 ,29 ,-0.0695190429688 ,-0.119323730469 ,0.242126464844 ,-0.960388183594
15.8284 ,8378426 ,-93 ,32 ,-0.0708618164062 ,-0.110900878906 ,0.229187011719 ,-0.964416503906
15.8432 ,8377270 ,-93 ,35 ,-0.0730590820312 ,-0.105773925781 ,0.221069335938 ,-0.966735839844
15.8543 ,8372166 ,-94 ,37 ,-0.0768432617188 ,-0.0982055664062 ,0.212585449219 ,-0.969177246094
15.8667 ,8366176 ,-94 ,39 ,-0.0810546875 ,-0.0877685546875 ,0.201110839844 ,-0.972290039062
15.8788 ,8360657 ,-94 ,40 ,-0.0923461914062 ,-0.0597534179688 ,0.181213378906 ,-0.977294921875
15.8932 ,8357055 ,-94 ,42 ,-0.0985717773438 ,-0.0443115234375 ,0.169677734375 ,-0.979553222656
15.9047 ,8354951 ,-94 ,42 ,-0.104797363281 ,-0.028564453125 ,0.156494140625 ,-0.981689453125
15.9157 ,8349474 ,-94 ,43 ,-0.111633300781 ,-0.0119018554688 ,0.142700195312 ,-0.9833984375
15.9265 ,8346038 ,-94 ,43 ,-0.117736816406 ,0.00677490234375 ,0.127319335938 ,-0.984802246094
15.9377 ,8344806 ,-94 ,43 ,-0.122863769531 ,0.0294799804688 ,0.110473632812 ,-0.98583984375
15.9489 ,8342716 ,-94 ,43 ,-0.133544921875 ,0.08203125 ,0.0781860351562 ,-0.984558105469
15.9661 ,8342629 ,-94 ,42 ,-0.138000488281 ,0.110900878906 ,0.0592651367188 ,-0.982421875
15.9771 ,8341536 ,-94 ,41 ,-0.143127441406 ,0.182739257812 ,-0.0206298828125 ,-0.972473144531
16.0074 ,8341889 ,-94 ,40 ,-0.144104003906 ,0.193298339844 ,-0.0654907226562 ,-0.96826171875
16.0191 ,8342273 ,-94 ,37 ,-0.148864746094 ,0.151428222656 ,-0.297729492188 ,-0.930725097656
16.0651 ,8351619 ,-92 ,36 ,-0.146911621094 ,0.154174804688 ,-0.331481933594 ,-0.919128417969
16.0763 ,8358380 ,-91 ,35 ,-0.1435546875 ,0.161560058594 ,-0.36181640625 ,-0.906860351562
16.0869 ,8361758 ,-91 ,35 ,-0.142150878906 ,0.164489746094 ,-0.384033203125 ,-0.897338867188
16.0979 ,8365353 ,-90 ,34 ,-0.134643554688 ,0.159484863281 ,-0.402404785156 ,-0.891357421875
16.1087 ,8368135 ,-89 ,34 ,-0.103271484375 ,0.129638671875 ,-0.434326171875 ,-0.885375976562
16.1223 ,8373536 ,-88 ,33 ,-0.0922241210938 ,0.11767578125 ,-0.452026367188 ,-0.87939453125
16.1331 ,8381599 ,-88 ,32 ,-0.0907592773438 ,0.120788574219 ,-0.466674804688 ,-0.871459960938
16.1437 ,8384125 ,-87 ,32 ,-0.097412109375 ,0.135498046875 ,-0.482482910156 ,-0.85986328125
16.1542 ,8388903 ,-86 ,31 ,-0.099365234375 ,0.146911621094 ,-0.497375488281 ,-0.849182128906
16.165 ,8391416 ,-85 ,31 ,-0.0928344726562 ,0.144714355469 ,-0.510559082031 ,-0.842468261719
16.1762 ,8391319 ,-85 ,30 ,-0.076416015625 ,0.127258300781 ,-0.522338867188 ,-0.839721679688
16.1867 ,8389914 ,-85 ,30 ,-0.0596923828125 ,0.105224609375 ,-0.531188964844 ,-0.838562011719
16.1973 ,8389298 ,-85 ,30 ,-0.048828125 ,0.0900268554688 ,-0.538452148438 ,-0.83642578125
16.2084 ,8387011 ,-85 ,30 ,-0.0382080078125 ,0.0736083984375 ,-0.554565429688 ,-0.828002929688
16.2224 ,8383734 ,-85 ,29 ,-0.029052734375 ,0.061279296875 ,-0.560546875 ,-0.825317382812
16.2331 ,8375218 ,-86 ,29 ,-0.019287109375 ,0.048583984375 ,-0.563842773438 ,-0.82421875
16.2437 ,8373183 ,-86 ,29 ,-0.0162963867188 ,0.0421752929688 ,-0.565063476562 ,-0.823791503906
16.2545 ,8367045 ,-86 ,28 ,-0.0209350585938 ,0.0455322265625 ,-0.565795898438 ,-0.822998046875
16.2653 ,8360318 ,-86 ,28 ,-0.0294799804688 ,0.0542602539062 ,-0.56494140625 ,-0.822814941406
16.2764 ,8354256 ,-86 ,28 ,-0.0361938476562 ,0.0612182617188 ,-0.562561035156 ,-0.82373046875
16.2872 ,8348581 ,-86 ,27 ,-0.0391235351562 ,0.0648803710938 ,-0.559631347656 ,-0.825256347656
16.2979 ,8346809 ,-87 ,27 ,-0.0208740234375 ,0.0526733398438 ,-0.553100585938 ,-0.831176757812
16.3149 ,8343228 ,-87 ,26 ,-0.0098876953125 ,0.03759765625 ,-0.540344238281 ,-0.840576171875
16.3257 ,8340830 ,-87 ,26 ,-0.0035400390625 ,0.0305786132812 ,-0.522155761719 ,-0.852294921875
16.3364 ,8340640 ,-87 ,25 ,-0.00372314453125 ,0.0382080078125 ,-0.497863769531 ,-0.866394042969
16.3471 ,8341211 ,-87 ,24 ,-0.00714111328125 ,0.0588989257812 ,-0.466369628906 ,-0.882568359375
16.3583 ,8341152 ,-87 ,24 ,-0.0136108398438 ,0.118347167969 ,-0.398071289062 ,-0.909606933594
16.3724 ,8341653 ,-87 ,23 ,-0.01318359375 ,0.144104003906 ,-0.373474121094 ,-0.916320800781
16.3832 ,8342138 ,-87 ,22 ,-0.0089111328125 ,0.161560058594 ,-0.358276367188 ,-0.919494628906
16.3939 ,8341681 ,-88 ,22 ,-0.00018310546875 ,0.164367675781 ,-0.349914550781 ,-0.922241210938
16.4047 ,8341986 ,-88 ,21 ,0.0110473632812 ,0.151428222656 ,-0.340576171875 ,-0.927856445312
16.4152 ,8342363 ,-88 ,21 ,0.0208129882812 ,0.125061035156 ,-0.3212890625 ,-0.9384765625
16.4263 ,8341563 ,-88 ,21 ,0.0275268554688 ,0.09423828125 ,-0.289367675781 ,-0.9521484375
16.438 ,8342273 ,-89 ,21 ,0.0384521484375 ,0.056396484375 ,-0.210510253906 ,-0.975219726562
16.4532 ,8341671 ,-89 ,22 ,0.0430297851562 ,0.0529174804688 ,-0.173461914062 ,-0.982482910156
16.4655 ,8342034 ,-89 ,23 ,0.0473022460938 ,0.0572509765625 ,-0.140563964844 ,-0.9873046875
16.4772 ,8343640 ,-90 ,23 ,0.0499267578125 ,0.0652465820312 ,-0.111267089844 ,-0.990417480469
16.4884 ,8343346 ,-90 ,23 ,0.0361938476562 ,0.0743408203125 ,-0.0477905273438 ,-0.995422363281
16.5034 ,8344401 ,-90 ,24 ,0.022216796875 ,0.0654907226562 ,-0.0069580078125 ,-0.99755859375
16.5155 ,8345134 ,-90 ,24 ,0.0108642578125 ,0.046875 ,0.035400390625 ,-0.998229980469
16.5263 ,8345394 ,-90 ,25 ,0.00408935546875 ,0.0274658203125 ,0.0726318359375 ,-0.996948242188
16.5371 ,8348844 ,-91 ,26 ,0.00146484375 ,0.0133666992188 ,0.0996704101562 ,-0.994934082031
16.5481 ,8353681 ,-91 ,27 ,0.004638671875 ,-0.0040283203125 ,0.131652832031 ,-0.991271972656
16.5656 ,8359771 ,-91 ,27 ,0.0050048828125 ,-0.025634765625 ,0.156494140625 ,-0.9873046875
16.5765 ,8365771 ,-91 ,27 ,-0.0047607421875 ,-0.064208984375 ,0.178039550781 ,-0.98193359375
16.5871 ,8367308 ,-91 ,28 ,-0.00933837890625 ,-0.112121582031 ,0.191833496094 ,-0.974975585938
16.5982 ,8374270 ,-91 ,28 ,-0.02880859375 ,-0.185852050781 ,0.217956542969 ,-0.957641601562
16.6154 ,8386357 ,-91 ,28 ,-0.0387573242188 ,-0.19287109375 ,0.228759765625 ,-0.953430175781
16.6267 ,8393699 ,-91 ,28 ,-0.04345703125 ,-0.181457519531 ,0.2392578125 ,-0.952880859375
16.6373 ,8400852 ,-91 ,28 ,-0.0400390625 ,-0.162353515625 ,0.248596191406 ,-0.954040527344
16.648 ,8401011 ,-91 ,28 ,-0.0426635742188 ,-0.174560546875 ,0.263061523438 ,-0.947875976562
16.6653 ,8403160 ,-91 ,28 ,-0.0538330078125 ,-0.208374023438 ,0.268005371094 ,-0.939086914062
16.6761 ,8409623 ,-90 ,28 ,-0.0663452148438 ,-0.234741210938 ,0.270935058594 ,-0.93115234375
16.687 ,8411257 ,-90 ,28 ,-0.0743408203125 ,-0.242980957031 ,0.271911621094 ,-0.928161621094
16.6979 ,8411686 ,-90 ,28 ,-0.07763671875 ,-0.24853515625 ,0.272094726562 ,-0.926391601562
16.7153 ,8406696 ,-89 ,27 ,-0.0805053710938 ,-0.25146484375 ,0.273010253906 ,-0.925048828125
16.7255 ,8406392 ,-89 ,27 ,-0.0826416015625 ,-0.245910644531 ,0.273071289062 ,-0.926330566406
16.7368 ,8411610 ,-89 ,27 ,-0.083251953125 ,-0.228088378906 ,0.272888183594 ,-0.930908203125
16.7474 ,8412935 ,-90 ,27 ,-0.0814819335938 ,-0.20751953125 ,0.273132324219 ,-0.935791015625
16.7584 ,8412700 ,-90 ,27 ,-0.0833740234375 ,-0.208923339844 ,0.279296875 ,-0.933471679688
16.7729 ,8411281 ,-90 ,27 ,-0.0869750976562 ,-0.218811035156 ,0.281494140625 ,-0.930236816406
16.7834 ,8412665 ,-89 ,27 ,-0.0883178710938 ,-0.218139648438 ,0.28173828125 ,-0.93017578125
16.7939 ,8415475 ,-89 ,27 ,-0.0870361328125 ,-0.211608886719 ,0.28125 ,-0.931945800781
16.8046 ,8415983 ,-89 ,26 ,-0.0870361328125 ,-0.211303710938 ,0.28271484375 ,-0.931579589844
16.8153 ,8413440 ,-89 ,26 ,-0.0897216796875 ,-0.218139648438 ,0.285217285156 ,-0.928955078125
16.8257 ,8412914 ,-89 ,26 ,-0.0913696289062 ,-0.222595214844 ,0.287048339844 ,-0.927185058594
16.8361 ,8413693 ,-89 ,25 ,-0.0913696289062 ,-0.218139648438 ,0.286560058594 ,-0.928405761719
16.8472 ,8413713 ,-89 ,25 ,-0.0901489257812 ,-0.208190917969 ,0.284729003906 ,-0.931396484375
16.8584 ,8413464 ,-90 ,25 ,-0.0880126953125 ,-0.19580078125 ,0.28515625 ,-0.934143066406
16.8722 ,8409402 ,-90 ,24 ,-0.0875854492188 ,-0.193603515625 ,0.286254882812 ,-0.934265136719
16.8831 ,8409091 ,-90 ,24 ,-0.0870361328125 ,-0.189758300781 ,0.28515625 ,-0.935485839844
16.8935 ,8409104 ,-91 ,24 ,-0.0863647460938 ,-0.184265136719 ,0.28271484375 ,-0.937377929688
16.9042 ,8409426 ,-91 ,24 ,-0.085693359375 ,-0.180419921875 ,0.281616210938 ,-0.9384765625
16.9148 ,8406364 ,-91 ,24 ,-0.0855712890625 ,-0.180603027344 ,0.2822265625 ,-0.938293457031
16.9261 ,8406603 ,-91 ,24 ,-0.0853271484375 ,-0.182739257812 ,0.282348632812 ,-0.937866210938
16.9366 ,8405457 ,-91 ,23 ,-0.085205078125 ,-0.183532714844 ,0.280883789062 ,-0.938171386719
16.9475 ,8405509 ,-92 ,23 ,-0.0845336914062 ,-0.181701660156 ,0.278625488281 ,-0.939270019531
16.9584 ,8405772 ,-92 ,23 ,-0.0826416015625 ,-0.179260253906 ,0.276611328125 ,-0.940490722656
16.9726 ,8403021 ,-92 ,23 ,-0.0821533203125 ,-0.181396484375 ,0.275390625 ,-0.940490722656
16.9831 ,8402523 ,-92 ,23 ,-0.0821533203125 ,-0.183166503906 ,0.272644042969 ,-0.94091796875
16.9941 ,8402177 ,-92 ,24 ,-0.0818481445312 ,-0.183044433594 ,0.269348144531 ,-0.941955566406
17.0049 ,8401949 ,-93 ,24 ,-0.080810546875 ,-0.181518554688 ,0.266723632812 ,-0.943054199219
17.0161 ,8399897 ,-93 ,26 ,-0.078125 ,-0.180053710938 ,0.259887695312 ,-0.945495605469
17.0271 ,8397762 ,-93 ,27 ,-0.0762939453125 ,-0.177612304688 ,0.257934570312 ,-0.946594238281
17.0381 ,8397762 ,-93 ,29 ,-0.0728759765625 ,-0.166076660156 ,0.251159667969 ,-0.950805664062
17.0524 ,8394717 ,-93 ,31 ,-0.07177734375 ,-0.156677246094 ,0.246643066406 ,-0.953674316406
17.0662 ,8392935 ,-93 ,33 ,-0.0708618164062 ,-0.148193359375 ,0.23828125 ,-0.957214355469
17.0764 ,8378637 ,-93 ,39 ,-0.084716796875 ,-0.13134765625 ,0.209228515625 ,-0.965270996094
17.1162 ,8375858 ,-93 ,41 ,-0.09033203125 ,-0.123596191406 ,0.196716308594 ,-0.968444824219
17.1269 ,8373197 ,-93 ,42 ,-0.0967407226562 ,-0.113647460938 ,0.186340332031 ,-0.971069335938
17.1382 ,8367913 ,-93 ,43 ,-0.109252929688 ,-0.0895385742188 ,0.164123535156 ,-0.976257324219
17.1528 ,8360754 ,-93 ,43 ,-0.114562988281 ,-0.0756225585938 ,0.150451660156 ,-0.979064941406
17.1653 ,8357432 ,-93 ,43 ,-0.118896484375 ,-0.060302734375 ,0.135314941406 ,-0.981811523438
17.1763 ,8350764 ,-92 ,42 ,-0.122497558594 ,-0.0428466796875 ,0.118713378906 ,-0.984436035156
17.1869 ,8348027 ,-92 ,42 ,-0.124389648438 ,-0.0225219726562 ,0.102111816406 ,-0.986694335938
17.1978 ,8345494 ,-92 ,-1 ,-0.126525878906 ,0.0297241210938 ,0.064208984375 ,-0.989440917969
17.2152 ,8343044 ,-92 ,41 ,-0.126647949219 ,0.0621948242188 ,0.044189453125 ,-0.989013671875
17.2262 ,8342532 ,-91 ,41 ,-0.124572753906 ,0.095703125 ,0.0243530273438 ,-0.9873046875
17.2368 ,8342006 ,-91 ,40 ,-0.12060546875 ,0.128784179688 ,0.0020751953125 ,-0.984313964844
17.2481 ,8342131 ,-91 ,39 ,-0.108520507812 ,0.183227539062 ,-0.0574951171875 ,-0.975341796875
17.2652 ,8343200 ,-90 ,39 ,-0.101684570312 ,0.201232910156 ,-0.102844238281 ,-0.968811035156
17.2762 ,8344335 ,-89 ,38 ,-0.08740234375 ,0.209228515625 ,-0.208923339844 ,-0.951293945312
17.2934 ,8345550 ,-89 ,-1 ,-0.083984375 ,0.200561523438 ,-0.242919921875 ,-0.945373535156
17.3042 ,8346391 ,-88 ,37 ,-0.08203125 ,0.194091796875 ,-0.267700195312 ,-0.940185546875
17.3153 ,8350761 ,-88 ,37 ,-0.0821533203125 ,0.198181152344 ,-0.295593261719 ,-0.930908203125
17.3264 ,8354546 ,-87 ,37 ,-0.0814819335938 ,0.207458496094 ,-0.328491210938 ,-0.917846679688
17.3371 ,8355965 ,-87 ,37 ,-0.0806274414062 ,0.213500976562 ,-0.350402832031 ,-0.908386230469
17.3489 ,8359027 ,-88 ,37 ,-0.0682983398438 ,0.199890136719 ,-0.377807617188 ,-0.901489257812
17.3664 ,8358536 ,-88 ,36 ,-0.054443359375 ,0.176452636719 ,-0.387756347656 ,-0.903076171875
17.379 ,8358412 ,-88 ,36 ,-0.0316772460938 ,0.118286132812 ,-0.402404785156 ,-0.9072265625
17.3929 ,8359910 ,-88 ,36 ,-0.0316772460938 ,0.103881835938 ,-0.409240722656 ,-0.905944824219
17.4041 ,8360668 ,-89 ,36 ,-0.0376586914062 ,0.103576660156 ,-0.417053222656 ,-0.902160644531
17.4152 ,8360169 ,-89 ,35 ,-0.0481567382812 ,0.111389160156 ,-0.423278808594 ,-0.897827148438
17.4265 ,8357910 ,-89 ,35 ,-0.0565795898438 ,0.119873046875 ,-0.427917480469 ,-0.89404296875
17.4373 ,8355017 ,-89 ,35 ,-0.0595092773438 ,0.121765136719 ,-0.428771972656 ,-0.893188476562
17.448 ,8352892 ,-89 ,35 ,-0.0494384765625 ,0.0968017578125 ,-0.4248046875 ,-0.898742675781
17.4657 ,8348308 ,-89 ,34 ,-0.0435180664062 ,0.080810546875 ,-0.419982910156 ,-0.902893066406
17.4766 ,8347117 ,-89 ,34 ,-0.041748046875 ,0.0706176757812 ,-0.415649414062 ,-0.905822753906
17.4871 ,8343418 ,-89 ,33 ,-0.0436401367188 ,0.0697021484375 ,-0.411315917969 ,-0.907775878906
17.4982 ,8343031 ,-89 ,33 ,-0.0482788085938 ,0.0770263671875 ,-0.40185546875 ,-0.911193847656
17.5148 ,8342698 ,-89 ,32 ,-0.0513305664062 ,0.0814819335938 ,-0.390014648438 ,-0.915771484375
17.5257 ,8341619 ,-89 ,32 ,-0.0558471679688 ,0.086181640625 ,-0.373168945312 ,-0.922058105469
17.5367 ,8341664 ,-89 ,31 ,-0.059814453125 ,0.08984375 ,-0.350830078125 ,-0.93017578125
17.5473 ,8341664 ,-89 ,31 ,-0.0571899414062 ,0.0927124023438 ,-0.299499511719 ,-0.947875976562
17.5651 ,8341155 ,-89 ,30 ,-0.0488891601562 ,0.0912475585938 ,-0.279602050781 ,-0.954528808594
17.5764 ,8340543 ,-89 ,29 ,-0.0372314453125 ,0.0906982421875 ,-0.268859863281 ,-0.958190917969
17.5869 ,8341539 ,-89 ,28 ,-0.024658203125 ,0.0888061523438 ,-0.267272949219 ,-0.959228515625
17.5977 ,8341131 ,-90 ,28 ,-0.014404296875 ,0.0853271484375 ,-0.270751953125 ,-0.958740234375
17.6085 ,8342131 ,-90 ,27 ,-0.0076904296875 ,0.0625 ,-0.261962890625 ,-0.963012695312
17.6225 ,8341024 ,-90 ,27 ,-0.00921630859375 ,0.0445556640625 ,-0.242797851562 ,-0.968994140625
17.6333 ,8341667 ,-90 ,26 ,-0.00848388671875 ,0.0260620117188 ,-0.217224121094 ,-0.975708007812
17.6438 ,8341896 ,-90 ,26 ,-0.0045166015625 ,0.010009765625 ,-0.190979003906 ,-0.981567382812
17.6544 ,8341885 ,-90 ,26 ,-0.00079345703125 ,-0.00457763671875 ,-0.167053222656 ,-0.985961914062
17.6648 ,8341754 ,-90 ,25 ,0.00018310546875 ,-0.0171508789062 ,-0.143859863281 ,-0.989440917969
17.6755 ,8342401 ,-90 ,25 ,-0.00067138671875 ,-0.0266723632812 ,-0.121215820312 ,-0.992248535156
17.6861 ,8342072 ,-90 ,25 ,-0.00262451171875 ,-0.0465698242188 ,-0.0712280273438 ,-0.996398925781
17.7025 ,8343166 ,-91 ,25 ,-0.0048828125 ,-0.0592041015625 ,-0.0450439453125 ,-0.997192382812
17.7148 ,8342550 ,-91 ,25 ,-0.006591796875 ,-0.0709838867188 ,-0.01953125 ,-0.997253417969
17.7258 ,8344218 ,-91 ,25 ,-0.00653076171875 ,-0.0763549804688 ,0.0040283203125 ,-0.9970703125
17.7364 ,8343871 ,-91 ,25 ,-0.0050048828125 ,-0.0767211914062 ,0.0258178710938 ,-0.996704101562
17.7472 ,8344356 ,-91 ,26 ,-0.00640869140625 ,-0.0626831054688 ,0.05908203125 ,-0.996276855469
17.7649 ,8345214 ,-91 ,-1 ,-0.0062255859375 ,-0.0514526367188 ,0.0707397460938 ,-0.996154785156
17.7753 ,8346166 ,-90 ,26 ,-0.00640869140625 ,-0.0409545898438 ,0.0849609375 ,-0.995544433594
17.7858 ,8346242 ,-90 ,26 ,-0.00750732421875 ,-0.0341796875 ,0.103942871094 ,-0.993957519531
17.7962 ,8345546 ,-90 ,26 ,-0.0037841796875 ,-0.03076171875 ,0.117248535156 ,-0.992614746094
17.8067 ,8346190 ,-90 ,27 ,0.00360107421875 ,-0.0288696289062 ,0.117248535156 ,-0.99267578125
17.8169 ,8345273 ,-90 ,27 ,6.103515625e-05 ,-0.0250244140625 ,0.113159179688 ,-0.993286132812
17.8324 ,8346086 ,-90 ,28 ,-0.00726318359375 ,-0.0160522460938 ,0.115112304688 ,-0.9931640625
17.8431 ,8346820 ,-89 ,28 ,-0.0086669921875 ,-0.00164794921875 ,0.115173339844 ,-0.993286132812
17.8538 ,8347308 ,-89 ,28 ,-0.00830078125 ,0.0160522460938 ,0.114135742188 ,-0.993286132812
17.8648 ,8346968 ,-88 ,28 ,-0.0108032226562 ,0.03271484375 ,0.114562988281 ,-0.992797851562
17.8766 ,8348771 ,-88 ,28 ,-0.0151977539062 ,0.04345703125 ,0.115051269531 ,-0.992309570312
17.8871 ,8348771 ,-88 ,28 ,-0.017333984375 ,0.0462036132812 ,0.115661621094 ,-0.992065429688
17.8978 ,8348079 ,-87 ,27 ,-0.0180053710938 ,0.031494140625 ,0.119384765625 ,-0.9921875
17.9147 ,8348072 ,-87 ,27 ,-0.0199584960938 ,0.0228271484375 ,0.120849609375 ,-0.9921875
17.9251 ,8347712 ,-87 ,26 ,-0.0211791992188 ,0.0192260742188 ,0.121826171875 ,-0.992126464844
17.9356 ,8346851 ,-87 ,26 ,-0.0208129882812 ,0.02197265625 ,0.123229980469 ,-0.991943359375
17.9462 ,8347038 ,-87 ,26 ,-0.020263671875 ,0.0302734375 ,0.125854492188 ,-0.991394042969
17.9567 ,8347193 ,-87 ,25 ,-0.0200805664062 ,0.0423583984375 ,0.130249023438 ,-0.990356445312
17.9679 ,8347584 ,-87 ,25 ,-0.0191650390625 ,0.0679321289062 ,0.138122558594 ,-0.987915039062
17.9823 ,8347699 ,-87 ,24 ,-0.0196533203125 ,0.077880859375 ,0.141723632812 ,-0.986633300781
17.9929 ,8347031 ,-87 ,24 ,-0.0205078125 ,0.08447265625 ,0.145690917969 ,-0.985534667969
18.0051 ,8347422 ,-88 ,23 ,-0.0206909179688 ,0.0870361328125 ,0.149536132812 ,-0.984680175781
18.0163 ,8346844 ,-88 ,23 ,-0.0203857421875 ,0.0863647460938 ,0.153503417969 ,-0.984130859375
18.0276 ,8347837 ,-88 ,22 ,-0.021728515625 ,0.0813598632812 ,0.158569335938 ,-0.983764648438
18.0423 ,8348809 ,-88 ,22 ,-0.0223388671875 ,0.080078125 ,0.159606933594 ,-0.983642578125
18.0531 ,8347885 ,-88 ,22 ,-0.0220336914062 ,0.08056640625 ,0.16015625 ,-0.983581542969
18.0647 ,8349155 ,-88 ,22 ,-0.021484375 ,0.082763671875 ,0.160339355469 ,-0.983337402344
18.0758 ,8349169 ,-88 ,21 ,-0.020751953125 ,0.0859375 ,0.160400390625 ,-0.983093261719
18.0863 ,8349505 ,-89 ,21 ,-0.0195922851562 ,0.0886840820312 ,0.160522460938 ,-0.982849121094
18.0968 ,8349207 ,-89 ,21 ,-0.0186767578125 ,0.08984375 ,0.160888671875 ,-0.982727050781
18.1079 ,8349671 ,-89 ,21 ,-0.0177612304688 ,0.0903930664062 ,0.160461425781 ,-0.982727050781
18.1222 ,8350422 ,-90 ,20 ,-0.0172119140625 ,0.0910034179688 ,0.160095214844 ,-0.982727050781
18.1327 ,8348972 ,-90 ,20 ,-0.016845703125 ,0.0921630859375 ,0.160095214844 ,-0.982666015625
18.1437 ,8349166 ,-90 ,20 ,-0.0164794921875 ,0.0934448242188 ,0.160583496094 ,-0.982421875
18.1542 ,8349626 ,-90 ,20 ,-0.01611328125 ,0.09423828125 ,0.161376953125 ,-0.982238769531
18.1647 ,8349789 ,-91 ,19 ,-0.0158081054688 ,0.0942993164062 ,0.162353515625 ,-0.982055664062
18.1752 ,8349591 ,-91 ,19 ,-0.015380859375 ,0.0935668945312 ,0.163940429688 ,-0.98193359375
18.1861 ,8349287 ,-91 ,19 ,-0.0146484375 ,0.0924072265625 ,0.166076660156 ,-0.981689453125
18.1968 ,8349941 ,-91 ,18 ,-0.013916015625 ,0.0918579101562 ,0.168334960938 ,-0.981323242188
18.2077 ,8349443 ,-91 ,16 ,-0.0133056640625 ,0.09326171875 ,0.170288085938 ,-0.980895996094
18.2187 ,8350148 ,-91 ,16 ,-0.0115356445312 ,0.102111816406 ,0.173278808594 ,-0.9794921875
18.2323 ,8350532 ,-91 ,15 ,-0.0105590820312 ,0.107543945312 ,0.174194335938 ,-0.978759765625
18.2429 ,8350626 ,-91 ,15 ,-0.009765625 ,0.111572265625 ,0.175048828125 ,-0.978149414062
18.2533 ,8351045 ,-91 ,15 ,-0.00921630859375 ,0.113342285156 ,0.175903320312 ,-0.977844238281
18.2659 ,8350152 ,-91 ,15 ,-0.00811767578125 ,0.113098144531 ,0.187805175781 ,-0.975646972656
18.2764 ,8350273 ,-91 ,15 ,-0.00848388671875 ,0.111389160156 ,0.188720703125 ,-0.975646972656
18.287 ,8350671 ,-91 ,15 ,-0.007568359375 ,0.1103515625 ,0.189392089844 ,-0.975646972656
18.298 ,8350373 ,-91 ,15 ,-0.0054931640625 ,0.115600585938 ,0.190307617188 ,-0.974853515625
18.3162 ,8351460 ,-90 ,15 ,-0.0020751953125 ,0.122253417969 ,0.20068359375 ,-0.971984863281
18.3267 ,8351391 ,-90 ,16 ,0.00067138671875 ,0.130798339844 ,0.200012207031 ,-0.971008300781
18.3376 ,8351903 ,-90 ,17 ,0.00653076171875 ,0.147033691406 ,0.197814941406 ,-0.969116210938
18.3524 ,8351505 ,-90 ,19 ,0.0093994140625 ,0.152038574219 ,0.196533203125 ,-0.968566894531
18.3661 ,8352072 ,-89 ,22 ,0.0136108398438 ,0.155029296875 ,0.205810546875 ,-0.966125488281
18.3772 ,8350664 ,-89 ,25 ,0.0169067382812 ,0.158569335938 ,0.202514648438 ,-0.966186523438
18.3881 ,8350546 ,-88 ,28 ,0.0238037109375 ,0.171569824219 ,0.194641113281 ,-0.965454101562
18.4023 ,8349968 ,-87 ,32 ,0.0264282226562 ,0.183715820312 ,0.189575195312 ,-0.964172363281
18.4163 ,8349616 ,-86 ,35 ,0.0298461914062 ,0.19921875 ,0.188415527344 ,-0.961242675781
18.4275 ,8350903 ,-85 ,37 ,0.0325317382812 ,0.215454101562 ,0.182739257812 ,-0.958740234375
18.438 ,8351328 ,-84 ,39 ,0.0308837890625 ,0.243835449219 ,0.170593261719 ,-0.954162597656
18.4526 ,8351436 ,-83 ,40 ,0.0304565429688 ,0.256225585938 ,0.1650390625 ,-0.951965332031
18.4664 ,8350671 ,-83 ,41 ,0.0341186523438 ,0.265808105469 ,0.170043945312 ,-0.948303222656
18.478 ,8349764 ,-82 ,42 ,0.03369140625 ,0.274169921875 ,0.1494140625 ,-0.949401855469
18.4923 ,8348252 ,-82 ,43 ,0.0339965820312 ,0.274230957031 ,0.137512207031 ,-0.951171875
18.5032 ,8347577 ,-82 ,43 ,0.0347290039062 ,0.27294921875 ,0.12548828125 ,-0.953186035156
18.516 ,8345733 ,-83 ,44 ,0.0375366210938 ,0.272155761719 ,0.121154785156 ,-0.953857421875
18.5274 ,8346553 ,-83 ,44 ,0.0384521484375 ,0.275329589844 ,0.104431152344 ,-0.954895019531
18.5383 ,8344844 ,-83 ,44 ,0.0408325195312 ,0.288940429688 ,0.0768432617188 ,-0.953369140625
18.5523 ,8344339 ,-83 ,44 ,0.0405883789062 ,0.294860839844 ,0.0620727539062 ,-0.95263671875
18.565 ,8344384 ,-84 ,44 ,0.0392456054688 ,0.300109863281 ,0.044921875 ,-0.952026367188
18.5754 ,8343913 ,-84 ,43 ,0.0379638671875 ,0.30419921875 ,0.0306396484375 ,-0.951354980469
18.5859 ,8343221 ,-85 ,42 ,0.0374755859375 ,0.305297851562 ,0.0204467773438 ,-0.951293945312
18.5964 ,8342660 ,-85 ,41 ,0.0368041992188 ,0.303100585938 ,0.0120239257812 ,-0.9521484375
18.6069 ,8342432 ,-85 ,40 ,0.0352172851562 ,0.2978515625 ,0.0050048828125 ,-0.953979492188
18.6181 ,8342532 ,-85 ,40 ,0.0341186523438 ,0.282592773438 ,-0.00048828125 ,-0.958618164062
18.6323 ,8341851 ,-85 ,39 ,0.0379638671875 ,0.2724609375 ,0.0010986328125 ,-0.96142578125
18.6428 ,8341626 ,-85 ,39 ,0.0432739257812 ,0.26025390625 ,0.0008544921875 ,-0.964599609375
18.6534 ,8341920 ,-85 ,38 ,0.0474243164062 ,0.246459960938 ,-0.00543212890625 ,-0.967956542969
18.665 ,8341525 ,-85 ,38 ,0.04931640625 ,0.231262207031 ,-0.01806640625 ,-0.971496582031
18.6756 ,8342477 ,-85 ,37 ,0.0488891601562 ,0.213684082031 ,-0.0324096679688 ,-0.975158691406
18.6861 ,8341851 ,-85 ,37 ,0.0446166992188 ,0.195373535156 ,-0.043701171875 ,-0.978759765625
18.6966 ,8341906 ,-85 ,36 ,0.03857421875 ,0.1796875 ,-0.0504150390625 ,-0.981689453125
18.7071 ,8341771 ,-85 ,35 ,0.0324096679688 ,0.167907714844 ,-0.0521850585938 ,-0.98388671875
18.7184 ,8342380 ,-85 ,34 ,0.0231323242188 ,0.156860351562 ,-0.0487670898438 ,-0.986145019531
18.7322 ,8342069 ,-86 ,33 ,0.0177612304688 ,0.151184082031 ,-0.0480346679688 ,-0.987182617188
18.7428 ,8341851 ,-86 ,32 ,0.011474609375 ,0.143920898438 ,-0.0490112304688 ,-0.98828125
18.7532 ,8342145 ,-86 ,32 ,0.00677490234375 ,0.13525390625 ,-0.051513671875 ,-0.989440917969
18.7648 ,8341553 ,-86 ,31 ,0.003662109375 ,0.124450683594 ,-0.0523071289062 ,-0.990844726562
18.7758 ,8342318 ,-86 ,30 ,0.0009765625 ,0.111633300781 ,-0.0497436523438 ,-0.992492675781
18.7875 ,8341923 ,-86 ,28 ,-0.0009765625 ,0.0986328125 ,-0.0442504882812 ,-0.994140625
18.7981 ,8341927 ,-87 ,27 ,-0.00115966796875 ,0.0807495117188 ,-0.0304565429688 ,-0.996276855469
18.8146 ,8342387 ,-87 ,26 ,-0.00103759765625 ,0.07568359375 ,-0.022705078125 ,-0.996887207031
18.8251 ,8342515 ,-87 ,25 ,-0.00146484375 ,0.0709228515625 ,-0.0152587890625 ,-0.997375488281
18.8355 ,8342435 ,-88 ,25 ,-0.00238037109375 ,0.0655517578125 ,-0.00872802734375 ,-0.997802734375
18.8459 ,8341927 ,-88 ,24 ,-0.00396728515625 ,0.05859375 ,-0.00164794921875 ,-0.998291015625
18.8563 ,8342166 ,-88 ,24 ,-0.0059814453125 ,0.0501098632812 ,0.00762939453125 ,-0.998718261719
18.8667 ,8342155 ,-89 ,24 ,-0.0074462890625 ,0.0406494140625 ,0.0200805664062 ,-0.998962402344
18.8784 ,8342076 ,-89 ,23 ,-0.0093994140625 ,0.02001953125 ,0.0523681640625 ,-0.998352050781
18.8923 ,8342629 ,-89 ,23 ,-0.0118408203125 ,0.00927734375 ,0.0690307617188 ,-0.997497558594
18.903 ,8342352 ,-90 ,23 ,-0.0158081054688 ,-0.00030517578125 ,0.0835571289062 ,-0.996398925781
18.915 ,8342660 ,-90 ,22 ,-0.0205688476562 ,-0.00787353515625 ,0.0957641601562 ,-0.995178222656
18.9264 ,8343685 ,-90 ,22 ,-0.0254516601562 ,-0.0142211914062 ,0.105041503906 ,-0.994018554688
18.9371 ,8342989 ,-90 ,22 ,-0.0293579101562 ,-0.0179443359375 ,0.111083984375 ,-0.993225097656
18.948 ,8344359 ,-90 ,22 ,-0.0311279296875 ,-0.0169067382812 ,0.113403320312 ,-0.992919921875
18.9649 ,8344726 ,-90 ,21 ,-0.02880859375 ,-0.0169677734375 ,0.115539550781 ,-0.992736816406
18.9757 ,8346913 ,-90 ,21 ,-0.0242309570312 ,-0.0230102539062 ,0.121826171875 ,-0.992004394531
18.9925 ,8345242 ,-90 ,22 ,-0.023681640625 ,-0.0271606445312 ,0.118469238281 ,-0.992309570312
19.0033 ,8346110 ,-89 ,22 ,-0.0209350585938 ,-0.0309448242188 ,0.112976074219 ,-0.992919921875
19.0149 ,8345394 ,-89 ,23 ,-0.0176391601562 ,-0.031494140625 ,0.109436035156 ,-0.993347167969
19.0265 ,8346020 ,-89 ,24 ,-0.0164794921875 ,-0.0272827148438 ,0.106811523438 ,-0.993774414062
19.0376 ,8344927 ,-88 ,25 ,-0.01953125 ,-0.00439453125 ,0.0927734375 ,-0.995483398438
19.0524 ,8344619 ,-88 ,25 ,-0.0205688476562 ,0.0131225585938 ,0.0857543945312 ,-0.996032714844
19.0648 ,8344339 ,-88 ,25 ,-0.0206909179688 ,0.03271484375 ,0.0808715820312 ,-0.995971679688
19.0753 ,8344816 ,-88 ,26 ,-0.0205078125 ,0.0524291992188 ,0.07470703125 ,-0.99560546875
19.0859 ,8344882 ,-87 ,26 ,-0.0234985351562 ,0.0708618164062 ,0.0665283203125 ,-0.994995117188
19.0964 ,8344584 ,-86 ,26 ,-0.0294189453125 ,0.0855102539062 ,0.0589599609375 ,-0.994140625
19.1069 ,8344408 ,-86 ,27 ,-0.0308837890625 ,0.09521484375 ,0.0534057617188 ,-0.993530273438
19.1181 ,8344058 ,-86 ,27 ,-0.0242309570312 ,0.105041503906 ,0.0473022460938 ,-0.993041992188
19.1331 ,8343508 ,-86 ,27 ,-0.0274658203125 ,0.107177734375 ,0.0465087890625 ,-0.992797851562
19.1436 ,8343799 ,-86 ,27 ,-0.0360107421875 ,0.108032226562 ,0.0482788085938 ,-0.992309570312
19.1541 ,8343238 ,-87 ,27 ,-0.043701171875 ,0.109985351562 ,0.0537719726562 ,-0.991516113281
19.165 ,8343342 ,-87 ,27 ,-0.0454711914062 ,0.115417480469 ,0.0611572265625 ,-0.990417480469
19.1757 ,8344591 ,-87 ,27 ,-0.0406494140625 ,0.124816894531 ,0.0682373046875 ,-0.989013671875
19.1864 ,8343477 ,-87 ,26 ,-0.0330810546875 ,0.134216308594 ,0.07421875 ,-0.987609863281
19.1972 ,8343339 ,-87 ,26 ,-0.028076171875 ,0.14013671875 ,0.0786743164062 ,-0.986572265625
19.208 ,8343685 ,-87 ,26 ,-0.0280151367188 ,0.141418457031 ,0.0856323242188 ,-0.98583984375
19.2219 ,8343965 ,-87 ,25 ,-0.02685546875 ,0.142578125 ,0.0875244140625 ,-0.985534667969
19.2357 ,8343622 ,-87 ,24 ,-0.0245971679688 ,0.146484375 ,0.087646484375 ,-0.985046386719
19.2462 ,8343065 ,-88 ,24 ,-0.0228881835938 ,0.152954101562 ,0.0869140625 ,-0.984130859375
19.2568 ,8343280 ,-88 ,23 ,-0.0218505859375 ,0.16064453125 ,0.0866088867188 ,-0.982971191406
19.2681 ,8343626 ,-88 ,23 ,-0.0228271484375 ,0.176635742188 ,0.0856323242188 ,-0.980285644531
19.2822 ,8343553 ,-89 ,22 ,-0.023681640625 ,0.18310546875 ,0.0840454101562 ,-0.979187011719
19.2929 ,8343487 ,-89 ,21 ,-0.0236206054688 ,0.1875 ,0.0822143554688 ,-0.978515625
19.3034 ,8343221 ,-89 ,21 ,-0.02294921875 ,0.189575195312 ,0.0811767578125 ,-0.978210449219
19.3149 ,8343609 ,-89 ,21 ,-0.0222778320312 ,0.189514160156 ,0.0813598632812 ,-0.978271484375
19.3254 ,8343273 ,-89 ,20 ,-0.0220336914062 ,0.185363769531 ,0.0848999023438 ,-0.978759765625
19.3423 ,8344342 ,-90 ,20 ,-0.0223388671875 ,0.18310546875 ,0.0869750976562 ,-0.97900390625
19.3529 ,8343889 ,-90 ,19 ,-0.0226440429688 ,0.181640625 ,0.0888061523438 ,-0.979064941406
19.3647 ,8344055 ,-90 ,19 ,-0.0226440429688 ,0.18115234375 ,0.090576171875 ,-0.97900390625
19.3763 ,8344830 ,-90 ,19 ,-0.02294921875 ,0.181274414062 ,0.092529296875 ,-0.978820800781
19.3869 ,8344830 ,-90 ,18 ,-0.02392578125 ,0.181457519531 ,0.0946044921875 ,-0.978515625
19.398 ,8344384 ,-90 ,18 ,-0.0266723632812 ,0.183288574219 ,0.0973510742188 ,-0.977844238281
19.4147 ,8344750 ,-90 ,17 ,-0.02685546875 ,0.185729980469 ,0.0982666015625 ,-0.977294921875
19.4253 ,8344110 ,-90 ,17 ,-0.026123046875 ,0.189086914062 ,0.0990600585938 ,-0.976623535156
19.4359 ,8344197 ,-91 ,16 ,-0.0249633789062 ,0.193115234375 ,0.0995483398438 ,-0.975769042969
19.4465 ,8345072 ,-91 ,16 ,-0.0237426757812 ,0.197448730469 ,0.0997924804688 ,-0.974914550781
19.4571 ,8343979 ,-91 ,15 ,-0.0226440429688 ,0.201293945312 ,0.100219726562 ,-0.97412109375
19.4681 ,8344709 ,-91 ,15 ,-0.0182495117188 ,0.206420898438 ,0.111877441406 ,-0.971862792969
19.482 ,8345425 ,-91 ,14 ,-0.0170288085938 ,0.208190917969 ,0.113647460938 ,-0.971313476562
19.4925 ,8344325 ,-91 ,14 ,-0.0158081054688 ,0.210083007812 ,0.115295410156 ,-0.970764160156
19.5032 ,8344256 ,-91 ,14 ,-0.0145263671875 ,0.212524414062 ,0.116882324219 ,-0.970031738281
19.5158 ,8345318 ,-91 ,12 ,-0.0112915039062 ,0.215637207031 ,0.127075195312 ,-0.968078613281
19.5266 ,8344273 ,-91 ,-1 ,-0.0098876953125 ,0.219360351562 ,0.128601074219 ,-0.967102050781
19.5374 ,8345591 ,-91 ,-1 ,-0.00726318359375 ,0.226745605469 ,0.13037109375 ,-0.965148925781
19.5523 ,8345294 ,-91 ,-1 ,-0.00616455078125 ,0.229187011719 ,0.130981445312 ,-0.964538574219
19.566 ,8346484 ,-91 ,-1 ,-0.0015869140625 ,0.231079101562 ,0.140380859375 ,-0.962768554688
19.5767 ,8347425 ,-90 ,-1 ,0.0020751953125 ,0.232727050781 ,0.138977050781 ,-0.962585449219
19.5875 ,8346761 ,-90 ,-1 ,0.0062255859375 ,0.234069824219 ,0.13720703125 ,-0.962463378906
19.598 ,8347349 ,-90 ,14 ,0.0151977539062 ,0.238586425781 ,0.133483886719 ,-0.961791992188
19.6159 ,8346965 ,-89 ,19 ,0.0216064453125 ,0.242553710938 ,0.137145996094 ,-0.960144042969
19.6269 ,8347349 ,-89 ,25 ,0.0286865234375 ,0.252807617188 ,0.123901367188 ,-0.959106445312
19.6424 ,8348411 ,-87 ,28 ,0.0299072265625 ,0.259216308594 ,0.116882324219 ,-0.958251953125
19.653 ,8349145 ,-87 ,30 ,0.02978515625 ,0.26708984375 ,0.10986328125 ,-0.956909179688
19.6659 ,8350273 ,-86 ,33 ,0.03125 ,0.275573730469 ,0.109558105469 ,-0.954528808594
19.6763 ,8351204 ,-85 ,35 ,0.0292358398438 ,0.284362792969 ,0.103332519531 ,-0.952697753906
19.6868 ,8351775 ,-84 ,36 ,0.02392578125 ,0.292419433594 ,0.0974731445312 ,-0.950988769531
19.6976 ,8351775 ,-84 ,38 ,0.0164794921875 ,0.304443359375 ,0.087890625 ,-0.948303222656
19.7158 ,8352571 ,-82 ,39 ,0.0149536132812 ,0.306701660156 ,0.090087890625 ,-0.947387695312
19.7267 ,8353010 ,-81 ,41 ,0.00860595703125 ,0.307067871094 ,0.0797729492188 ,-0.948303222656
19.7377 ,8352768 ,-81 ,42 ,0.001220703125 ,0.303833007812 ,0.0557861328125 ,-0.951110839844
19.7521 ,8353387 ,-82 ,-1 ,-0.00384521484375 ,0.301818847656 ,0.0430297851562 ,-0.952392578125
19.7664 ,8352633 ,-82 ,-1 ,-0.00457763671875 ,0.301147460938 ,0.037353515625 ,-0.952819824219
19.7772 ,8353584 ,-82 ,-1 ,-0.0078125 ,0.301391601562 ,0.0244140625 ,-0.953186035156
19.7878 ,8353958 ,-83 ,42 ,-0.0130615234375 ,0.299072265625 ,-0.0030517578125 ,-0.954162597656
19.8021 ,8353010 ,-83 ,41 ,-0.014892578125 ,0.294921875 ,-0.0167236328125 ,-0.955261230469
19.8159 ,8351678 ,-83 ,40 ,-0.0146484375 ,0.288452148438 ,-0.0196533203125 ,-0.957153320312
19.8264 ,8350211 ,-83 ,40 ,-0.0153198242188 ,0.27978515625 ,-0.0287475585938 ,-0.959533691406
19.837 ,8350211 ,-83 ,39 ,-0.0164184570312 ,0.269897460938 ,-0.0376586914062 ,-0.962036132812
19.8477 ,8349048 ,-84 ,37 ,-0.0174560546875 ,0.251281738281 ,-0.0518798828125 ,-0.966369628906
19.8646 ,8347013 ,-84 ,35 ,-0.0180053710938 ,0.244506835938 ,-0.0614013671875 ,-0.967529296875
19.8757 ,8346962 ,-84 ,34 ,-0.01904296875 ,0.239135742188 ,-0.0718383789062 ,-0.968139648438
19.8862 ,8346411 ,-84 ,33 ,-0.0208740234375 ,0.233764648438 ,-0.081298828125 ,-0.968688964844
19.8967 ,8346854 ,-85 ,32 ,-0.0232543945312 ,0.2275390625 ,-0.0903930664062 ,-0.969299316406
19.9075 ,8347252 ,-85 ,31 ,-0.0283203125 ,0.211059570312 ,-0.109252929688 ,-0.970947265625
19.9269 ,8347494 ,-85 ,29 ,-0.0302734375 ,0.199951171875 ,-0.117736816406 ,-0.972229003906
19.9377 ,8347640 ,-86 ,29 ,-0.0338134765625 ,0.173400878906 ,-0.131042480469 ,-0.975524902344
19.9521 ,8348591 ,-86 ,28 ,-0.0357055664062 ,0.159423828125 ,-0.136413574219 ,-0.977111816406
19.9651 ,8350020 ,-86 ,27 ,-0.0376586914062 ,0.145263671875 ,-0.139770507812 ,-0.978759765625
19.9757 ,8350273 ,-87 ,26 ,-0.0399780273438 ,0.131286621094 ,-0.142395019531 ,-0.980224609375
19.9864 ,8350913 ,-87 ,25 ,-0.0425415039062 ,0.117980957031 ,-0.144714355469 ,-0.981506347656
19.9973 ,8351377 ,-88 ,25 ,-0.0447387695312 ,0.104675292969 ,-0.1455078125 ,-0.982788085938
20.0079 ,8352844 ,-88 ,24 ,-0.0467529296875 ,0.0760498046875 ,-0.141784667969 ,-0.98583984375
20.0252 ,8354034 ,-89 ,23 ,-0.0468139648438 ,0.0599975585938 ,-0.137756347656 ,-0.987548828125
20.036 ,8355301 ,-89 ,22 ,-0.0443115234375 ,0.0252685546875 ,-0.12744140625 ,-0.990539550781
20.0544 ,8358508 ,-90 ,21 ,-0.0425415039062 ,0.0072021484375 ,-0.121459960938 ,-0.991638183594
20.0647 ,8358529 ,-90 ,20 ,-0.040771484375 ,-0.0108642578125 ,-0.115173339844 ,-0.992431640625
20.0756 ,8360643 ,-90 ,19 ,-0.0382080078125 ,-0.0285034179688 ,-0.108642578125 ,-0.992919921875
20.0865 ,8362934 ,-90 ,19 ,-0.03515625 ,-0.0462036132812 ,-0.101989746094 ,-0.993103027344
20.0975 ,8364207 ,-91 ,18 ,-0.0281982421875 ,-0.082275390625 ,-0.0890502929688 ,-0.992248535156
20.1148 ,8365685 ,-91 ,17 ,-0.0245361328125 ,-0.099365234375 ,-0.08251953125 ,-0.991333007812
20.1255 ,8366031 ,-91 ,17 ,-0.0208740234375 ,-0.114562988281 ,-0.0763549804688 ,-0.990234375
20.1361 ,8367111 ,-91 ,16 ,-0.0180053710938 ,-0.127075195312 ,-0.0709838867188 ,-0.989196777344
20.1466 ,8367619 ,-91 ,16 ,-0.0153198242188 ,-0.136596679688 ,-0.0662841796875 ,-0.98828125
20.1576 ,8368336 ,-92 ,16 ,-0.00994873046875 ,-0.150268554688 ,-0.0569458007812 ,-0.986938476562
20.172 ,8367934 ,-92 ,15 ,-0.007080078125 ,-0.157043457031 ,-0.0523071289062 ,-0.986206054688
20.1826 ,8367377 ,-92 ,15 ,-0.00396728515625 ,-0.163940429688 ,-0.0479125976562 ,-0.985290527344
20.193 ,8366643 ,-92 ,15 ,-0.00091552734375 ,-0.169860839844 ,-0.0439453125 ,-0.984497070312
20.2037 ,8366152 ,-92 ,15 ,0.00201416015625 ,-0.173950195312 ,-0.040283203125 ,-0.983947753906
20.2145 ,8364900 ,-92 ,16 ,0.00494384765625 ,-0.175231933594 ,-0.0367431640625 ,-0.983825683594
20.2254 ,8363979 ,-92 ,16 ,0.00689697265625 ,-0.173828125 ,-0.0330200195312 ,-0.984191894531
20.2359 ,8364176 ,-92 ,16 ,0.00823974609375 ,-0.169494628906 ,-0.0293579101562 ,-0.985046386719
20.2466 ,8362114 ,-91 ,17 ,0.01171875 ,-0.16162109375 ,-0.0265502929688 ,-0.986450195312
20.2576 ,8361522 ,-91 ,16 ,0.0123901367188 ,-0.142700195312 ,-0.022705078125 ,-0.989440917969
20.2718 ,8360789 ,-91 ,17 ,0.011474609375 ,-0.131896972656 ,-0.0270385742188 ,-0.990844726562
20.2825 ,8361083 ,-90 ,18 ,0.00799560546875 ,-0.12158203125 ,-0.0333251953125 ,-0.992004394531
20.2934 ,8360678 ,-90 ,18 ,0.00390625 ,-0.112487792969 ,-0.0400390625 ,-0.992858886719
20.3042 ,8360145 ,-90 ,19 ,-0.0010986328125 ,-0.104309082031 ,-0.0458374023438 ,-0.993469238281
20.3158 ,8361145 ,-90 ,20 ,-0.00567626953125 ,-0.0958251953125 ,-0.050048828125 ,-0.994140625
20.3272 ,8362457 ,-89 ,20 ,-0.00982666015625 ,-0.0860595703125 ,-0.0527954101562 ,-0.994812011719
20.3379 ,8361322 ,-88 ,21 ,-0.019775390625 ,-0.0652465820312 ,-0.0641479492188 ,-0.99560546875
20.3524 ,8360498 ,-88 ,21 ,-0.0215454101562 ,-0.0529174804688 ,-0.0698852539062 ,-0.995910644531
20.3645 ,8358401 ,-88 ,21 ,-0.024658203125 ,-0.0425415039062 ,-0.072265625 ,-0.996154785156
20.3752 ,8358200 ,-88 ,21 ,-0.0287475585938 ,-0.0348510742188 ,-0.071533203125 ,-0.996398925781
20.3859 ,8358287 ,-87 ,-1 ,-0.03125 ,-0.028564453125 ,-0.0697631835938 ,-0.996643066406
20.3965 ,8357737 ,-87 ,20 ,-0.0332641601562 ,-0.0252685546875 ,-0.0659790039062 ,-0.996948242188
20.4078 ,8356609 ,-87 ,20 ,-0.0369873046875 ,-0.0223388671875 ,-0.0582275390625 ,-0.997375488281
20.4218 ,8355692 ,-87 ,19 ,-0.0390014648438 ,-0.0158081054688 ,-0.055419921875 ,-0.99755859375
20.4322 ,8355519 ,-87 ,18 ,-0.0411376953125 ,-0.00701904296875 ,-0.0534057617188 ,-0.997680664062
20.4429 ,8354989 ,-87 ,18 ,-0.043212890625 ,0.00152587890625 ,-0.0524291992188 ,-0.997680664062
20.4534 ,8355616 ,-88 ,-1 ,-0.0443115234375 ,0.0076904296875 ,-0.0509643554688 ,-0.997680664062
20.4644 ,8355903 ,-88 ,17 ,-0.0451049804688 ,0.0112915039062 ,-0.0490112304688 ,-0.997741699219
20.4754 ,8356280 ,-88 ,16 ,-0.046142578125 ,0.0128173828125 ,-0.0471801757812 ,-0.997741699219
20.4862 ,8356114 ,-88 ,15 ,-0.0465087890625 ,0.0128784179688 ,-0.04541015625 ,-0.997802734375
20.4968 ,8355789 ,-89 ,15 ,-0.0465087890625 ,0.0123291015625 ,-0.0440063476562 ,-0.997863769531
20.5077 ,8356183 ,-89 ,14 ,-0.04736328125 ,0.0142822265625 ,-0.0424194335938 ,-0.997863769531
20.5219 ,8356256 ,-89 ,14 ,-0.0477294921875 ,0.017822265625 ,-0.0420532226562 ,-0.997802734375
20.5325 ,8356225 ,-90 ,13 ,-0.04833984375 ,0.02099609375 ,-0.041259765625 ,-0.997741699219
20.5436 ,8356598 ,-90 ,12 ,-0.049072265625 ,0.0224609375 ,-0.0402221679688 ,-0.997741699219
20.5541 ,8356474 ,-92 ,9 ,-0.0531005859375 ,0.0386962890625 ,-0.0320434570312 ,-0.997314453125
20.642 ,8357564 ,-92 ,9 ,-0.0537109375 ,0.039794921875 ,-0.0310668945312 ,-0.997253417969
20.6525 ,8357536 ,-92 ,8 ,-0.0542602539062 ,0.0402221679688 ,-0.0300903320312 ,-0.997253417969
20.6657 ,8357124 ,-92 ,8 ,-0.0547485351562 ,0.0408325195312 ,-0.028076171875 ,-0.997253417969
20.6763 ,8358000 ,-92 ,8 ,-0.055419921875 ,0.0425415039062 ,-0.0271606445312 ,-0.997192382812
20.6874 ,8358758 ,-92 ,8 ,-0.0569458007812 ,0.0510864257812 ,-0.0255126953125 ,-0.996765136719
20.702 ,8358671 ,-92 ,8 ,-0.0576171875 ,0.0562744140625 ,-0.0245361328125 ,-0.996459960938
20.7157 ,8359107 ,-92 ,8 ,-0.0582275390625 ,0.0602416992188 ,-0.0221557617188 ,-0.996215820312
20.7269 ,8358692 ,-92 ,8 ,-0.0584716796875 ,0.0628662109375 ,-0.0220336914062 ,-0.99609375
20.7376 ,8358498 ,-92 ,8 ,-0.0588989257812 ,0.0670776367188 ,-0.0223999023438 ,-0.995727539062
20.752 ,8359166 ,-92 ,8 ,-0.0589599609375 ,0.070556640625 ,-0.022705078125 ,-0.995483398438
20.766 ,8359796 ,-92 ,9 ,-0.0592041015625 ,0.0755004882812 ,-0.0227661132812 ,-0.9951171875
20.7774 ,8360502 ,-91 ,-1 ,-0.05908203125 ,0.087890625 ,-0.0222778320312 ,-0.994140625
20.792 ,8361522 ,-91 ,10 ,-0.0585327148438 ,0.0938110351562 ,-0.0218505859375 ,-0.99365234375
20.8031 ,8363273 ,-91 ,10 ,-0.0573120117188 ,0.0994873046875 ,-0.021728515625 ,-0.9931640625
20.8157 ,8363668 ,-91 ,11 ,-0.0554809570312 ,0.104736328125 ,-0.0204467773438 ,-0.992736816406
20.8265 ,8364695 ,-91 ,13 ,-0.0530395507812 ,0.110107421875 ,-0.02099609375 ,-0.992248535156
20.8374 ,8365858 ,-90 ,15 ,-0.0479736328125 ,0.122253417969 ,-0.025146484375 ,-0.991027832031
20.8518 ,8366934 ,-90 ,-1 ,-0.04541015625 ,0.129333496094 ,-0.0286254882812 ,-0.990173339844
20.8656 ,8366643 ,-90 ,21 ,-0.0411987304688 ,0.141479492188 ,-0.0330200195312 ,-0.988525390625
20.8817 ,8367823 ,-88 ,24 ,-0.0399780273438 ,0.146423339844 ,-0.0359497070312 ,-0.98779296875
20.893 ,8368055 ,-87 ,26 ,-0.0398559570312 ,0.152282714844 ,-0.0390625 ,-0.986755371094
20.9036 ,8368993 ,-86 ,29 ,-0.0415649414062 ,0.159912109375 ,-0.0408935546875 ,-0.985412597656
20.9158 ,8369837 ,-86 ,31 ,-0.0446166992188 ,0.169372558594 ,-0.0396118164062 ,-0.983764648438
20.9264 ,8369730 ,-85 ,33 ,-0.0481567382812 ,0.180969238281 ,-0.0379638671875 ,-0.981567382812
20.9373 ,8368502 ,-85 ,34 ,-0.0526123046875 ,0.193298339844 ,-0.0358276367188 ,-0.979064941406
20.9477 ,8367436 ,-86 ,35 ,-0.0635986328125 ,0.212951660156 ,-0.03662109375 ,-0.974304199219
20.9658 ,8367000 ,-86 ,38 ,-0.068115234375 ,0.216003417969 ,-0.034423828125 ,-0.973388671875
20.9781 ,8364495 ,-88 ,39 ,-0.0797729492188 ,0.199829101562 ,-0.0396728515625 ,-0.975769042969
20.9919 ,8364353 ,-88 ,40 ,-0.083740234375 ,0.187133789062 ,-0.0419311523438 ,-0.977844238281
21.0026 ,8363709 ,-89 ,-1 ,-0.08740234375 ,0.174499511719 ,-0.0446166992188 ,-0.979736328125
21.0156 ,8361944 ,-89 ,40 ,-0.0906982421875 ,0.162780761719 ,-0.048828125 ,-0.981262207031
21.0261 ,8360495 ,-89 ,39 ,-0.0914306640625 ,0.132263183594 ,-0.0499267578125 ,-0.985717773438
21.0656 ,8355813 ,-90 ,38 ,-0.0882568359375 ,0.128662109375 ,-0.0453491210938 ,-0.986694335938
21.0762 ,8354737 ,-90 ,37 ,-0.0847778320312 ,0.12451171875 ,-0.0443725585938 ,-0.987609863281
21.0867 ,8352235 ,-90 ,36 ,-0.0811767578125 ,0.120178222656 ,-0.044921875 ,-0.988403320312
21.0975 ,8350394 ,-90 ,35 ,-0.0722045898438 ,0.10986328125 ,-0.0480346679688 ,-0.990173339844
21.1156 ,8349148 ,-90 ,33 ,-0.0680541992188 ,0.102905273438 ,-0.0503540039062 ,-0.991088867188
21.1266 ,8349162 ,-90 ,31 ,-0.0640869140625 ,0.0953979492188 ,-0.0538330078125 ,-0.991943359375
21.1373 ,8348380 ,-90 ,30 ,-0.0569458007812 ,0.0843505859375 ,-0.0613403320312 ,-0.992919921875
21.1519 ,8347847 ,-90 ,28 ,-0.055419921875 ,0.0812377929688 ,-0.0657348632812 ,-0.992980957031
21.1655 ,8347370 ,-90 ,27 ,-0.0540161132812 ,0.0789184570312 ,-0.0704956054688 ,-0.992919921875
21.1761 ,8348377 ,-90 ,26 ,-0.0520629882812 ,0.0762939453125 ,-0.0752563476562 ,-0.992858886719
21.1867 ,8349571 ,-90 ,25 ,-0.0506591796875 ,0.07177734375 ,-0.0804443359375 ,-0.992858886719
21.1975 ,8350183 ,-90 ,24 ,-0.0504760742188 ,0.0531616210938 ,-0.0905151367188 ,-0.9931640625
21.2157 ,8353162 ,-90 ,22 ,-0.0498657226562 ,0.03955078125 ,-0.0948486328125 ,-0.993469238281
21.2275 ,8354903 ,-90 ,21 ,-0.0481567382812 ,0.00762939453125 ,-0.0996704101562 ,-0.993835449219
21.2419 ,8357214 ,-90 ,20 ,-0.0460815429688 ,-0.009765625 ,-0.100036621094 ,-0.993896484375
21.2526 ,8359764 ,-90 ,20 ,-0.0433959960938 ,-0.02783203125 ,-0.0992431640625 ,-0.993713378906
21.2649 ,8360630 ,-91 ,19 ,-0.04150390625 ,-0.0457153320312 ,-0.097900390625 ,-0.993286132812
21.2757 ,8364235 ,-91 ,18 ,-0.0399169921875 ,-0.061767578125 ,-0.0963134765625 ,-0.992614746094
21.2863 ,8366550 ,-91 ,17 ,-0.0392456054688 ,-0.074951171875 ,-0.0950317382812 ,-0.991882324219
21.2967 ,8366955 ,-91 ,16 ,-0.0392456054688 ,-0.0859985351562 ,-0.0935668945312 ,-0.991088867188
21.3076 ,8369689 ,-91 ,15 ,-0.0387573242188 ,-0.108520507812 ,-0.0888061523438 ,-0.989379882812
21.322 ,8370007 ,-91 ,15 ,-0.0374145507812 ,-0.123229980469 ,-0.0853881835938 ,-0.987976074219
21.3325 ,8369782 ,-91 ,15 ,-0.0352783203125 ,-0.139709472656 ,-0.08154296875 ,-0.986206054688
21.3431 ,8369048 ,-91 ,14 ,-0.033935546875 ,-0.154724121094 ,-0.078369140625 ,-0.984252929688
21.3536 ,8368432 ,-91 ,14 ,-0.0333251953125 ,-0.166015625 ,-0.0750122070312 ,-0.982727050781
21.3643 ,8367837 ,-91 ,14 ,-0.0335693359375 ,-0.171691894531 ,-0.0714721679688 ,-0.981994628906
21.375 ,8367543 ,-91 ,14 ,-0.0341186523438 ,-0.172058105469 ,-0.0670776367188 ,-0.982177734375
21.3855 ,8366571 ,-91 ,14 ,-0.0347290039062 ,-0.169128417969 ,-0.06201171875 ,-0.983032226562
21.3961 ,8364135 ,-91 ,14 ,-0.034912109375 ,-0.165649414062 ,-0.0567016601562 ,-0.983947753906
21.4066 ,8362228 ,-91 ,14 ,-0.0345458984375 ,-0.163208007812 ,-0.0513916015625 ,-0.984619140625
21.4178 ,8361886 ,-91 ,15 ,-0.032958984375 ,-0.162475585938 ,-0.0411376953125 ,-0.985290527344
21.4321 ,8359910 ,-90 ,15 ,-0.031982421875 ,-0.161010742188 ,-0.0360107421875 ,-0.985778808594
21.4425 ,8359287 ,-90 ,15 ,-0.0308837890625 ,-0.156921386719 ,-0.0306396484375 ,-0.986633300781
21.4531 ,8358754 ,-90 ,15 ,-0.0297241210938 ,-0.150512695312 ,-0.0252685546875 ,-0.987854003906
21.4643 ,8358896 ,-89 ,16 ,-0.0281982421875 ,-0.142517089844 ,-0.0205078125 ,-0.989196777344
21.4752 ,8358425 ,-89 ,16 ,-0.0280151367188 ,-0.133728027344 ,-0.0160522460938 ,-0.990478515625
21.4857 ,8357685 ,-88 ,16 ,-0.0271606445312 ,-0.123962402344 ,-0.01318359375 ,-0.991821289062
21.4961 ,8357616 ,-88 ,16 ,-0.0247192382812 ,-0.112426757812 ,-0.013427734375 ,-0.993286132812
21.5067 ,8358034 ,-86 ,16 ,-0.0247802734375 ,-0.0988159179688 ,-0.01806640625 ,-0.99462890625
21.518 ,8358107 ,-86 ,17 ,-0.0233154296875 ,-0.0670166015625 ,-0.04052734375 ,-0.996643066406
21.5318 ,8358107 ,-87 ,18 ,-0.025390625 ,-0.0482177734375 ,-0.0599365234375 ,-0.996704101562
21.5559 ,8357498 ,-88 ,20 ,-0.0458984375 ,0.0020751953125 ,-0.102355957031 ,-0.993713378906
21.6223 ,8351903 ,-88 ,20 ,-0.0493774414062 ,0.0172119140625 ,-0.103332519531 ,-0.993286132812
21.633 ,8351830 ,-88 ,17 ,-0.0546264648438 ,0.046630859375 ,-0.08447265625 ,-0.993835449219
21.7156 ,8350560 ,-90 ,16 ,-0.0556030273438 ,0.0568237304688 ,-0.0821533203125 ,-0.993469238281
21.7259 ,8350678 ,-90 ,16 ,-0.056396484375 ,0.0670776367188 ,-0.0801391601562 ,-0.992919921875
21.7365 ,8350058 ,-90 ,15 ,-0.056640625 ,0.0748291015625 ,-0.0778198242188 ,-0.992553710938
21.7474 ,8350010 ,-90 ,14 ,-0.0556640625 ,0.0797119140625 ,-0.0728149414062 ,-0.992614746094
21.7654 ,8350062 ,-91 ,13 ,-0.0543212890625 ,0.0780639648438 ,-0.06884765625 ,-0.993103027344
21.7763 ,8349415 ,-91 ,12 ,-0.0527954101562 ,0.0755615234375 ,-0.06591796875 ,-0.993530273438
21.7867 ,8349778 ,-92 ,11 ,-0.051513671875 ,0.0746459960938 ,-0.0628662109375 ,-0.993896484375
21.7973 ,8350498 ,-92 ,11 ,-0.0498046875 ,0.0821533203125 ,-0.056640625 ,-0.993774414062
21.8155 ,8349564 ,-92 ,9 ,-0.049560546875 ,0.0889892578125 ,-0.0543823242188 ,-0.993286132812
21.8266 ,8350235 ,-92 ,8 ,-0.047119140625 ,0.108764648438 ,-0.03857421875 ,-0.9921875
21.8656 ,8351221 ,-92 ,7 ,-0.0455932617188 ,0.109252929688 ,-0.0330200195312 ,-0.992431640625
21.8767 ,8351169 ,-92 ,6 ,-0.0387573242188 ,0.127197265625 ,-0.0113525390625 ,-0.991027832031
21.927 ,8352318 ,-91 ,6 ,-0.0374755859375 ,0.135192871094 ,-0.00665283203125 ,-0.990112304688
21.9379 ,8352785 ,-90 ,5 ,-0.0338134765625 ,0.14990234375 ,0.004638671875 ,-0.988098144531
21.9519 ,8353090 ,-90 ,5 ,-0.0310668945312 ,0.155517578125 ,0.0111083984375 ,-0.9873046875
21.9655 ,8354110 ,-89 ,5 ,-0.0272827148438 ,0.160583496094 ,0.0197143554688 ,-0.986450195312
21.9761 ,8354674 ,-88 ,5 ,-0.0230102539062 ,0.165588378906 ,0.0270385742188 ,-0.985534667969
21.9866 ,8356477 ,-87 ,6 ,-0.0175170898438 ,0.171142578125 ,0.0343627929688 ,-0.984497070312
21.9974 ,8358934 ,-85 ,7 ,-0.0042724609375 ,0.183471679688 ,0.048828125 ,-0.981811523438
22.0156 ,8358782 ,-85 ,9 ,0.004150390625 ,0.189514160156 ,0.0574340820312 ,-0.980163574219
22.0265 ,8359484 ,-84 ,21 ,0.0501098632812 ,0.209228515625 ,0.102355957031 ,-0.97119140625
22.0778 ,8370394 ,-81 ,23 ,0.06494140625 ,0.2373046875 ,0.114196777344 ,-0.962524414062
22.092 ,8374478 ,-74 ,29 ,0.0545043945312 ,0.184631347656 ,0.17822265625 ,-0.964965820312
22.1646 ,8373474 ,-73 ,21 ,0.00433349609375 ,0.080810546875 ,0.224792480469 ,-0.971069335938
22.3929 ,8347176 ,-77 ,21 ,-0.0037841796875 ,0.0543823242188 ,0.222839355469 ,-0.973327636719
22.4033 ,8354553 ,-83 ,21 ,-0.0115966796875 ,0.0267944335938 ,0.22119140625 ,-0.974792480469
22.4145 ,8355384 ,-84 ,21 ,-0.0181274414062 ,0.0009765625 ,0.217468261719 ,-0.975891113281
22.4249 ,8356688 ,-85 ,21 ,-0.024658203125 ,-0.0248413085938 ,0.213562011719 ,-0.976318359375
22.4354 ,8357495 ,-85 ,21 ,-0.0301513671875 ,-0.0477905273438 ,0.209228515625 ,-0.976257324219
22.4459 ,8359124 ,-86 ,21 ,-0.0355834960938 ,-0.0676879882812 ,0.204040527344 ,-0.975952148438
22.4563 ,8358886 ,-87 ,21 ,-0.0406494140625 ,-0.08544921875 ,0.198852539062 ,-0.975463867188
22.4667 ,8362027 ,-87 ,20 ,-0.0453491210938 ,-0.101440429688 ,0.193115234375 ,-0.974853515625
22.4778 ,8361266 ,-88 ,20 ,-0.0542602539062 ,-0.132141113281 ,0.181335449219 ,-0.972961425781
22.4919 ,8363114 ,-88 ,19 ,-0.058837890625 ,-0.14599609375 ,0.175415039062 ,-0.971801757812
22.5031 ,8361425 ,-89 ,18 ,-0.06201171875 ,-0.158813476562 ,0.169189453125 ,-0.970703125
22.5144 ,8361557 ,-90 ,17 ,-0.0647583007812 ,-0.171203613281 ,0.163757324219 ,-0.969360351562
22.5261 ,8360526 ,-90 ,16 ,-0.0675048828125 ,-0.183471679688 ,0.158325195312 ,-0.967834472656
22.5369 ,8360730 ,-90 ,15 ,-0.0704345703125 ,-0.193969726562 ,0.152648925781 ,-0.966491699219
22.5477 ,8359512 ,-91 ,15 ,-0.0740966796875 ,-0.200805664062 ,0.143920898438 ,-0.966186523438
22.5643 ,8359436 ,-91 ,14 ,-0.0745849609375 ,-0.1982421875 ,0.140075683594 ,-0.967224121094
22.5756 ,8358429 ,-91 ,14 ,-0.0750732421875 ,-0.195739746094 ,0.136169433594 ,-0.96826171875
22.5862 ,8357380 ,-91 ,14 ,-0.0745239257812 ,-0.192504882812 ,0.132446289062 ,-0.969482421875
22.5967 ,8357380 ,-91 ,14 ,-0.0725708007812 ,-0.188537597656 ,0.124633789062 ,-0.971435546875
22.6144 ,8354342 ,-91 ,14 ,-0.071533203125 ,-0.186584472656 ,0.120361328125 ,-0.972412109375
22.6251 ,8352820 ,-91 ,14 ,-0.070556640625 ,-0.184631347656 ,0.116027832031 ,-0.973388671875
22.6356 ,8352391 ,-91 ,14 ,-0.06884765625 ,-0.177368164062 ,0.110717773438 ,-0.975463867188
22.6461 ,8350844 ,-90 ,13 ,-0.0670166015625 ,-0.166076660156 ,0.105346679688 ,-0.978149414062
22.6565 ,8351114 ,-90 ,13 ,-0.0648803710938 ,-0.151306152344 ,0.0993041992188 ,-0.981323242188
22.668 ,8349048 ,-90 ,13 ,-0.0594482421875 ,-0.117370605469 ,0.0851440429688 ,-0.987670898438
22.6819 ,8348266 ,-90 ,14 ,-0.0542602539062 ,-0.100769042969 ,0.0801391601562 ,-0.990173339844
22.6923 ,8347294 ,-89 ,13 ,-0.0509643554688 ,-0.0841064453125 ,0.0770263671875 ,-0.9921875
22.7029 ,8346515 ,-89 ,14 ,-0.0476684570312 ,-0.0663452148438 ,0.072509765625 ,-0.994018554688
22.7173 ,8344449 ,-88 ,13 ,-0.0330200195312 ,-0.0297241210938 ,0.0619506835938 ,-0.9970703125
22.7319 ,8344577 ,-88 ,13 ,-0.0289916992188 ,-0.0106201171875 ,0.0585327148438 ,-0.997802734375
22.7426 ,8344304 ,-88 ,13 ,-0.0262451171875 ,0.0069580078125 ,0.05419921875 ,-0.998168945312
22.7533 ,8343961 ,-87 ,13 ,-0.0234375 ,0.0206909179688 ,0.0476684570312 ,-0.998352050781
22.7643 ,8342899 ,-87 ,14 ,-0.0213012695312 ,0.0304565429688 ,0.0399780273438 ,-0.99853515625
22.775 ,8344121 ,-88 ,14 ,-0.0213012695312 ,0.0374755859375 ,0.0328979492188 ,-0.99853515625
22.7857 ,8342875 ,-88 ,15 ,-0.0230102539062 ,0.0438842773438 ,0.0282592773438 ,-0.998352050781
22.7963 ,8342719 ,-88 ,15 ,-0.0240478515625 ,0.0506591796875 ,0.0258178710938 ,-0.998107910156
22.8067 ,8343166 ,-88 ,15 ,-0.0206298828125 ,0.0650634765625 ,0.0179443359375 ,-0.997497558594
22.8222 ,8342626 ,-88 ,15 ,-0.0184326171875 ,0.0717163085938 ,0.0127563476562 ,-0.997192382812
22.8327 ,8342370 ,-89 ,15 ,-0.0169677734375 ,0.077880859375 ,0.0084228515625 ,-0.996765136719
22.8436 ,8342906 ,-89 ,15 ,-0.0159301757812 ,0.0835571289062 ,0.005126953125 ,-0.996337890625
22.854 ,8342487 ,-89 ,15 ,-0.015625 ,0.0888061523438 ,0.00250244140625 ,-0.995910644531
22.8643 ,8342186 ,-89 ,15 ,-0.0164184570312 ,0.0934448242188 ,0.0001220703125 ,-0.995483398438
22.8752 ,8343373 ,-89 ,14 ,-0.0172729492188 ,0.097412109375 ,-0.0008544921875 ,-0.9951171875
22.886 ,8342446 ,-90 ,14 ,-0.0169677734375 ,0.101318359375 ,-0.00018310546875 ,-0.994689941406
22.8966 ,8342006 ,-90 ,14 ,-0.0160522460938 ,0.105773925781 ,0.0020751953125 ,-0.994262695312
22.9075 ,8342982 ,-90 ,13 ,-0.0155639648438 ,0.117492675781 ,0.0050048828125 ,-0.992919921875
22.9217 ,8342093 ,-90 ,-1 ,-0.0144653320312 ,0.125183105469 ,0.0096435546875 ,-0.992004394531
22.9323 ,8341955 ,-90 ,13 ,-0.0130004882812 ,0.133850097656 ,0.0138549804688 ,-0.990844726562
22.9431 ,8342709 ,-90 ,12 ,-0.0113525390625 ,0.142883300781 ,0.0173950195312 ,-0.989501953125
22.9537 ,8343072 ,-90 ,12 ,-0.01025390625 ,0.151794433594 ,0.0204467773438 ,-0.988159179688
22.9655 ,8342176 ,-90 ,11 ,-0.0117797851562 ,0.160217285156 ,0.0173950195312 ,-0.986877441406
22.9766 ,8342927 ,-90 ,11 ,-0.0139770507812 ,0.167724609375 ,0.0199584960938 ,-0.985534667969
22.9875 ,8342851 ,-90 ,11 ,-0.0173950195312 ,0.180786132812 ,0.0260009765625 ,-0.983032226562
23.0019 ,8343550 ,-90 ,10 ,-0.0189208984375 ,0.187194824219 ,0.029541015625 ,-0.981689453125
23.016 ,8343020 ,-90 ,9 ,-0.02197265625 ,0.192932128906 ,0.0279541015625 ,-0.980590820312
23.0269 ,8343920 ,-90 ,9 ,-0.02490234375 ,0.198486328125 ,0.0308837890625 ,-0.979309082031
23.0376 ,8343484 ,-90 ,9 ,-0.031494140625 ,0.207458496094 ,0.0350341796875 ,-0.977111816406
23.0528 ,8344093 ,-90 ,8 ,-0.0336303710938 ,0.210510253906 ,0.0374755859375 ,-0.976318359375
23.0655 ,8343827 ,-91 ,8 ,-0.0345458984375 ,0.212524414062 ,0.0375366210938 ,-0.975830078125
23.0761 ,8344958 ,-91 ,8 ,-0.0320434570312 ,0.214294433594 ,0.042236328125 ,-0.975341796875
23.0867 ,8344816 ,-91 ,7 ,-0.0283203125 ,0.216125488281 ,0.0479736328125 ,-0.974792480469
23.0977 ,8344470 ,-91 ,7 ,-0.0233154296875 ,0.22216796875 ,0.0596923828125 ,-0.972900390625
23.1156 ,8344813 ,-91 ,7 ,-0.02197265625 ,0.228088378906 ,0.0596313476562 ,-0.971557617188
23.1264 ,8344619 ,-91 ,6 ,-0.0174560546875 ,0.236938476562 ,0.064208984375 ,-0.96923828125
23.137 ,8344626 ,-91 ,5 ,-0.011962890625 ,0.247680664062 ,0.0694580078125 ,-0.96630859375
23.1475 ,8345332 ,-91 ,5 ,-0.0035400390625 ,0.2666015625 ,0.080810546875 ,-0.960388183594
23.1656 ,8345553 ,-90 ,4 ,0.00115966796875 ,0.273376464844 ,0.08447265625 ,-0.958190917969
23.1769 ,8346128 ,-89 ,4 ,0.0078125 ,0.278442382812 ,0.09033203125 ,-0.956176757812
23.1876 ,8347235 ,-89 ,5 ,0.0208129882812 ,0.285522460938 ,0.1025390625 ,-0.95263671875
23.2019 ,8347363 ,-88 ,5 ,0.027587890625 ,0.286376953125 ,0.110107421875 ,-0.951354980469
23.2154 ,8349013 ,-86 ,6 ,0.0368041992188 ,0.285278320312 ,0.11767578125 ,-0.950500488281
23.2271 ,8351868 ,-84 ,6 ,0.0484008789062 ,0.282653808594 ,0.126525878906 ,-0.949584960938
23.2375 ,8353304 ,-83 ,7 ,0.070068359375 ,0.272827148438 ,0.146240234375 ,-0.948303222656
23.2521 ,8358636 ,-81 ,9 ,0.0806884765625 ,0.264892578125 ,0.155944824219 ,-0.948120117188
23.2654 ,8363543 ,-79 ,12 ,0.0910034179688 ,0.256774902344 ,0.165710449219 ,-0.947814941406
23.2762 ,8367740 ,-77 ,15 ,0.1015625 ,0.250366210938 ,0.175048828125 ,-0.94677734375
23.2867 ,8371121 ,-75 ,18 ,0.111755371094 ,0.246215820312 ,0.184020996094 ,-0.945007324219
23.2974 ,8375533 ,-73 ,20 ,0.127380371094 ,0.246520996094 ,0.195068359375 ,-0.940734863281
23.3154 ,8376917 ,-72 ,24 ,0.13330078125 ,0.25341796875 ,0.197509765625 ,-0.937561035156
23.3266 ,8379810 ,-72 ,27 ,0.136169433594 ,0.256591796875 ,0.202087402344 ,-0.935302734375
23.3373 ,8382412 ,-72 ,28 ,0.129699707031 ,0.24560546875 ,0.215576171875 ,-0.936157226562
23.3518 ,8381865 ,-72 ,29 ,0.122680664062 ,0.230834960938 ,0.224426269531 ,-0.938781738281
23.3648 ,8380709 ,-72 ,30 ,0.11181640625 ,0.208923339844 ,0.233581542969 ,-0.942993164062
23.3758 ,8378924 ,-72 ,31 ,0.099609375 ,0.182922363281 ,0.242431640625 ,-0.947570800781
23.3866 ,8377585 ,-73 ,32 ,0.0873413085938 ,0.1591796875 ,0.250732421875 ,-0.950866699219
