time, Futek, ENCL, ENCR, X, Y, Z, W 
2.5777 ,8341910 ,-120 ,0 ,0.0 ,0.0 ,0.0 ,0.0
2.5882 ,8342723 ,-120 ,0 ,0.0 ,0.0 ,0.0 ,0.0
2.5985 ,8341906 ,-120 ,0 ,0.0 ,0.0 ,0.0 ,0.0
2.6089 ,8341868 ,-120 ,0 ,0.0 ,0.0 ,0.0 ,0.0
2.6197 ,8341975 ,-120 ,0 ,0.0 ,0.0 ,0.0 ,0.0
2.6304 ,8342076 ,-120 ,0 ,-0.121948242188 ,0.0177001953125 ,-0.945922851562 ,-0.300109863281
2.6411 ,8341619 ,-120 ,0 ,-0.122009277344 ,0.0177612304688 ,-0.945922851562 ,-0.300109863281
2.6522 ,8342110 ,-120 ,0 ,-0.122009277344 ,0.0177612304688 ,-0.945922851562 ,-0.300048828125
2.6696 ,8342318 ,-120 ,0 ,-0.122009277344 ,0.0177612304688 ,-0.945983886719 ,-0.299926757812
2.6803 ,8341678 ,-120 ,0 ,-0.121948242188 ,0.0177612304688 ,-0.945983886719 ,-0.299865722656
2.691 ,8342020 ,-120 ,0 ,-0.121826171875 ,0.0177001953125 ,-0.945983886719 ,-0.299865722656
2.702 ,8342020 ,-120 ,0 ,-0.122009277344 ,0.0177612304688 ,-0.945983886719 ,-0.299865722656
2.7197 ,8342404 ,-120 ,0 ,-0.122131347656 ,0.017822265625 ,-0.945983886719 ,-0.299865722656
2.7307 ,8342363 ,-120 ,0 ,-0.122192382812 ,0.017822265625 ,-0.945922851562 ,-0.299865722656
2.7414 ,8341823 ,-120 ,0 ,-0.122131347656 ,0.017822265625 ,-0.945983886719 ,-0.299865722656
2.7523 ,8341608 ,-120 ,0 ,-0.122009277344 ,0.0177612304688 ,-0.945983886719 ,-0.299865722656
2.7696 ,8342325 ,-120 ,0 ,-0.121948242188 ,0.0177612304688 ,-0.945983886719 ,-0.299865722656
2.7804 ,8341529 ,-120 ,0 ,-0.121765136719 ,0.0177001953125 ,-0.945983886719 ,-0.299865722656
2.7911 ,8341837 ,-120 ,0 ,-0.121704101562 ,0.0177001953125 ,-0.945983886719 ,-0.299865722656
2.802 ,8341837 ,-120 ,0 ,-0.121826171875 ,0.0177001953125 ,-0.945983886719 ,-0.299865722656
2.8193 ,8341588 ,-120 ,0 ,-0.121948242188 ,0.0177612304688 ,-0.945983886719 ,-0.299865722656
2.83 ,8342079 ,-120 ,0 ,-0.1220703125 ,0.017822265625 ,-0.945983886719 ,-0.2998046875
2.8407 ,8341916 ,-120 ,0 ,-0.122131347656 ,0.017822265625 ,-0.945983886719 ,-0.2998046875
2.8514 ,8342505 ,-120 ,0 ,-0.122131347656 ,0.017822265625 ,-0.945983886719 ,-0.2998046875
2.8625 ,8341840 ,-120 ,0 ,-0.122009277344 ,0.0177612304688 ,-0.945983886719 ,-0.2998046875
2.8769 ,8341865 ,-120 ,0 ,-0.122009277344 ,0.0177612304688 ,-0.945983886719 ,-0.2998046875
2.8876 ,8342069 ,-120 ,0 ,-0.122009277344 ,0.0177612304688 ,-0.945983886719 ,-0.2998046875
2.8983 ,8342041 ,-120 ,0 ,-0.121948242188 ,0.0177612304688 ,-0.945983886719 ,-0.2998046875
2.909 ,8342103 ,-120 ,0 ,-0.121887207031 ,0.0177612304688 ,-0.945983886719 ,-0.2998046875
2.9199 ,8341737 ,-120 ,0 ,-0.121887207031 ,0.0177612304688 ,-0.945983886719 ,-0.2998046875
2.9307 ,8341799 ,-120 ,0 ,-0.121948242188 ,0.0177612304688 ,-0.946044921875 ,-0.299743652344
2.9414 ,8341633 ,-120 ,0 ,-0.122009277344 ,0.017822265625 ,-0.946044921875 ,-0.299682617188
2.9522 ,8342017 ,-120 ,0 ,-0.122192382812 ,0.0178833007812 ,-0.946044921875 ,-0.299621582031
2.9699 ,8342228 ,-120 ,0 ,-0.122192382812 ,0.0178833007812 ,-0.946044921875 ,-0.299560546875
2.9807 ,8341816 ,-120 ,0 ,-0.122192382812 ,0.0178833007812 ,-0.946044921875 ,-0.299499511719
2.9914 ,8342602 ,-120 ,0 ,-0.122192382812 ,0.0179443359375 ,-0.946105957031 ,-0.299438476562
3.0024 ,8341633 ,-120 ,0 ,-0.122253417969 ,0.01806640625 ,-0.946044921875 ,-0.299438476562
3.0197 ,8342155 ,-120 ,0 ,-0.122253417969 ,0.01806640625 ,-0.946044921875 ,-0.299438476562
3.0303 ,8342352 ,-120 ,0 ,-0.122253417969 ,0.01806640625 ,-0.946044921875 ,-0.299438476562
3.041 ,8341650 ,-120 ,0 ,-0.122192382812 ,0.0180053710938 ,-0.946105957031 ,-0.299438476562
3.052 ,8341467 ,-120 ,0 ,-0.122192382812 ,0.0180053710938 ,-0.946105957031 ,-0.299438476562
3.0696 ,8342429 ,-120 ,0 ,-0.122192382812 ,0.01806640625 ,-0.946105957031 ,-0.299377441406
3.0805 ,8342166 ,-120 ,0 ,-0.122192382812 ,0.01806640625 ,-0.946105957031 ,-0.29931640625
3.0912 ,8342055 ,-120 ,0 ,-0.122192382812 ,0.01806640625 ,-0.946166992188 ,-0.299255371094
3.1021 ,8341878 ,-120 ,0 ,-0.122436523438 ,0.0181274414062 ,-0.946105957031 ,-0.299255371094
3.1198 ,8342608 ,-120 ,0 ,-0.12255859375 ,0.0181884765625 ,-0.946105957031 ,-0.299255371094
3.1305 ,8341795 ,-120 ,0 ,-0.12255859375 ,0.0181884765625 ,-0.946105957031 ,-0.299194335938
3.1412 ,8341809 ,-120 ,0 ,-0.122497558594 ,0.0181884765625 ,-0.946105957031 ,-0.299133300781
3.1523 ,8341910 ,-120 ,0 ,-0.122375488281 ,0.0181274414062 ,-0.946166992188 ,-0.299072265625
3.1701 ,8342505 ,-120 ,0 ,-0.122314453125 ,0.0181274414062 ,-0.946166992188 ,-0.299072265625
3.1809 ,8341643 ,-120 ,0 ,-0.122314453125 ,0.0181274414062 ,-0.946166992188 ,-0.299072265625
3.1918 ,8342124 ,-120 ,0 ,-0.122314453125 ,0.0181274414062 ,-0.946228027344 ,-0.299011230469
3.2026 ,8341671 ,-120 ,0 ,-0.122375488281 ,0.0181884765625 ,-0.946228027344 ,-0.298950195312
3.2199 ,8342162 ,-120 ,0 ,-0.12255859375 ,0.0181884765625 ,-0.946166992188 ,-0.298950195312
3.2305 ,8342349 ,-120 ,0 ,-0.122680664062 ,0.0182495117188 ,-0.946166992188 ,-0.298950195312
3.2414 ,8342425 ,-120 ,0 ,-0.122802734375 ,0.018310546875 ,-0.946166992188 ,-0.298950195312
3.2523 ,8341785 ,-120 ,0 ,-0.122802734375 ,0.018310546875 ,-0.946166992188 ,-0.298889160156
3.2699 ,8342107 ,-120 ,0 ,-0.122619628906 ,0.0182495117188 ,-0.946228027344 ,-0.298828125
3.281 ,8341467 ,-120 ,0 ,-0.122436523438 ,0.0181884765625 ,-0.946228027344 ,-0.298828125
3.2917 ,8341809 ,-120 ,0 ,-0.122375488281 ,0.0181884765625 ,-0.946228027344 ,-0.298828125
3.3026 ,8342131 ,-120 ,0 ,-0.122436523438 ,0.0181274414062 ,-0.9462890625 ,-0.298767089844
3.3204 ,8342083 ,-120 ,0 ,-0.122497558594 ,0.0181274414062 ,-0.9462890625 ,-0.298645019531
3.3311 ,8341591 ,-120 ,0 ,-0.122680664062 ,0.0181884765625 ,-0.9462890625 ,-0.298583984375
3.342 ,8342484 ,-120 ,0 ,-0.122863769531 ,0.0182495117188 ,-0.9462890625 ,-0.298583984375
3.3569 ,8342100 ,-120 ,0 ,-0.122863769531 ,0.0182495117188 ,-0.9462890625 ,-0.298583984375
3.3698 ,8342041 ,-120 ,0 ,-0.122863769531 ,0.0182495117188 ,-0.9462890625 ,-0.298522949219
3.3805 ,8341816 ,-120 ,0 ,-0.122680664062 ,0.0181884765625 ,-0.946350097656 ,-0.29833984375
3.397 ,8341948 ,-120 ,0 ,-0.122680664062 ,0.0181274414062 ,-0.946350097656 ,-0.29833984375
3.4076 ,8342086 ,-120 ,0 ,-0.122680664062 ,0.0181274414062 ,-0.946350097656 ,-0.29833984375
3.4199 ,8342086 ,-120 ,0 ,-0.122802734375 ,0.0181884765625 ,-0.946350097656 ,-0.29833984375
3.4327 ,8341619 ,-120 ,0 ,-0.122863769531 ,0.0181884765625 ,-0.946350097656 ,-0.29833984375
3.4472 ,8342522 ,-120 ,0 ,-0.122863769531 ,0.0181884765625 ,-0.946350097656 ,-0.298278808594
3.4578 ,8341965 ,-120 ,0 ,-0.122863769531 ,0.0181884765625 ,-0.946350097656 ,-0.298217773438
3.4699 ,8341563 ,-120 ,0 ,-0.122863769531 ,0.0181884765625 ,-0.946350097656 ,-0.298217773438
3.4806 ,8341948 ,-120 ,0 ,-0.122802734375 ,0.0181884765625 ,-0.946411132812 ,-0.298217773438
3.4913 ,8342055 ,-120 ,0 ,-0.122741699219 ,0.0181884765625 ,-0.946411132812 ,-0.298156738281
3.5023 ,8342107 ,-120 ,0 ,-0.122741699219 ,0.0181884765625 ,-0.946411132812 ,-0.298095703125
3.5199 ,8341944 ,-120 ,0 ,-0.122863769531 ,0.0181884765625 ,-0.946411132812 ,-0.298095703125
3.5306 ,8342304 ,-120 ,0 ,-0.122924804688 ,0.0182495117188 ,-0.946411132812 ,-0.298095703125
3.5414 ,8341418 ,-120 ,0 ,-0.123046875 ,0.0182495117188 ,-0.946411132812 ,-0.298095703125
3.5523 ,8342086 ,-120 ,0 ,-0.123046875 ,0.0182495117188 ,-0.946411132812 ,-0.298095703125
3.5698 ,8341536 ,-120 ,0 ,-0.123046875 ,0.0182495117188 ,-0.946411132812 ,-0.298095703125
3.5806 ,8342214 ,-120 ,0 ,-0.123046875 ,0.0182495117188 ,-0.946411132812 ,-0.298095703125
3.5914 ,8342750 ,-120 ,0 ,-0.123046875 ,0.0182495117188 ,-0.946411132812 ,-0.298095703125
3.6023 ,8342664 ,-120 ,0 ,-0.123046875 ,0.0182495117188 ,-0.946411132812 ,-0.298095703125
3.6199 ,8341740 ,-120 ,0 ,-0.123046875 ,0.0182495117188 ,-0.946411132812 ,-0.298095703125
3.6307 ,8342266 ,-120 ,0 ,-0.123046875 ,0.0182495117188 ,-0.946411132812 ,-0.298095703125
3.6414 ,8341999 ,-120 ,0 ,-0.123107910156 ,0.018310546875 ,-0.946411132812 ,-0.298034667969
3.6521 ,8342276 ,-120 ,0 ,-0.123352050781 ,0.0183715820312 ,-0.946350097656 ,-0.298034667969
3.67 ,8341806 ,-120 ,0 ,-0.123413085938 ,0.0184326171875 ,-0.946350097656 ,-0.298034667969
3.6809 ,8341806 ,-120 ,0 ,-0.12353515625 ,0.0184326171875 ,-0.946350097656 ,-0.298034667969
3.6915 ,8342494 ,-120 ,0 ,-0.12353515625 ,0.0184326171875 ,-0.946350097656 ,-0.298034667969
3.7026 ,8342221 ,-120 ,0 ,-0.123413085938 ,0.0183715820312 ,-0.946350097656 ,-0.298034667969
3.7197 ,8342031 ,-120 ,0 ,-0.123229980469 ,0.0183715820312 ,-0.946411132812 ,-0.298034667969
3.7311 ,8341799 ,-120 ,0 ,-0.123474121094 ,0.0184326171875 ,-0.946411132812 ,-0.297912597656
3.8368 ,8342207 ,-120 ,0 ,-0.123291015625 ,0.0183715820312 ,-0.946411132812 ,-0.2978515625
3.8473 ,8342581 ,-120 ,0 ,-0.123168945312 ,0.018310546875 ,-0.946472167969 ,-0.297912597656
3.8578 ,8341934 ,-120 ,0 ,-0.123168945312 ,0.018310546875 ,-0.946472167969 ,-0.297912597656
3.8695 ,8342335 ,-120 ,0 ,-0.123229980469 ,0.0183715820312 ,-0.946411132812 ,-0.2978515625
3.8799 ,8342335 ,-120 ,0 ,-0.123291015625 ,0.0184936523438 ,-0.946594238281 ,-0.297302246094
3.9772 ,8342692 ,-120 ,0 ,-0.123352050781 ,0.0186157226562 ,-0.946594238281 ,-0.297241210938
3.9877 ,8342128 ,-120 ,0 ,-0.123413085938 ,0.0187377929688 ,-0.946655273438 ,-0.297119140625
3.9982 ,8341837 ,-120 ,0 ,-0.12353515625 ,0.018798828125 ,-0.946655273438 ,-0.296997070312
4.009 ,8341698 ,-120 ,0 ,-0.123413085938 ,0.0188598632812 ,-0.947021484375 ,-0.296020507812
4.12 ,8343017 ,-120 ,0 ,-0.123474121094 ,0.0189208984375 ,-0.947021484375 ,-0.295959472656
4.1307 ,8341505 ,-120 ,0 ,-0.123474121094 ,0.0189208984375 ,-0.947021484375 ,-0.295837402344
4.1419 ,8341688 ,-120 ,0 ,-0.123474121094 ,0.0189208984375 ,-0.947082519531 ,-0.295654296875
4.157 ,8341802 ,-120 ,0 ,-0.123413085938 ,0.01904296875 ,-0.947143554688 ,-0.295532226562
4.1701 ,8342017 ,-120 ,0 ,-0.123107910156 ,0.0202026367188 ,-0.947143554688 ,-0.295593261719
4.2925 ,8341418 ,-120 ,0 ,-0.123046875 ,0.0203247070312 ,-0.947143554688 ,-0.295654296875
4.3065 ,8341439 ,-120 ,0 ,-0.122985839844 ,0.0204467773438 ,-0.947082519531 ,-0.295837402344
4.3195 ,8341342 ,-120 ,0 ,-0.123046875 ,0.0206298828125 ,-0.947021484375 ,-0.296020507812
4.3304 ,8341522 ,-120 ,0 ,-0.122924804688 ,0.0218505859375 ,-0.946166992188 ,-0.298706054688
4.4224 ,8341671 ,-120 ,0 ,-0.122436523438 ,0.0225830078125 ,-0.946044921875 ,-0.299133300781
4.4376 ,8341498 ,-120 ,0 ,-0.122375488281 ,0.022705078125 ,-0.945983886719 ,-0.299377441406
4.4487 ,8341854 ,-120 ,0 ,-0.12255859375 ,0.0228271484375 ,-0.945861816406 ,-0.299682617188
4.4597 ,8341567 ,-120 ,0 ,-0.122863769531 ,0.0230712890625 ,-0.945739746094 ,-0.299926757812
4.4701 ,8341788 ,-120 ,0 ,-0.123107910156 ,0.0234375 ,-0.945617675781 ,-0.300109863281
4.4811 ,8343058 ,-120 ,0 ,-0.123352050781 ,0.0236206054688 ,-0.945556640625 ,-0.300231933594
4.492 ,8340875 ,-120 ,0 ,-0.123413085938 ,0.0240478515625 ,-0.945434570312 ,-0.300659179688
4.5072 ,8342276 ,-120 ,0 ,-0.123046875 ,0.0242309570312 ,-0.945373535156 ,-0.300842285156
4.5204 ,8341629 ,-120 ,0 ,-0.122619628906 ,0.0244140625 ,-0.945373535156 ,-0.301086425781
4.5313 ,8341847 ,-120 ,0 ,-0.122314453125 ,0.0244750976562 ,-0.9453125 ,-0.301452636719
4.542 ,8341847 ,-120 ,0 ,-0.122253417969 ,0.0247192382812 ,-0.945068359375 ,-0.302185058594
4.5574 ,8342152 ,-120 ,0 ,-0.122436523438 ,0.0248413085938 ,-0.944946289062 ,-0.302368164062
4.5699 ,8341896 ,-120 ,0 ,-0.122497558594 ,0.02490234375 ,-0.944885253906 ,-0.302612304688
4.5807 ,8341245 ,-120 ,0 ,-0.122497558594 ,0.0249633789062 ,-0.94482421875 ,-0.302856445312
4.5912 ,8341325 ,-120 ,0 ,-0.122375488281 ,0.0250244140625 ,-0.944702148438 ,-0.303161621094
4.6019 ,8342356 ,-120 ,0 ,-0.122253417969 ,0.0252075195312 ,-0.944580078125 ,-0.303649902344
4.6201 ,8341934 ,-120 ,0 ,-0.122253417969 ,0.0253295898438 ,-0.944519042969 ,-0.303833007812
4.6311 ,8341598 ,-120 ,0 ,-0.1220703125 ,0.025390625 ,-0.944519042969 ,-0.303955078125
4.6416 ,8342207 ,-120 ,0 ,-0.121765136719 ,0.0254516601562 ,-0.944519042969 ,-0.303955078125
4.6522 ,8341415 ,-120 ,0 ,-0.12109375 ,0.0255126953125 ,-0.944641113281 ,-0.303894042969
4.6701 ,8341910 ,-120 ,0 ,-0.12109375 ,0.0256958007812 ,-0.944702148438 ,-0.3037109375
4.6804 ,8341916 ,-120 ,0 ,-0.12109375 ,0.02587890625 ,-0.94482421875 ,-0.303344726562
4.6909 ,8341467 ,-120 ,0 ,-0.121154785156 ,0.0260009765625 ,-0.944946289062 ,-0.302917480469
4.7013 ,8342335 ,-120 ,0 ,-0.121276855469 ,0.0260620117188 ,-0.945068359375 ,-0.302429199219
4.7124 ,8341737 ,-120 ,0 ,-0.121826171875 ,0.026611328125 ,-0.945434570312 ,-0.301025390625
4.7276 ,8341574 ,-120 ,0 ,-0.1220703125 ,0.0270385742188 ,-0.945678710938 ,-0.300048828125
4.7473 ,8341989 ,-120 ,0 ,-0.121948242188 ,0.0269775390625 ,-0.945861816406 ,-0.299499511719
4.7578 ,8341730 ,-120 ,0 ,-0.121704101562 ,0.0265502929688 ,-0.946166992188 ,-0.298767089844
4.7693 ,8341152 ,-120 ,1 ,-0.120788574219 ,0.025634765625 ,-0.946838378906 ,-0.296997070312
4.7865 ,8341474 ,-120 ,1 ,-0.120544433594 ,0.0255126953125 ,-0.947204589844 ,-0.295959472656
4.7972 ,8341975 ,-120 ,1 ,-0.120483398438 ,0.0256958007812 ,-0.947570800781 ,-0.294799804688
4.8082 ,8341788 ,-120 ,2 ,-0.120544433594 ,0.025634765625 ,-0.947937011719 ,-0.293579101562
4.8194 ,8340847 ,-120 ,2 ,-0.120544433594 ,0.0252685546875 ,-0.948364257812 ,-0.292236328125
4.83 ,8341532 ,-120 ,2 ,-0.12060546875 ,0.0247802734375 ,-0.948852539062 ,-0.290771484375
4.8405 ,8341321 ,-120 ,2 ,-0.120666503906 ,0.0244140625 ,-0.949279785156 ,-0.289245605469
4.8511 ,8342027 ,-120 ,2 ,-0.120666503906 ,0.0242309570312 ,-0.949768066406 ,-0.287719726562
4.8622 ,8342138 ,-120 ,2 ,-0.119201660156 ,0.0236206054688 ,-0.950744628906 ,-0.285278320312
4.8765 ,8342166 ,-120 ,3 ,-0.117492675781 ,0.0233154296875 ,-0.951049804688 ,-0.284851074219
4.8869 ,8341768 ,-120 ,3 ,-0.115661621094 ,0.0228881835938 ,-0.951416015625 ,-0.284484863281
4.8974 ,8342321 ,-120 ,-1 ,-0.114074707031 ,0.0223999023438 ,-0.951782226562 ,-0.283813476562
4.9081 ,8342041 ,-120 ,-1 ,-0.113220214844 ,0.022216796875 ,-0.9521484375 ,-0.282958984375
4.9203 ,8341923 ,-120 ,-1 ,-0.112915039062 ,0.0226440429688 ,-0.952392578125 ,-0.2822265625
4.9312 ,8342920 ,-120 ,-1 ,-0.112976074219 ,0.0234985351562 ,-0.952575683594 ,-0.281616210938
4.9421 ,8342304 ,-120 ,-1 ,-0.113098144531 ,0.0255126953125 ,-0.952697753906 ,-0.280944824219
4.9567 ,8342304 ,-120 ,-1 ,-0.113464355469 ,0.0261840820312 ,-0.952575683594 ,-0.281188964844
4.9692 ,8341411 ,-119 ,3 ,-0.114135742188 ,0.0265502929688 ,-0.952270507812 ,-0.281921386719
4.9808 ,8342577 ,-119 ,3 ,-0.114868164062 ,0.0270385742188 ,-0.951782226562 ,-0.283081054688
4.9916 ,8342730 ,-119 ,3 ,-0.115478515625 ,0.0270385742188 ,-0.951354980469 ,-0.284240722656
5.0025 ,8343096 ,-119 ,3 ,-0.117492675781 ,0.0255737304688 ,-0.951416015625 ,-0.283508300781
5.0193 ,8341875 ,-119 ,3 ,-0.118957519531 ,0.0245361328125 ,-0.951354980469 ,-0.283264160156
5.0298 ,8342124 ,-119 ,3 ,-0.119750976562 ,0.0238647460938 ,-0.951232910156 ,-0.283203125
5.0403 ,8342128 ,-119 ,3 ,-0.119873046875 ,0.0247192382812 ,-0.951538085938 ,-0.282104492188
5.0565 ,8342128 ,-119 ,3 ,-0.11962890625 ,0.0247192382812 ,-0.951416015625 ,-0.282531738281
5.0694 ,8343546 ,-119 ,3 ,-0.119812011719 ,0.0241088867188 ,-0.951171875 ,-0.283508300781
5.0803 ,8342941 ,-119 ,3 ,-0.120300292969 ,0.0230102539062 ,-0.950927734375 ,-0.284240722656
5.0909 ,8343657 ,-119 ,3 ,-0.121826171875 ,0.0221557617188 ,-0.950927734375 ,-0.283630371094
5.1026 ,8344211 ,-119 ,3 ,-0.128112792969 ,0.0236206054688 ,-0.951110839844 ,-0.280151367188
5.1208 ,8344404 ,-118 ,4 ,-0.131225585938 ,0.0247192382812 ,-0.950988769531 ,-0.278991699219
5.1325 ,8344705 ,-118 ,5 ,-0.137023925781 ,0.0242919921875 ,-0.950622558594 ,-0.277282714844
5.1472 ,8345539 ,-118 ,6 ,-0.137268066406 ,0.02392578125 ,-0.950012207031 ,-0.279418945312
5.1583 ,8346301 ,-118 ,7 ,-0.134582519531 ,0.0242919921875 ,-0.949401855469 ,-0.282653808594
5.1704 ,8347436 ,-118 ,7 ,-0.129211425781 ,0.0240478515625 ,-0.948974609375 ,-0.286682128906
5.1815 ,8349024 ,-118 ,8 ,-0.121520996094 ,0.0217895507812 ,-0.947937011719 ,-0.293579101562
5.1928 ,8349546 ,-118 ,10 ,-0.0987548828125 ,0.0153198242188 ,-0.945007324219 ,-0.311340332031
5.2069 ,8350629 ,-118 ,11 ,-0.0844116210938 ,0.0105590820312 ,-0.942687988281 ,-0.322631835938
5.2197 ,8352501 ,-118 ,12 ,-0.0696411132812 ,0.00482177734375 ,-0.93994140625 ,-0.334045410156
5.2311 ,8355764 ,-118 ,13 ,-0.05419921875 ,-0.000732421875 ,-0.936706542969 ,-0.345825195312
5.2426 ,8357110 ,-118 ,14 ,-0.0234985351562 ,-0.011474609375 ,-0.929260253906 ,-0.368530273438
5.2567 ,8360716 ,-118 ,15 ,-0.00885009765625 ,-0.0172729492188 ,-0.925720214844 ,-0.377685546875
5.2693 ,8363491 ,-118 ,16 ,0.00537109375 ,-0.0230712890625 ,-0.921569824219 ,-0.387512207031
5.2799 ,8365692 ,-118 ,16 ,0.0188598632812 ,-0.0298461914062 ,-0.917358398438 ,-0.396545410156
5.2913 ,8367599 ,-118 ,16 ,0.031494140625 ,-0.037109375 ,-0.91259765625 ,-0.405944824219
5.3022 ,8369083 ,-118 ,17 ,0.052001953125 ,-0.05126953125 ,-0.90234375 ,-0.4248046875
5.3189 ,8371536 ,-118 ,17 ,0.0587158203125 ,-0.056640625 ,-0.897094726562 ,-0.434265136719
5.33 ,8372505 ,-119 ,18 ,0.0621337890625 ,-0.0604248046875 ,-0.892333984375 ,-0.442932128906
5.3404 ,8373097 ,-119 ,18 ,0.085693359375 ,-0.084228515625 ,-0.865356445312 ,-0.486511230469
5.3867 ,8373401 ,-119 ,18 ,0.0885620117188 ,-0.0875854492188 ,-0.860412597656 ,-0.494079589844
5.3975 ,8372422 ,-119 ,18 ,0.0912475585938 ,-0.0906982421875 ,-0.856018066406 ,-0.500671386719
5.408 ,8371270 ,-119 ,18 ,0.0947265625 ,-0.0939331054688 ,-0.851867675781 ,-0.506530761719
5.419 ,8370277 ,-119 ,17 ,0.0984497070312 ,-0.0972290039062 ,-0.84814453125 ,-0.511413574219
5.43 ,8369318 ,-119 ,17 ,0.10107421875 ,-0.099853515625 ,-0.845031738281 ,-0.515563964844
5.4406 ,8366910 ,-119 ,17 ,0.102294921875 ,-0.101379394531 ,-0.842712402344 ,-0.518676757812
5.4511 ,8366374 ,-119 ,16 ,0.102600097656 ,-0.10205078125 ,-0.841430664062 ,-0.520629882812
5.4623 ,8363242 ,-119 ,16 ,0.101928710938 ,-0.101440429688 ,-0.841918945312 ,-0.520080566406
5.4766 ,8358972 ,-119 ,16 ,0.101440429688 ,-0.100891113281 ,-0.843688964844 ,-0.517456054688
5.4871 ,8358301 ,-120 ,15 ,0.100952148438 ,-0.100524902344 ,-0.846252441406 ,-0.513366699219
5.4979 ,8355366 ,-120 ,15 ,0.10009765625 ,-0.100158691406 ,-0.849792480469 ,-0.507690429688
5.5084 ,8352996 ,-120 ,14 ,0.0979614257812 ,-0.0993041992188 ,-0.854431152344 ,-0.500549316406
5.5189 ,8350806 ,-120 ,14 ,0.093994140625 ,-0.097412109375 ,-0.860290527344 ,-0.491516113281
5.5292 ,8349733 ,-120 ,13 ,0.0877685546875 ,-0.0946655273438 ,-0.867431640625 ,-0.480590820312
5.5401 ,8347678 ,-120 ,13 ,0.0795288085938 ,-0.0914916992188 ,-0.87548828125 ,-0.467834472656
5.5505 ,8346096 ,-120 ,13 ,0.0700073242188 ,-0.0881958007812 ,-0.884094238281 ,-0.453552246094
5.561 ,8345242 ,-120 ,12 ,0.0601196289062 ,-0.0853881835938 ,-0.89306640625 ,-0.437561035156
5.5722 ,8345051 ,-120 ,12 ,0.0418090820312 ,-0.080322265625 ,-0.911804199219 ,-0.400573730469
5.5865 ,8344359 ,-120 ,11 ,0.0338134765625 ,-0.078125 ,-0.9208984375 ,-0.38037109375
5.5971 ,8343584 ,-120 ,11 ,0.0263671875 ,-0.077880859375 ,-0.929504394531 ,-0.359558105469
5.6079 ,8343934 ,-120 ,10 ,0.0200805664062 ,-0.0780029296875 ,-0.937622070312 ,-0.338256835938
5.619 ,8344380 ,-120 ,10 ,0.015869140625 ,-0.077880859375 ,-0.9453125 ,-0.31640625
5.6294 ,8344276 ,-120 ,10 ,0.013916015625 ,-0.0783081054688 ,-0.95263671875 ,-0.293640136719
5.6398 ,8344525 ,-120 ,10 ,0.0134887695312 ,-0.0796508789062 ,-0.959350585938 ,-0.270324707031
5.6504 ,8344844 ,-120 ,10 ,0.0126953125 ,-0.0816650390625 ,-0.975952148438 ,-0.201843261719
5.6768 ,8345899 ,-120 ,10 ,0.0104370117188 ,-0.0789794921875 ,-0.980346679688 ,-0.180358886719
5.6879 ,8345629 ,-119 ,10 ,0.0062255859375 ,-0.07568359375 ,-0.983947753906 ,-0.161437988281
5.6985 ,8345975 ,-119 ,10 ,0.00103759765625 ,-0.0723266601562 ,-0.986694335938 ,-0.145446777344
5.7093 ,8349117 ,-119 ,10 ,-0.0040283203125 ,-0.0679321289062 ,-0.988891601562 ,-0.132080078125
5.7205 ,8350557 ,-119 ,-1 ,-0.00811767578125 ,-0.0626831054688 ,-0.990966796875 ,-0.118530273438
5.7319 ,8352443 ,-119 ,-1 ,-0.00634765625 ,-0.0548706054688 ,-0.993530273438 ,-0.09912109375
5.7465 ,8354827 ,-119 ,-1 ,0.00177001953125 ,-0.0494384765625 ,-0.994567871094 ,-0.091796875
5.7571 ,8354674 ,-119 ,-1 ,0.0125122070312 ,-0.0432739257812 ,-0.995361328125 ,-0.0847778320312
5.7688 ,8355764 ,-119 ,11 ,0.0234985351562 ,-0.0396118164062 ,-0.995666503906 ,-0.0809936523438
5.7794 ,8355321 ,-119 ,11 ,0.0302734375 ,-0.037109375 ,-0.995849609375 ,-0.077392578125
5.79 ,8355062 ,-119 ,11 ,0.03125 ,-0.0316162109375 ,-0.996276855469 ,-0.0737915039062
5.8006 ,8355847 ,-119 ,12 ,0.0181274414062 ,-0.0283813476562 ,-0.997253417969 ,-0.0660400390625
5.8196 ,8355581 ,-119 ,13 ,0.00537109375 ,-0.0244750976562 ,-0.997924804688 ,-0.05908203125
5.8306 ,8356813 ,-119 ,-1 ,-0.0048828125 ,-0.0255737304688 ,-0.998229980469 ,-0.0531005859375
5.8411 ,8356273 ,-118 ,14 ,-0.010498046875 ,-0.0265502929688 ,-0.998413085938 ,-0.0485229492188
5.8519 ,8356162 ,-118 ,15 ,-0.0118408203125 ,-0.028076171875 ,-0.998657226562 ,-0.0424194335938
5.8688 ,8355986 ,-118 ,16 ,-0.00958251953125 ,-0.0294799804688 ,-0.998718261719 ,-0.0394897460938
5.8792 ,8356360 ,-118 ,16 ,-0.00811767578125 ,-0.0314331054688 ,-0.998718261719 ,-0.03857421875
5.8901 ,8355415 ,-118 ,16 ,-0.0093994140625 ,-0.03271484375 ,-0.998718261719 ,-0.0374755859375
5.901 ,8355187 ,-118 ,15 ,-0.0292358398438 ,-0.0347900390625 ,-0.998352050781 ,-0.0349731445312
5.9287 ,8355723 ,-118 ,15 ,-0.0339965820312 ,-0.033935546875 ,-0.998168945312 ,-0.0366821289062
5.9394 ,8355252 ,-118 ,14 ,-0.0360107421875 ,-0.0342407226562 ,-0.997985839844 ,-0.0396118164062
5.95 ,8354512 ,-119 ,13 ,-0.037109375 ,-0.033203125 ,-0.997863769531 ,-0.04248046875
5.9605 ,8353903 ,-119 ,13 ,-0.0380859375 ,-0.0321044921875 ,-0.997741699219 ,-0.0450439453125
5.9712 ,8354052 ,-119 ,12 ,-0.0390625 ,-0.0322875976562 ,-0.99755859375 ,-0.0475463867188
5.982 ,8353446 ,-119 ,11 ,-0.0451049804688 ,-0.031005859375 ,-0.997131347656 ,-0.0523681640625
5.9967 ,8353034 ,-119 ,11 ,-0.049560546875 ,-0.03076171875 ,-0.996765136719 ,-0.054931640625
6.008 ,8351868 ,-119 ,10 ,-0.053955078125 ,-0.0302734375 ,-0.996398925781 ,-0.0578002929688
6.0188 ,8351491 ,-120 ,10 ,-0.05810546875 ,-0.0293579101562 ,-0.996032714844 ,-0.0609130859375
6.0296 ,8351726 ,-120 ,9 ,-0.0618286132812 ,-0.02880859375 ,-0.99560546875 ,-0.0641479492188
6.0403 ,8351228 ,-120 ,9 ,-0.0650024414062 ,-0.0286254882812 ,-0.995178222656 ,-0.0672607421875
6.0512 ,8351266 ,-120 ,8 ,-0.067138671875 ,-0.0284423828125 ,-0.994812011719 ,-0.0706176757812
6.0623 ,8351533 ,-120 ,8 ,-0.0702514648438 ,-0.0285034179688 ,-0.994079589844 ,-0.0779418945312
6.0761 ,8351706 ,-120 ,7 ,-0.07275390625 ,-0.0284423828125 ,-0.993591308594 ,-0.0814208984375
6.0869 ,8350861 ,-120 ,6 ,-0.0756225585938 ,-0.0283203125 ,-0.993103027344 ,-0.0850830078125
6.0974 ,8350975 ,-120 ,6 ,-0.0785522460938 ,-0.0279541015625 ,-0.992553710938 ,-0.0886840820312
6.1078 ,8351235 ,-120 ,5 ,-0.0816650390625 ,-0.0277099609375 ,-0.992004394531 ,-0.0924682617188
6.1188 ,8350723 ,-120 ,5 ,-0.0849609375 ,-0.0274047851562 ,-0.991333007812 ,-0.09619140625
6.13 ,8350370 ,-121 ,4 ,-0.0884399414062 ,-0.0269165039062 ,-0.99072265625 ,-0.099853515625
6.1406 ,8350218 ,-121 ,4 ,-0.0919799804688 ,-0.026611328125 ,-0.990051269531 ,-0.103210449219
6.1511 ,8350761 ,-121 ,4 ,-0.0952758789062 ,-0.0263671875 ,-0.989379882812 ,-0.106384277344
6.1622 ,8349872 ,-121 ,3 ,-0.1015625 ,-0.0248413085938 ,-0.987609863281 ,-0.117004394531
6.1762 ,8349830 ,-121 ,3 ,-0.104736328125 ,-0.0244140625 ,-0.986938476562 ,-0.119934082031
6.187 ,8350031 ,-121 ,3 ,-0.108337402344 ,-0.0236206054688 ,-0.986206054688 ,-0.123046875
6.1975 ,8349148 ,-121 ,2 ,-0.112365722656 ,-0.022705078125 ,-0.9853515625 ,-0.126403808594
6.2082 ,8350266 ,-121 ,2 ,-0.116638183594 ,-0.0215454101562 ,-0.984375 ,-0.130187988281
6.2202 ,8349065 ,-121 ,2 ,-0.121032714844 ,-0.0198364257812 ,-0.983032226562 ,-0.136474609375
6.2309 ,8349917 ,-121 ,1 ,-0.125122070312 ,-0.018310546875 ,-0.98193359375 ,-0.140930175781
6.2417 ,8349477 ,-120 ,1 ,-0.128967285156 ,-0.0167236328125 ,-0.980773925781 ,-0.145568847656
6.2521 ,8350183 ,-120 ,1 ,-0.136352539062 ,-0.0127563476562 ,-0.978454589844 ,-0.154724121094
6.2701 ,8350128 ,-120 ,0 ,-0.139831542969 ,-0.010009765625 ,-0.976806640625 ,-0.161682128906
6.2811 ,8350128 ,-120 ,-2 ,-0.146362304688 ,-0.00360107421875 ,-0.974609375 ,-0.16943359375
6.2996 ,8351370 ,-120 ,-2 ,-0.148986816406 ,0.00042724609375 ,-0.973571777344 ,-0.172912597656
6.3108 ,8351418 ,-120 ,-2 ,-0.15087890625 ,0.00494384765625 ,-0.972717285156 ,-0.176208496094
6.3219 ,8352204 ,-119 ,-2 ,-0.152770996094 ,0.015869140625 ,-0.970581054688 ,-0.185485839844
6.3366 ,8353346 ,-119 ,-2 ,-0.153747558594 ,0.0221557617188 ,-0.969360351562 ,-0.190246582031
6.3472 ,8353346 ,-119 ,-2 ,-0.155212402344 ,0.0293579101562 ,-0.9677734375 ,-0.195983886719
6.3577 ,8354387 ,-117 ,-2 ,-0.157470703125 ,0.03759765625 ,-0.965759277344 ,-0.202758789062
6.3701 ,8355813 ,-116 ,-2 ,-0.160217285156 ,0.046875 ,-0.962890625 ,-0.212036132812
6.3812 ,8356083 ,-115 ,-2 ,-0.166076660156 ,0.06689453125 ,-0.956176757812 ,-0.231567382812
6.3964 ,8359740 ,-113 ,-2 ,-0.167907714844 ,0.0772094726562 ,-0.952453613281 ,-0.242248535156
6.4073 ,8361737 ,-112 ,-2 ,-0.168579101562 ,0.088134765625 ,-0.948608398438 ,-0.252868652344
6.4201 ,8363875 ,-110 ,-1 ,-0.169067382812 ,0.0997314453125 ,-0.944580078125 ,-0.26318359375
6.4305 ,8367239 ,-109 ,-1 ,-0.169006347656 ,0.110412597656 ,-0.940612792969 ,-0.273010253906
6.441 ,8368457 ,-109 ,0 ,-0.168395996094 ,0.121032714844 ,-0.936767578125 ,-0.281799316406
6.4518 ,8369661 ,-109 ,0 ,-0.165954589844 ,0.135986328125 ,-0.929016113281 ,-0.301452636719
6.4701 ,8371249 ,-110 ,-1 ,-0.161315917969 ,0.139770507812 ,-0.9248046875 ,-0.31494140625
6.4809 ,8372633 ,-110 ,-1 ,-0.151672363281 ,0.1396484375 ,-0.921569824219 ,-0.328979492188
6.4917 ,8374211 ,-110 ,-1 ,-0.138793945312 ,0.135864257812 ,-0.918579101562 ,-0.344177246094
6.5024 ,8375291 ,-111 ,3 ,-0.1162109375 ,0.125 ,-0.9111328125 ,-0.375122070312
6.5193 ,8375221 ,-112 ,8 ,-0.108581542969 ,0.118469238281 ,-0.90673828125 ,-0.389892578125
6.5309 ,8373152 ,-112 ,11 ,-0.103942871094 ,0.109741210938 ,-0.901489257812 ,-0.405578613281
6.5418 ,8374000 ,-113 ,14 ,-0.109375 ,0.0955200195312 ,-0.89111328125 ,-0.429870605469
6.5564 ,8373076 ,-113 ,18 ,-0.120239257812 ,0.0890502929688 ,-0.884155273438 ,-0.442504882812
6.5692 ,8372246 ,-113 ,22 ,-0.133117675781 ,0.0833129882812 ,-0.877807617188 ,-0.452514648438
6.5796 ,8370920 ,-113 ,26 ,-0.144897460938 ,0.0761108398438 ,-0.869873046875 ,-0.46533203125
6.5901 ,8370512 ,-113 ,31 ,-0.153930664062 ,0.0542602539062 ,-0.856872558594 ,-0.489074707031
6.6064 ,8366962 ,-114 ,34 ,-0.150634765625 ,0.0401000976562 ,-0.852722167969 ,-0.49853515625
6.6196 ,8363716 ,-114 ,35 ,-0.144165039062 ,0.02392578125 ,-0.848571777344 ,-0.508544921875
6.631 ,8361612 ,-114 ,37 ,-0.136535644531 ,0.0079345703125 ,-0.844909667969 ,-0.517150878906
6.6419 ,8358661 ,-114 ,37 ,-0.125549316406 ,-0.0171508789062 ,-0.837646484375 ,-0.531311035156
6.6564 ,8354242 ,-115 ,36 ,-0.12353515625 ,-0.024658203125 ,-0.833312988281 ,-0.538269042969
6.6689 ,8348716 ,-115 ,34 ,-0.124877929688 ,-0.0288696289062 ,-0.828674316406 ,-0.544799804688
6.6794 ,8344432 ,-115 ,32 ,-0.130187988281 ,-0.0282592773438 ,-0.823547363281 ,-0.551391601562
6.6898 ,8341930 ,-115 ,30 ,-0.141418457031 ,-0.0213623046875 ,-0.816833496094 ,-0.558837890625
6.7003 ,8341287 ,-116 ,28 ,-0.1591796875 ,-0.00604248046875 ,-0.809020996094 ,-0.565734863281
6.7109 ,8341757 ,-116 ,26 ,-0.180725097656 ,0.0155029296875 ,-0.799865722656 ,-0.572082519531
6.7225 ,8342491 ,-116 ,24 ,-0.219482421875 ,0.0808715820312 ,-0.783752441406 ,-0.575317382812
6.7365 ,8341934 ,-116 ,21 ,-0.229248046875 ,0.113037109375 ,-0.780700683594 ,-0.570251464844
6.7471 ,8341698 ,-117 ,20 ,-0.231079101562 ,0.133728027344 ,-0.78466796875 ,-0.559509277344
6.7578 ,8341349 ,-117 ,19 ,-0.227111816406 ,0.131591796875 ,-0.7958984375 ,-0.545593261719
6.7689 ,8340287 ,-117 ,17 ,-0.216125488281 ,0.107482910156 ,-0.814392089844 ,-0.527709960938
6.7796 ,8340667 ,-117 ,15 ,-0.194030761719 ,0.0776977539062 ,-0.835754394531 ,-0.507751464844
6.791 ,8339795 ,-117 ,14 ,-0.172607421875 ,0.0584716796875 ,-0.85791015625 ,-0.480346679688
6.8017 ,8340671 ,-117 ,13 ,-0.160827636719 ,0.0502319335938 ,-0.878540039062 ,-0.446899414062
6.8125 ,8340439 ,-117 ,11 ,-0.158996582031 ,0.0525512695312 ,-0.906860351562 ,-0.38671875
6.8261 ,8340986 ,-117 ,10 ,-0.159545898438 ,0.0545654296875 ,-0.916687011719 ,-0.3623046875
6.8372 ,8341522 ,-117 ,8 ,-0.155334472656 ,0.0523681640625 ,-0.926330566406 ,-0.339233398438
6.8489 ,8342231 ,-118 ,6 ,-0.143005371094 ,0.0447998046875 ,-0.938049316406 ,-0.312438964844
6.8594 ,8341989 ,-118 ,5 ,-0.120361328125 ,0.03271484375 ,-0.951843261719 ,-0.280029296875
6.87 ,8342356 ,-118 ,5 ,-0.0826416015625 ,0.0191040039062 ,-0.965148925781 ,-0.247680664062
6.8809 ,8342086 ,-118 ,4 ,-0.0371704101562 ,0.00653076171875 ,-0.974243164062 ,-0.222412109375
6.892 ,8342172 ,-118 ,3 ,0.0360717773438 ,-0.0084228515625 ,-0.976379394531 ,-0.212707519531
6.9065 ,8342660 ,-118 ,2 ,0.0534057617188 ,-0.0115356445312 ,-0.973815917969 ,-0.220825195312
6.9191 ,8343688 ,-118 ,1 ,0.05859375 ,-0.0189208984375 ,-0.970947265625 ,-0.231323242188
6.9323 ,8345581 ,-118 ,1 ,0.0518798828125 ,-0.0416870117188 ,-0.966247558594 ,-0.248779296875
6.9475 ,8345124 ,-119 ,0 ,0.05126953125 ,-0.0361938476562 ,-0.965637207031 ,-0.252197265625
6.9585 ,8345020 ,-119 ,0 ,0.0538940429688 ,-0.0167236328125 ,-0.967651367188 ,-0.245849609375
6.9695 ,8345906 ,-119 ,1 ,0.0554809570312 ,0.0015869140625 ,-0.970336914062 ,-0.235412597656
6.9813 ,8346941 ,-119 ,1 ,0.0555419921875 ,0.005126953125 ,-0.970886230469 ,-0.232971191406
6.9926 ,8348792 ,-119 ,2 ,0.0426025390625 ,0.006103515625 ,-0.971557617188 ,-0.232849121094
7.0068 ,8350712 ,-119 ,3 ,0.0364990234375 ,0.0133666992188 ,-0.970275878906 ,-0.238891601562
7.02 ,8355373 ,-119 ,4 ,0.037109375 ,0.00775146484375 ,-0.966857910156 ,-0.25244140625
7.0324 ,8356937 ,-119 ,5 ,0.0657348632812 ,0.0025634765625 ,-0.960876464844 ,-0.26904296875
7.0474 ,8358093 ,-119 ,6 ,0.0841674804688 ,-0.00567626953125 ,-0.955383300781 ,-0.283081054688
7.0586 ,8357813 ,-119 ,8 ,0.100341796875 ,-0.0110473632812 ,-0.949768066406 ,-0.296264648438
7.0696 ,8358104 ,-119 ,9 ,0.115844726562 ,-0.01318359375 ,-0.944641113281 ,-0.306762695312
7.0805 ,8358726 ,-119 ,10 ,0.132873535156 ,-0.0216064453125 ,-0.936828613281 ,-0.32275390625
7.0911 ,8359778 ,-119 ,10 ,0.160522460938 ,-0.0403442382812 ,-0.923034667969 ,-0.347351074219
7.1062 ,8360809 ,-119 ,9 ,0.15283203125 ,-0.046875 ,-0.920043945312 ,-0.357727050781
7.1187 ,8361100 ,-119 ,9 ,0.132568359375 ,-0.0440063476562 ,-0.919494628906 ,-0.367492675781
7.1304 ,8362720 ,-118 ,8 ,0.104553222656 ,-0.0410766601562 ,-0.920166015625 ,-0.375061035156
7.1429 ,8362335 ,-118 ,8 ,0.0592651367188 ,-0.0313110351562 ,-0.922241210938 ,-0.380737304688
7.1567 ,8362401 ,-118 ,7 ,0.0540771484375 ,-0.0343627929688 ,-0.921081542969 ,-0.383972167969
7.1698 ,8362872 ,-118 ,6 ,0.0597534179688 ,-0.040771484375 ,-0.9189453125 ,-0.3876953125
7.1805 ,8364408 ,-118 ,6 ,0.0684204101562 ,-0.0494384765625 ,-0.916137695312 ,-0.391906738281
7.1913 ,8364259 ,-118 ,5 ,0.0753173828125 ,-0.0592041015625 ,-0.9111328125 ,-0.40087890625
7.213 ,8368259 ,-117 ,4 ,0.0653686523438 ,-0.0578002929688 ,-0.909423828125 ,-0.406555175781
7.2269 ,8369073 ,-117 ,4 ,0.0610961914062 ,-0.0559692382812 ,-0.907531738281 ,-0.411682128906
7.2381 ,8369073 ,-117 ,3 ,0.05859375 ,-0.0555419921875 ,-0.905395507812 ,-0.416870117188
7.2498 ,8369277 ,-117 ,2 ,0.05615234375 ,-0.0554809570312 ,-0.903564453125 ,-0.421142578125
7.2609 ,8369650 ,-117 ,2 ,0.0515747070312 ,-0.0546264648438 ,-0.90234375 ,-0.424377441406
7.2728 ,8370744 ,-117 ,1 ,0.0302124023438 ,-0.0512084960938 ,-0.899780273438 ,-0.432250976562
7.3064 ,8370571 ,-117 ,0 ,0.03173828125 ,-0.0555419921875 ,-0.89892578125 ,-0.433471679688
7.3277 ,8370495 ,-117 ,0 ,0.02734375 ,-0.05517578125 ,-0.899475097656 ,-0.4326171875
7.339 ,8370152 ,-117 ,0 ,0.019775390625 ,-0.0531616210938 ,-0.900329589844 ,-0.431579589844
7.3501 ,8370298 ,-117 ,-1 ,0.0123901367188 ,-0.05078125 ,-0.901000976562 ,-0.4306640625
7.3615 ,8370830 ,-118 ,-1 ,0.00823974609375 ,-0.04931640625 ,-0.901428222656 ,-0.430053710938
7.3731 ,8369460 ,-118 ,-1 ,0.00836181640625 ,-0.0503540039062 ,-0.902282714844 ,-0.428100585938
7.3868 ,8369166 ,-118 ,-2 ,0.0084228515625 ,-0.0508422851562 ,-0.902404785156 ,-0.427856445312
7.3979 ,8369249 ,-118 ,-2 ,0.0062255859375 ,-0.05029296875 ,-0.90234375 ,-0.428039550781
7.4099 ,8369294 ,-118 ,-2 ,0.00244140625 ,-0.0487060546875 ,-0.90234375 ,-0.428283691406
7.4227 ,8368813 ,-118 ,-2 ,-0.0040283203125 ,-0.0455932617188 ,-0.901916503906 ,-0.429504394531
7.4364 ,8368865 ,-119 ,-3 ,-0.005126953125 ,-0.0452270507812 ,-0.901550292969 ,-0.430236816406
7.447 ,8368823 ,-119 ,-3 ,-0.006103515625 ,-0.0451049804688 ,-0.901428222656 ,-0.430480957031
7.4576 ,8368297 ,-119 ,-4 ,-0.008056640625 ,-0.0446166992188 ,-0.901428222656 ,-0.430541992188
7.4688 ,8368287 ,-119 ,-4 ,-0.0112915039062 ,-0.04345703125 ,-0.901611328125 ,-0.430236816406
7.4796 ,8368706 ,-119 ,-4 ,-0.0147094726562 ,-0.0419921875 ,-0.901733398438 ,-0.429931640625
7.4902 ,8369017 ,-120 ,-5 ,-0.016845703125 ,-0.041259765625 ,-0.901977539062 ,-0.429504394531
7.501 ,8368377 ,-120 ,-5 ,-0.0175170898438 ,-0.0413818359375 ,-0.902221679688 ,-0.428955078125
7.512 ,8367990 ,-120 ,-5 ,-0.0189208984375 ,-0.042236328125 ,-0.902954101562 ,-0.427307128906
7.5269 ,8368488 ,-120 ,-5 ,-0.0222778320312 ,-0.0415649414062 ,-0.903381347656 ,-0.426208496094
7.5375 ,8369270 ,-120 ,-5 ,-0.02734375 ,-0.0401611328125 ,-0.90380859375 ,-0.425170898438
7.5482 ,8369214 ,-120 ,-5 ,-0.0325927734375 ,-0.03857421875 ,-0.904174804688 ,-0.424194335938
7.5589 ,8368803 ,-121 ,-5 ,-0.0366821289062 ,-0.0377197265625 ,-0.904541015625 ,-0.423156738281
7.5695 ,8368176 ,-121 ,-5 ,-0.039306640625 ,-0.0377197265625 ,-0.904968261719 ,-0.422058105469
7.5805 ,8368422 ,-121 ,-5 ,-0.04150390625 ,-0.0380859375 ,-0.905456542969 ,-0.420715332031
7.5912 ,8368619 ,-121 ,-4 ,-0.0447387695312 ,-0.0380859375 ,-0.906005859375 ,-0.419250488281
7.6019 ,8367934 ,-121 ,-4 ,-0.0562133789062 ,-0.0361938476562 ,-0.9072265625 ,-0.415283203125
7.6188 ,8366059 ,-121 ,-3 ,-0.0626831054688 ,-0.0352172851562 ,-0.907958984375 ,-0.412841796875
7.6301 ,8364380 ,-121 ,-1 ,-0.0685424804688 ,-0.0348510742188 ,-0.908935546875 ,-0.409790039062
7.6407 ,8362633 ,-121 ,1 ,-0.0744018554688 ,-0.0357055664062 ,-0.910217285156 ,-0.405822753906
7.6511 ,8361872 ,-121 ,3 ,-0.0819091796875 ,-0.037841796875 ,-0.912170410156 ,-0.399780273438
7.6618 ,8360647 ,-121 ,6 ,-0.10546875 ,-0.04296875 ,-0.920715332031 ,-0.373168945312
7.6764 ,8359533 ,-121 ,10 ,-0.120178222656 ,-0.0465087890625 ,-0.922790527344 ,-0.363159179688
7.6869 ,8357519 ,-121 ,13 ,-0.134399414062 ,-0.0516967773438 ,-0.925170898438 ,-0.351257324219
7.6977 ,8356124 ,-121 ,16 ,-0.147583007812 ,-0.0582885742188 ,-0.927673339844 ,-0.337951660156
7.7084 ,8355093 ,-121 ,19 ,-0.160217285156 ,-0.067138671875 ,-0.930114746094 ,-0.323669433594
7.7188 ,8353533 ,-121 ,21 ,-0.173461914062 ,-0.0775146484375 ,-0.93212890625 ,-0.308349609375
7.7302 ,8351816 ,-120 ,25 ,-0.188720703125 ,-0.0885009765625 ,-0.933410644531 ,-0.292053222656
7.7407 ,8351906 ,-120 ,28 ,-0.206665039062 ,-0.0997924804688 ,-0.93359375 ,-0.275207519531
7.7515 ,8350941 ,-120 ,31 ,-0.227111816406 ,-0.111267089844 ,-0.932556152344 ,-0.257568359375
7.7624 ,8350477 ,-120 ,35 ,-0.270629882812 ,-0.132019042969 ,-0.927673339844 ,-0.220886230469
7.7765 ,8349591 ,-119 ,38 ,-0.291259765625 ,-0.139953613281 ,-0.924865722656 ,-0.200622558594
7.7869 ,8349249 ,-119 ,40 ,-0.307983398438 ,-0.146179199219 ,-0.922607421875 ,-0.180419921875
7.7976 ,8348027 ,-118 ,41 ,-0.31982421875 ,-0.152099609375 ,-0.921508789062 ,-0.159545898438
7.8083 ,8349103 ,-117 ,41 ,-0.327758789062 ,-0.1552734375 ,-0.921813964844 ,-0.137023925781
7.8188 ,8347629 ,-117 ,42 ,-0.332946777344 ,-0.155151367188 ,-0.923034667969 ,-0.114196777344
7.8293 ,8347716 ,-116 ,41 ,-0.336547851562 ,-0.152954101562 ,-0.924621582031 ,-0.0918579101562
7.8399 ,8348238 ,-115 ,40 ,-0.340087890625 ,-0.147644042969 ,-0.92626953125 ,-0.0676879882812
7.8505 ,8347778 ,-115 ,39 ,-0.343872070312 ,-0.138366699219 ,-0.927856445312 ,-0.0413818359375
7.8611 ,8348605 ,-114 ,38 ,-0.345520019531 ,-0.127746582031 ,-0.929626464844 ,-0.012939453125
7.8723 ,8348470 ,-115 ,37 ,-0.338684082031 ,-0.106506347656 ,-0.933654785156 ,0.0476684570312
7.8863 ,8349204 ,-115 ,34 ,-0.327758789062 ,-0.093994140625 ,-0.937133789062 ,0.074462890625
7.8971 ,8348584 ,-115 ,32 ,-0.310302734375 ,-0.0857543945312 ,-0.941772460938 ,0.0970458984375
7.9076 ,8349923 ,-116 ,30 ,-0.287170410156 ,-0.0740356445312 ,-0.947448730469 ,0.119995117188
7.9188 ,8350885 ,-116 ,27 ,-0.259643554688 ,-0.0579223632812 ,-0.953125 ,0.144409179688
7.9295 ,8352501 ,-116 ,25 ,-0.226684570312 ,-0.0455932617188 ,-0.958801269531 ,0.164978027344
7.9403 ,8354993 ,-116 ,23 ,-0.190856933594 ,-0.0338134765625 ,-0.96435546875 ,0.180236816406
7.9508 ,8356951 ,-116 ,22 ,-0.161682128906 ,-0.0218505859375 ,-0.968383789062 ,0.188598632812
7.9619 ,8358135 ,-116 ,21 ,-0.140441894531 ,-0.0123901367188 ,-0.968017578125 ,0.207397460938
7.976 ,8359647 ,-116 ,20 ,-0.129821777344 ,-0.0076904296875 ,-0.9677734375 ,0.215698242188
7.9867 ,8359270 ,-115 ,20 ,-0.1123046875 ,-0.00726318359375 ,-0.968872070312 ,0.220642089844
7.9972 ,8357913 ,-115 ,19 ,-0.101257324219 ,-0.00537109375 ,-0.970275878906 ,0.219787597656
8.0078 ,8356931 ,-115 ,19 ,-0.0955200195312 ,-0.0052490234375 ,-0.971374511719 ,0.217590332031
8.0189 ,8355609 ,-115 ,18 ,-0.0892944335938 ,-0.00518798828125 ,-0.971252441406 ,0.220703125
8.0298 ,8354148 ,-115 ,17 ,-0.0797119140625 ,-0.00299072265625 ,-0.972290039062 ,0.2197265625
8.0405 ,8352010 ,-115 ,17 ,-0.0662231445312 ,-0.00213623046875 ,-0.9736328125 ,0.218322753906
8.0511 ,8351065 ,-115 ,16 ,-0.0531005859375 ,-0.00286865234375 ,-0.975891113281 ,0.211730957031
8.0624 ,8348865 ,-115 ,16 ,-0.0393676757812 ,-0.00860595703125 ,-0.981323242188 ,0.188110351562
8.0762 ,8347128 ,-115 ,15 ,-0.0415649414062 ,-0.0118408203125 ,-0.983947753906 ,0.173095703125
8.0867 ,8346477 ,-115 ,15 ,-0.0496215820312 ,-0.0140991210938 ,-0.986328125 ,0.156555175781
8.0972 ,8346477 ,-115 ,14 ,-0.0626831054688 ,-0.0170288085938 ,-0.98828125 ,0.138061523438
8.1082 ,8346238 ,-115 ,13 ,-0.0773315429688 ,-0.0196533203125 ,-0.989624023438 ,0.119689941406
8.1191 ,8345844 ,-115 ,13 ,-0.0875244140625 ,-0.0197143554688 ,-0.990783691406 ,0.101257324219
8.1301 ,8345612 ,-115 ,12 ,-0.0894165039062 ,-0.0173950195312 ,-0.992492675781 ,0.0813598632812
8.1407 ,8345865 ,-115 ,10 ,-0.0826416015625 ,-0.0135498046875 ,-0.994689941406 ,0.0596313476562
8.1511 ,8346107 ,-115 ,8 ,-0.0509033203125 ,-0.00323486328125 ,-0.99853515625 ,0.018310546875
8.1696 ,8347425 ,-116 ,6 ,-0.0316162109375 ,0.00201416015625 ,-0.99951171875 ,-0.00140380859375
8.1805 ,8349007 ,-116 ,5 ,-0.0121459960938 ,0.0052490234375 ,-0.999694824219 ,-0.0216674804688
8.1911 ,8351107 ,-116 ,4 ,0.006103515625 ,0.0068359375 ,-0.999145507812 ,-0.041015625
8.2018 ,8351107 ,-116 ,3 ,0.0394287109375 ,0.013427734375 ,-0.995849609375 ,-0.0811767578125
8.2188 ,8359045 ,-117 ,2 ,0.0603637695312 ,0.0146484375 ,-0.992492675781 ,-0.105346679688
8.2299 ,8360315 ,-117 ,1 ,0.0855102539062 ,0.0155029296875 ,-0.987915039062 ,-0.12841796875
8.2403 ,8362529 ,-117 ,1 ,0.11279296875 ,0.015380859375 ,-0.981872558594 ,-0.1513671875
8.2508 ,8364616 ,-118 ,2 ,0.138122558594 ,0.0123291015625 ,-0.974487304688 ,-0.176330566406
8.2617 ,8367578 ,-118 ,3 ,0.173889160156 ,0.0047607421875 ,-0.959167480469 ,-0.223022460938
8.2763 ,8373135 ,-118 ,4 ,0.187255859375 ,-0.00067138671875 ,-0.950622558594 ,-0.247375488281
8.2869 ,8375491 ,-118 ,5 ,0.199035644531 ,-0.00640869140625 ,-0.940795898438 ,-0.274353027344
8.2974 ,8377858 ,-118 ,5 ,0.208312988281 ,-0.0130615234375 ,-0.930541992188 ,-0.300903320312
8.3079 ,8380557 ,-119 ,6 ,0.214477539062 ,-0.0184936523438 ,-0.922058105469 ,-0.321716308594
8.3187 ,8385838 ,-119 ,7 ,0.216674804688 ,-0.027099609375 ,-0.914978027344 ,-0.339294433594
8.3293 ,8387121 ,-119 ,7 ,0.219970703125 ,-0.0469970703125 ,-0.899353027344 ,-0.374938964844
8.3465 ,8397696 ,-119 ,9 ,0.227111816406 ,-0.0579223632812 ,-0.890625 ,-0.389709472656
8.3571 ,8399554 ,-119 ,9 ,0.237121582031 ,-0.0701293945312 ,-0.881103515625 ,-0.403076171875
8.3688 ,8403236 ,-119 ,9 ,0.247619628906 ,-0.0806884765625 ,-0.872192382812 ,-0.414001464844
8.3798 ,8404336 ,-119 ,9 ,0.2568359375 ,-0.0926513671875 ,-0.863220214844 ,-0.424560546875
8.3904 ,8410073 ,-119 ,10 ,0.263000488281 ,-0.104736328125 ,-0.855773925781 ,-0.432983398438
8.4011 ,8411565 ,-119 ,10 ,0.265502929688 ,-0.114379882812 ,-0.850463867188 ,-0.439392089844
8.412 ,8411713 ,-119 ,9 ,0.267211914062 ,-0.130676269531 ,-0.842224121094 ,-0.449584960938
8.4269 ,8411966 ,-119 ,9 ,0.267028808594 ,-0.13818359375 ,-0.838745117188 ,-0.454040527344
8.4378 ,8412194 ,-119 ,9 ,0.262512207031 ,-0.142517089844 ,-0.837707519531 ,-0.457214355469
8.4484 ,8412430 ,-119 ,9 ,0.253112792969 ,-0.144226074219 ,-0.839111328125 ,-0.459350585938
8.4589 ,8412011 ,-119 ,9 ,0.24365234375 ,-0.145202636719 ,-0.841186523438 ,-0.46044921875
8.4699 ,8412928 ,-119 ,9 ,0.235717773438 ,-0.147155761719 ,-0.842834472656 ,-0.460876464844
8.4811 ,8415008 ,-120 ,9 ,0.228271484375 ,-0.149353027344 ,-0.84375 ,-0.462158203125
8.4918 ,8416181 ,-120 ,8 ,0.214294433594 ,-0.151672363281 ,-0.844177246094 ,-0.467346191406
8.5068 ,8418752 ,-119 ,8 ,0.21142578125 ,-0.152099609375 ,-0.843627929688 ,-0.469482421875
8.5187 ,8418537 ,-119 ,8 ,0.211486816406 ,-0.155151367188 ,-0.842590332031 ,-0.470397949219
8.5303 ,8419108 ,-119 ,7 ,0.212890625 ,-0.158996582031 ,-0.840087890625 ,-0.472839355469
8.5409 ,8419177 ,-119 ,7 ,0.21337890625 ,-0.160705566406 ,-0.837463378906 ,-0.476684570312
8.5519 ,8420118 ,-119 ,6 ,0.208068847656 ,-0.160461425781 ,-0.834228515625 ,-0.484802246094
8.5688 ,8419239 ,-118 ,4 ,0.203552246094 ,-0.158569335938 ,-0.833618164062 ,-0.488342285156
8.5798 ,8419402 ,-118 ,3 ,0.197265625 ,-0.15576171875 ,-0.834045410156 ,-0.491149902344
8.5906 ,8419648 ,-118 ,3 ,0.188720703125 ,-0.15234375 ,-0.835327148438 ,-0.493347167969
8.6016 ,8419205 ,-118 ,2 ,0.171875 ,-0.14404296875 ,-0.839599609375 ,-0.494689941406
8.6186 ,8418087 ,-119 ,2 ,0.16845703125 ,-0.142272949219 ,-0.840759277344 ,-0.494506835938
8.6292 ,8417305 ,-119 ,2 ,0.166625976562 ,-0.14111328125 ,-0.841552734375 ,-0.494079589844
8.6397 ,8417305 ,-119 ,2 ,0.165710449219 ,-0.14013671875 ,-0.842590332031 ,-0.492919921875
8.6513 ,8416610 ,-119 ,2 ,0.166015625 ,-0.140197753906 ,-0.843933105469 ,-0.490478515625
8.6628 ,8414980 ,-119 ,1 ,0.171203613281 ,-0.142456054688 ,-0.846069335938 ,-0.484313964844
8.677 ,8414378 ,-120 ,1 ,0.172790527344 ,-0.142700195312 ,-0.847290039062 ,-0.481567382812
8.6874 ,8414374 ,-120 ,1 ,0.171997070312 ,-0.141357421875 ,-0.849243164062 ,-0.478820800781
8.698 ,8414509 ,-120 ,1 ,0.169189453125 ,-0.139343261719 ,-0.852233886719 ,-0.474975585938
8.7087 ,8412886 ,-120 ,1 ,0.165954589844 ,-0.1376953125 ,-0.854614257812 ,-0.472351074219
8.7199 ,8412966 ,-120 ,1 ,0.16552734375 ,-0.132263183594 ,-0.865295410156 ,-0.454345703125
8.7304 ,8412153 ,-120 ,1 ,0.162109375 ,-0.130126953125 ,-0.866760253906 ,-0.453308105469
8.7413 ,8412153 ,-120 ,1 ,0.156982421875 ,-0.127807617188 ,-0.869262695312 ,-0.451049804688
8.7563 ,8410873 ,-120 ,-1 ,0.15625 ,-0.127746582031 ,-0.869934082031 ,-0.449951171875
8.77 ,8409464 ,-120 ,1 ,0.157836914062 ,-0.125244140625 ,-0.879333496094 ,-0.431518554688
8.7809 ,8409232 ,-120 ,2 ,0.155517578125 ,-0.125671386719 ,-0.880615234375 ,-0.429626464844
8.7916 ,8407959 ,-120 ,2 ,0.143981933594 ,-0.124084472656 ,-0.884399414062 ,-0.42626953125
8.806 ,8407959 ,-120 ,3 ,0.135437011719 ,-0.122436523438 ,-0.88671875 ,-0.424682617188
8.8201 ,8404173 ,-121 ,-1 ,0.128295898438 ,-0.11865234375 ,-0.896301269531 ,-0.407592773438
8.8311 ,8401423 ,-121 ,5 ,0.118469238281 ,-0.116943359375 ,-0.899291992188 ,-0.404479980469
8.8421 ,8397921 ,-121 ,8 ,0.100158691406 ,-0.116760253906 ,-0.906799316406 ,-0.392517089844
8.8563 ,8394492 ,-121 ,12 ,0.09228515625 ,-0.118896484375 ,-0.911437988281 ,-0.382934570312
8.8704 ,8388319 ,-121 ,17 ,0.0872192382812 ,-0.120361328125 ,-0.922485351562 ,-0.356201171875
8.8817 ,8383578 ,-121 ,20 ,0.0682373046875 ,-0.129455566406 ,-0.932861328125 ,-0.329162597656
8.8964 ,8380111 ,-121 ,24 ,0.0530395507812 ,-0.134155273438 ,-0.937927246094 ,-0.3154296875
8.9069 ,8376003 ,-120 ,26 ,0.033447265625 ,-0.138916015625 ,-0.942626953125 ,-0.301696777344
8.9189 ,8369695 ,-120 ,28 ,0.0110473632812 ,-0.144653320312 ,-0.946594238281 ,-0.287963867188
8.9297 ,8366512 ,-120 ,29 ,-0.0125732421875 ,-0.14990234375 ,-0.949951171875 ,-0.273681640625
8.9405 ,8362979 ,-120 ,29 ,-0.036376953125 ,-0.153015136719 ,-0.953186035156 ,-0.258239746094
8.9509 ,8359501 ,-120 ,29 ,-0.0587158203125 ,-0.154235839844 ,-0.956420898438 ,-0.240844726562
8.9619 ,8354232 ,-120 ,29 ,-0.100219726562 ,-0.149658203125 ,-0.963134765625 ,-0.199829101562
8.9761 ,8349180 ,-120 ,28 ,-0.122497558594 ,-0.144287109375 ,-0.965942382812 ,-0.176452636719
8.9868 ,8348093 ,-119 ,27 ,-0.146362304688 ,-0.136474609375 ,-0.968078613281 ,-0.150817871094
8.9973 ,8344515 ,-119 ,26 ,-0.172241210938 ,-0.125122070312 ,-0.969543457031 ,-0.121276855469
9.0078 ,8344570 ,-119 ,26 ,-0.1982421875 ,-0.111022949219 ,-0.970092773438 ,-0.0852661132812
9.0189 ,8343612 ,-118 ,25 ,-0.218505859375 ,-0.096923828125 ,-0.970031738281 ,-0.0438842773438
9.0303 ,8345131 ,-118 ,24 ,-0.231140136719 ,-0.0838012695312 ,-0.969299316406 ,0.00201416015625
9.0408 ,8345484 ,-118 ,23 ,-0.235107421875 ,-0.0716552734375 ,-0.968078613281 ,0.0494995117188
9.0516 ,8346332 ,-119 ,21 ,-0.20849609375 ,-0.0433349609375 ,-0.967956542969 ,0.13330078125
9.0688 ,8349868 ,-119 ,18 ,-0.17236328125 ,-0.0267333984375 ,-0.969665527344 ,0.171142578125
9.0794 ,8352135 ,-119 ,-1 ,-0.129211425781 ,-0.0105590820312 ,-0.969665527344 ,0.207214355469
9.0901 ,8354536 ,-119 ,17 ,-0.0856323242188 ,0.008056640625 ,-0.968139648438 ,0.235168457031
9.1007 ,8356681 ,-119 ,17 ,-0.043701171875 ,0.0269165039062 ,-0.964721679688 ,0.258117675781
9.1117 ,8358045 ,-118 ,16 ,0.0352783203125 ,0.0581665039062 ,-0.955932617188 ,0.285583496094
9.1259 ,8357553 ,-118 ,16 ,0.0563354492188 ,0.06396484375 ,-0.954223632812 ,0.286743164062
9.1367 ,8358007 ,-118 ,16 ,0.0511474609375 ,0.0646362304688 ,-0.954528808594 ,0.286437988281
9.1472 ,8357823 ,-118 ,15 ,0.0301513671875 ,0.0636596679688 ,-0.951171875 ,0.300537109375
9.1599 ,8359457 ,-118 ,15 ,0.0137939453125 ,0.0556640625 ,-0.946716308594 ,0.317016601562
9.1708 ,8358322 ,-118 ,11 ,0.124816894531 ,0.0763549804688 ,-0.926391601562 ,0.346923828125
9.2319 ,8348602 ,-118 ,11 ,0.154846191406 ,0.0810546875 ,-0.923767089844 ,0.340698242188
9.2463 ,8347982 ,-118 ,10 ,0.148132324219 ,0.0752563476562 ,-0.926025390625 ,0.338928222656
9.2568 ,8347214 ,-118 ,9 ,0.121643066406 ,0.059814453125 ,-0.933837890625 ,0.3310546875
9.2763 ,8344996 ,-118 ,8 ,0.105529785156 ,0.0520629882812 ,-0.938293457031 ,0.325256347656
9.2867 ,8344072 ,-118 ,-1 ,0.101440429688 ,0.035888671875 ,-0.993530273438 ,0.036865234375
9.4495 ,8341619 ,-119 ,-1 ,0.0984497070312 ,0.0327758789062 ,-0.994567871094 ,0.010009765625
9.4603 ,8343685 ,-119 ,-1 ,0.0848999023438 ,0.0282592773438 ,-0.993774414062 ,-0.0667114257812
9.4862 ,8343806 ,-119 ,3 ,0.0327758789062 ,0.0131225585938 ,-0.986145019531 ,-0.161987304688
9.5463 ,8344024 ,-119 ,3 ,0.0214233398438 ,0.00714111328125 ,-0.98583984375 ,-0.166198730469
9.5568 ,8344654 ,-119 ,3 ,0.012451171875 ,0.00262451171875 ,-0.98583984375 ,-0.167053222656
9.5697 ,8345429 ,-119 ,3 ,0.0079345703125 ,-0.0047607421875 ,-0.985168457031 ,-0.171264648438
9.5803 ,8345968 ,-119 ,3 ,0.008056640625 ,-0.0140991210938 ,-0.98388671875 ,-0.178100585938
9.591 ,8346654 ,-118 ,3 ,0.01220703125 ,-0.0242309570312 ,-0.982543945312 ,-0.184020996094
9.6018 ,8346626 ,-118 ,2 ,0.0217895507812 ,-0.0380859375 ,-0.980651855469 ,-0.190795898438
9.6187 ,8346308 ,-118 ,-1 ,0.0216674804688 ,-0.0413818359375 ,-0.979187011719 ,-0.197448730469
9.6301 ,8345238 ,-117 ,-1 ,0.0159912109375 ,-0.0433959960938 ,-0.977783203125 ,-0.204467773438
9.6406 ,8345301 ,-117 ,2 ,0.0030517578125 ,-0.0433349609375 ,-0.976379394531 ,-0.211547851562
9.6514 ,8344522 ,-117 ,1 ,-0.0175170898438 ,-0.0407104492188 ,-0.974670410156 ,-0.219116210938
9.6625 ,8344892 ,-117 ,1 ,-0.0678100585938 ,-0.0296020507812 ,-0.970886230469 ,-0.227722167969
9.6763 ,8344567 ,-117 ,0 ,-0.0877685546875 ,-0.0285034179688 ,-0.967956542969 ,-0.233459472656
9.6869 ,8345436 ,-116 ,-1 ,-0.0979614257812 ,-0.0300903320312 ,-0.965148925781 ,-0.240844726562
9.6974 ,8345384 ,-116 ,-2 ,-0.098388671875 ,-0.0320434570312 ,-0.963684082031 ,-0.246154785156
9.7085 ,8344743 ,-116 ,-2 ,-0.0922241210938 ,-0.0350341796875 ,-0.963684082031 ,-0.248046875
9.7188 ,8344743 ,-116 ,-3 ,-0.08203125 ,-0.039306640625 ,-0.963989257812 ,-0.249816894531
9.7298 ,8345640 ,-116 ,-5 ,-0.066650390625 ,-0.0447387695312 ,-0.962890625 ,-0.257690429688
9.7619 ,8344508 ,-117 ,-6 ,-0.0858154296875 ,-0.038818359375 ,-0.961730957031 ,-0.25732421875
9.7758 ,8344193 ,-117 ,-7 ,-0.100280761719 ,-0.0346069335938 ,-0.960266113281 ,-0.258117675781
9.787 ,8343903 ,-118 ,-7 ,-0.113708496094 ,-0.0296630859375 ,-0.958679199219 ,-0.259033203125
9.7977 ,8343740 ,-118 ,-8 ,-0.123046875 ,-0.0249633789062 ,-0.957580566406 ,-0.259338378906
9.8082 ,8344224 ,-118 ,-8 ,-0.126953125 ,-0.0225219726562 ,-0.957336425781 ,-0.258666992188
9.8184 ,8344923 ,-118 ,-8 ,-0.125427246094 ,-0.023193359375 ,-0.957580566406 ,-0.25830078125
9.8297 ,8344169 ,-118 ,-9 ,-0.119873046875 ,-0.0259399414062 ,-0.9580078125 ,-0.259216308594
9.8404 ,8344387 ,-118 ,-9 ,-0.112854003906 ,-0.0281372070312 ,-0.95849609375 ,-0.260314941406
9.8515 ,8344529 ,-118 ,-9 ,-0.1064453125 ,-0.0299072265625 ,-0.958618164062 ,-0.262329101562
9.8698 ,8344605 ,-118 ,-9 ,-0.109069824219 ,-0.033203125 ,-0.960998535156 ,-0.251953125
9.8812 ,8344989 ,-118 ,-9 ,-0.115600585938 ,-0.034423828125 ,-0.960021972656 ,-0.252502441406
9.892 ,8344705 ,-118 ,-9 ,-0.132995605469 ,-0.0296630859375 ,-0.957702636719 ,-0.253479003906
9.9059 ,8344923 ,-119 ,-9 ,-0.140686035156 ,-0.0274047851562 ,-0.95654296875 ,-0.253967285156
9.9197 ,8345079 ,-119 ,-9 ,-0.146179199219 ,-0.0299072265625 ,-0.959045410156 ,-0.240844726562
9.9303 ,8346280 ,-119 ,-9 ,-0.152526855469 ,-0.0305786132812 ,-0.958557128906 ,-0.238586425781
9.9574 ,8344986 ,-119 ,-9 ,-0.15283203125 ,-0.0324096679688 ,-0.958923339844 ,-0.23681640625
9.9696 ,8345311 ,-119 ,-9 ,-0.1533203125 ,-0.0357055664062 ,-0.961853027344 ,-0.223815917969
9.9808 ,8344605 ,-119 ,-8 ,-0.155700683594 ,-0.0363159179688 ,-0.962158203125 ,-0.220642089844
9.9918 ,8344173 ,-119 ,-8 ,-0.166442871094 ,-0.035888671875 ,-0.9619140625 ,-0.213745117188
10.006 ,8343927 ,-118 ,-7 ,-0.17431640625 ,-0.0347900390625 ,-0.961181640625 ,-0.2109375
10.0196 ,8343899 ,-118 ,-1 ,-0.182800292969 ,-0.0354614257812 ,-0.962463378906 ,-0.197387695312
10.0298 ,8344193 ,-118 ,3 ,-0.21923828125 ,-0.0549926757812 ,-0.961547851562 ,-0.156127929688
10.0861 ,8344968 ,-117 ,6 ,-0.224548339844 ,-0.06201171875 ,-0.961547851562 ,-0.145385742188
10.0967 ,8344079 ,-117 ,9 ,-0.231262207031 ,-0.072509765625 ,-0.960998535156 ,-0.132995605469
10.1072 ,8343733 ,-117 ,12 ,-0.240417480469 ,-0.0842895507812 ,-0.959594726562 ,-0.119445800781
10.1187 ,8344179 ,-116 ,15 ,-0.252685546875 ,-0.09521484375 ,-0.957092285156 ,-0.105102539062
10.1295 ,8344955 ,-116 ,18 ,-0.267456054688 ,-0.105041503906 ,-0.953552246094 ,-0.0905151367188
10.14 ,8344955 ,-115 ,22 ,-0.2998046875 ,-0.127868652344 ,-0.943237304688 ,-0.0632934570312
10.1563 ,8344335 ,-112 ,23 ,-0.314270019531 ,-0.140869140625 ,-0.937438964844 ,-0.0511474609375
10.1687 ,8345069 ,-112 ,26 ,-0.335693359375 ,-0.157958984375 ,-0.928100585938 ,-0.0325317382812
10.1868 ,8342844 ,-109 ,27 ,-0.346618652344 ,-0.162109375 ,-0.923583984375 ,-0.02392578125
10.1973 ,8342605 ,-108 ,27 ,-0.360717773438 ,-0.168395996094 ,-0.917236328125 ,-0.0138549804688
10.2078 ,8342903 ,-106 ,28 ,-0.378662109375 ,-0.173034667969 ,-0.9091796875 ,-0.00177001953125
10.2186 ,8342460 ,-104 ,28 ,-0.398986816406 ,-0.170959472656 ,-0.900817871094 ,0.010009765625
10.2299 ,8342380 ,-103 ,27 ,-0.419006347656 ,-0.1640625 ,-0.892761230469 ,0.0220336914062
10.2407 ,8342453 ,-103 ,27 ,-0.434875488281 ,-0.154724121094 ,-0.886291503906 ,0.0372924804688
10.2514 ,8342688 ,-103 ,27 ,-0.44775390625 ,-0.12939453125 ,-0.880737304688 ,0.0841064453125
10.2688 ,8342031 ,-103 ,26 ,-0.445190429688 ,-0.116027832031 ,-0.881042480469 ,0.110168457031
10.2801 ,8342290 ,-104 ,25 ,-0.4345703125 ,-0.104675292969 ,-0.884216308594 ,0.1357421875
10.2906 ,8342577 ,-104 ,24 ,-0.414306640625 ,-0.093505859375 ,-0.890869140625 ,0.161193847656
10.3014 ,8342038 ,-105 ,22 ,-0.363647460938 ,-0.075439453125 ,-0.90625 ,0.202026367188
10.3184 ,8341619 ,-106 ,19 ,-0.341247558594 ,-0.0665283203125 ,-0.910827636719 ,0.222595214844
10.3295 ,8341934 ,-107 ,17 ,-0.3232421875 ,-0.0570068359375 ,-0.913208007812 ,0.241455078125
10.3401 ,8341197 ,-107 ,-1 ,-0.309631347656 ,-0.05029296875 ,-0.914611816406 ,0.255126953125
10.3509 ,8340889 ,-107 ,15 ,-0.300659179688 ,-0.0464477539062 ,-0.915893554688 ,0.261901855469
10.3618 ,8340941 ,-108 ,14 ,-0.277587890625 ,-0.0260009765625 ,-0.917663574219 ,0.283203125
10.376 ,8341401 ,-108 ,14 ,-0.252868652344 ,-0.006103515625 ,-0.9208984375 ,0.296508789062
10.3867 ,8340865 ,-109 ,13 ,-0.22314453125 ,0.0131225585938 ,-0.925537109375 ,0.305725097656
10.3975 ,8340709 ,-109 ,13 ,-0.190307617188 ,0.0289306640625 ,-0.93115234375 ,0.309631347656
10.4081 ,8340429 ,-109 ,12 ,-0.156494140625 ,0.0424194335938 ,-0.936767578125 ,0.31005859375
10.4183 ,8340328 ,-110 ,12 ,-0.126586914062 ,0.0541381835938 ,-0.940979003906 ,0.309143066406
10.4293 ,8340051 ,-110 ,12 ,-0.104370117188 ,0.0640869140625 ,-0.943481445312 ,0.307922363281
10.44 ,8340335 ,-110 ,11 ,-0.0922241210938 ,0.0703125 ,-0.944641113281 ,0.306945800781
10.4508 ,8341083 ,-111 ,10 ,-0.0891723632812 ,0.0739135742188 ,-0.945129394531 ,0.305419921875
10.462 ,8340906 ,-112 ,-1 ,-0.0982666015625 ,0.073486328125 ,-0.946960449219 ,0.296997070312
10.4763 ,8341328 ,-112 ,9 ,-0.103149414062 ,0.0699462890625 ,-0.949096679688 ,0.289184570312
10.4871 ,8340110 ,-112 ,7 ,-0.10009765625 ,0.0621337890625 ,-0.958068847656 ,0.261291503906
10.5061 ,8341089 ,-113 ,6 ,-0.0938110351562 ,0.0601196289062 ,-0.963623046875 ,0.242858886719
10.5186 ,8340339 ,-113 ,5 ,-0.0861206054688 ,0.0606079101562 ,-0.968811035156 ,0.224182128906
10.5299 ,8340896 ,-114 ,4 ,-0.0792236328125 ,0.061767578125 ,-0.973266601562 ,0.20654296875
10.5406 ,8341152 ,-114 ,3 ,-0.0745239257812 ,0.0623779296875 ,-0.976928710938 ,0.190246582031
10.5515 ,8340339 ,-114 ,0 ,-0.0692749023438 ,0.0617065429688 ,-0.983215332031 ,0.157287597656
10.5685 ,8342027 ,-115 ,-2 ,-0.0650024414062 ,0.0601806640625 ,-0.986572265625 ,0.13720703125
10.5792 ,8342027 ,-115 ,-4 ,-0.044189453125 ,0.05712890625 ,-0.993713378906 ,0.0852661132812
10.5993 ,8341394 ,-116 ,-4 ,-0.0278930664062 ,0.056396484375 ,-0.996520996094 ,0.0546875
10.6102 ,8343152 ,-116 ,-5 ,-0.00860595703125 ,0.0547485351562 ,-0.998229980469 ,0.0221557617188
10.6208 ,8341999 ,-116 ,-5 ,0.0096435546875 ,0.0518188476562 ,-0.998596191406 ,-0.00830078125
10.6318 ,8342709 ,-116 ,-5 ,0.0487060546875 ,0.0300903320312 ,-0.9951171875 ,-0.0800170898438
10.6603 ,8342197 ,-116 ,-5 ,0.0559692382812 ,0.021484375 ,-0.99365234375 ,-0.095458984375
10.6713 ,8342197 ,-116 ,-5 ,0.0609741210938 ,0.010009765625 ,-0.991149902344 ,-0.117614746094
10.6862 ,8342231 ,-117 ,-4 ,0.0592041015625 ,0.00836181640625 ,-0.989868164062 ,-0.128784179688
10.6969 ,8343532 ,-117 ,-4 ,0.0560302734375 ,0.0068359375 ,-0.985412597656 ,-0.160522460938
10.7186 ,8344567 ,-117 ,-4 ,0.0549926757812 ,0.0079345703125 ,-0.982482910156 ,-0.177856445312
10.7296 ,8345110 ,-117 ,-2 ,0.0506591796875 ,0.00994873046875 ,-0.981689453125 ,-0.183410644531
10.7403 ,8344640 ,-117 ,-1 ,0.0402221679688 ,0.010009765625 ,-0.983215332031 ,-0.177612304688
10.7515 ,8344833 ,-117 ,0 ,-0.00335693359375 ,0.00323486328125 ,-0.986206054688 ,-0.165405273438
10.7686 ,8345207 ,-117 ,-1 ,-0.0270385742188 ,-0.0013427734375 ,-0.985412597656 ,-0.167907714844
10.7794 ,8346602 ,-116 ,0 ,-0.0487670898438 ,-0.00872802734375 ,-0.984130859375 ,-0.170288085938
10.79 ,8346979 ,-116 ,1 ,-0.023193359375 ,-0.0374145507812 ,-0.981872558594 ,-0.184326171875
10.8262 ,8348875 ,-116 ,0 ,-0.00714111328125 ,-0.043701171875 ,-0.981262207031 ,-0.1875
10.8372 ,8346705 ,-114 ,0 ,-0.00079345703125 ,-0.0435791015625 ,-0.980224609375 ,-0.192932128906
10.8479 ,8346705 ,-114 ,-2 ,-0.0809936523438 ,-0.0284423828125 ,-0.9716796875 ,-0.220031738281
10.8865 ,8346619 ,-114 ,-7 ,-0.0897827148438 ,-0.02587890625 ,-0.966979980469 ,-0.237060546875
10.988 ,8346609 ,-114 ,-7 ,-0.0953369140625 ,-0.0247802734375 ,-0.966613769531 ,-0.236572265625
10.9987 ,8351093 ,-117 ,-11 ,-0.0978393554688 ,-0.02099609375 ,-0.966918945312 ,-0.234680175781
11.086 ,8351972 ,-117 ,-11 ,-0.095458984375 ,-0.021484375 ,-0.966735839844 ,-0.236206054688
11.097 ,8350768 ,-117 ,-11 ,-0.0919799804688 ,-0.0224609375 ,-0.966735839844 ,-0.237731933594
11.1078 ,8351415 ,-117 ,-12 ,-0.0902709960938 ,-0.023193359375 ,-0.966552734375 ,-0.238952636719
11.1184 ,8351207 ,-117 ,-12 ,-0.0924072265625 ,-0.0233764648438 ,-0.966186523438 ,-0.239562988281
11.1295 ,8351681 ,-117 ,-12 ,-0.0987548828125 ,-0.0228881835938 ,-0.965637207031 ,-0.239440917969
11.1405 ,8352605 ,-117 ,-12 ,-0.107666015625 ,-0.0216064453125 ,-0.964782714844 ,-0.239074707031
11.1514 ,8352121 ,-117 ,-12 ,-0.121276855469 ,-0.0198974609375 ,-0.963439941406 ,-0.237976074219
11.1684 ,8351858 ,-118 ,-12 ,-0.122009277344 ,-0.0202026367188 ,-0.963562011719 ,-0.237243652344
11.1788 ,8351771 ,-118 ,-12 ,-0.119750976562 ,-0.021240234375 ,-0.963928222656 ,-0.236694335938
11.1895 ,8352027 ,-118 ,-12 ,-0.117065429688 ,-0.0224609375 ,-0.964416503906 ,-0.236083984375
11.2003 ,8351429 ,-118 ,-12 ,-0.116394042969 ,-0.0230712890625 ,-0.964599609375 ,-0.235595703125
11.2117 ,8352020 ,-118 ,-12 ,-0.1279296875 ,-0.0214233398438 ,-0.963562011719 ,-0.233825683594
11.2258 ,8352515 ,-118 ,-11 ,-0.139404296875 ,-0.0192260742188 ,-0.962341308594 ,-0.232604980469
11.2366 ,8353103 ,-118 ,-11 ,-0.15087890625 ,-0.0164794921875 ,-0.960998535156 ,-0.231079101562
11.2474 ,8353370 ,-117 ,-10 ,-0.1591796875 ,-0.014404296875 ,-0.960083007812 ,-0.2294921875
11.2582 ,8353283 ,-117 ,-9 ,-0.163208007812 ,-0.0127563476562 ,-0.959899902344 ,-0.227600097656
11.2693 ,8353474 ,-117 ,-8 ,-0.164428710938 ,-0.0106811523438 ,-0.960144042969 ,-0.225769042969
11.2805 ,8353588 ,-116 ,-5 ,-0.165161132812 ,-0.00799560546875 ,-0.960510253906 ,-0.223815917969
11.2916 ,8352858 ,-116 ,-1 ,-0.177001953125 ,-0.00244140625 ,-0.960205078125 ,-0.216125488281
11.3059 ,8352778 ,-115 ,4 ,-0.191772460938 ,0.0006103515625 ,-0.958740234375 ,-0.2099609375
11.3185 ,8353183 ,-114 ,9 ,-0.209167480469 ,0.003173828125 ,-0.956481933594 ,-0.203430175781
11.3296 ,8352975 ,-113 ,12 ,-0.226318359375 ,0.00390625 ,-0.954040527344 ,-0.1962890625
11.3407 ,8353384 ,-111 ,15 ,-0.241333007812 ,0.00372314453125 ,-0.951721191406 ,-0.189697265625
11.3516 ,8353097 ,-110 ,18 ,-0.263427734375 ,0.00054931640625 ,-0.947631835938 ,-0.180603027344
11.3685 ,8352360 ,-108 ,22 ,-0.271850585938 ,-0.0028076171875 ,-0.945678710938 ,-0.17822265625
11.379 ,8351328 ,-107 ,24 ,-0.2802734375 ,-0.005615234375 ,-0.943359375 ,-0.177429199219
11.3898 ,8351533 ,-106 ,25 ,-0.291076660156 ,-0.00579833984375 ,-0.940368652344 ,-0.175903320312
11.4004 ,8349899 ,-105 ,27 ,-0.305725097656 ,-0.0047607421875 ,-0.936950683594 ,-0.169250488281
11.4121 ,8348726 ,-104 ,28 ,-0.335021972656 ,-0.00146484375 ,-0.930236816406 ,-0.149597167969
11.4256 ,8347020 ,-104 ,28 ,-0.345764160156 ,0.00079345703125 ,-0.928283691406 ,-0.13671875
11.4362 ,8346965 ,-104 ,28 ,-0.353210449219 ,0.0023193359375 ,-0.927307128906 ,-0.123596191406
11.4469 ,8346401 ,-104 ,27 ,-0.357177734375 ,0.00469970703125 ,-0.927368164062 ,-0.111145019531
11.4576 ,8346214 ,-104 ,27 ,-0.357604980469 ,0.0072021484375 ,-0.928833007812 ,-0.0965576171875
11.4684 ,8345702 ,-104 ,27 ,-0.355590820312 ,0.00811767578125 ,-0.93115234375 ,-0.08056640625
11.4793 ,8345737 ,-104 ,25 ,-0.3486328125 ,0.00994873046875 ,-0.935424804688 ,-0.05712890625
11.4959 ,8342643 ,-105 ,23 ,-0.344360351562 ,0.0115356445312 ,-0.937561035156 ,-0.04736328125
11.5068 ,8341695 ,-106 ,22 ,-0.339599609375 ,0.0120849609375 ,-0.939758300781 ,-0.0377807617188
11.5196 ,8341927 ,-106 ,20 ,-0.336059570312 ,0.00927734375 ,-0.941528320312 ,-0.0220947265625
11.5307 ,8341927 ,-107 ,18 ,-0.329956054688 ,0.0135498046875 ,-0.943786621094 ,-0.0121459960938
11.5459 ,8342031 ,-108 ,16 ,-0.3232421875 ,0.017333984375 ,-0.946166992188 ,-0.00244140625
11.5566 ,8341657 ,-108 ,15 ,-0.311096191406 ,0.0191040039062 ,-0.950073242188 ,0.0134887695312
11.5686 ,8342235 ,-109 ,13 ,-0.291564941406 ,0.0194702148438 ,-0.955810546875 ,0.0322875976562
11.5789 ,8341792 ,-109 ,12 ,-0.262145996094 ,0.02001953125 ,-0.963562011719 ,0.049072265625
11.5896 ,8341865 ,-109 ,11 ,-0.227844238281 ,0.0200805664062 ,-0.971618652344 ,0.0602416992188
11.6005 ,8341685 ,-110 ,10 ,-0.197509765625 ,0.0169677734375 ,-0.977966308594 ,0.0653686523438
11.6116 ,8342346 ,-110 ,9 ,-0.169677734375 ,0.00262451171875 ,-0.983276367188 ,0.0657348632812
11.6256 ,8342733 ,-111 ,7 ,-0.166564941406 ,-0.0062255859375 ,-0.9833984375 ,0.0716552734375
11.6365 ,8342619 ,-111 ,6 ,-0.1640625 ,-0.014892578125 ,-0.982971191406 ,0.0816650390625
11.6474 ,8343155 ,-112 ,5 ,-0.158325195312 ,-0.0237426757812 ,-0.98291015625 ,0.0907592773438
11.6585 ,8343564 ,-112 ,5 ,-0.145629882812 ,-0.0330200195312 ,-0.983947753906 ,0.097412109375
11.6695 ,8343564 ,-112 ,3 ,-0.127136230469 ,-0.04150390625 ,-0.985656738281 ,0.103210449219
11.6805 ,8343591 ,-113 ,2 ,-0.106079101562 ,-0.0489501953125 ,-0.987365722656 ,0.106811523438
11.6915 ,8344103 ,-113 ,1 ,-0.0693969726562 ,-0.055419921875 ,-0.990417480469 ,0.105590820312
11.7057 ,8344678 ,-114 ,-1 ,-0.0582885742188 ,-0.0570678710938 ,-0.991333007812 ,0.102905273438
11.7182 ,8345166 ,-114 ,-2 ,-0.0510864257812 ,-0.0592041015625 ,-0.9921875 ,0.0973510742188
11.7297 ,8345062 ,-115 ,-3 ,-0.045654296875 ,-0.0613403320312 ,-0.993103027344 ,0.089111328125
11.7405 ,8345996 ,-115 ,-4 ,-0.0404663085938 ,-0.061767578125 ,-0.993896484375 ,0.0816040039062
11.7515 ,8346415 ,-115 ,-4 ,-0.0260620117188 ,-0.0551147460938 ,-0.995483398438 ,0.0730590820312
11.7683 ,8347093 ,-116 ,-5 ,-0.0137329101562 ,-0.052978515625 ,-0.996215820312 ,0.0674438476562
11.779 ,8348166 ,-116 ,-5 ,0.00244140625 ,-0.0509643554688 ,-0.996948242188 ,0.0587768554688
11.7898 ,8347965 ,-116 ,-5 ,0.0208740234375 ,-0.0474853515625 ,-0.997436523438 ,0.0494995117188
11.8006 ,8348816 ,-116 ,-5 ,0.0399169921875 ,-0.0433349609375 ,-0.997436523438 ,0.040771484375
11.8115 ,8348775 ,-117 ,-5 ,0.075439453125 ,-0.0361938476562 ,-0.996337890625 ,0.0173950195312
11.8268 ,8347975 ,-117 ,-4 ,0.0880126953125 ,-0.0324096679688 ,-0.99560546875 ,0.003662109375
11.8376 ,8349574 ,-117 ,-4 ,0.0957641601562 ,-0.0286865234375 ,-0.994934082031 ,-0.0108032226562
11.8484 ,8348671 ,-117 ,-3 ,0.0989379882812 ,-0.025146484375 ,-0.994445800781 ,-0.0254516601562
11.8593 ,8348889 ,-117 ,-3 ,0.0989990234375 ,-0.0210571289062 ,-0.994079589844 ,-0.0399169921875
11.8704 ,8349460 ,-117 ,-3 ,0.09765625 ,-0.0166015625 ,-0.993530273438 ,-0.0555419921875
11.8816 ,8350301 ,-117 ,-3 ,0.0991821289062 ,-0.0115966796875 ,-0.990844726562 ,-0.0906372070312
11.8958 ,8350903 ,-117 ,-3 ,0.100280761719 ,-0.0074462890625 ,-0.98974609375 ,-0.101684570312
11.9067 ,8351162 ,-117 ,-2 ,0.0991821289062 ,-0.0076904296875 ,-0.989318847656 ,-0.1064453125
11.9183 ,8351885 ,-117 ,-2 ,0.09375 ,-0.009521484375 ,-0.989624023438 ,-0.108581542969
11.9298 ,8352159 ,-117 ,-1 ,0.0883178710938 ,-0.0113525390625 ,-0.989868164062 ,-0.110717773438
11.9407 ,8353062 ,-116 ,-1 ,0.0826416015625 ,-0.0145874023438 ,-0.990112304688 ,-0.112365722656
11.9516 ,8351688 ,-116 ,0 ,0.0704345703125 ,-0.0237426757812 ,-0.990844726562 ,-0.112976074219
11.9682 ,8350491 ,-116 ,0 ,0.0650024414062 ,-0.0284423828125 ,-0.991027832031 ,-0.113342285156
11.979 ,8349719 ,-116 ,0 ,0.0595703125 ,-0.0331420898438 ,-0.991149902344 ,-0.113708496094
11.9897 ,8348948 ,-115 ,0 ,0.0501708984375 ,-0.0369262695312 ,-0.991516113281 ,-0.114013671875
12.0005 ,8349010 ,-115 ,1 ,0.0330200195312 ,-0.0396728515625 ,-0.992248535156 ,-0.112915039062
12.0117 ,8348802 ,-114 ,0 ,-0.00994873046875 ,-0.0414428710938 ,-0.992309570312 ,-0.116455078125
12.0255 ,8348878 ,-114 ,0 ,-0.0413818359375 ,-0.0418701171875 ,-0.990295410156 ,-0.125793457031
12.049 ,8348342 ,-114 ,-1 ,-0.0450439453125 ,-0.0428466796875 ,-0.989135742188 ,-0.133361816406
12.0598 ,8348391 ,-113 ,-1 ,-0.0413208007812 ,-0.0436401367188 ,-0.988342285156 ,-0.139892578125
12.0722 ,8347505 ,-113 ,-2 ,-0.0347290039062 ,-0.0452880859375 ,-0.987243652344 ,-0.148620605469
12.0858 ,8347740 ,-114 ,-3 ,-0.0382080078125 ,-0.0448608398438 ,-0.986572265625 ,-0.15234375
12.0967 ,8347083 ,-114 ,-4 ,-0.0737915039062 ,-0.040283203125 ,-0.984008789062 ,-0.156982421875
12.1182 ,8347411 ,-114 ,-5 ,-0.0867309570312 ,-0.039794921875 ,-0.982788085938 ,-0.158203125
12.1298 ,8347626 ,-114 ,-5 ,-0.0997314453125 ,-0.039306640625 ,-0.981384277344 ,-0.159423828125
12.1404 ,8348654 ,-114 ,-6 ,-0.0975952148438 ,-0.0394287109375 ,-0.981567382812 ,-0.15966796875
12.1513 ,8348432 ,-115 ,-7 ,-0.0820922851562 ,-0.0409545898438 ,-0.982971191406 ,-0.159118652344
12.1683 ,8349685 ,-115 ,-9 ,-0.07275390625 ,-0.0407104492188 ,-0.984436035156 ,-0.154541015625
12.2058 ,8349896 ,-116 ,-9 ,-0.0797119140625 ,-0.0398559570312 ,-0.984008789062 ,-0.154418945312
12.2183 ,8349515 ,-117 ,-9 ,-0.0869140625 ,-0.0392456054688 ,-0.983459472656 ,-0.154113769531
12.2292 ,8350304 ,-117 ,-10 ,-0.0938110351562 ,-0.0396728515625 ,-0.982727050781 ,-0.154602050781
12.2558 ,8349840 ,-117 ,-11 ,-0.09228515625 ,-0.0399780273438 ,-0.982788085938 ,-0.155029296875
12.2682 ,8349152 ,-118 ,-11 ,-0.0909423828125 ,-0.0404663085938 ,-0.982788085938 ,-0.155456542969
12.2794 ,8349571 ,-118 ,-12 ,-0.0933227539062 ,-0.040771484375 ,-0.982482910156 ,-0.15625
12.3009 ,8349221 ,-118 ,-12 ,-0.102294921875 ,-0.0401000976562 ,-0.981506347656 ,-0.156799316406
12.3179 ,8349847 ,-118 ,-13 ,-0.107788085938 ,-0.0394287109375 ,-0.98095703125 ,-0.156799316406
12.3284 ,8348754 ,-119 ,-12 ,-0.153747558594 ,-0.029541015625 ,-0.976013183594 ,-0.151428222656
12.4255 ,8348754 ,-119 ,-12 ,-0.168518066406 ,-0.0228881835938 ,-0.973266601562 ,-0.154174804688
12.4457 ,8350456 ,-117 ,-11 ,-0.17529296875 ,-0.0176391601562 ,-0.972045898438 ,-0.155334472656
12.4566 ,8350816 ,-117 ,0 ,-0.216735839844 ,0.0118408203125 ,-0.964965820312 ,-0.147338867188
12.5058 ,8350726 ,-117 ,17 ,-0.275451660156 ,0.0105590820312 ,-0.952026367188 ,-0.133056640625
12.5554 ,8351958 ,-116 ,21 ,-0.288452148438 ,0.00482177734375 ,-0.948608398438 ,-0.130126953125
12.5691 ,8353155 ,-112 ,24 ,-0.298828125 ,-0.0015869140625 ,-0.945983886719 ,-0.125671386719
12.5794 ,8353155 ,-112 ,31 ,-0.318481445312 ,-0.032958984375 ,-0.941345214844 ,-0.106750488281
12.6191 ,8353304 ,-108 ,32 ,-0.318237304688 ,-0.0435791015625 ,-0.942138671875 ,-0.0960693359375
12.6297 ,8348844 ,-108 ,32 ,-0.316650390625 ,-0.0515747070312 ,-0.942749023438 ,-0.0911865234375
12.6402 ,8348996 ,-109 ,32 ,-0.306518554688 ,-0.0625 ,-0.945983886719 ,-0.0848999023438
12.6557 ,8347571 ,-109 ,32 ,-0.287658691406 ,-0.069580078125 ,-0.951965332031 ,-0.0789794921875
12.6757 ,8345107 ,-109 ,30 ,-0.278991699219 ,-0.0692138671875 ,-0.95458984375 ,-0.0781860351562
12.6863 ,8344017 ,-110 ,29 ,-0.272216796875 ,-0.068603515625 ,-0.956726074219 ,-0.0765991210938
12.6967 ,8341968 ,-110 ,28 ,-0.267883300781 ,-0.0672607421875 ,-0.958129882812 ,-0.075439453125
12.7072 ,8341512 ,-110 ,25 ,-0.266357421875 ,-0.0634765625 ,-0.958679199219 ,-0.0772094726562
12.7207 ,8341570 ,-111 ,23 ,-0.266723632812 ,-0.0559692382812 ,-0.958923339844 ,-0.07861328125
12.7316 ,8341570 ,-111 ,17 ,-0.24755859375 ,-0.0237426757812 ,-0.967407226562 ,-0.0478515625
12.7584 ,8342854 ,-111 ,15 ,-0.223510742188 ,-0.0200805664062 ,-0.973999023438 ,-0.0318603515625
12.7699 ,8341608 ,-112 ,13 ,-0.192565917969 ,-0.020263671875 ,-0.980834960938 ,-0.0216674804688
12.7811 ,8341602 ,-112 ,12 ,-0.135131835938 ,-0.0173950195312 ,-0.990600585938 ,-0.00994873046875
12.7955 ,8341674 ,-112 ,10 ,-0.112121582031 ,-0.00994873046875 ,-0.99365234375 ,-0.00213623046875
12.8062 ,8341875 ,-112 ,8 ,-0.0955200195312 ,-0.0042724609375 ,-0.995361328125 ,0.0107421875
12.8259 ,8341390 ,-113 ,7 ,-0.0925903320312 ,-0.008056640625 ,-0.995544433594 ,0.0150756835938
12.8365 ,8342484 ,-113 ,5 ,-0.0850830078125 ,-0.0154418945312 ,-0.99609375 ,0.0164794921875
12.8471 ,8341733 ,-113 ,4 ,-0.0736083984375 ,-0.0228271484375 ,-0.996887207031 ,0.0172119140625
12.8577 ,8341733 ,-114 ,1 ,-0.0166015625 ,-0.0422973632812 ,-0.998718261719 ,0.0232543945312
12.8853 ,8343446 ,-114 ,-1 ,0.00286865234375 ,-0.0444946289062 ,-0.998779296875 ,0.0226440429688
12.8959 ,8344214 ,-115 ,-3 ,0.03076171875 ,-0.0394897460938 ,-0.998657226562 ,0.0120849609375
12.9179 ,8345719 ,-116 ,-4 ,0.0416870117188 ,-0.0370483398438 ,-0.998413085938 ,0.00469970703125
12.9284 ,8345719 ,-116 ,-6 ,0.0794677734375 ,-0.0298461914062 ,-0.996398925781 ,-0.0048828125
12.956 ,8347636 ,-116 ,-7 ,0.0966796875 ,-0.028076171875 ,-0.994873046875 ,-0.00677490234375
12.9682 ,8349581 ,-117 ,-7 ,0.115905761719 ,-0.0291748046875 ,-0.992736816406 ,-0.0126953125
12.9786 ,8362329 ,-118 ,-7 ,0.182739257812 ,-0.0270385742188 ,-0.981323242188 ,-0.0532836914062
13.0256 ,8362706 ,-118 ,-6 ,0.191711425781 ,-0.0250244140625 ,-0.979125976562 ,-0.0630493164062
13.0364 ,8362304 ,-118 ,-6 ,0.205139160156 ,-0.0230712890625 ,-0.975708007812 ,-0.072998046875
13.0469 ,8362370 ,-118 ,-5 ,0.22119140625 ,-0.021484375 ,-0.971374511719 ,-0.083984375
13.0577 ,8362626 ,-118 ,-5 ,0.232727050781 ,-0.0201416015625 ,-0.967651367188 ,-0.0953369140625
13.0684 ,8362820 ,-118 ,-5 ,0.231994628906 ,-0.0195922851562 ,-0.966613769531 ,-0.106750488281
13.0794 ,8362301 ,-117 ,-5 ,0.215270996094 ,-0.0189819335938 ,-0.969543457031 ,-0.115295410156
13.0899 ,8362913 ,-117 ,-5 ,0.187561035156 ,-0.0156860351562 ,-0.975158691406 ,-0.116760253906
13.1008 ,8362605 ,-117 ,-4 ,0.142822265625 ,-0.0139770507812 ,-0.983459472656 ,-0.1103515625
13.118 ,8361329 ,-116 ,-4 ,0.141357421875 ,-0.0160522460938 ,-0.983947753906 ,-0.107543945312
13.13 ,8359470 ,-116 ,-3 ,0.150451660156 ,-0.0178833007812 ,-0.982727050781 ,-0.106201171875
13.1411 ,8358605 ,-116 ,-2 ,0.151794433594 ,-0.0255126953125 ,-0.983032226562 ,-0.0999755859375
13.1557 ,8357142 ,-115 ,-1 ,0.133728027344 ,-0.0278930664062 ,-0.98583984375 ,-0.0971069335938
13.1678 ,8356450 ,-114 ,0 ,0.110778808594 ,-0.0307006835938 ,-0.988830566406 ,-0.0950317382812
13.1782 ,8356809 ,-114 ,0 ,0.08935546875 ,-0.0318603515625 ,-0.990905761719 ,-0.0956420898438
13.1887 ,8355000 ,-114 ,0 ,0.070068359375 ,-0.031005859375 ,-0.992309570312 ,-0.0969848632812
13.1992 ,8353775 ,-114 ,0 ,0.0557250976562 ,-0.0303344726562 ,-0.992980957031 ,-0.099853515625
13.2096 ,8352813 ,-114 ,0 ,0.0491333007812 ,-0.0303955078125 ,-0.992858886719 ,-0.104187011719
13.2211 ,8352789 ,-114 ,0 ,0.0513916015625 ,-0.0330200195312 ,-0.991882324219 ,-0.111450195312
13.2354 ,8352764 ,-114 ,0 ,0.050048828125 ,-0.0361938476562 ,-0.991638183594 ,-0.113220214844
13.2458 ,8352764 ,-114 ,0 ,0.0401000976562 ,-0.0377807617188 ,-0.991882324219 ,-0.114501953125
13.2564 ,8353093 ,-114 ,-1 ,0.0236206054688 ,-0.0372314453125 ,-0.992370605469 ,-0.115356445312
13.2681 ,8352249 ,-115 ,-1 ,0.00738525390625 ,-0.0365600585938 ,-0.992553710938 ,-0.116149902344
13.2785 ,8352242 ,-115 ,-2 ,-0.00225830078125 ,-0.0364379882812 ,-0.992370605469 ,-0.117553710938
13.289 ,8352242 ,-115 ,-3 ,0.00335693359375 ,-0.0399780273438 ,-0.991516113281 ,-0.123413085938
13.3256 ,8352470 ,-115 ,-4 ,0.00177001953125 ,-0.0394287109375 ,-0.991333007812 ,-0.125244140625
13.3362 ,8352733 ,-116 ,-4 ,-0.00482177734375 ,-0.0387573242188 ,-0.991027832031 ,-0.127990722656
13.3468 ,8352840 ,-116 ,-5 ,-0.0260620117188 ,-0.03662109375 ,-0.990356445312 ,-0.131225585938
13.3678 ,8355052 ,-116 ,-6 ,-0.0320434570312 ,-0.03662109375 ,-0.989990234375 ,-0.132507324219
13.3793 ,8355429 ,-117 ,-7 ,-0.0311279296875 ,-0.0367431640625 ,-0.98974609375 ,-0.134399414062
13.3901 ,8355346 ,-117 ,-8 ,-0.0244750976562 ,-0.0371704101562 ,-0.989624023438 ,-0.136657714844
13.4008 ,8355263 ,-117 ,-8 ,-0.0106201171875 ,-0.0381469726562 ,-0.989501953125 ,-0.139099121094
13.4194 ,8355519 ,-118 ,-9 ,-0.01220703125 ,-0.0381469726562 ,-0.9892578125 ,-0.140441894531
13.4309 ,8355557 ,-118 ,-9 ,-0.033203125 ,-0.0366821289062 ,-0.988891601562 ,-0.140258789062
13.4458 ,8356654 ,-118 ,-9 ,-0.045166015625 ,-0.0359497070312 ,-0.988403320312 ,-0.140686035156
13.4565 ,8356256 ,-118 ,-10 ,-0.0519409179688 ,-0.0354614257812 ,-0.987915039062 ,-0.141662597656
13.469 ,8357837 ,-118 ,-10 ,-0.0517578125 ,-0.0354614257812 ,-0.987609863281 ,-0.143676757812
13.4802 ,8356889 ,-118 ,-11 ,-0.046630859375 ,-0.0360717773438 ,-0.987548828125 ,-0.145629882812
13.491 ,8357252 ,-118 ,-11 ,-0.0381469726562 ,-0.0369262695312 ,-0.9873046875 ,-0.149597167969
13.5051 ,8356944 ,-118 ,-12 ,-0.0405883789062 ,-0.03662109375 ,-0.986938476562 ,-0.151489257812
13.5213 ,8357491 ,-119 ,-13 ,-0.056884765625 ,-0.0341186523438 ,-0.985229492188 ,-0.157653808594
13.5352 ,8358674 ,-119 ,-13 ,-0.0645141601562 ,-0.032470703125 ,-0.984436035156 ,-0.160339355469
13.5457 ,8359858 ,-119 ,-14 ,-0.0684204101562 ,-0.0309448242188 ,-0.983764648438 ,-0.162963867188
13.5563 ,8359744 ,-119 ,-14 ,-0.0689697265625 ,-0.0299682617188 ,-0.983337402344 ,-0.16552734375
13.569 ,8359072 ,-119 ,-14 ,-0.06884765625 ,-0.0287475585938 ,-0.982849121094 ,-0.168579101562
13.58 ,8360221 ,-118 ,-14 ,-0.0706176757812 ,-0.0274658203125 ,-0.982482910156 ,-0.17041015625
13.5907 ,8359917 ,-118 ,-14 ,-0.084716796875 ,-0.0223999023438 ,-0.98095703125 ,-0.173461914062
13.6051 ,8361630 ,-118 ,-13 ,-0.0933837890625 ,-0.01904296875 ,-0.97998046875 ,-0.174743652344
13.6188 ,8361675 ,-117 ,-13 ,-0.100769042969 ,-0.014892578125 ,-0.978942871094 ,-0.1767578125
13.6291 ,8361962 ,-117 ,-12 ,-0.107055664062 ,-0.0103759765625 ,-0.978149414062 ,-0.177917480469
13.6397 ,8361664 ,-116 ,-11 ,-0.112854003906 ,-0.0047607421875 ,-0.977416992188 ,-0.1787109375
13.6504 ,8361969 ,-116 ,-10 ,-0.119201660156 ,0.00140380859375 ,-0.976623535156 ,-0.178771972656
13.6612 ,8363187 ,-116 ,-9 ,-0.135437011719 ,0.0159912109375 ,-0.974365234375 ,-0.178894042969
13.6754 ,8364498 ,-114 ,-5 ,-0.144897460938 ,0.0230102539062 ,-0.972900390625 ,-0.178649902344
13.6858 ,8365782 ,-112 ,-2 ,-0.154724121094 ,0.0289306640625 ,-0.971374511719 ,-0.178100585938
13.6963 ,8367571 ,-111 ,2 ,-0.164672851562 ,0.0353393554688 ,-0.969482421875 ,-0.178100585938
13.7069 ,8369360 ,-110 ,6 ,-0.174621582031 ,0.0408935546875 ,-0.967651367188 ,-0.177429199219
13.7188 ,8369318 ,-108 ,10 ,-0.185546875 ,0.044677734375 ,-0.965576171875 ,-0.176696777344
13.7292 ,8369609 ,-108 ,13 ,-0.19873046875 ,0.0468139648438 ,-0.963012695312 ,-0.175659179688
13.7398 ,8368467 ,-107 ,16 ,-0.212829589844 ,0.046630859375 ,-0.960388183594 ,-0.173828125
13.7508 ,8366643 ,-106 ,19 ,-0.239501953125 ,0.0387573242188 ,-0.954956054688 ,-0.170959472656
13.769 ,8363553 ,-107 ,25 ,-0.251831054688 ,0.0314331054688 ,-0.952087402344 ,-0.170715332031
13.7797 ,8360609 ,-107 ,28 ,-0.25830078125 ,0.0226440429688 ,-0.950561523438 ,-0.170959472656
13.7905 ,8358149 ,-107 ,30 ,-0.256896972656 ,0.01171875 ,-0.951477050781 ,-0.169128417969
13.8011 ,8357308 ,-108 ,32 ,-0.242553710938 ,-0.0105590820312 ,-0.955810546875 ,-0.165832519531
13.8188 ,8353737 ,-108 ,33 ,-0.235717773438 ,-0.0203857421875 ,-0.957580566406 ,-0.16455078125
13.8299 ,8350577 ,-108 ,33 ,-0.2294921875 ,-0.0291748046875 ,-0.959106445312 ,-0.162902832031
13.8407 ,8348927 ,-108 ,33 ,-0.222961425781 ,-0.0372314453125 ,-0.960876464844 ,-0.159973144531
13.8554 ,8345771 ,-109 ,31 ,-0.222473144531 ,-0.0391845703125 ,-0.961364746094 ,-0.157348632812
13.869 ,8342951 ,-109 ,29 ,-0.223754882812 ,-0.0398559570312 ,-0.961669921875 ,-0.153564453125
13.8805 ,8342757 ,-109 ,27 ,-0.231140136719 ,-0.0325927734375 ,-0.961669921875 ,-0.143737792969
13.8951 ,8342342 ,-109 ,24 ,-0.239074707031 ,-0.025634765625 ,-0.96044921875 ,-0.140441894531
13.9054 ,8341581 ,-109 ,22 ,-0.248168945312 ,-0.0155639648438 ,-0.958740234375 ,-0.137756347656
13.9195 ,8342840 ,-110 ,20 ,-0.255004882812 ,-0.0050048828125 ,-0.958374023438 ,-0.128540039062
13.9306 ,8341847 ,-110 ,17 ,-0.249694824219 ,0.00921630859375 ,-0.965087890625 ,-0.0782470703125
13.9454 ,8342273 ,-110 ,14 ,-0.231750488281 ,0.00885009765625 ,-0.971435546875 ,-0.0505981445312
13.9559 ,8341965 ,-110 ,12 ,-0.2041015625 ,0.0040283203125 ,-0.978515625 ,-0.0296630859375
13.9676 ,8341965 ,-110 ,9 ,-0.104858398438 ,0.00323486328125 ,-0.994506835938 ,-0.00115966796875
13.9952 ,8341726 ,-111 ,8 ,-0.0980224609375 ,0.0003662109375 ,-0.995178222656 ,0.00311279296875
14.0055 ,8341761 ,-111 ,4 ,-0.0742797851562 ,-0.0509033203125 ,-0.994812011719 ,0.0469360351562
14.0575 ,8341889 ,-112 ,3 ,-0.0517578125 ,-0.0612182617188 ,-0.995544433594 ,0.04931640625
14.0678 ,8343301 ,-112 ,1 ,-0.00897216796875 ,-0.0676879882812 ,-0.99658203125 ,0.046142578125
14.0886 ,8343674 ,-112 ,0 ,0.00482177734375 ,-0.06396484375 ,-0.997192382812 ,0.039306640625
14.0996 ,8343816 ,-113 ,-1 ,0.0150756835938 ,-0.0593872070312 ,-0.997680664062 ,0.0306396484375
14.1114 ,8346321 ,-114 ,-2 ,0.0364379882812 ,-0.0567626953125 ,-0.99755859375 ,0.0181274414062
14.1254 ,8346667 ,-114 ,-3 ,0.068115234375 ,-0.0491333007812 ,-0.996398925781 ,0.0140380859375
14.1454 ,8347193 ,-115 ,-4 ,0.111450195312 ,-0.0468139648438 ,-0.99267578125 ,-0.00177001953125
14.1679 ,8350148 ,-116 ,-4 ,0.133666992188 ,-0.0439453125 ,-0.989990234375 ,-0.0114135742188
14.1789 ,8351422 ,-116 ,-4 ,0.168579101562 ,-0.0421752929688 ,-0.984252929688 ,-0.0328979492188
14.1959 ,8354920 ,-117 ,-4 ,0.179626464844 ,-0.0399169921875 ,-0.981872558594 ,-0.0450439453125
14.2066 ,8360083 ,-117 ,-4 ,0.191223144531 ,-0.0372924804688 ,-0.979064941406 ,-0.058837890625
14.2182 ,8361045 ,-118 ,-3 ,0.226806640625 ,-0.0310668945312 ,-0.969543457031 ,-0.0867919921875
14.2358 ,8362453 ,-118 ,-3 ,0.242614746094 ,-0.0286865234375 ,-0.964294433594 ,-0.102111816406
14.2466 ,8357543 ,-113 ,0 ,0.0678100585938 ,-0.0394897460938 ,-0.984313964844 ,-0.157836914062
14.4311 ,8357678 ,-112 ,-1 ,0.0469970703125 ,-0.041259765625 ,-0.984497070312 ,-0.163757324219
14.4451 ,8358152 ,-112 ,-1 ,0.0399780273438 ,-0.0419311523438 ,-0.984313964844 ,-0.16650390625
14.4557 ,8357162 ,-112 ,-2 ,0.03466796875 ,-0.0409545898438 ,-0.984191894531 ,-0.168884277344
14.4676 ,8356941 ,-112 ,-2 ,0.0327758789062 ,-0.0386962890625 ,-0.984069824219 ,-0.170532226562
14.4783 ,8356820 ,-113 ,-3 ,0.0350952148438 ,-0.0397338867188 ,-0.983947753906 ,-0.17041015625
14.4888 ,8357252 ,-113 ,-3 ,0.0396728515625 ,-0.0418090820312 ,-0.983764648438 ,-0.170104980469
14.4993 ,8358117 ,-113 ,-4 ,0.0419311523438 ,-0.0436401367188 ,-0.983825683594 ,-0.168701171875
14.5099 ,8358436 ,-114 ,-4 ,0.0392456054688 ,-0.045166015625 ,-0.983947753906 ,-0.16796875
14.521 ,8358218 ,-114 ,-5 ,0.0242309570312 ,-0.042236328125 ,-0.984985351562 ,-0.165588378906
14.5351 ,8359169 ,-114 ,-6 ,0.0171508789062 ,-0.04150390625 ,-0.985717773438 ,-0.162292480469
14.5455 ,8358823 ,-114 ,-6 ,0.0142822265625 ,-0.04150390625 ,-0.985900878906 ,-0.161315917969
14.556 ,8359211 ,-115 ,-7 ,0.015625 ,-0.0418701171875 ,-0.985656738281 ,-0.162902832031
14.5676 ,8359754 ,-115 ,-7 ,0.0191040039062 ,-0.0423583984375 ,-0.985229492188 ,-0.164855957031
14.5785 ,8359903 ,-115 ,-8 ,0.02197265625 ,-0.0429077148438 ,-0.984741210938 ,-0.167419433594
14.589 ,8360242 ,-116 ,-8 ,0.022216796875 ,-0.0431518554688 ,-0.984313964844 ,-0.16943359375
14.5995 ,8361107 ,-116 ,-8 ,0.0198364257812 ,-0.0428466796875 ,-0.984069824219 ,-0.171447753906
14.6105 ,8361277 ,-116 ,-9 ,0.016357421875 ,-0.0426025390625 ,-0.983947753906 ,-0.172607421875
14.6212 ,8361308 ,-116 ,-9 ,0.00982666015625 ,-0.0426635742188 ,-0.983520507812 ,-0.175476074219
14.635 ,8361616 ,-116 ,-10 ,0.00689697265625 ,-0.042724609375 ,-0.983154296875 ,-0.177490234375
14.6455 ,8362031 ,-117 ,-10 ,0.0032958984375 ,-0.0430908203125 ,-0.982849121094 ,-0.179321289062
14.6562 ,8363228 ,-117 ,-11 ,-0.001708984375 ,-0.0429077148438 ,-0.982604980469 ,-0.180725097656
14.6677 ,8362526 ,-117 ,-11 ,-0.0079345703125 ,-0.0423583984375 ,-0.982360839844 ,-0.181823730469
14.6788 ,8363664 ,-117 ,-11 ,-0.0134887695312 ,-0.0416259765625 ,-0.982116699219 ,-0.183044433594
14.6893 ,8364079 ,-117 ,-12 ,-0.0169677734375 ,-0.0410766601562 ,-0.981872558594 ,-0.184326171875
14.6999 ,8363976 ,-117 ,-12 ,-0.0178833007812 ,-0.0409545898438 ,-0.981567382812 ,-0.185791015625
14.7108 ,8364446 ,-117 ,-12 ,-0.0170288085938 ,-0.040771484375 ,-0.981018066406 ,-0.188720703125
14.7251 ,8365204 ,-117 ,-12 ,-0.019775390625 ,-0.0398559570312 ,-0.980834960938 ,-0.189758300781
14.7355 ,8365578 ,-116 ,-12 ,-0.0260009765625 ,-0.0381469726562 ,-0.980590820312 ,-0.190551757812
14.7461 ,8366744 ,-116 ,-12 ,-0.0342407226562 ,-0.035888671875 ,-0.980285644531 ,-0.191223144531
14.7567 ,8368287 ,-116 ,-12 ,-0.0425415039062 ,-0.0333251953125 ,-0.979858398438 ,-0.192260742188
14.7687 ,8368173 ,-115 ,-12 ,-0.0494384765625 ,-0.0306396484375 ,-0.98046875 ,-0.18798828125
14.779 ,8368515 ,-115 ,-12 ,-0.0552978515625 ,-0.0274658203125 ,-0.979919433594 ,-0.189697265625
14.7895 ,8369865 ,-114 ,-12 ,-0.0614013671875 ,-0.0232543945312 ,-0.979248046875 ,-0.191772460938
14.8002 ,8369633 ,-113 ,-11 ,-0.0689697265625 ,-0.017822265625 ,-0.978393554688 ,-0.194030761719
14.8109 ,8371969 ,-112 ,-11 ,-0.0874633789062 ,-0.00390625 ,-0.97705078125 ,-0.194152832031
14.8252 ,8373889 ,-111 ,-10 ,-0.0956420898438 ,0.00445556640625 ,-0.975341796875 ,-0.19873046875
14.8358 ,8376893 ,-109 ,-9 ,-0.101623535156 ,0.0130615234375 ,-0.973388671875 ,-0.204895019531
14.8464 ,8378010 ,-108 ,-8 ,-0.107971191406 ,0.0311279296875 ,-0.96875 ,-0.221069335938
14.8687 ,8386436 ,-105 ,-7 ,-0.110229492188 ,0.0401000976562 ,-0.966796875 ,-0.226928710938
14.8792 ,8386979 ,-104 ,-6 ,-0.114074707031 ,0.0504760742188 ,-0.963623046875 ,-0.236389160156
14.8896 ,8388910 ,-103 ,4 ,-0.139343261719 ,0.0769653320312 ,-0.953918457031 ,-0.25439453125
14.9187 ,8391675 ,-101 ,9 ,-0.142700195312 ,0.0796508789062 ,-0.9521484375 ,-0.258361816406
14.9292 ,8391706 ,-101 ,13 ,-0.139953613281 ,0.0791015625 ,-0.950866699219 ,-0.264587402344
14.9397 ,8389011 ,-101 ,16 ,-0.133056640625 ,0.0745849609375 ,-0.950134277344 ,-0.271911621094
14.9504 ,8388675 ,-101 ,20 ,-0.10986328125 ,0.0528564453125 ,-0.94970703125 ,-0.288391113281
14.9676 ,8381813 ,-101 ,26 ,-0.0984497070312 ,0.0380859375 ,-0.948852539062 ,-0.297607421875
14.9787 ,8375619 ,-101 ,30 ,-0.09228515625 ,0.0243530273438 ,-0.947509765625 ,-0.305053710938
14.9891 ,8374287 ,-101 ,32 ,-0.09375 ,0.0137329101562 ,-0.946350097656 ,-0.308959960938
14.9996 ,8367135 ,-102 ,33 ,-0.101745605469 ,0.004150390625 ,-0.944030761719 ,-0.313720703125
15.0105 ,8363976 ,-102 ,34 ,-0.122680664062 ,-0.0105590820312 ,-0.938842773438 ,-0.321533203125
15.0251 ,8358681 ,-102 ,33 ,-0.131896972656 ,-0.0161743164062 ,-0.936157226562 ,-0.325439453125
15.0356 ,8354536 ,-102 ,33 ,-0.140258789062 ,-0.0182495117188 ,-0.933654785156 ,-0.328979492188
15.0461 ,8350972 ,-103 ,32 ,-0.147583007812 ,-0.0182495117188 ,-0.931701660156 ,-0.331420898438
15.0566 ,8348598 ,-103 ,31 ,-0.151611328125 ,-0.0152587890625 ,-0.930419921875 ,-0.333374023438
15.0686 ,8344671 ,-103 ,29 ,-0.154418945312 ,-0.01171875 ,-0.930419921875 ,-0.332153320312
15.079 ,8342328 ,-104 ,28 ,-0.158508300781 ,-0.00640869140625 ,-0.929565429688 ,-0.332763671875
15.0895 ,8342498 ,-104 ,26 ,-0.173645019531 ,0.0121459960938 ,-0.92626953125 ,-0.334289550781
15.1048 ,8341882 ,-105 ,24 ,-0.180480957031 ,0.023681640625 ,-0.92333984375 ,-0.338134765625
15.1185 ,8342422 ,-106 ,21 ,-0.184692382812 ,0.039794921875 ,-0.920776367188 ,-0.34130859375
15.1293 ,8341103 ,-107 ,19 ,-0.18212890625 ,0.06005859375 ,-0.919921875 ,-0.342041015625
15.1398 ,8341889 ,-107 ,17 ,-0.172729492188 ,0.0812377929688 ,-0.922973632812 ,-0.334167480469
15.1505 ,8341110 ,-108 ,14 ,-0.122985839844 ,0.0715942382812 ,-0.95751953125 ,-0.250732421875
15.1676 ,8340460 ,-109 ,12 ,-0.0899658203125 ,0.0634155273438 ,-0.974548339844 ,-0.195373535156
15.1787 ,8341664 ,-110 ,11 ,-0.0634765625 ,0.0531005859375 ,-0.984497070312 ,-0.154602050781
15.1892 ,8340968 ,-110 ,10 ,-0.046142578125 ,0.0352172851562 ,-0.989685058594 ,-0.131103515625
15.1998 ,8341671 ,-111 ,9 ,-0.0364379882812 ,0.021484375 ,-0.992126464844 ,-0.118103027344
15.2107 ,8342429 ,-112 ,8 ,-0.0239868164062 ,0.0106201171875 ,-0.996643066406 ,-0.0774536132812
15.2262 ,8343861 ,-113 ,7 ,-0.0123901367188 ,0.00531005859375 ,-0.999267578125 ,-0.0362548828125
15.2367 ,8344961 ,-113 ,6 ,0.0067138671875 ,-0.00311279296875 ,-0.999938964844 ,0.00640869140625
15.2472 ,8345743 ,-114 ,4 ,0.03076171875 ,-0.0153198242188 ,-0.998840332031 ,0.0335083007812
15.2576 ,8346051 ,-114 ,3 ,0.0543823242188 ,-0.0242919921875 ,-0.997497558594 ,0.0381469726562
15.268 ,8349581 ,-115 ,3 ,0.0728759765625 ,-0.0281372070312 ,-0.996276855469 ,0.035888671875
15.2789 ,8353439 ,-115 ,2 ,0.081787109375 ,-0.0232543945312 ,-0.995300292969 ,0.0465698242188
15.2895 ,8355169 ,-115 ,1 ,0.09033203125 ,-0.010498046875 ,-0.993408203125 ,0.0694580078125
15.3006 ,8356986 ,-116 ,0 ,0.155456542969 ,-0.00738525390625 ,-0.982666015625 ,0.101013183594
15.3178 ,8358917 ,-116 ,-1 ,0.196960449219 ,0.00469970703125 ,-0.973693847656 ,0.114318847656
15.3284 ,8363958 ,-116 ,-1 ,0.230163574219 ,0.0045166015625 ,-0.965026855469 ,0.125366210938
15.3391 ,8367581 ,-116 ,-2 ,0.249694824219 ,0.00335693359375 ,-0.960021972656 ,0.126647949219
15.3497 ,8371343 ,-116 ,-2 ,0.254943847656 ,0.00262451171875 ,-0.957946777344 ,0.131713867188
15.3607 ,8373370 ,-116 ,-2 ,0.234008789062 ,0.00054931640625 ,-0.962158203125 ,0.139465332031
15.3748 ,8372166 ,-116 ,-1 ,0.224975585938 ,0.00140380859375 ,-0.964111328125 ,0.141174316406
15.391 ,8369336 ,-116 ,0 ,0.246032714844 ,0.0126342773438 ,-0.959655761719 ,0.135437011719
15.4049 ,8368204 ,-116 ,1 ,0.260009765625 ,0.0220947265625 ,-0.957458496094 ,0.123107910156
15.4294 ,8366945 ,-116 ,1 ,0.25 ,0.023681640625 ,-0.96044921875 ,0.120422363281
15.4397 ,8365194 ,-116 ,5 ,0.0704956054688 ,-0.0121459960938 ,-0.985290527344 ,0.155029296875
15.5747 ,8352581 ,-110 ,5 ,0.06005859375 ,-0.0188598632812 ,-0.985778808594 ,0.155944824219
15.5852 ,8353152 ,-110 ,5 ,0.02099609375 ,-0.0341796875 ,-0.986389160156 ,0.159362792969
15.6105 ,8353148 ,-111 ,3 ,-0.0154418945312 ,-0.0435180664062 ,-0.986145019531 ,0.159240722656
15.6351 ,8353245 ,-111 ,2 ,-0.006103515625 ,-0.0426025390625 ,-0.986145019531 ,0.160095214844
15.6509 ,8352214 ,-111 ,1 ,0.017333984375 ,-0.039306640625 ,-0.987060546875 ,0.154541015625
15.668 ,8351896 ,-112 ,0 ,0.016845703125 ,-0.0392456054688 ,-0.987426757812 ,0.152282714844
15.6787 ,8351723 ,-113 ,0 ,0.008056640625 ,-0.0416259765625 ,-0.987670898438 ,0.150634765625
15.6894 ,8352290 ,-113 ,-1 ,-0.005615234375 ,-0.0454711914062 ,-0.987548828125 ,0.150268554688
15.7003 ,8352290 ,-114 ,-2 ,-0.0299072265625 ,-0.0519409179688 ,-0.986572265625 ,0.15185546875
15.7176 ,8353723 ,-114 ,-3 ,-0.0317993164062 ,-0.052490234375 ,-0.986511230469 ,0.15185546875
15.7284 ,8353723 ,-115 ,-3 ,-0.0250244140625 ,-0.0506591796875 ,-0.986694335938 ,0.152465820312
15.7391 ,8353723 ,-115 ,-4 ,-0.0128173828125 ,-0.0474853515625 ,-0.987121582031 ,0.152404785156
15.7496 ,8352567 ,-116 ,-4 ,-0.00244140625 ,-0.044921875 ,-0.987609863281 ,0.150512695312
15.7608 ,8352699 ,-116 ,-5 ,-0.00604248046875 ,-0.0458374023438 ,-0.986694335938 ,0.156066894531
15.7749 ,8353003 ,-116 ,-5 ,-0.0177001953125 ,-0.0496826171875 ,-0.986450195312 ,0.155395507812
15.7856 ,8353868 ,-116 ,-6 ,-0.0310668945312 ,-0.0536499023438 ,-0.986145019531 ,0.153747558594
15.7965 ,8353820 ,-116 ,-7 ,-0.0426025390625 ,-0.0568237304688 ,-0.985900878906 ,0.151550292969
15.8072 ,8353629 ,-116 ,-7 ,-0.0493774414062 ,-0.0582275390625 ,-0.985900878906 ,0.14892578125
15.8188 ,8353294 ,-117 ,-8 ,-0.0484008789062 ,-0.0581665039062 ,-0.985412597656 ,0.152404785156
15.8295 ,8352124 ,-117 ,-8 ,-0.0428466796875 ,-0.0567016601562 ,-0.986389160156 ,0.148193359375
15.8405 ,8353000 ,-117 ,-9 ,-0.0379638671875 ,-0.0546875 ,-0.98779296875 ,0.140930175781
15.8551 ,8352093 ,-117 ,-9 ,-0.0438842773438 ,-0.0564575195312 ,-0.987854003906 ,0.138122558594
15.8691 ,8351616 ,-117 ,-10 ,-0.0538940429688 ,-0.05908203125 ,-0.98681640625 ,0.140869140625
15.8798 ,8351910 ,-117 ,-10 ,-0.0660400390625 ,-0.0617065429688 ,-0.986206054688 ,0.138549804688
15.8908 ,8351401 ,-117 ,-10 ,-0.0862426757812 ,-0.06396484375 ,-0.985229492188 ,0.133605957031
15.9051 ,8351602 ,-117 ,-10 ,-0.0913696289062 ,-0.063720703125 ,-0.985168457031 ,0.130310058594
15.9187 ,8351270 ,-116 ,-10 ,-0.0936889648438 ,-0.0634155273438 ,-0.984558105469 ,0.1337890625
15.93 ,8351280 ,-116 ,-10 ,-0.0967407226562 ,-0.06201171875 ,-0.98486328125 ,0.129760742188
15.941 ,8350958 ,-116 ,-10 ,-0.108825683594 ,-0.0596923828125 ,-0.984741210938 ,0.121826171875
15.9551 ,8351930 ,-115 ,-10 ,-0.118896484375 ,-0.0582885742188 ,-0.984130859375 ,0.118103027344
15.9687 ,8352491 ,-115 ,-9 ,-0.130737304688 ,-0.0571899414062 ,-0.982421875 ,0.120239257812
15.9793 ,8352425 ,-114 ,-9 ,-0.144104003906 ,-0.0540161132812 ,-0.981262207031 ,0.115844726562
15.9904 ,8352408 ,-113 ,-10 ,-0.167846679688 ,-0.0428466796875 ,-0.979187011719 ,0.105895996094
16.0049 ,8352211 ,-112 ,-9 ,-0.177185058594 ,-0.0349731445312 ,-0.978576660156 ,0.0986938476562
16.0188 ,8352647 ,-110 ,-6 ,-0.184875488281 ,-0.027587890625 ,-0.977478027344 ,0.0980834960938
16.0296 ,8353453 ,-109 ,-3 ,-0.192565917969 ,-0.0194702148438 ,-0.977111816406 ,0.0886840820312
16.0405 ,8353626 ,-108 ,0 ,-0.214721679688 ,-0.00653076171875 ,-0.974243164062 ,0.0685424804688
16.0551 ,8356616 ,-105 ,5 ,-0.230285644531 ,-0.0003662109375 ,-0.971374511719 ,0.0584716796875
16.0679 ,8358169 ,-103 ,8 ,-0.246948242188 ,0.00396728515625 ,-0.967712402344 ,0.0504150390625
16.079 ,8359097 ,-100 ,11 ,-0.262878417969 ,0.0064697265625 ,-0.963806152344 ,0.0435791015625
16.0898 ,8359979 ,-100 ,14 ,-0.275268554688 ,0.00946044921875 ,-0.960693359375 ,0.0354614257812
16.1008 ,8359571 ,-100 ,16 ,-0.282409667969 ,0.0103759765625 ,-0.959106445312 ,0.0173950195312
16.1188 ,8358553 ,-99 ,18 ,-0.282348632812 ,0.0072021484375 ,-0.959106445312 ,0.016845703125
16.1303 ,8358764 ,-98 ,18 ,-0.27880859375 ,0.00103759765625 ,-0.960327148438 ,-0.0009765625
16.1452 ,8358055 ,-98 ,18 ,-0.272338867188 ,-0.0020751953125 ,-0.962158203125 ,-0.00970458984375
16.1563 ,8356180 ,-98 ,18 ,-0.263122558594 ,-0.00555419921875 ,-0.964538574219 ,-0.0203857421875
16.1679 ,8356180 ,-98 ,18 ,-0.251525878906 ,-0.0093994140625 ,-0.967224121094 ,-0.032470703125
16.1786 ,8354809 ,-99 ,18 ,-0.239074707031 ,-0.0128784179688 ,-0.969848632812 ,-0.0450439453125
16.1897 ,8351166 ,-99 ,18 ,-0.225708007812 ,-0.0152587890625 ,-0.972290039062 ,-0.0585327148438
16.2008 ,8349750 ,-100 ,18 ,-0.202758789062 ,-0.0191040039062 ,-0.975280761719 ,-0.085693359375
16.2187 ,8347432 ,-101 ,18 ,-0.196044921875 ,-0.020263671875 ,-0.97607421875 ,-0.0917358398438
16.2305 ,8345595 ,-102 ,17 ,-0.190490722656 ,-0.0205688476562 ,-0.974548339844 ,-0.116455078125
16.2455 ,8344910 ,-103 ,17 ,-0.190185546875 ,-0.0185546875 ,-0.973571777344 ,-0.125183105469
16.2567 ,8343754 ,-104 ,16 ,-0.190124511719 ,-0.014892578125 ,-0.972595214844 ,-0.132995605469
16.2687 ,8342612 ,-105 ,15 ,-0.188537597656 ,-0.0112915039062 ,-0.972412109375 ,-0.136901855469
16.2797 ,8342716 ,-105 ,14 ,-0.184204101562 ,-0.0057373046875 ,-0.97216796875 ,-0.144775390625
16.2907 ,8343342 ,-106 ,14 ,-0.164489746094 ,0.00262451171875 ,-0.973999023438 ,-0.155883789062
16.3049 ,8342352 ,-107 ,13 ,-0.148803710938 ,0.00238037109375 ,-0.976013183594 ,-0.158935546875
16.3178 ,8342366 ,-108 ,12 ,-0.129699707031 ,0.00042724609375 ,-0.978698730469 ,-0.159301757812
16.3287 ,8342141 ,-109 ,11 ,-0.107971191406 ,-0.00286865234375 ,-0.981506347656 ,-0.158142089844
16.3394 ,8341408 ,-109 ,9 ,-0.0865478515625 ,-0.00592041015625 ,-0.98388671875 ,-0.156311035156
16.3504 ,8342595 ,-109 ,8 ,-0.0572509765625 ,-0.0128173828125 ,-0.986511230469 ,-0.152648925781
16.3686 ,8342055 ,-110 ,7 ,-0.0503540039062 ,-0.0154418945312 ,-0.987854003906 ,-0.14599609375
16.3802 ,8342688 ,-110 ,6 ,-0.0380859375 ,-0.0198364257812 ,-0.990356445312 ,-0.131713867188
16.3949 ,8342588 ,-111 ,4 ,-0.0274047851562 ,-0.0234375 ,-0.991882324219 ,-0.121765136719
16.4055 ,8343574 ,-111 ,4 ,-0.0121459960938 ,-0.02734375 ,-0.993286132812 ,-0.111877441406
16.4176 ,8343311 ,-111 ,3 ,0.00653076171875 ,-0.0303955078125 ,-0.994201660156 ,-0.103088378906
16.4287 ,8343982 ,-112 ,2 ,0.0258178710938 ,-0.0322265625 ,-0.994506835938 ,-0.0960083007812
16.4395 ,8345051 ,-113 ,1 ,0.0440673828125 ,-0.0341796875 ,-0.994445800781 ,-0.08935546875
16.4508 ,8345743 ,-113 ,0 ,0.0712890625 ,-0.0396118164062 ,-0.994262695312 ,-0.069580078125
16.469 ,8349661 ,-114 ,-1 ,0.0824584960938 ,-0.0355834960938 ,-0.994323730469 ,-0.0568237304688
16.4799 ,8351359 ,-114 ,-2 ,0.09423828125 ,-0.0272216796875 ,-0.994079589844 ,-0.0468139648438
16.4908 ,8353245 ,-114 ,-2 ,0.13232421875 ,-0.0250854492188 ,-0.990478515625 ,-0.029052734375
16.5049 ,8355498 ,-115 ,-3 ,0.157165527344 ,-0.0205078125 ,-0.987243652344 ,-0.0137329101562
16.5177 ,8357623 ,-115 ,-4 ,0.183349609375 ,-0.017822265625 ,-0.98291015625 ,-0.0023193359375
16.5295 ,8361522 ,-115 ,-4 ,0.206787109375 ,-0.0193481445312 ,-0.978149414062 ,0.00592041015625
16.5411 ,8364439 ,-115 ,-5 ,0.226745605469 ,-0.0185546875 ,-0.973449707031 ,0.02490234375
16.5554 ,8367958 ,-114 ,-5 ,0.225830078125 ,-0.0183715820312 ,-0.973388671875 ,0.0347900390625
16.5691 ,8368913 ,-114 ,-5 ,0.224365234375 ,-0.0167236328125 ,-0.973205566406 ,0.0472412109375
16.5808 ,8369775 ,-114 ,-5 ,0.239624023438 ,-0.010498046875 ,-0.969055175781 ,0.058349609375
16.5954 ,8369187 ,-114 ,-5 ,0.25439453125 ,-0.0064697265625 ,-0.965148925781 ,0.0609741210938
16.6064 ,8369557 ,-114 ,-5 ,0.260986328125 ,-0.00262451171875 ,-0.963134765625 ,0.0647583007812
16.619 ,8369841 ,-113 ,-4 ,0.253234863281 ,0.0006103515625 ,-0.96435546875 ,0.076416015625
16.6303 ,8369394 ,-113 ,-4 ,0.20556640625 ,0.0018310546875 ,-0.974304199219 ,0.0919799804688
16.6456 ,8368083 ,-113 ,-4 ,0.184326171875 ,0.004638671875 ,-0.978210449219 ,0.0955810546875
16.6568 ,8366799 ,-112 ,-4 ,0.172546386719 ,0.0057373046875 ,-0.980346679688 ,0.0956420898438
16.6692 ,8367543 ,-111 ,-5 ,0.16357421875 ,0.0120239257812 ,-0.980407714844 ,0.109252929688
16.6807 ,8366958 ,-110 ,-4 ,0.140686035156 ,0.0159912109375 ,-0.981750488281 ,0.126953125
16.6953 ,8365280 ,-110 ,-4 ,0.126892089844 ,0.0172729492188 ,-0.982482910156 ,0.13525390625
16.7062 ,8364900 ,-111 ,-4 ,0.113891601562 ,0.0191650390625 ,-0.98291015625 ,0.143432617188
16.7189 ,8362664 ,-111 ,-2 ,0.10498046875 ,0.0194702148438 ,-0.981384277344 ,0.159851074219
16.731 ,8362713 ,-110 ,-1 ,0.104125976562 ,0.018310546875 ,-0.979675292969 ,0.170471191406
16.7453 ,8361934 ,-110 ,0 ,0.103149414062 ,0.0162963867188 ,-0.978820800781 ,0.176147460938
16.7565 ,8361360 ,-110 ,0 ,0.0948486328125 ,0.0132446289062 ,-0.978515625 ,0.1826171875
16.7691 ,8360007 ,-110 ,0 ,0.0806884765625 ,0.00738525390625 ,-0.978393554688 ,0.190185546875
16.7806 ,8359692 ,-110 ,0 ,0.051513671875 ,-0.002197265625 ,-0.978271484375 ,0.200805664062
16.7954 ,8359848 ,-110 ,0 ,0.0440063476562 ,-0.0057373046875 ,-0.978149414062 ,0.203063964844
16.8066 ,8359546 ,-111 ,0 ,0.0419921875 ,-0.007080078125 ,-0.978332519531 ,0.20263671875
16.8193 ,8358937 ,-111 ,-1 ,0.0430908203125 ,-0.00714111328125 ,-0.9775390625 ,0.206115722656
16.8312 ,8358370 ,-111 ,-1 ,0.038818359375 ,-0.0087890625 ,-0.978942871094 ,0.200073242188
16.8453 ,8358578 ,-111 ,-2 ,0.0311279296875 ,-0.0106201171875 ,-0.979736328125 ,0.197631835938
16.8564 ,8358515 ,-111 ,-3 ,0.0238037109375 ,-0.0122680664062 ,-0.980346679688 ,0.195495605469
16.8692 ,8358017 ,-112 ,-3 ,0.0192260742188 ,-0.0133056640625 ,-0.980041503906 ,0.197448730469
16.8812 ,8357543 ,-112 ,-4 ,0.0159912109375 ,-0.013671875 ,-0.981689453125 ,0.189392089844
16.8953 ,8357138 ,-112 ,-5 ,0.0137939453125 ,-0.0138549804688 ,-0.982543945312 ,0.184997558594
16.9062 ,8356640 ,-112 ,-5 ,0.00927734375 ,-0.0144653320312 ,-0.983215332031 ,0.181762695312
16.919 ,8357169 ,-113 ,-6 ,0.0028076171875 ,-0.0157470703125 ,-0.982727050781 ,0.184387207031
16.9311 ,8356986 ,-113 ,-7 ,-0.00946044921875 ,-0.0181884765625 ,-0.9833984375 ,0.180358886719
16.9448 ,8357609 ,-114 ,-8 ,-0.0117797851562 ,-0.0181274414062 ,-0.983764648438 ,0.178161621094
16.9554 ,8357304 ,-114 ,-8 ,-0.0107421875 ,-0.017333984375 ,-0.984252929688 ,0.175415039062
16.9685 ,8356948 ,-114 ,-9 ,-0.00848388671875 ,-0.0159912109375 ,-0.984008789062 ,0.177368164062
16.9795 ,8357415 ,-114 ,-9 ,-0.00787353515625 ,-0.014892578125 ,-0.984497070312 ,0.174682617188
16.9902 ,8356969 ,-114 ,-11 ,-0.0167846679688 ,-0.015625 ,-0.984985351562 ,0.170959472656
17.0045 ,8357387 ,-115 ,-12 ,-0.0247192382812 ,-0.0169677734375 ,-0.985168457031 ,0.169006347656
17.0184 ,8358263 ,-115 ,-12 ,-0.0328979492188 ,-0.0181274414062 ,-0.984558105469 ,0.171081542969
17.0287 ,8357072 ,-115 ,-12 ,-0.0391845703125 ,-0.0186767578125 ,-0.98486328125 ,0.167602539062
17.0392 ,8357401 ,-115 ,-13 ,-0.0427856445312 ,-0.018310546875 ,-0.985473632812 ,0.163391113281
17.05 ,8357854 ,-115 ,-13 ,-0.044677734375 ,-0.01708984375 ,-0.986145019531 ,0.158813476562
17.0609 ,8357560 ,-115 ,-13 ,-0.0510864257812 ,-0.0155029296875 ,-0.986511230469 ,0.154541015625
17.0751 ,8358297 ,-114 ,-13 ,-0.0587768554688 ,-0.0150756835938 ,-0.98681640625 ,0.14990234375
17.0856 ,8358456 ,-114 ,-14 ,-0.069091796875 ,-0.0146484375 ,-0.986938476562 ,0.144714355469
17.0961 ,8358508 ,-113 ,-14 ,-0.0808715820312 ,-0.013916015625 ,-0.986938476562 ,0.138488769531
17.1066 ,8358488 ,-112 ,-14 ,-0.092529296875 ,-0.0122680664062 ,-0.986999511719 ,0.130981445312
17.1184 ,8357789 ,-111 ,-14 ,-0.10302734375 ,-0.0101318359375 ,-0.986633300781 ,0.125915527344
17.1291 ,8357789 ,-110 ,-14 ,-0.146423339844 ,0.0126953125 ,-0.986022949219 ,0.0786743164062
17.1677 ,8364062 ,-104 ,-13 ,-0.159301757812 ,0.021484375 ,-0.984924316406 ,0.0640869140625
17.1782 ,8366522 ,-102 ,-13 ,-0.171630859375 ,0.0321044921875 ,-0.983459472656 ,0.0484008789062
17.189 ,8370176 ,-101 ,-13 ,-0.182373046875 ,0.0437622070312 ,-0.981750488281 ,0.0317993164062
17.2001 ,8373215 ,-99 ,-12 ,-0.188354492188 ,0.056640625 ,-0.980346679688 ,0.0144653320312
17.2109 ,8377014 ,-97 ,-11 ,-0.188842773438 ,0.0824584960938 ,-0.978393554688 ,-0.0159301757812
17.2248 ,8381000 ,-95 ,-10 ,-0.188354492188 ,0.0947875976562 ,-0.97705078125 ,-0.0299682617188
17.2357 ,8384626 ,-95 ,-9 ,-0.187438964844 ,0.105773925781 ,-0.9755859375 ,-0.0439453125
17.2463 ,8390959 ,-95 ,-7 ,-0.184204101562 ,0.114807128906 ,-0.974365234375 ,-0.059326171875
17.2569 ,8394658 ,-95 ,-6 ,-0.175964355469 ,0.1220703125 ,-0.973693847656 ,-0.077880859375
17.2675 ,8396509 ,-95 ,-5 ,-0.160095214844 ,0.125671386719 ,-0.974060058594 ,-0.0987548828125
17.2782 ,8398651 ,-95 ,-2 ,-0.136474609375 ,0.12548828125 ,-0.975280761719 ,-0.120300292969
17.2887 ,8399817 ,-96 ,1 ,-0.108154296875 ,0.121337890625 ,-0.976440429688 ,-0.142028808594
17.2992 ,8401737 ,-96 ,4 ,-0.0779418945312 ,0.113037109375 ,-0.976745605469 ,-0.164611816406
17.3096 ,8403426 ,-96 ,8 ,-0.0498657226562 ,0.101745605469 ,-0.975952148438 ,-0.186218261719
17.3201 ,8403855 ,-96 ,11 ,-0.0263671875 ,0.0865478515625 ,-0.973999023438 ,-0.207702636719
17.3307 ,8401097 ,-97 ,14 ,0.00146484375 ,0.0556640625 ,-0.968933105469 ,-0.240905761719
17.3449 ,8399713 ,-98 ,17 ,-0.00433349609375 ,0.0433959960938 ,-0.966125488281 ,-0.254272460938
17.3557 ,8397018 ,-99 ,21 ,-0.0202026367188 ,0.0301513671875 ,-0.962585449219 ,-0.268432617188
17.3675 ,8395222 ,-99 ,27 ,-0.0384521484375 ,0.0167846679688 ,-0.95849609375 ,-0.281921386719
17.3784 ,8392440 ,-100 ,33 ,-0.0571899414062 ,0.0048828125 ,-0.954162597656 ,-0.293762207031
17.389 ,8388872 ,-100 ,40 ,-0.0765380859375 ,-0.00726318359375 ,-0.948547363281 ,-0.30712890625
17.3995 ,8383301 ,-101 ,45 ,-0.0941162109375 ,-0.0183715820312 ,-0.942993164062 ,-0.318664550781
17.4106 ,8381453 ,-101 ,49 ,-0.105163574219 ,-0.04638671875 ,-0.933837890625 ,-0.338684082031
17.4247 ,8376934 ,-102 ,53 ,-0.0941162109375 ,-0.064453125 ,-0.931335449219 ,-0.345825195312
17.4353 ,8371969 ,-103 ,54 ,-0.07763671875 ,-0.0848388671875 ,-0.928344726562 ,-0.353393554688
17.4462 ,8369457 ,-103 ,56 ,-0.0614624023438 ,-0.101135253906 ,-0.926086425781 ,-0.358337402344
17.457 ,8362429 ,-104 ,56 ,-0.05078125 ,-0.115051269531 ,-0.923095703125 ,-0.363464355469
17.4676 ,8357761 ,-105 ,56 ,-0.047119140625 ,-0.123718261719 ,-0.920593261719 ,-0.367370605469
17.4785 ,8350934 ,-105 ,55 ,-0.0487060546875 ,-0.129272460938 ,-0.917846679688 ,-0.372131347656
17.489 ,8348885 ,-105 ,54 ,-0.0556640625 ,-0.131896972656 ,-0.914794921875 ,-0.377685546875
17.4998 ,8346079 ,-106 ,53 ,-0.0679321289062 ,-0.131652832031 ,-0.910583496094 ,-0.385925292969
17.5107 ,8337768 ,-111 ,29 ,-0.161499023438 ,-0.0228881835938 ,-0.884765625 ,-0.436584472656
17.575 ,8338321 ,-112 ,25 ,-0.057373046875 ,-0.0629272460938 ,-0.903015136719 ,-0.421020507812
17.5856 ,8338114 ,-112 ,22 ,0.0164794921875 ,-0.0739135742188 ,-0.913818359375 ,-0.39892578125
17.596 ,8339986 ,-113 ,19 ,0.0712890625 ,-0.0808715820312 ,-0.924438476562 ,-0.365783691406
17.6067 ,8339024 ,-114 ,16 ,0.090576171875 ,-0.0758056640625 ,-0.939819335938 ,-0.320617675781
17.6173 ,8340740 ,-114 ,14 ,0.0930786132812 ,-0.05322265625 ,-0.955139160156 ,-0.276000976562
17.6279 ,8341446 ,-115 ,13 ,0.107849121094 ,-0.0482177734375 ,-0.967956542969 ,-0.221557617188
17.6384 ,8341602 ,-115 ,11 ,0.139892578125 ,-0.045654296875 ,-0.975524902344 ,-0.163452148438
17.649 ,8341602 ,-115 ,10 ,0.173461914062 ,-0.0173950195312 ,-0.978271484375 ,-0.112426757812
17.6601 ,8341512 ,-115 ,8 ,0.204467773438 ,0.0260620117188 ,-0.976501464844 ,-0.0625
17.6709 ,8342705 ,-115 ,5 ,0.2421875 ,0.0964965820312 ,-0.96337890625 ,0.0628662109375
17.6848 ,8341986 ,-116 ,2 ,0.252258300781 ,0.110717773438 ,-0.952880859375 ,0.126892089844
17.6953 ,8341989 ,-116 ,1 ,0.249206542969 ,0.129821777344 ,-0.939880371094 ,0.194091796875
17.7057 ,8341449 ,-116 ,1 ,0.2421875 ,0.140197753906 ,-0.926574707031 ,0.251220703125
17.7173 ,8341024 ,-116 ,0 ,0.215698242188 ,0.140197753906 ,-0.921020507812 ,0.292541503906
17.7283 ,8342148 ,-116 ,0 ,0.164916992188 ,0.122436523438 ,-0.926452636719 ,0.3154296875
17.7389 ,8344768 ,-116 ,0 ,0.109497070312 ,0.084716796875 ,-0.939331054688 ,0.313842773438
17.7494 ,8344058 ,-116 ,0 ,0.0655517578125 ,0.0338745117188 ,-0.953125 ,0.293395996094
17.7604 ,8345712 ,-115 ,0 ,0.00421142578125 ,-0.0564575195312 ,-0.953002929688 ,0.297546386719
17.7746 ,8347408 ,-114 ,1 ,-0.0154418945312 ,-0.0685424804688 ,-0.940246582031 ,0.333129882812
17.7856 ,8346266 ,-114 ,1 ,-0.0181884765625 ,-0.0609741210938 ,-0.932983398438 ,0.354309082031
17.7962 ,8344906 ,-114 ,2 ,-0.00982666015625 ,-0.05078125 ,-0.932067871094 ,0.358520507812
17.8067 ,8345460 ,-113 ,2 ,0.0078125 ,-0.0471801757812 ,-0.932312011719 ,0.358520507812
17.8171 ,8345110 ,-111 ,2 ,0.022705078125 ,-0.0447387695312 ,-0.931030273438 ,0.361389160156
17.8303 ,8344249 ,-110 ,2 ,0.00433349609375 ,-0.0269775390625 ,-0.922790527344 ,0.38427734375
17.8453 ,8344214 ,-111 ,2 ,-0.0194091796875 ,-0.0284423828125 ,-0.917358398438 ,0.396484375
17.8558 ,8345266 ,-111 ,3 ,-0.0423583984375 ,-0.0439453125 ,-0.912414550781 ,0.404724121094
17.8673 ,8347190 ,-110 ,3 ,-0.0640258789062 ,-0.0602416992188 ,-0.906677246094 ,0.412536621094
17.8781 ,8348851 ,-110 ,4 ,-0.0791015625 ,-0.0679321289062 ,-0.899291992188 ,0.424682617188
17.8887 ,8348872 ,-110 ,4 ,-0.075927734375 ,-0.0735473632812 ,-0.891845703125 ,0.439819335938
17.8994 ,8348847 ,-111 ,5 ,-0.0556030273438 ,-0.06787109375 ,-0.889770507812 ,0.447875976562
17.9104 ,8349356 ,-111 ,5 ,-0.0316162109375 ,-0.0533447265625 ,-0.888732910156 ,0.454162597656
17.9251 ,8349408 ,-112 ,5 ,-0.0283203125 ,-0.052978515625 ,-0.888305664062 ,0.455261230469
17.9357 ,8349775 ,-112 ,5 ,-0.0302124023438 ,-0.050537109375 ,-0.886962890625 ,0.458068847656
17.9462 ,8349384 ,-112 ,4 ,-0.0344848632812 ,-0.0485229492188 ,-0.885314941406 ,0.461242675781
17.9568 ,8348896 ,-113 ,4 ,-0.0379028320312 ,-0.0515747070312 ,-0.884887695312 ,0.461364746094
17.9673 ,8348923 ,-113 ,3 ,-0.04443359375 ,-0.056884765625 ,-0.884704589844 ,0.460571289062
17.9782 ,8349103 ,-114 ,3 ,-0.0514526367188 ,-0.06005859375 ,-0.884399414062 ,0.4599609375
17.9888 ,8349114 ,-114 ,2 ,-0.0562133789062 ,-0.0639038085938 ,-0.8837890625 ,0.460083007812
17.9993 ,8348560 ,-114 ,2 ,-0.060791015625 ,-0.0691528320312 ,-0.882751464844 ,0.460693359375
18.0098 ,8348148 ,-115 ,1 ,-0.0663452148438 ,-0.073486328125 ,-0.882080078125 ,0.460571289062
18.0208 ,8348183 ,-115 ,0 ,-0.0733032226562 ,-0.08056640625 ,-0.881591796875 ,0.459228515625
18.0351 ,8348242 ,-115 ,-1 ,-0.072509765625 ,-0.0811767578125 ,-0.8818359375 ,0.458862304688
18.046 ,8348193 ,-115 ,-2 ,-0.070068359375 ,-0.0792236328125 ,-0.883117675781 ,0.457153320312
18.0567 ,8347740 ,-115 ,-2 ,-0.067626953125 ,-0.0775756835938 ,-0.884643554688 ,0.454833984375
18.0685 ,8347529 ,-116 ,-3 ,-0.0665893554688 ,-0.0772094726562 ,-0.886352539062 ,0.451721191406
18.08 ,8347304 ,-116 ,-4 ,-0.0686645507812 ,-0.0778198242188 ,-0.887878417969 ,0.4482421875
18.0909 ,8347425 ,-116 ,-4 ,-0.0823364257812 ,-0.083251953125 ,-0.889770507812 ,0.441101074219
18.105 ,8346806 ,-116 ,-5 ,-0.0902099609375 ,-0.0885009765625 ,-0.890075683594 ,0.437927246094
18.1175 ,8347086 ,-117 ,-6 ,-0.0968017578125 ,-0.0934448242188 ,-0.890014648438 ,0.435607910156
18.1288 ,8347013 ,-117 ,-6 ,-0.101013183594 ,-0.0967407226562 ,-0.890075683594 ,0.433837890625
18.1394 ,8346048 ,-117 ,-6 ,-0.102722167969 ,-0.0986328125 ,-0.890197753906 ,0.432678222656
18.1502 ,8346477 ,-117 ,-7 ,-0.102294921875 ,-0.0994873046875 ,-0.890991210938 ,0.430969238281
18.1674 ,8346110 ,-118 ,-7 ,-0.103210449219 ,-0.0994262695312 ,-0.891662597656 ,0.429443359375
18.1782 ,8345259 ,-118 ,-8 ,-0.106384277344 ,-0.0999755859375 ,-0.892517089844 ,0.426696777344
18.189 ,8345359 ,-118 ,-8 ,-0.112121582031 ,-0.101013183594 ,-0.893493652344 ,0.422912597656
18.1995 ,8345138 ,-118 ,-8 ,-0.1201171875 ,-0.102600097656 ,-0.894226074219 ,0.418762207031
18.2105 ,8344958 ,-118 ,-8 ,-0.137939453125 ,-0.107788085938 ,-0.894714355469 ,0.410888671875
18.2248 ,8345269 ,-118 ,-9 ,-0.145812988281 ,-0.110656738281 ,-0.894897460938 ,0.406982421875
18.2361 ,8345024 ,-118 ,-9 ,-0.1533203125 ,-0.11279296875 ,-0.894958496094 ,0.403442382812
18.2472 ,8344550 ,-117 ,-9 ,-0.160949707031 ,-0.113952636719 ,-0.89501953125 ,0.400085449219
18.2577 ,8343975 ,-117 ,-9 ,-0.169494628906 ,-0.114135742188 ,-0.895141601562 ,0.396240234375
18.2685 ,8343204 ,-117 ,-9 ,-0.179504394531 ,-0.112915039062 ,-0.895446777344 ,0.391479492188
18.2801 ,8342958 ,-116 ,-9 ,-0.2041015625 ,-0.108215332031 ,-0.896423339844 ,0.378295898438
18.2949 ,8342564 ,-115 ,-9 ,-0.218933105469 ,-0.10546875 ,-0.897094726562 ,0.368957519531
18.3056 ,8343193 ,-113 ,-9 ,-0.236022949219 ,-0.101379394531 ,-0.897766113281 ,0.357849121094
18.3176 ,8342737 ,-113 ,-9 ,-0.255554199219 ,-0.0942993164062 ,-0.898193359375 ,0.345031738281
18.328 ,8343418 ,-112 ,-9 ,-0.275390625 ,-0.0836181640625 ,-0.898803710938 ,0.33056640625
18.3389 ,8342975 ,-110 ,-9 ,-0.293029785156 ,-0.070556640625 ,-0.899841308594 ,0.315307617188
18.3496 ,8343463 ,-109 ,-9 ,-0.30712890625 ,-0.0570678710938 ,-0.90087890625 ,0.301391601562
18.361 ,8342851 ,-108 ,-8 ,-0.32177734375 ,-0.0366821289062 ,-0.903686523438 ,0.280212402344
18.3746 ,8342688 ,-108 ,-1 ,-0.325561523438 ,-0.031494140625 ,-0.906799316406 ,0.265991210938
18.3857 ,8342591 ,-108 ,-1 ,-0.331848144531 ,-0.028564453125 ,-0.909484863281 ,0.248840332031
18.3963 ,8343671 ,-108 ,-1 ,-0.342102050781 ,-0.0258178710938 ,-0.911193847656 ,0.228149414062
18.4072 ,8344266 ,-108 ,-10 ,-0.353637695312 ,-0.0205078125 ,-0.912109375 ,0.206298828125
18.4177 ,8344366 ,-108 ,-9 ,-0.363647460938 ,-0.00994873046875 ,-0.913146972656 ,0.184020996094
18.4282 ,8344522 ,-108 ,-7 ,-0.369934082031 ,0.002685546875 ,-0.915100097656 ,0.160522460938
18.4387 ,8346948 ,-109 ,-6 ,-0.369506835938 ,0.0120239257812 ,-0.919311523438 ,0.134643554688
18.4492 ,8348290 ,-109 ,-3 ,-0.360229492188 ,0.0159912109375 ,-0.926635742188 ,0.106506347656
18.4603 ,8349380 ,-110 ,2 ,-0.31982421875 ,0.0194091796875 ,-0.945861816406 ,0.0518798828125
18.4747 ,8351453 ,-110 ,6 ,-0.293151855469 ,0.0185546875 ,-0.955444335938 ,0.0281372070312
18.4854 ,8354578 ,-110 ,8 ,-0.26318359375 ,0.01123046875 ,-0.964660644531 ,0.002197265625
18.496 ,8354716 ,-111 ,-1 ,-0.232360839844 ,0.0015869140625 ,-0.972351074219 ,-0.022705078125
18.5069 ,8356571 ,-111 ,12 ,-0.204345703125 ,-0.009033203125 ,-0.977722167969 ,-0.0474853515625
18.5173 ,8357564 ,-111 ,14 ,-0.182189941406 ,-0.0237426757812 ,-0.980346679688 ,-0.0715942382812
18.5277 ,8358401 ,-112 ,17 ,-0.169372558594 ,-0.0396118164062 ,-0.980712890625 ,-0.0892944335938
18.5383 ,8359162 ,-112 ,21 ,-0.16552734375 ,-0.0560913085938 ,-0.978820800781 ,-0.106689453125
18.5494 ,8362104 ,-112 ,26 ,-0.16748046875 ,-0.071533203125 ,-0.976013183594 ,-0.119140625
18.5606 ,8363758 ,-112 ,31 ,-0.159118652344 ,-0.105651855469 ,-0.970581054688 ,-0.146728515625
18.5749 ,8365169 ,-112 ,36 ,-0.143188476562 ,-0.123596191406 ,-0.968994140625 ,-0.158935546875
18.5857 ,8366643 ,-112 ,39 ,-0.122924804688 ,-0.14013671875 ,-0.967895507812 ,-0.168701171875
18.5964 ,8367266 ,-112 ,42 ,-0.101196289062 ,-0.15576171875 ,-0.966735839844 ,-0.175720214844
18.6072 ,8367377 ,-112 ,44 ,-0.080810546875 ,-0.169372558594 ,-0.965515136719 ,-0.180603027344
18.6178 ,8366747 ,-112 ,45 ,-0.0629272460938 ,-0.1806640625 ,-0.96435546875 ,-0.182983398438
18.629 ,8365858 ,-112 ,46 ,-0.0467529296875 ,-0.18994140625 ,-0.963012695312 ,-0.185302734375
18.64 ,8363522 ,-112 ,46 ,-0.0326538085938 ,-0.197875976562 ,-0.961547851562 ,-0.1875
18.6507 ,8358585 ,-112 ,46 ,-0.0195922851562 ,-0.205322265625 ,-0.959167480469 ,-0.193542480469
18.6674 ,8353159 ,-112 ,47 ,-0.0228271484375 ,-0.205078125 ,-0.958435058594 ,-0.197082519531
18.6782 ,8352197 ,-112 ,46 ,-0.0308227539062 ,-0.202758789062 ,-0.958068847656 ,-0.2001953125
18.6892 ,8345709 ,-112 ,45 ,-0.0416870117188 ,-0.198425292969 ,-0.957824707031 ,-0.203491210938
18.7004 ,8344446 ,-112 ,43 ,-0.068359375 ,-0.184997558594 ,-0.956604003906 ,-0.214477539062
18.7173 ,8343366 ,-113 ,39 ,-0.0865478515625 ,-0.172973632812 ,-0.955932617188 ,-0.220886230469
18.7279 ,8341584 ,-113 ,35 ,-0.108947753906 ,-0.155212402344 ,-0.955627441406 ,-0.225341796875
18.7383 ,8342114 ,-113 ,32 ,-0.135498046875 ,-0.130981445312 ,-0.95556640625 ,-0.226745605469
18.7488 ,8342214 ,-114 ,28 ,-0.164855957031 ,-0.0999755859375 ,-0.955688476562 ,-0.222534179688
18.7593 ,8342671 ,-114 ,24 ,-0.189392089844 ,-0.0687866210938 ,-0.955993652344 ,-0.213256835938
18.7706 ,8342242 ,-115 ,21 ,-0.188293457031 ,-0.0407104492188 ,-0.964172363281 ,-0.182373046875
18.7849 ,8340273 ,-115 ,16 ,-0.157348632812 ,-0.0464477539062 ,-0.973083496094 ,-0.161987304688
18.7954 ,8340114 ,-115 ,14 ,-0.10546875 ,-0.0562744140625 ,-0.983154296875 ,-0.138244628906
18.806 ,8340269 ,-116 ,12 ,-0.0540771484375 ,-0.05615234375 ,-0.992553710938 ,-0.0938110351562
18.8175 ,8340833 ,-116 ,10 ,-0.0206909179688 ,-0.050537109375 ,-0.997619628906 ,-0.042724609375
18.828 ,8341536 ,-116 ,5 ,0.009765625 ,-0.0177001953125 ,-0.993286132812 ,0.113952636719
18.8674 ,8343221 ,-117 ,3 ,0.0148315429688 ,-0.00946044921875 ,-0.98779296875 ,0.154602050781
18.8781 ,8343629 ,-117 ,1 ,0.0353393554688 ,-0.00360107421875 ,-0.978942871094 ,0.200927734375
18.8887 ,8344494 ,-117 ,-1 ,0.060302734375 ,-0.00384521484375 ,-0.968505859375 ,0.241455078125
18.8992 ,8344643 ,-117 ,-2 ,0.0813598632812 ,-0.009033203125 ,-0.960632324219 ,0.265380859375
18.9097 ,8349034 ,-117 ,-4 ,0.093017578125 ,-0.0184326171875 ,-0.956481933594 ,0.275939941406
18.9208 ,8351533 ,-117 ,-5 ,0.0787963867188 ,-0.0247192382812 ,-0.951538085938 ,0.296203613281
18.9349 ,8352782 ,-117 ,-1 ,0.0575561523438 ,-0.0162963867188 ,-0.940612792969 ,0.334228515625
18.9593 ,8358228 ,-117 ,-7 ,0.0717163085938 ,-0.0147705078125 ,-0.937255859375 ,0.340942382812
18.9704 ,8359484 ,-116 ,-8 ,0.103149414062 ,6.103515625e-05 ,-0.923645019531 ,0.369140625
18.9849 ,8362785 ,-116 ,-8 ,0.113952636719 ,0.00323486328125 ,-0.917724609375 ,0.380554199219
18.9956 ,8373502 ,-115 ,-8 ,0.120910644531 ,0.0 ,-0.911926269531 ,0.39208984375
19.0064 ,8375588 ,-115 ,-8 ,0.117980957031 ,-0.001953125 ,-0.907165527344 ,0.403869628906
19.0173 ,8375768 ,-114 ,-7 ,0.107482910156 ,-0.0029296875 ,-0.902099609375 ,0.417907714844
19.0279 ,8376350 ,-113 ,-7 ,0.098876953125 ,-0.0001220703125 ,-0.896911621094 ,0.431030273438
19.0385 ,8376419 ,-113 ,-6 ,0.114990234375 ,0.0204467773438 ,-0.887878417969 ,0.445007324219
19.061 ,8379990 ,-114 ,-5 ,0.116577148438 ,0.0277709960938 ,-0.886840820312 ,0.4462890625
19.075 ,8381450 ,-114 ,-5 ,0.104614257812 ,0.0255126953125 ,-0.886169433594 ,0.45068359375
19.0858 ,8381450 ,-114 ,-6 ,0.0963134765625 ,0.0267333984375 ,-0.884216308594 ,0.456176757812
19.0964 ,8382467 ,-115 ,-6 ,0.0965576171875 ,0.033203125 ,-0.8818359375 ,0.460327148438
19.1072 ,8383706 ,-115 ,-6 ,0.100891113281 ,0.039306640625 ,-0.878540039062 ,0.465209960938
19.1179 ,8385246 ,-115 ,-6 ,0.100158691406 ,0.0388793945312 ,-0.875244140625 ,0.471618652344
19.1292 ,8388353 ,-115 ,-5 ,0.0922241210938 ,0.0337524414062 ,-0.872619628906 ,0.478454589844
19.1399 ,8388713 ,-115 ,-5 ,0.0819091796875 ,0.0305786132812 ,-0.866333007812 ,0.491821289062
19.1548 ,8390692 ,-115 ,-4 ,0.0897827148438 ,0.0372924804688 ,-0.863403320312 ,0.495056152344
19.1676 ,8389820 ,-115 ,-4 ,0.0977172851562 ,0.0426025390625 ,-0.861328125 ,0.496765136719
19.1785 ,8391478 ,-116 ,-4 ,0.0955200195312 ,0.0398559570312 ,-0.860412597656 ,0.498962402344
19.189 ,8391727 ,-116 ,-4 ,0.083984375 ,0.0305786132812 ,-0.860412597656 ,0.501647949219
19.1995 ,8394509 ,-116 ,-4 ,0.0728759765625 ,0.0230102539062 ,-0.860107421875 ,0.504333496094
19.2105 ,8391855 ,-116 ,-4 ,0.0750732421875 ,0.0255737304688 ,-0.860168457031 ,0.503845214844
19.2249 ,8390678 ,-117 ,-5 ,0.0758666992188 ,0.0259399414062 ,-0.859985351562 ,0.503967285156
19.2355 ,8390398 ,-117 ,-5 ,0.0690307617188 ,0.0198364257812 ,-0.85986328125 ,0.505493164062
19.246 ,8391232 ,-117 ,-6 ,0.0614013671875 ,0.0131225585938 ,-0.859558105469 ,0.507141113281
19.2565 ,8390765 ,-117 ,-6 ,0.061767578125 ,0.012939453125 ,-0.859375 ,0.507446289062
19.2676 ,8389042 ,-118 ,-7 ,0.0707397460938 ,0.0196533203125 ,-0.859619140625 ,0.505615234375
19.2792 ,8387076 ,-118 ,-8 ,0.0780639648438 ,0.0250244140625 ,-0.859985351562 ,0.503662109375
19.29 ,8386578 ,-118 ,-8 ,0.0651245117188 ,0.0135498046875 ,-0.861145019531 ,0.504028320312
19.3047 ,8387941 ,-118 ,-9 ,0.0559692382812 ,0.00634765625 ,-0.862182617188 ,0.50341796875
19.3172 ,8387104 ,-118 ,-10 ,0.0548706054688 ,0.005126953125 ,-0.863952636719 ,0.500549316406
19.3283 ,8385492 ,-119 ,-11 ,0.0579833984375 ,0.00726318359375 ,-0.865783691406 ,0.497009277344
19.3388 ,8382997 ,-119 ,-12 ,0.057373046875 ,0.00640869140625 ,-0.867248535156 ,0.494506835938
19.3494 ,8383035 ,-119 ,-12 ,0.051513671875 ,0.00146484375 ,-0.868408203125 ,0.493225097656
19.3604 ,8383100 ,-119 ,-13 ,0.044677734375 ,-0.0050048828125 ,-0.870483398438 ,0.490173339844
19.3746 ,8381661 ,-119 ,-13 ,0.04736328125 ,-0.0035400390625 ,-0.871765136719 ,0.487609863281
19.3852 ,8380668 ,-119 ,-13 ,0.0491333007812 ,-0.0028076171875 ,-0.872863769531 ,0.485534667969
19.3957 ,8379159 ,-119 ,-13 ,0.0462036132812 ,-0.0052490234375 ,-0.873718261719 ,0.484191894531
19.4063 ,8378308 ,-119 ,-13 ,0.0397338867188 ,-0.0101318359375 ,-0.874389648438 ,0.483459472656
19.4172 ,8379287 ,-119 ,-13 ,0.0330810546875 ,-0.0151977539062 ,-0.875061035156 ,0.482604980469
19.4281 ,8379035 ,-119 ,-13 ,0.0230102539062 ,-0.0219116210938 ,-0.877685546875 ,0.478210449219
19.4479 ,8376360 ,-118 ,-13 ,0.0180053710938 ,-0.0248413085938 ,-0.87939453125 ,0.47509765625
19.4587 ,8375055 ,-118 ,-13 ,0.0125122070312 ,-0.0280151367188 ,-0.881103515625 ,0.471923828125
19.4697 ,8374491 ,-118 ,-13 ,0.0064697265625 ,-0.0311279296875 ,-0.882507324219 ,0.469177246094
19.4804 ,8373450 ,-118 ,-13 ,-0.00726318359375 ,-0.0368041992188 ,-0.885192871094 ,0.463684082031
19.4949 ,8373668 ,-118 ,-13 ,-0.0150146484375 ,-0.0383911132812 ,-0.886840820312 ,0.460205078125
19.5057 ,8370343 ,-117 ,-14 ,-0.0228881835938 ,-0.0385131835938 ,-0.888671875 ,0.456298828125
19.5189 ,8368470 ,-117 ,-14 ,-0.0302734375 ,-0.0372314453125 ,-0.89453125 ,0.444396972656
19.5292 ,8365086 ,-116 ,-14 ,-0.037841796875 ,-0.035400390625 ,-0.897094726562 ,0.438781738281
19.5398 ,8362861 ,-115 ,-14 ,-0.046875 ,-0.03369140625 ,-0.900024414062 ,0.432006835938
19.5506 ,8361699 ,-114 ,-14 ,-0.0714721679688 ,-0.0302124023438 ,-0.906982421875 ,0.413940429688
19.5678 ,8355287 ,-113 ,-14 ,-0.087158203125 ,-0.0282592773438 ,-0.910827636719 ,0.402526855469
19.5784 ,8353827 ,-112 ,-14 ,-0.105224609375 ,-0.0260620117188 ,-0.914672851562 ,0.389404296875
19.5893 ,8352173 ,-111 ,-15 ,-0.1259765625 ,-0.0236206054688 ,-0.918273925781 ,0.374633789062
19.6002 ,8352173 ,-110 ,-16 ,-0.173095703125 ,-0.0169677734375 ,-0.923950195312 ,0.340698242188
19.6175 ,8349519 ,-107 ,-16 ,-0.196594238281 ,-0.012451171875 ,-0.925537109375 ,0.323425292969
19.6281 ,8349204 ,-107 ,-16 ,-0.218322753906 ,-0.00677490234375 ,-0.926696777344 ,0.305908203125
19.6387 ,8347636 ,-107 ,-16 ,-0.23779296875 ,0.0008544921875 ,-0.928039550781 ,0.286743164062
19.6494 ,8347138 ,-107 ,-16 ,-0.253662109375 ,0.00958251953125 ,-0.929992675781 ,0.265808105469
19.6604 ,8347339 ,-107 ,-16 ,-0.272338867188 ,0.0281372070312 ,-0.936401367188 ,0.219421386719
19.6746 ,8348778 ,-108 ,-15 ,-0.275817871094 ,0.0364990234375 ,-0.941223144531 ,0.191589355469
19.6851 ,8348944 ,-108 ,-14 ,-0.275756835938 ,0.0437622070312 ,-0.946594238281 ,0.1611328125
19.6956 ,8351546 ,-108 ,-13 ,-0.271850585938 ,0.0506591796875 ,-0.952087402344 ,0.130493164062
19.706 ,8352107 ,-108 ,-11 ,-0.262878417969 ,0.0555419921875 ,-0.9580078125 ,0.099853515625
19.7177 ,8353671 ,-109 ,-8 ,-0.2490234375 ,0.0565795898438 ,-0.964538574219 ,0.0662841796875
19.7283 ,8357931 ,-110 ,-5 ,-0.231872558594 ,0.057861328125 ,-0.970336914062 ,0.0357666015625
19.7392 ,8361017 ,-110 ,-2 ,-0.211242675781 ,0.0582275390625 ,-0.975646972656 ,0.00640869140625
19.7502 ,8363692 ,-111 ,1 ,-0.167114257812 ,0.04541015625 ,-0.983337402344 ,-0.0548706054688
19.7674 ,8370571 ,-111 ,6 ,-0.143798828125 ,0.035400390625 ,-0.985412597656 ,-0.0840454101562
19.7787 ,8371311 ,-111 ,8 ,-0.1201171875 ,0.0216064453125 ,-0.986450195312 ,-0.109497070312
19.7893 ,8375024 ,-112 ,11 ,-0.0986938476562 ,0.00830078125 ,-0.986206054688 ,-0.1328125
19.8006 ,8376869 ,-112 ,14 ,-0.0693969726562 ,-0.0228271484375 ,-0.982238769531 ,-0.172729492188
19.8173 ,8383045 ,-112 ,16 ,-0.0595092773438 ,-0.0361938476562 ,-0.979248046875 ,-0.1904296875
19.8281 ,8384083 ,-112 ,17 ,-0.0492553710938 ,-0.0478515625 ,-0.976257324219 ,-0.205322265625
19.8388 ,8384353 ,-112 ,18 ,-0.036376953125 ,-0.0594482421875 ,-0.973571777344 ,-0.217407226562
19.8493 ,8384229 ,-112 ,19 ,-0.0219116210938 ,-0.069580078125 ,-0.970886230469 ,-0.228210449219
19.8603 ,8381869 ,-112 ,20 ,-0.0081787109375 ,-0.0783081054688 ,-0.968322753906 ,-0.236999511719
19.8708 ,8378273 ,-112 ,20 ,0.00836181640625 ,-0.0894165039062 ,-0.963928222656 ,-0.250427246094
19.8848 ,8372896 ,-112 ,19 ,0.00885009765625 ,-0.0902099609375 ,-0.962707519531 ,-0.255004882812
19.8955 ,8367128 ,-113 ,19 ,0.005859375 ,-0.0892944335938 ,-0.961791992188 ,-0.258850097656
19.9062 ,8365010 ,-113 ,18 ,0.0 ,-0.087158203125 ,-0.961242675781 ,-0.261474609375
19.9183 ,8354398 ,-113 ,17 ,-0.008544921875 ,-0.0833129882812 ,-0.961181640625 ,-0.262817382812
19.9294 ,8349761 ,-113 ,16 ,-0.0202026367188 ,-0.078369140625 ,-0.961181640625 ,-0.263793945312
19.9404 ,8346442 ,-114 ,14 ,-0.05322265625 ,-0.0667114257812 ,-0.960205078125 ,-0.266052246094
19.9551 ,8342681 ,-114 ,12 ,-0.0748291015625 ,-0.0587768554688 ,-0.958679199219 ,-0.26806640625
19.9676 ,8342176 ,-115 ,10 ,-0.099365234375 ,-0.04736328125 ,-0.956909179688 ,-0.268676757812
19.9791 ,8342093 ,-115 ,8 ,-0.124328613281 ,-0.0308227539062 ,-0.955444335938 ,-0.265869140625
19.9898 ,8341892 ,-116 ,7 ,-0.147827148438 ,-0.0067138671875 ,-0.954956054688 ,-0.25732421875
20.0008 ,8342079 ,-116 ,6 ,-0.174926757812 ,0.0346069335938 ,-0.957824707031 ,-0.225280761719
20.0178 ,8341446 ,-117 ,6 ,-0.167297363281 ,0.0306396484375 ,-0.964904785156 ,-0.2001953125
20.0284 ,8340674 ,-117 ,5 ,-0.143310546875 ,0.0125732421875 ,-0.975036621094 ,-0.169189453125
20.0388 ,8341204 ,-117 ,5 ,-0.10400390625 ,-0.0086669921875 ,-0.985656738281 ,-0.132751464844
20.0498 ,8340871 ,-118 ,4 ,-0.0614624023438 ,-0.0186767578125 ,-0.994140625 ,-0.0868530273438
20.061 ,8341162 ,-118 ,3 ,-0.001220703125 ,-0.0257568359375 ,-0.999633789062 ,0.0093994140625
20.0749 ,8341678 ,-118 ,2 ,0.0162963867188 ,-0.0217895507812 ,-0.998657226562 ,0.044189453125
20.0859 ,8342550 ,-118 ,1 ,0.0280151367188 ,-0.0154418945312 ,-0.996948242188 ,0.071044921875
20.0965 ,8344650 ,-118 ,0 ,0.0386352539062 ,-0.00830078125 ,-0.994262695312 ,0.0995483398438
20.1073 ,8345069 ,-118 ,-1 ,0.0546264648438 ,-0.00958251953125 ,-0.988586425781 ,0.140258789062
20.1184 ,8345491 ,-118 ,-2 ,0.0755004882812 ,-0.0256958007812 ,-0.980163574219 ,0.181579589844
20.1295 ,8351325 ,-118 ,-3 ,0.0972290039062 ,-0.0477294921875 ,-0.972351074219 ,0.206848144531
20.1405 ,8354896 ,-118 ,-4 ,0.105224609375 ,-0.020751953125 ,-0.972106933594 ,0.208618164062
20.1551 ,8358363 ,-118 ,-5 ,0.0961303710938 ,0.001953125 ,-0.966247558594 ,0.239074707031
20.1675 ,8358872 ,-117 ,-5 ,0.110412597656 ,-0.00506591796875 ,-0.959045410156 ,0.260864257812
20.1781 ,8361156 ,-117 ,-6 ,0.131652832031 ,0.007568359375 ,-0.953796386719 ,0.27001953125
20.1889 ,8364062 ,-117 ,-6 ,0.151794433594 ,0.0214233398438 ,-0.9443359375 ,0.291137695312
20.1996 ,8370073 ,-117 ,-6 ,0.169189453125 ,0.0188598632812 ,-0.937744140625 ,0.302795410156
20.2107 ,8374308 ,-116 ,-6 ,0.160705566406 ,0.0078125 ,-0.930114746094 ,0.330078125
20.2256 ,8378360 ,-116 ,-6 ,0.13818359375 ,0.00439453125 ,-0.928588867188 ,0.344421386719
20.2363 ,8377626 ,-115 ,-5 ,0.115844726562 ,-0.00146484375 ,-0.925537109375 ,0.360473632812
20.2471 ,8375374 ,-115 ,-5 ,0.101928710938 ,0.00225830078125 ,-0.92041015625 ,0.377380371094
20.2578 ,8375100 ,-115 ,-5 ,0.108947753906 ,0.00604248046875 ,-0.916076660156 ,0.385925292969
20.2687 ,8376360 ,-115 ,-4 ,0.120300292969 ,0.0172729492188 ,-0.912170410156 ,0.391357421875
20.2795 ,8378609 ,-114 ,-4 ,0.127502441406 ,0.0221557617188 ,-0.910827636719 ,0.392028808594
20.2905 ,8379959 ,-114 ,-4 ,0.12353515625 ,0.028076171875 ,-0.908874511719 ,0.397399902344
20.305 ,8381291 ,-115 ,-4 ,0.120727539062 ,0.0357055664062 ,-0.906616210938 ,0.402648925781
20.3176 ,8381142 ,-115 ,-4 ,0.125732421875 ,0.042724609375 ,-0.903747558594 ,0.406982421875
20.3287 ,8382703 ,-115 ,-3 ,0.130187988281 ,0.0471801757812 ,-0.901184082031 ,0.410705566406
20.3395 ,8384530 ,-115 ,-3 ,0.124938964844 ,0.0426025390625 ,-0.900024414062 ,0.415344238281
20.3505 ,8386298 ,-115 ,-2 ,0.0897216796875 ,0.0221557617188 ,-0.896728515625 ,0.432800292969
20.3674 ,8386761 ,-115 ,-2 ,0.0819702148438 ,0.0186157226562 ,-0.89453125 ,0.439025878906
20.3782 ,8385284 ,-116 ,-2 ,0.0866088867188 ,0.0230102539062 ,-0.892395019531 ,0.442260742188
20.3889 ,8383509 ,-116 ,-2 ,0.0950317382812 ,0.027587890625 ,-0.890930175781 ,0.443237304688
20.3996 ,8384363 ,-116 ,-3 ,0.0965576171875 ,0.026123046875 ,-0.890075683594 ,0.444641113281
20.4108 ,8385014 ,-117 ,-3 ,0.08056640625 ,0.014892578125 ,-0.888916015625 ,0.450744628906
20.4254 ,8384979 ,-117 ,-3 ,0.0880737304688 ,0.0215454101562 ,-0.88916015625 ,0.448547363281
20.4451 ,8380346 ,-118 ,-4 ,0.0908813476562 ,0.02392578125 ,-0.889892578125 ,0.446411132812
20.4557 ,8380453 ,-118 ,-4 ,0.0846557617188 ,0.0186767578125 ,-0.890258789062 ,0.447143554688
20.4679 ,8382976 ,-118 ,-5 ,0.0748291015625 ,0.0108642578125 ,-0.890563964844 ,0.448608398438
20.4791 ,8382976 ,-118 ,-6 ,0.0721435546875 ,0.00848388671875 ,-0.892395019531 ,0.445434570312
20.4952 ,8380516 ,-119 ,-6 ,0.0774536132812 ,0.0116577148438 ,-0.893920898438 ,0.441345214844
20.506 ,8378329 ,-119 ,-7 ,0.0774536132812 ,0.0109252929688 ,-0.895080566406 ,0.438903808594
20.5175 ,8379049 ,-119 ,-8 ,0.0707397460938 ,0.0054931640625 ,-0.895935058594 ,0.438537597656
20.5286 ,8379907 ,-119 ,-8 ,0.06298828125 ,-0.0009765625 ,-0.896606445312 ,0.438354492188
20.5393 ,8379491 ,-119 ,-9 ,0.0592651367188 ,-0.0042724609375 ,-0.897521972656 ,0.436889648438
20.5503 ,8378049 ,-119 ,-9 ,0.0596923828125 ,-0.00396728515625 ,-0.900512695312 ,0.4306640625
20.5675 ,8375741 ,-119 ,-10 ,0.0562744140625 ,-0.0064697265625 ,-0.901550292969 ,0.428955078125
20.578 ,8375834 ,-119 ,-10 ,0.0499877929688 ,-0.0109252929688 ,-0.902160644531 ,0.428344726562
20.5888 ,8376228 ,-119 ,-10 ,0.0447998046875 ,-0.0150756835938 ,-0.902770996094 ,0.427490234375
20.5996 ,8376664 ,-119 ,-11 ,0.0418090820312 ,-0.0175170898438 ,-0.90380859375 ,0.425537109375
20.6109 ,8373761 ,-119 ,-11 ,0.0357055664062 ,-0.0200805664062 ,-0.90673828125 ,0.419616699219
20.6254 ,8372747 ,-119 ,-11 ,0.0305786132812 ,-0.0224609375 ,-0.908081054688 ,0.417053222656
20.6364 ,8372664 ,-119 ,-11 ,0.0252685546875 ,-0.025390625 ,-0.909240722656 ,0.414733886719
20.6471 ,8372868 ,-118 ,-11 ,0.0197143554688 ,-0.028076171875 ,-0.910583496094 ,0.411926269531
20.6582 ,8372907 ,-118 ,-12 ,0.0139770507812 ,-0.0307006835938 ,-0.912170410156 ,0.408386230469
20.6691 ,8370761 ,-118 ,-12 ,0.00714111328125 ,-0.0328369140625 ,-0.914184570312 ,0.403930664062
20.6803 ,8370571 ,-118 ,-12 ,-0.0101928710938 ,-0.0360717773438 ,-0.918212890625 ,0.394226074219
20.6949 ,8369976 ,-114 ,-13 ,-0.062744140625 ,-0.0321655273438 ,-0.930603027344 ,0.359191894531
20.7492 ,8360533 ,-113 ,-13 ,-0.0740966796875 ,-0.0281982421875 ,-0.93408203125 ,0.348205566406
20.7599 ,8358194 ,-111 ,-13 ,-0.0861206054688 ,-0.02392578125 ,-0.937805175781 ,0.335510253906
20.7708 ,8358000 ,-110 ,-13 ,-0.1181640625 ,-0.0150146484375 ,-0.94482421875 ,0.305114746094
20.7853 ,8356917 ,-109 ,-15 ,-0.140197753906 ,-0.0096435546875 ,-0.947082519531 ,0.288696289062
20.7967 ,8357515 ,-106 ,-15 ,-0.164123535156 ,-0.004150390625 ,-0.948059082031 ,0.2724609375
20.8075 ,8357145 ,-106 ,-14 ,-0.186340332031 ,0.001220703125 ,-0.948425292969 ,0.256408691406
20.8187 ,8355868 ,-106 ,-14 ,-0.2041015625 ,0.009521484375 ,-0.948913574219 ,0.240356445312
20.8298 ,8354996 ,-107 ,-13 ,-0.214782714844 ,0.0198364257812 ,-0.950561523438 ,0.223327636719
20.8407 ,8355290 ,-107 ,-12 ,-0.213439941406 ,0.0408935546875 ,-0.958068847656 ,0.186889648438
20.855 ,8354470 ,-107 ,-10 ,-0.207275390625 ,0.049560546875 ,-0.962829589844 ,0.165832519531
20.8677 ,8354221 ,-107 ,-6 ,-0.201843261719 ,0.0537109375 ,-0.967163085938 ,0.144775390625
20.883 ,8354439 ,-108 ,-1 ,-0.203186035156 ,0.0530395507812 ,-0.972290039062 ,0.102844238281
20.8958 ,8354498 ,-108 ,3 ,-0.208618164062 ,0.0486450195312 ,-0.973449707031 ,0.0806884765625
20.907 ,8354498 ,-109 ,7 ,-0.21484375 ,0.041015625 ,-0.973999023438 ,0.0595092773438
20.9211 ,8354809 ,-109 ,10 ,-0.217712402344 ,0.0235595703125 ,-0.975646972656 ,0.0145874023438
20.9358 ,8355664 ,-110 ,14 ,-0.209777832031 ,0.01171875 ,-0.977661132812 ,-0.00885009765625
20.9464 ,8356332 ,-110 ,15 ,-0.197509765625 ,0.000244140625 ,-0.979797363281 ,-0.031005859375
20.957 ,8357204 ,-111 ,17 ,-0.183654785156 ,-0.0122680664062 ,-0.981384277344 ,-0.0548095703125
20.9681 ,8357740 ,-111 ,18 ,-0.17041015625 ,-0.0247192382812 ,-0.982421875 ,-0.0723876953125
20.9789 ,8358021 ,-111 ,19 ,-0.157775878906 ,-0.036376953125 ,-0.982604980469 ,-0.0906372070312
20.9894 ,8358837 ,-111 ,20 ,-0.146057128906 ,-0.0482177734375 ,-0.982482910156 ,-0.105224609375
21.0002 ,8359412 ,-111 ,21 ,-0.118835449219 ,-0.06640625 ,-0.981994628906 ,-0.131103515625
21.0175 ,8358318 ,-112 ,21 ,-0.102844238281 ,-0.0744018554688 ,-0.981811523438 ,-0.141174316406
21.0284 ,8357135 ,-112 ,20 ,-0.086669921875 ,-0.0798950195312 ,-0.9814453125 ,-0.151306152344
21.0389 ,8354578 ,-112 ,20 ,-0.0736083984375 ,-0.0835571289062 ,-0.980834960938 ,-0.159851074219
21.0496 ,8352003 ,-112 ,19 ,-0.0670166015625 ,-0.0842895507812 ,-0.980163574219 ,-0.16650390625
21.0605 ,8349432 ,-112 ,18 ,-0.075927734375 ,-0.0770263671875 ,-0.976501464844 ,-0.186340332031
21.0747 ,8346989 ,-112 ,17 ,-0.085205078125 ,-0.0712280273438 ,-0.975708007812 ,-0.188903808594
21.085 ,8345456 ,-113 ,16 ,-0.0951538085938 ,-0.0650634765625 ,-0.974975585938 ,-0.190246582031
21.0956 ,8345363 ,-113 ,11 ,-0.124694824219 ,-0.0398559570312 ,-0.973510742188 ,-0.187438964844
21.1256 ,8342678 ,-114 ,10 ,-0.132019042969 ,-0.0263671875 ,-0.973876953125 ,-0.182678222656
21.1364 ,8343377 ,-114 ,8 ,-0.138000488281 ,-0.00927734375 ,-0.974731445312 ,-0.175354003906
21.1473 ,8342629 ,-114 ,7 ,-0.140380859375 ,0.00592041015625 ,-0.976318359375 ,-0.164428710938
21.1579 ,8343328 ,-115 ,6 ,-0.136840820312 ,0.0127563476562 ,-0.979125976562 ,-0.149841308594
21.169 ,8342474 ,-115 ,5 ,-0.123840332031 ,0.01171875 ,-0.983154296875 ,-0.1337890625
21.1802 ,8342747 ,-115 ,4 ,-0.0751953125 ,0.00323486328125 ,-0.992492675781 ,-0.0964965820312
21.1948 ,8342453 ,-116 ,4 ,-0.05322265625 ,-0.00390625 ,-0.995666503906 ,-0.075927734375
21.2057 ,8341460 ,-116 ,3 ,-0.0346069335938 ,-0.00909423828125 ,-0.997619628906 ,-0.0585327148438
21.2175 ,8342871 ,-117 ,2 ,-0.0198364257812 ,-0.00946044921875 ,-0.998840332031 ,-0.0430297851562
21.2286 ,8343484 ,-117 ,1 ,-0.0057373046875 ,-0.00897216796875 ,-0.999572753906 ,-0.0263061523438
21.2391 ,8343401 ,-117 ,1 ,0.00933837890625 ,-0.00946044921875 ,-0.999877929688 ,-0.007568359375
21.2499 ,8345079 ,-118 ,0 ,0.0274047851562 ,-0.010986328125 ,-0.999450683594 ,0.0156860351562
21.2607 ,8347259 ,-118 ,-1 ,0.0697631835938 ,-0.0250854492188 ,-0.995788574219 ,0.0533447265625
21.2749 ,8348093 ,-118 ,-2 ,0.0912475585938 ,-0.0269165039062 ,-0.993835449219 ,0.0564575195312
21.2856 ,8351432 ,-118 ,-3 ,0.105163574219 ,-0.016357421875 ,-0.992553710938 ,0.0597534179688
21.2963 ,8351432 ,-118 ,-4 ,0.110900878906 ,0.0009765625 ,-0.9912109375 ,0.0723876953125
21.3068 ,8356121 ,-118 ,-5 ,0.11669921875 ,0.0103759765625 ,-0.989318847656 ,0.08642578125
21.3173 ,8357650 ,-118 ,-6 ,0.131774902344 ,0.0108642578125 ,-0.986877441406 ,0.0927734375
21.3278 ,8360591 ,-118 ,-7 ,0.153198242188 ,0.0196533203125 ,-0.982360839844 ,0.105529785156
21.3383 ,8360591 ,-118 ,-7 ,0.1767578125 ,0.0272827148438 ,-0.976745605469 ,0.117980957031
21.3491 ,8366329 ,-118 ,-8 ,0.199462890625 ,0.0283813476562 ,-0.971923828125 ,0.121520996094
21.3599 ,8369602 ,-118 ,-8 ,0.213500976562 ,0.0314331054688 ,-0.968078613281 ,0.127258300781
21.3707 ,8371917 ,-118 ,-8 ,0.211669921875 ,0.0300903320312 ,-0.966613769531 ,0.141296386719
21.385 ,8373000 ,-117 ,-9 ,0.200988769531 ,0.0307006835938 ,-0.966918945312 ,0.153930664062
21.3958 ,8371723 ,-117 ,-8 ,0.198974609375 ,0.0338134765625 ,-0.966064453125 ,0.161254882812
21.4067 ,8371491 ,-117 ,-8 ,0.212219238281 ,0.0392456054688 ,-0.962280273438 ,0.165771484375
21.4172 ,8370401 ,-117 ,-8 ,0.231384277344 ,0.0462036132812 ,-0.957214355469 ,0.167663574219
21.4281 ,8370934 ,-116 ,-7 ,0.239196777344 ,0.0486450195312 ,-0.954467773438 ,0.171325683594
21.4387 ,8370934 ,-116 ,-6 ,0.227111816406 ,0.0457763671875 ,-0.956176757812 ,0.178955078125
21.4495 ,8371069 ,-116 ,-6 ,0.199829101562 ,0.0408325195312 ,-0.960815429688 ,0.187866210938
21.4606 ,8370768 ,-116 ,-6 ,0.147705078125 ,0.0314331054688 ,-0.968139648438 ,0.199890136719
21.4746 ,8370156 ,-114 ,-1 ,0.128112792969 ,0.0247192382812 ,-0.965026855469 ,0.227233886719
21.528 ,8370391 ,-114 ,0 ,0.118408203125 ,0.0216064453125 ,-0.965087890625 ,0.232543945312
21.5384 ,8366453 ,-115 ,-14 ,0.0418701171875 ,-0.0223999023438 ,-0.976623535156 ,0.209533691406
21.8673 ,8369003 ,-118 ,-15 ,0.0348510742188 ,-0.02392578125 ,-0.977355957031 ,0.207214355469
21.8779 ,8369526 ,-117 ,-15 ,0.02685546875 ,-0.0254516601562 ,-0.978210449219 ,0.204284667969
21.8888 ,8369529 ,-117 ,-16 ,0.020263671875 ,-0.0264282226562 ,-0.979187011719 ,0.2001953125
21.8996 ,8368671 ,-117 ,-16 ,0.0159301757812 ,-0.0267333984375 ,-0.980285644531 ,0.195190429688
21.9105 ,8368868 ,-117 ,-16 ,0.00677490234375 ,-0.0269775390625 ,-0.983337402344 ,0.179626464844
21.9246 ,8370256 ,-116 ,-17 ,-0.001708984375 ,-0.0269165039062 ,-0.984069824219 ,0.175598144531
21.9354 ,8370187 ,-115 ,-17 ,-0.0120849609375 ,-0.0262451171875 ,-0.984680175781 ,0.171936035156
21.9459 ,8370443 ,-115 ,-17 ,-0.0220336914062 ,-0.0244140625 ,-0.985229492188 ,0.168212890625
21.9568 ,8370270 ,-114 ,-17 ,-0.0303344726562 ,-0.0211791992188 ,-0.985717773438 ,0.164428710938
21.9684 ,8370689 ,-113 ,-16 ,-0.0369873046875 ,-0.0172119140625 ,-0.986999511719 ,0.155334472656
21.9791 ,8371232 ,-112 ,-16 ,-0.04296875 ,-0.0126953125 ,-0.987731933594 ,0.149536132812
21.9896 ,8373467 ,-111 ,-15 ,-0.0498046875 ,-0.00762939453125 ,-0.988525390625 ,0.142578125
22.0003 ,8373149 ,-110 ,-14 ,-0.06884765625 ,0.0040283203125 ,-0.989685058594 ,0.125732421875
22.0182 ,8374516 ,-109 ,-12 ,-0.0802001953125 ,0.0104370117188 ,-0.990051269531 ,0.115051269531
22.0284 ,8375657 ,-108 ,6 ,-0.0867309570312 ,0.0119018554688 ,-0.995910644531 ,0.0232543945312
22.1055 ,8373689 ,-110 ,8 ,-0.0733032226562 ,0.0003662109375 ,-0.997253417969 ,0.00823974609375
22.1174 ,8372640 ,-111 ,11 ,-0.0612182617188 ,-0.0128784179688 ,-0.997985839844 ,-0.0084228515625
22.1279 ,8372900 ,-112 ,13 ,-0.0514526367188 ,-0.0263671875 ,-0.998046875 ,-0.0244140625
22.1386 ,8372135 ,-112 ,16 ,-0.0431518554688 ,-0.041015625 ,-0.997314453125 ,-0.0428466796875
22.1494 ,8372301 ,-112 ,19 ,-0.0374145507812 ,-0.0563354492188 ,-0.996032714844 ,-0.057861328125
22.1608 ,8371744 ,-112 ,21 ,-0.0283203125 ,-0.0840454101562 ,-0.991882324219 ,-0.0912475585938
22.1748 ,8371491 ,-112 ,22 ,-0.0210571289062 ,-0.0966796875 ,-0.989318847656 ,-0.106872558594
22.1856 ,8371194 ,-112 ,23 ,-0.0127563476562 ,-0.107177734375 ,-0.986999511719 ,-0.119140625
22.1961 ,8369855 ,-112 ,23 ,-0.0040283203125 ,-0.115417480469 ,-0.984680175781 ,-0.130554199219
22.2066 ,8368609 ,-112 ,23 ,0.00494384765625 ,-0.121704101562 ,-0.982299804688 ,-0.142150878906
22.2186 ,8365924 ,-112 ,23 ,0.0115966796875 ,-0.126220703125 ,-0.978820800781 ,-0.160949707031
22.2294 ,8362436 ,-112 ,23 ,0.01806640625 ,-0.127685546875 ,-0.977111816406 ,-0.169311523438
22.2403 ,8360066 ,-112 ,22 ,0.0267944335938 ,-0.126586914062 ,-0.974487304688 ,-0.183410644531
22.2546 ,8355633 ,-113 ,21 ,0.02685546875 ,-0.122741699219 ,-0.973937988281 ,-0.188903808594
22.2675 ,8350941 ,-113 ,19 ,0.0232543945312 ,-0.117858886719 ,-0.973693847656 ,-0.193725585938
22.2788 ,8346508 ,-113 ,18 ,0.0177612304688 ,-0.111328125 ,-0.973937988281 ,-0.196899414062
22.2895 ,8345197 ,-113 ,16 ,0.0115966796875 ,-0.103210449219 ,-0.974487304688 ,-0.198852539062
22.3008 ,8342913 ,-114 ,15 ,-0.00372314453125 ,-0.083740234375 ,-0.976623535156 ,-0.198059082031
22.3179 ,8342477 ,-114 ,13 ,-0.0144653320312 ,-0.0719604492188 ,-0.97802734375 ,-0.195129394531
22.3297 ,8341982 ,-114 ,11 ,-0.0278930664062 ,-0.0580444335938 ,-0.9794921875 ,-0.190795898438
22.3411 ,8342799 ,-115 ,9 ,-0.054443359375 ,-0.019775390625 ,-0.9833984375 ,-0.171997070312
22.3554 ,8342913 ,-115 ,7 ,-0.0615844726562 ,-0.005615234375 ,-0.986694335938 ,-0.150390625
22.3679 ,8343764 ,-115 ,6 ,-0.0593872070312 ,-0.00115966796875 ,-0.990905761719 ,-0.120910644531
22.3787 ,8343214 ,-115 ,5 ,-0.043701171875 ,-0.00286865234375 ,-0.994995117188 ,-0.0895385742188
22.3899 ,8343020 ,-115 ,4 ,-0.0178833007812 ,-0.007080078125 ,-0.997802734375 ,-0.06298828125
22.4011 ,8343093 ,-115 ,3 ,0.0331420898438 ,-0.0150756835938 ,-0.999145507812 ,-0.0202026367188
22.4178 ,8343719 ,-116 ,2 ,0.0491943359375 ,-0.0106201171875 ,-0.998718261719 ,0.00286865234375
22.4292 ,8344840 ,-116 ,1 ,0.0586547851562 ,-0.00433349609375 ,-0.997802734375 ,0.029541015625
22.4412 ,8348550 ,-116 ,0 ,0.066162109375 ,-0.00152587890625 ,-0.99462890625 ,0.0797119140625
22.4555 ,8351128 ,-116 ,-1 ,0.0723266601562 ,-0.0054931640625 ,-0.992980957031 ,0.0931396484375
22.4677 ,8353709 ,-116 ,-2 ,0.0799560546875 ,-0.0010986328125 ,-0.991394042969 ,0.103393554688
22.4795 ,8356007 ,-116 ,-3 ,0.0916748046875 ,0.0115356445312 ,-0.988647460938 ,0.118591308594
22.4908 ,8355588 ,-116 ,-3 ,0.140563964844 ,0.017333984375 ,-0.980285644531 ,0.137756347656
22.5052 ,8357290 ,-116 ,-4 ,0.165466308594 ,0.0272216796875 ,-0.974548339844 ,0.14892578125
22.5177 ,8359467 ,-116 ,-5 ,0.184875488281 ,0.03076171875 ,-0.969299316406 ,0.159057617188
22.5287 ,8359467 ,-116 ,-5 ,0.195983886719 ,0.0294189453125 ,-0.965881347656 ,0.166748046875
22.5407 ,8361671 ,-115 ,-5 ,0.189697265625 ,0.0263061523438 ,-0.963684082031 ,0.186157226562
22.5553 ,8360190 ,-115 ,-5 ,0.177978515625 ,0.0240478515625 ,-0.964111328125 ,0.195495605469
22.5678 ,8359290 ,-115 ,-5 ,0.166015625 ,0.0219116210938 ,-0.964172363281 ,0.205688476562
22.5788 ,8356422 ,-114 ,-5 ,0.158508300781 ,0.0216064453125 ,-0.9638671875 ,0.213073730469
22.5895 ,8356422 ,-114 ,-4 ,0.157592773438 ,0.0228271484375 ,-0.961975097656 ,0.221923828125
22.6004 ,8355778 ,-113 ,-4 ,0.15478515625 ,0.0233154296875 ,-0.958557128906 ,0.237976074219
22.6181 ,8355304 ,-113 ,-3 ,0.134460449219 ,0.01708984375 ,-0.959655761719 ,0.246276855469
22.6297 ,8355304 ,-113 ,-2 ,0.114074707031 ,0.0108642578125 ,-0.960266113281 ,0.254516601562
22.6407 ,8354411 ,-112 ,-1 ,0.0684204101562 ,0.00054931640625 ,-0.961730957031 ,0.265441894531
22.655 ,8355052 ,-112 ,-1 ,0.054443359375 ,-0.00286865234375 ,-0.961303710938 ,0.269958496094
22.6674 ,8355356 ,-112 ,0 ,0.0543212890625 ,-0.00048828125 ,-0.960083007812 ,0.274291992188
22.6787 ,8356785 ,-113 ,1 ,0.0541381835938 ,0.001953125 ,-0.958862304688 ,0.278625488281
22.6896 ,8356806 ,-113 ,1 ,0.060546875 ,0.0030517578125 ,-0.957214355469 ,0.282897949219
22.7009 ,8357726 ,-113 ,2 ,0.0709228515625 ,0.0054931640625 ,-0.95458984375 ,0.289367675781
22.7178 ,8356495 ,-113 ,2 ,0.0634765625 ,0.000244140625 ,-0.953735351562 ,0.293762207031
22.7294 ,8356304 ,-113 ,2 ,0.0559692382812 ,-0.00506591796875 ,-0.952880859375 ,0.298156738281
22.7403 ,8355169 ,-113 ,2 ,0.0367431640625 ,-0.016845703125 ,-0.951843261719 ,0.303833007812
22.7548 ,8353207 ,-113 ,1 ,0.0302734375 ,-0.021240234375 ,-0.951293945312 ,0.306091308594
22.7672 ,8352764 ,-113 ,1 ,0.024658203125 ,-0.0235595703125 ,-0.951171875 ,0.306762695312
22.7781 ,8352453 ,-112 ,1 ,0.01904296875 ,-0.02587890625 ,-0.951049804688 ,0.307434082031
22.7887 ,8351816 ,-112 ,0 ,0.0146484375 ,-0.0291748046875 ,-0.951354980469 ,0.306335449219
22.7994 ,8351616 ,-112 ,0 ,0.0093994140625 ,-0.0314331054688 ,-0.951965332031 ,0.304443359375
22.8104 ,8351370 ,-112 ,-1 ,6.103515625e-05 ,-0.0360717773438 ,-0.953125 ,0.300415039062
22.8246 ,8351512 ,-112 ,-1 ,-0.0040283203125 ,-0.0385131835938 ,-0.953674316406 ,0.298278808594
22.836 ,8351117 ,-112 ,-1 ,-0.00579833984375 ,-0.0386962890625 ,-0.954528808594 ,0.295593261719
22.8465 ,8351048 ,-112 ,-2 ,-0.00701904296875 ,-0.0394287109375 ,-0.955139160156 ,0.29345703125
22.8574 ,8350346 ,-112 ,-2 ,-0.00897216796875 ,-0.040283203125 ,-0.955810546875 ,0.291076660156
22.8686 ,8350124 ,-112 ,-3 ,-0.0121459960938 ,-0.041015625 ,-0.956359863281 ,0.289001464844
22.8794 ,8349370 ,-112 ,-3 ,-0.0165405273438 ,-0.042724609375 ,-0.95654296875 ,0.288024902344
22.8907 ,8349401 ,-113 ,-4 ,-0.0269165039062 ,-0.0475463867188 ,-0.956481933594 ,0.286682128906
22.9047 ,8349401 ,-113 ,-5 ,-0.0308837890625 ,-0.04931640625 ,-0.956420898438 ,0.286071777344
22.9186 ,8350048 ,-113 ,-6 ,-0.0333862304688 ,-0.0501708984375 ,-0.959228515625 ,0.276123046875
22.9298 ,8349823 ,-113 ,-6 ,-0.0337524414062 ,-0.0509033203125 ,-0.959655761719 ,0.274475097656
22.9405 ,8349823 ,-114 ,-7 ,-0.03271484375 ,-0.0503540039062 ,-0.960815429688 ,0.270568847656
22.9548 ,8350010 ,-114 ,-8 ,-0.0332641601562 ,-0.0503540039062 ,-0.96142578125 ,0.268371582031
22.9685 ,8350318 ,-114 ,-8 ,-0.0357666015625 ,-0.0504760742188 ,-0.964050292969 ,0.258483886719
22.979 ,8349605 ,-115 ,-9 ,-0.0393676757812 ,-0.0510864257812 ,-0.964233398438 ,0.257019042969
22.99 ,8349854 ,-115 ,-9 ,-0.0477294921875 ,-0.0537719726562 ,-0.96435546875 ,0.254638671875
23.0046 ,8350218 ,-115 ,-10 ,-0.0507202148438 ,-0.0550537109375 ,-0.964294433594 ,0.253967285156
23.0182 ,8350287 ,-116 ,-10 ,-0.052734375 ,-0.0553588867188 ,-0.966491699219 ,0.244934082031
23.0295 ,8349311 ,-116 ,-10 ,-0.0530395507812 ,-0.0555419921875 ,-0.966674804688 ,0.244079589844
23.0405 ,8350456 ,-116 ,-11 ,-0.0538330078125 ,-0.0555419921875 ,-0.967163085938 ,0.242004394531
23.0547 ,8349692 ,-116 ,-11 ,-0.0558471679688 ,-0.0557861328125 ,-0.967468261719 ,0.240478515625
23.0686 ,8349346 ,-116 ,-11 ,-0.0599365234375 ,-0.0558471679688 ,-0.969482421875 ,0.231079101562
23.08 ,8349650 ,-116 ,-12 ,-0.0712280273438 ,-0.0579833984375 ,-0.969787597656 ,0.225952148438
23.095 ,8350242 ,-116 ,-12 ,-0.0780029296875 ,-0.0595092773438 ,-0.969909667969 ,0.222778320312
23.106 ,8349287 ,-116 ,-12 ,-0.0851440429688 ,-0.0609130859375 ,-0.970092773438 ,0.219055175781
23.1185 ,8350280 ,-115 ,-12 ,-0.0927734375 ,-0.0613403320312 ,-0.971862792969 ,0.207641601562
23.13 ,8349827 ,-115 ,-13 ,-0.106323242188 ,-0.060546875 ,-0.972595214844 ,0.197692871094
23.1452 ,8350706 ,-115 ,-13 ,-0.112731933594 ,-0.0584716796875 ,-0.973083496094 ,0.192138671875
23.1563 ,8349944 ,-114 ,-13 ,-0.119018554688 ,-0.0555419921875 ,-0.973571777344 ,0.186706542969
23.1686 ,8350041 ,-114 ,-12 ,-0.126037597656 ,-0.051025390625 ,-0.974853515625 ,0.176391601562
23.1797 ,8349785 ,-114 ,-12 ,-0.134155273438 ,-0.046630859375 ,-0.974914550781 ,0.171325683594
23.1906 ,8351422 ,-113 ,-12 ,-0.15478515625 ,-0.0364990234375 ,-0.974060058594 ,0.160949707031
23.2048 ,8351387 ,-112 ,-11 ,-0.165222167969 ,-0.0299682617188 ,-0.973510742188 ,0.1552734375
23.2186 ,8351775 ,-111 ,-9 ,-0.17431640625 ,-0.0218505859375 ,-0.9736328125 ,0.145385742188
23.2301 ,8353470 ,-110 ,-7 ,-0.1875 ,-0.0079345703125 ,-0.973327636719 ,0.131896972656
23.2448 ,8355062 ,-110 ,-3 ,-0.192199707031 ,-0.001953125 ,-0.973266601562 ,0.125610351562
23.2562 ,8355882 ,-108 ,1 ,-0.195068359375 ,0.00225830078125 ,-0.973449707031 ,0.119689941406
23.2689 ,8357114 ,-108 ,5 ,-0.195861816406 ,0.003662109375 ,-0.974304199219 ,0.111389160156
23.281 ,8358249 ,-108 ,8 ,-0.194763183594 ,-0.0030517578125 ,-0.9755859375 ,0.101440429688
23.2957 ,8359692 ,-109 ,11 ,-0.189453125 ,-0.0115356445312 ,-0.977233886719 ,0.094970703125
23.3068 ,8361432 ,-109 ,13 ,-0.179992675781 ,-0.0213623046875 ,-0.979614257812 ,0.0866088867188
23.3182 ,8361785 ,-109 ,16 ,-0.167297363281 ,-0.0332641601562 ,-0.982299804688 ,0.0775146484375
23.3293 ,8362100 ,-109 ,18 ,-0.154846191406 ,-0.0458374023438 ,-0.984558105469 ,0.0676879882812
23.3405 ,8362931 ,-110 ,22 ,-0.138977050781 ,-0.0733642578125 ,-0.986572265625 ,0.0451049804688
23.3551 ,8363816 ,-110 ,26 ,-0.133850097656 ,-0.0865478515625 ,-0.986572265625 ,0.0350952148438
23.3677 ,8364332 ,-110 ,29 ,-0.128112792969 ,-0.0999755859375 ,-0.986389160156 ,0.02587890625
23.3794 ,8364868 ,-110 ,31 ,-0.120666503906 ,-0.11083984375 ,-0.986328125 ,0.0182495117188
23.3907 ,8364962 ,-110 ,32 ,-0.0960693359375 ,-0.127624511719 ,-0.987121582031 ,0.005615234375
23.4052 ,8364419 ,-110 ,33 ,-0.0818481445312 ,-0.132629394531 ,-0.98779296875 ,0.00054931640625
23.4187 ,8363432 ,-110 ,33 ,-0.0686645507812 ,-0.135986328125 ,-0.98828125 ,-0.006591796875
23.4309 ,8361446 ,-110 ,32 ,-0.0530395507812 ,-0.136291503906 ,-0.989135742188 ,-0.01416015625
23.4456 ,8356906 ,-109 ,30 ,-0.0509643554688 ,-0.133361816406 ,-0.989624023438 ,-0.0178833007812
23.4567 ,8353578 ,-109 ,29 ,-0.0510864257812 ,-0.12890625 ,-0.990112304688 ,-0.0213012695312
23.4692 ,8349031 ,-109 ,27 ,-0.0529174804688 ,-0.122985839844 ,-0.990600585938 ,-0.0277709960938
23.48 ,8347598 ,-109 ,25 ,-0.0592651367188 ,-0.107299804688 ,-0.992004394531 ,-0.0308837890625
23.4952 ,8346584 ,-109 ,19 ,-0.0699462890625 ,-0.0906982421875 ,-0.992919921875 ,-0.0305786132812
23.5188 ,8343782 ,-109 ,17 ,-0.0769653320312 ,-0.0814819335938 ,-0.9931640625 ,-0.0323486328125
23.5304 ,8343062 ,-109 ,14 ,-0.0908203125 ,-0.0552978515625 ,-0.994079589844 ,-0.0223999023438
23.5452 ,8343117 ,-109 ,10 ,-0.089599609375 ,-0.0321044921875 ,-0.995422363281 ,0.0042724609375
23.5679 ,8343636 ,-110 ,9 ,-0.0768432617188 ,-0.028076171875 ,-0.996459960938 ,0.019775390625
23.5799 ,8345141 ,-110 ,8 ,-0.0579833984375 ,-0.0257568359375 ,-0.997436523438 ,0.033203125
23.5911 ,8349574 ,-110 ,3 ,0.0582885742188 ,0.00457763671875 ,-0.994689941406 ,0.0846557617188
23.6469 ,8356297 ,-111 ,2 ,0.0810546875 ,0.0103149414062 ,-0.992858886719 ,0.0870971679688
23.6589 ,8356962 ,-111 ,1 ,0.106384277344 ,0.0166015625 ,-0.990234375 ,0.08837890625
23.6705 ,8361290 ,-112 ,0 ,0.149841308594 ,0.0258178710938 ,-0.984069824219 ,0.0919799804688
23.6854 ,8363124 ,-112 ,-1 ,0.161987304688 ,0.0274658203125 ,-0.981872558594 ,0.0943603515625
23.6964 ,8367706 ,-112 ,-2 ,0.168518066406 ,0.0281372070312 ,-0.980529785156 ,0.0969848632812
23.7079 ,8370685 ,-113 ,-3 ,0.173278808594 ,0.0294799804688 ,-0.979431152344 ,0.0993041992188
23.719 ,8371889 ,-113 ,-3 ,0.182556152344 ,0.0328369140625 ,-0.977416992188 ,0.100952148438
23.7305 ,8371685 ,-113 ,-4 ,0.222595214844 ,0.0411376953125 ,-0.969177246094 ,0.0971069335938
23.7456 ,8370889 ,-113 ,-4 ,0.240417480469 ,0.044921875 ,-0.965026855469 ,0.0946044921875
23.7569 ,8371221 ,-113 ,-4 ,0.248168945312 ,0.046630859375 ,-0.963073730469 ,0.0935668945312
23.7685 ,8371419 ,-113 ,-4 ,0.2470703125 ,0.046630859375 ,-0.963256835938 ,0.0941162109375
23.781 ,8370706 ,-112 ,-5 ,0.236267089844 ,0.0462646484375 ,-0.965698242188 ,0.0970458984375
23.795 ,8370145 ,-112 ,-5 ,0.234375 ,0.0466918945312 ,-0.966125488281 ,0.0974731445312
23.8058 ,8365346 ,-112 ,-4 ,0.235107421875 ,0.047607421875 ,-0.966003417969 ,0.0965576171875
23.8175 ,8363297 ,-112 ,-4 ,0.235717773438 ,0.0487060546875 ,-0.965881347656 ,0.0957641601562
23.829 ,8362630 ,-112 ,-4 ,0.233581542969 ,0.0477905273438 ,-0.966491699219 ,0.0949096679688
23.8404 ,8362232 ,-112 ,-3 ,0.2158203125 ,0.0473022460938 ,-0.970642089844 ,0.094970703125
23.8552 ,8362332 ,-111 ,-2 ,0.205688476562 ,0.0462646484375 ,-0.973083496094 ,0.0928955078125
23.8673 ,8361076 ,-111 ,-2 ,0.197204589844 ,0.0468139648438 ,-0.97509765625 ,0.0900268554688
23.8782 ,8360650 ,-111 ,-2 ,0.189880371094 ,0.0452880859375 ,-0.9765625 ,0.0908203125
23.889 ,8359623 ,-110 ,-2 ,0.181518554688 ,0.044921875 ,-0.977600097656 ,0.0964965820312
23.8997 ,8359491 ,-110 ,-1 ,0.164245605469 ,0.036376953125 ,-0.979797363281 ,0.108154296875
23.9207 ,8359879 ,-110 ,0 ,0.144470214844 ,0.0274047851562 ,-0.982299804688 ,0.116333007812
23.9352 ,8358664 ,-110 ,1 ,0.133605957031 ,0.0230712890625 ,-0.983459472656 ,0.120239257812
23.9468 ,8358000 ,-110 ,2 ,0.124694824219 ,0.0189208984375 ,-0.984619140625 ,0.120788574219
23.9576 ,8356377 ,-109 ,3 ,0.118103027344 ,0.0149536132812 ,-0.985900878906 ,0.117614746094
23.9703 ,8355501 ,-109 ,3 ,0.102478027344 ,0.0100708007812 ,-0.988159179688 ,0.113708496094
23.9849 ,8353619 ,-109 ,4 ,0.0927124023438 ,0.0062255859375 ,-0.989379882812 ,0.111877441406
23.9955 ,8352924 ,-109 ,4 ,0.070556640625 ,-0.0001220703125 ,-0.991577148438 ,0.108703613281
24.0174 ,8352657 ,-109 ,3 ,0.0620727539062 ,-0.00396728515625 ,-0.992248535156 ,0.107604980469
24.029 ,8352076 ,-109 ,3 ,0.0531616210938 ,-0.00738525390625 ,-0.993103027344 ,0.104431152344
24.0448 ,8351951 ,-109 ,3 ,0.0518188476562 ,-0.00830078125 ,-0.993347167969 ,0.102478027344
24.0553 ,8350986 ,-109 ,3 ,0.04931640625 ,-0.00927734375 ,-0.993591308594 ,0.101135253906
24.067 ,8350937 ,-109 ,2 ,0.0443725585938 ,-0.0104370117188 ,-0.993896484375 ,0.100280761719
24.0778 ,8351678 ,-109 ,2 ,0.0371704101562 ,-0.012939453125 ,-0.994262695312 ,0.0993041992188
24.0883 ,8351577 ,-109 ,2 ,0.0289916992188 ,-0.0159301757812 ,-0.99462890625 ,0.0980224609375
24.0988 ,8351546 ,-110 ,1 ,0.0208129882812 ,-0.0181884765625 ,-0.994995117188 ,0.0963134765625
24.1093 ,8352360 ,-110 ,1 ,0.0140991210938 ,-0.0198364257812 ,-0.995300292969 ,0.0938720703125
24.1205 ,8352138 ,-110 ,0 ,0.010498046875 ,-0.0213623046875 ,-0.995788574219 ,0.08837890625
24.1346 ,8352917 ,-110 ,-1 ,0.0130615234375 ,-0.0203247070312 ,-0.995971679688 ,0.0860595703125
24.1452 ,8352249 ,-111 ,-1 ,0.0161743164062 ,-0.0194702148438 ,-0.99609375 ,0.084228515625
24.1556 ,8353190 ,-111 ,-2 ,0.0180053710938 ,-0.0191040039062 ,-0.996154785156 ,0.083251953125
24.1683 ,8353065 ,-111 ,-2 ,0.0174560546875 ,-0.0192260742188 ,-0.996398925781 ,0.0810546875
24.1791 ,8353969 ,-112 ,-3 ,0.0150146484375 ,-0.0198974609375 ,-0.996398925781 ,0.0811767578125
24.1897 ,8354228 ,-112 ,-3 ,0.0111083984375 ,-0.0209350585938 ,-0.996398925781 ,0.0811767578125
24.2004 ,8354802 ,-112 ,-6 ,0.0103149414062 ,-0.0213623046875 ,-0.996948242188 ,0.07421875
24.2602 ,8354650 ,-113 ,-6 ,0.00848388671875 ,-0.0221557617188 ,-0.997253417969 ,0.06982421875
24.2744 ,8355526 ,-114 ,-7 ,0.00494384765625 ,-0.0228881835938 ,-0.997375488281 ,0.06884765625
24.285 ,8355771 ,-114 ,-8 ,0.0008544921875 ,-0.0234375 ,-0.997436523438 ,0.0675659179688
24.2955 ,8356505 ,-114 ,-10 ,-0.0020751953125 ,-0.0238037109375 ,-0.99755859375 ,0.0660400390625
24.3063 ,8356719 ,-114 ,-11 ,-0.00323486328125 ,-0.0237426757812 ,-0.997619628906 ,0.0643920898438
24.3181 ,8356861 ,-115 ,-11 ,-0.00323486328125 ,-0.023681640625 ,-0.997802734375 ,0.0618286132812
24.3292 ,8356038 ,-115 ,-12 ,-0.00299072265625 ,-0.0234985351562 ,-0.997985839844 ,0.0592651367188
24.3403 ,8357142 ,-115 ,-13 ,-0.0045166015625 ,-0.0234985351562 ,-0.998352050781 ,0.0525512695312
24.3547 ,8357003 ,-115 ,-14 ,-0.0078125 ,-0.0233764648438 ,-0.99853515625 ,0.0484619140625
24.3683 ,8357740 ,-115 ,-14 ,-0.01318359375 ,-0.0234375 ,-0.998718261719 ,0.042236328125
24.3787 ,8357976 ,-115 ,-14 ,-0.0193481445312 ,-0.0237426757812 ,-0.998840332031 ,0.0374145507812
24.3896 ,8358238 ,-114 ,-14 ,-0.0255126953125 ,-0.02392578125 ,-0.998840332031 ,0.032470703125
24.4002 ,8358931 ,-114 ,-14 ,-0.0369873046875 ,-0.0230712890625 ,-0.998779296875 ,0.02294921875
24.4182 ,8359266 ,-113 ,-14 ,-0.0433959960938 ,-0.0217895507812 ,-0.998657226562 ,0.0189208984375
24.4288 ,8359716 ,-113 ,-13 ,-0.0504760742188 ,-0.0197143554688 ,-0.998413085938 ,0.0155029296875
24.4397 ,8360131 ,-112 ,-13 ,-0.0656127929688 ,-0.01318359375 ,-0.997680664062 ,0.0100708007812
24.4547 ,8361491 ,-111 ,-11 ,-0.0728759765625 ,-0.00933837890625 ,-0.997253417969 ,0.008056640625
24.4683 ,8362322 ,-111 ,-8 ,-0.0792846679688 ,-0.0052490234375 ,-0.996826171875 ,0.0072021484375
24.4793 ,8363152 ,-111 ,-6 ,-0.084716796875 ,-0.00048828125 ,-0.996398925781 ,0.00665283203125
24.4902 ,8364384 ,-110 ,-3 ,-0.0943603515625 ,0.0072021484375 ,-0.995483398438 ,0.0072021484375
24.5045 ,8364117 ,-110 ,1 ,-0.10205078125 ,0.009765625 ,-0.994689941406 ,0.008056640625
24.5186 ,8365668 ,-109 ,3 ,-0.11181640625 ,0.0114135742188 ,-0.993591308594 ,0.009765625
24.5297 ,8365796 ,-109 ,5 ,-0.121215820312 ,0.0108642578125 ,-0.992492675781 ,0.011474609375
24.5406 ,8365796 ,-109 ,7 ,-0.129943847656 ,0.00469970703125 ,-0.991455078125 ,0.0101318359375
24.5547 ,8365301 ,-109 ,8 ,-0.129028320312 ,-6.103515625e-05 ,-0.991638183594 ,0.00640869140625
24.5685 ,8365986 ,-110 ,9 ,-0.124389648438 ,-0.0057373046875 ,-0.9921875 ,0.002197265625
24.5788 ,8365017 ,-110 ,9 ,-0.116882324219 ,-0.0109252929688 ,-0.993103027344 ,-0.00213623046875
24.5893 ,8363955 ,-110 ,9 ,-0.107788085938 ,-0.0157470703125 ,-0.994018554688 ,-0.00640869140625
24.6002 ,8363294 ,-110 ,9 ,-0.088134765625 ,-0.0223999023438 ,-0.995788574219 ,-0.0125732421875
24.6183 ,8361204 ,-110 ,9 ,-0.080078125 ,-0.0237426757812 ,-0.996398925781 ,-0.0156860351562
24.6291 ,8356335 ,-110 ,9 ,-0.0751953125 ,-0.0240478515625 ,-0.996765136719 ,-0.0166625976562
24.6403 ,8352865 ,-110 ,8 ,-0.0751953125 ,-0.0222778320312 ,-0.996826171875 ,-0.0151977539062
24.6547 ,8351508 ,-110 ,8 ,-0.0792846679688 ,-0.0203247070312 ,-0.99658203125 ,-0.0128173828125
24.6682 ,8348370 ,-110 ,8 ,-0.0852661132812 ,-0.01806640625 ,-0.996154785156 ,-0.0101928710938
24.6785 ,8348370 ,-110 ,8 ,-0.0918579101562 ,-0.0161743164062 ,-0.99560546875 ,-0.00531005859375
24.6894 ,8344391 ,-111 ,7 ,-0.0987548828125 ,-0.0147094726562 ,-0.994995117188 ,0.00054931640625
24.7004 ,8343609 ,-111 ,7 ,-0.114379882812 ,-0.0127563476562 ,-0.993286132812 ,0.0128173828125
24.7182 ,8342723 ,-111 ,5 ,-0.124450683594 ,-0.010498046875 ,-0.991943359375 ,0.0205688476562
24.7291 ,8342487 ,-111 ,4 ,-0.134460449219 ,-0.00537109375 ,-0.990539550781 ,0.0277709960938
24.7405 ,8342470 ,-111 ,4 ,-0.143127441406 ,0.0020751953125 ,-0.988098144531 ,0.0567016601562
24.7552 ,8343435 ,-111 ,3 ,-0.138549804688 ,0.0 ,-0.987243652344 ,0.078369140625
24.7673 ,8343442 ,-111 ,2 ,-0.127624511719 ,-0.005126953125 ,-0.986938476562 ,0.0984497070312
24.7782 ,8344166 ,-111 ,1 ,-0.112854003906 ,-0.0103149414062 ,-0.986999511719 ,0.114196777344
24.7887 ,8343892 ,-111 ,1 ,-0.0971069335938 ,-0.0134887695312 ,-0.987121582031 ,0.126281738281
24.7993 ,8344076 ,-111 ,0 ,-0.084716796875 ,-0.0143432617188 ,-0.986572265625 ,0.139038085938
24.8104 ,8344733 ,-111 ,0 ,-0.0687866210938 ,-0.0228271484375 ,-0.983520507812 ,0.165771484375
24.8246 ,8347951 ,-111 ,-1 ,-0.0625610351562 ,-0.0294799804688 ,-0.981750488281 ,0.177062988281
24.8352 ,8350301 ,-111 ,-1 ,-0.0555419921875 ,-0.030029296875 ,-0.98046875 ,0.186157226562
24.8458 ,8351103 ,-111 ,-2 ,-0.0458374023438 ,-0.0242919921875 ,-0.979553222656 ,0.194458007812
24.8565 ,8354207 ,-111 ,-3 ,-0.0294799804688 ,-0.020263671875 ,-0.978759765625 ,0.201904296875
24.8673 ,8354270 ,-111 ,-3 ,-0.00579833984375 ,-0.0186157226562 ,-0.978271484375 ,0.206481933594
24.8784 ,8356059 ,-111 ,-4 ,0.0191040039062 ,-0.01220703125 ,-0.977172851562 ,0.211242675781
24.889 ,8357681 ,-111 ,-4 ,0.0424194335938 ,-0.0054931640625 ,-0.975219726562 ,0.217102050781
24.8998 ,8358283 ,-111 ,-5 ,0.0632934570312 ,-0.003662109375 ,-0.973449707031 ,0.220031738281
24.9106 ,8360481 ,-111 ,-5 ,0.0882568359375 ,-6.103515625e-05 ,-0.970092773438 ,0.226257324219
24.9247 ,8362830 ,-111 ,-6 ,0.0955810546875 ,6.103515625e-05 ,-0.968994140625 ,0.227905273438
24.9353 ,8366003 ,-111 ,-6 ,0.101684570312 ,0.00177001953125 ,-0.968139648438 ,0.228942871094
24.946 ,8365675 ,-111 ,-6 ,0.109008789062 ,0.00408935546875 ,-0.967224121094 ,0.229187011719
24.9571 ,8365149 ,-111 ,-7 ,0.119812011719 ,0.00811767578125 ,-0.966125488281 ,0.228515625
24.9675 ,8365218 ,-111 ,-7 ,0.133422851562 ,0.0128173828125 ,-0.964599609375 ,0.227172851562
24.9787 ,8364595 ,-111 ,-7 ,0.145690917969 ,0.01708984375 ,-0.963195800781 ,0.225341796875
24.9893 ,8364858 ,-111 ,-7 ,0.153930664062 ,0.0202026367188 ,-0.962341308594 ,0.223205566406
25.0 ,8364329 ,-111 ,-7 ,0.156860351562 ,0.0230102539062 ,-0.963012695312 ,0.217834472656
25.017 ,8363128 ,-111 ,-7 ,0.1572265625 ,0.0250244140625 ,-0.9638671875 ,0.213500976562
25.0279 ,8362000 ,-111 ,-7 ,0.161254882812 ,0.0288696289062 ,-0.964416503906 ,0.207397460938
25.0386 ,8360695 ,-111 ,-7 ,0.1689453125 ,0.033935546875 ,-0.964599609375 ,0.199523925781
25.0491 ,8360273 ,-111 ,-7 ,0.17724609375 ,0.0391845703125 ,-0.964782714844 ,0.1904296875
25.0601 ,8359917 ,-111 ,-7 ,0.185485839844 ,0.0476684570312 ,-0.966613769531 ,0.17041015625
25.0745 ,8360301 ,-111 ,-7 ,0.184997558594 ,0.0511474609375 ,-0.968383789062 ,0.159423828125
25.085 ,8360301 ,-112 ,-7 ,0.185668945312 ,0.0595703125 ,-0.971435546875 ,0.135375976562
25.1048 ,8359609 ,-112 ,-7 ,0.190673828125 ,0.0645751953125 ,-0.971923828125 ,0.122009277344
25.1171 ,8358813 ,-112 ,-7 ,0.198791503906 ,0.067138671875 ,-0.9716796875 ,0.108825683594
25.1282 ,8358813 ,-112 ,-6 ,0.205444335938 ,0.0723266601562 ,-0.97119140625 ,0.0966796875
25.1388 ,8358543 ,-112 ,-7 ,0.208190917969 ,0.0742797851562 ,-0.971435546875 ,0.0866088867188
25.1497 ,8359308 ,-112 ,-6 ,0.204528808594 ,0.074462890625 ,-0.97265625 ,0.0807495117188
25.1605 ,8358937 ,-112 ,-6 ,0.188232421875 ,0.0722045898438 ,-0.97705078125 ,0.0687255859375
25.1744 ,8358387 ,-112 ,-5 ,0.184265136719 ,0.0701904296875 ,-0.978332519531 ,0.06298828125
25.186 ,8358453 ,-112 ,-4 ,0.183654785156 ,0.0680541992188 ,-0.978942871094 ,0.0574340820312
25.1967 ,8357588 ,-112 ,-3 ,0.184692382812 ,0.0642700195312 ,-0.979370117188 ,0.0510864257812
25.2072 ,8357024 ,-112 ,-3 ,0.184387207031 ,0.0613403320312 ,-0.979919433594 ,0.0445556640625
25.2183 ,8356200 ,-112 ,-2 ,0.181579589844 ,0.0562133789062 ,-0.981018066406 ,0.0382690429688
25.2294 ,8356892 ,-112 ,-2 ,0.165832519531 ,0.0426025390625 ,-0.984802246094 ,0.0294189453125
25.245 ,8356245 ,-112 ,-2 ,0.154479980469 ,0.036376953125 ,-0.986999511719 ,0.0260009765625
25.2555 ,8355526 ,-112 ,-2 ,0.145690917969 ,0.0304565429688 ,-0.988586425781 ,0.0233154296875
25.267 ,8355349 ,-111 ,-2 ,0.141235351562 ,0.0254516601562 ,-0.989440917969 ,0.0187377929688
25.2782 ,8354463 ,-111 ,-2 ,0.140380859375 ,0.0203247070312 ,-0.98974609375 ,0.0149536132812
25.289 ,8354401 ,-111 ,-3 ,0.140930175781 ,0.0162963867188 ,-0.989807128906 ,0.0107421875
25.2999 ,8354266 ,-111 ,-3 ,0.135681152344 ,0.00775146484375 ,-0.99072265625 ,0.0040283203125
25.317 ,8353778 ,-110 ,-4 ,0.126647949219 ,0.00299072265625 ,-0.991943359375 ,0.0006103515625
25.3283 ,8354183 ,-110 ,-4 ,0.1142578125 ,-0.00067138671875 ,-0.993469238281 ,-0.0028076171875
25.339 ,8354695 ,-110 ,-5 ,0.101684570312 ,-0.00421142578125 ,-0.994812011719 ,-0.00494384765625
25.3499 ,8355083 ,-109 ,-5 ,0.0869750976562 ,-0.0069580078125 ,-0.996154785156 ,-0.00799560546875
25.3668 ,8355335 ,-109 ,-6 ,0.0869140625 ,-0.00775146484375 ,-0.99609375 ,-0.0116577148438
25.3778 ,8353889 ,-109 ,-6 ,0.0894165039062 ,-0.00872802734375 ,-0.995849609375 ,-0.0151977539062
25.3884 ,8354910 ,-109 ,-7 ,0.0917358398438 ,-0.00909423828125 ,-0.99560546875 ,-0.017822265625
25.3988 ,8353899 ,-109 ,-7 ,0.088134765625 ,-0.0116577148438 ,-0.995788574219 ,-0.0220947265625
25.4169 ,8354110 ,-110 ,-7 ,0.0802612304688 ,-0.0130004882812 ,-0.996398925781 ,-0.0233154296875
25.4283 ,8352975 ,-110 ,-7 ,0.070556640625 ,-0.0145874023438 ,-0.997131347656 ,-0.0237426757812
25.4387 ,8352740 ,-110 ,-8 ,0.0618286132812 ,-0.016845703125 ,-0.997680664062 ,-0.0235595703125
25.4492 ,8350986 ,-110 ,-8 ,0.0562133789062 ,-0.018798828125 ,-0.997985839844 ,-0.02294921875
25.4601 ,8351124 ,-110 ,-8 ,0.0553588867188 ,-0.0225219726562 ,-0.997985839844 ,-0.021484375
25.4747 ,8350398 ,-110 ,-8 ,0.0562744140625 ,-0.0245971679688 ,-0.997924804688 ,-0.0205078125
25.4852 ,8349889 ,-110 ,-8 ,0.0552978515625 ,-0.0263061523438 ,-0.997924804688 ,-0.0194091796875
25.4958 ,8350574 ,-110 ,-8 ,0.0518188476562 ,-0.027587890625 ,-0.998107910156 ,-0.017822265625
25.5087 ,8349830 ,-110 ,-7 ,0.0457153320312 ,-0.029296875 ,-0.998413085938 ,-0.0159301757812
25.5196 ,8350501 ,-110 ,-7 ,0.0374145507812 ,-0.0311889648438 ,-0.998718261719 ,-0.013427734375
25.5302 ,8350546 ,-110 ,-7 ,0.0230102539062 ,-0.0336303710938 ,-0.999145507812 ,-0.0084228515625
25.55 ,8351121 ,-111 ,-7 ,0.0228881835938 ,-0.0359497070312 ,-0.999084472656 ,-0.0032958984375
25.567 ,8351411 ,-111 ,-7 ,0.0277709960938 ,-0.0364990234375 ,-0.998962402344 ,-0.000732421875
25.5777 ,8351162 ,-111 ,-7 ,0.0338134765625 ,-0.0370483398438 ,-0.998718261719 ,0.0018310546875
25.5883 ,8351097 ,-111 ,-7 ,0.0386962890625 ,-0.0376586914062 ,-0.99853515625 ,0.00482177734375
25.6003 ,8350463 ,-111 ,-7 ,0.03759765625 ,-0.0391845703125 ,-0.998474121094 ,0.0120849609375
25.6182 ,8350007 ,-112 ,-7 ,0.0323486328125 ,-0.0400390625 ,-0.998291015625 ,0.0271606445312
25.6292 ,8349847 ,-112 ,-7 ,0.0255737304688 ,-0.04150390625 ,-0.998291015625 ,0.0313110351562
25.6399 ,8349847 ,-112 ,-6 ,0.0165405273438 ,-0.0435791015625 ,-0.998168945312 ,0.0392456054688
25.6548 ,8349366 ,-113 ,-5 ,0.0164184570312 ,-0.0437622070312 ,-0.997985839844 ,0.0427856445312
25.6686 ,8348996 ,-113 ,-4 ,0.0191650390625 ,-0.0432739257812 ,-0.9970703125 ,0.0597534179688
25.6799 ,8349138 ,-113 ,-4 ,0.0234375 ,-0.0420532226562 ,-0.996765136719 ,0.0642700195312
25.6945 ,8349024 ,-113 ,-2 ,0.0216674804688 ,-0.0420532226562 ,-0.996643066406 ,0.06640625
25.7052 ,8349007 ,-113 ,-2 ,0.0166015625 ,-0.0426025390625 ,-0.996643066406 ,0.0682983398438
25.7182 ,8349373 ,-113 ,-1 ,0.010009765625 ,-0.0439453125 ,-0.995666503906 ,0.0816650390625
25.7289 ,8349903 ,-113 ,-1 ,0.00286865234375 ,-0.0462646484375 ,-0.995422363281 ,0.0834350585938
25.7397 ,8350429 ,-113 ,-1 ,0.0118408203125 ,-0.0513305664062 ,-0.994262695312 ,0.0930786132812
25.7889 ,8353380 ,-113 ,-1 ,0.0177612304688 ,-0.0509643554688 ,-0.994384765625 ,0.0908203125
25.7998 ,8353429 ,-113 ,-2 ,0.0182495117188 ,-0.0514526367188 ,-0.99462890625 ,0.0877075195312
25.8179 ,8353937 ,-113 ,-3 ,0.0133056640625 ,-0.0526123046875 ,-0.993835449219 ,0.0968627929688
25.8286 ,8355245 ,-113 ,-3 ,0.00604248046875 ,-0.054443359375 ,-0.993835449219 ,0.0963134765625
25.8391 ,8356027 ,-113 ,-3 ,0.000244140625 ,-0.0555419921875 ,-0.993896484375 ,0.0955200195312
25.85 ,8356405 ,-113 ,-4 ,0.0045166015625 ,-0.0554809570312 ,-0.994018554688 ,0.0939331054688
25.8682 ,8356526 ,-113 ,-4 ,0.0144653320312 ,-0.0538330078125 ,-0.992797851562 ,0.105834960938
25.879 ,8356387 ,-113 ,-4 ,0.0245361328125 ,-0.0518798828125 ,-0.992858886719 ,0.104736328125
25.8899 ,8356578 ,-113 ,-4 ,0.032958984375 ,-0.0496826171875 ,-0.992980957031 ,0.102111816406
25.9044 ,8355799 ,-113 ,-4 ,0.0274658203125 ,-0.0497436523438 ,-0.993286132812 ,0.101013183594
25.9205 ,8356560 ,-113 ,-4 ,0.00653076171875 ,-0.051025390625 ,-0.992980957031 ,0.106323242188
25.9343 ,8356294 ,-112 ,-4 ,-0.0010986328125 ,-0.0509643554688 ,-0.993225097656 ,0.104309082031
25.9451 ,8356370 ,-112 ,-4 ,-0.0030517578125 ,-0.0499877929688 ,-0.993469238281 ,0.102233886719
25.9556 ,8356149 ,-112 ,-4 ,0.00030517578125 ,-0.0479736328125 ,-0.993835449219 ,0.0999755859375
25.9681 ,8356965 ,-112 ,-4 ,0.00714111328125 ,-0.0452880859375 ,-0.993041992188 ,0.108581542969
25.9788 ,8356910 ,-112 ,-4 ,0.0131225585938 ,-0.04248046875 ,-0.993408203125 ,0.105712890625
25.9898 ,8356353 ,-112 ,-4 ,0.0133666992188 ,-0.038818359375 ,-0.994140625 ,0.100280761719
26.0045 ,8356754 ,-112 ,-4 ,0.006591796875 ,-0.0377197265625 ,-0.994506835938 ,0.0975952148438
26.018 ,8356851 ,-112 ,-4 ,-0.00128173828125 ,-0.0370483398438 ,-0.994018554688 ,0.10302734375
26.0291 ,8356844 ,-112 ,-4 ,-0.00787353515625 ,-0.0361938476562 ,-0.994323730469 ,0.0999755859375
26.0404 ,8356079 ,-112 ,-4 ,-0.0108032226562 ,-0.0332641601562 ,-0.994995117188 ,0.0934448242188
26.055 ,8355868 ,-112 ,-4 ,-0.00823974609375 ,-0.0315551757812 ,-0.995422363281 ,0.0899658203125
26.0681 ,8355560 ,-112 ,-4 ,-0.00531005859375 ,-0.030029296875 ,-0.994873046875 ,0.0967407226562
26.0798 ,8355097 ,-111 ,-4 ,-0.0067138671875 ,-0.0285034179688 ,-0.995544433594 ,0.0899658203125
26.0947 ,8355214 ,-111 ,-4 ,-0.0105590820312 ,-0.0284423828125 ,-0.995788574219 ,0.0866088867188
26.1054 ,8355159 ,-111 ,-4 ,-0.0146484375 ,-0.0286254882812 ,-0.995971679688 ,0.0833740234375
26.1181 ,8354173 ,-111 ,-4 ,-0.017578125 ,-0.0289916992188 ,-0.995483398438 ,0.0889282226562
26.1288 ,8354027 ,-111 ,-4 ,-0.0192260742188 ,-0.0292358398438 ,-0.995666503906 ,0.0859375
26.1393 ,8353218 ,-111 ,-4 ,-0.0197143554688 ,-0.029541015625 ,-0.995910644531 ,0.083251953125
26.1501 ,8352989 ,-111 ,-3 ,-0.0211791992188 ,-0.0309448242188 ,-0.99609375 ,0.0798950195312
26.1683 ,8352747 ,-111 ,-3 ,-0.0232543945312 ,-0.0323486328125 ,-0.995361328125 ,0.0878295898438
26.1794 ,8352356 ,-111 ,-2 ,-0.0264892578125 ,-0.0339965820312 ,-0.995239257812 ,0.087158203125
26.1903 ,8352830 ,-111 ,-2 ,-0.0324096679688 ,-0.0375366210938 ,-0.994873046875 ,0.0884399414062
26.2046 ,8351674 ,-111 ,-1 ,-0.032958984375 ,-0.0396118164062 ,-0.994567871094 ,0.0901489257812
26.2184 ,8353439 ,-111 ,4 ,0.0433959960938 ,-0.033447265625 ,-0.841003417969 ,0.538269042969
26.4858 ,8371851 ,-112 ,3 ,0.0507202148438 ,-0.02880859375 ,-0.829528808594 ,0.555419921875
26.4968 ,8375806 ,-112 ,3 ,0.0567016601562 ,-0.0230102539062 ,-0.816955566406 ,0.573425292969
26.5076 ,8376121 ,-112 ,2 ,0.0604248046875 ,-0.0191650390625 ,-0.803527832031 ,0.591857910156
26.5188 ,8379100 ,-112 ,2 ,0.0642700195312 ,-0.0165405273438 ,-0.790771484375 ,0.608520507812
26.5306 ,8384921 ,-112 ,2 ,0.0759887695312 ,-0.0067138671875 ,-0.765686035156 ,0.638671875
26.5448 ,8387236 ,-112 ,2 ,0.0827026367188 ,-0.00115966796875 ,-0.753723144531 ,0.651977539062
26.5558 ,8388024 ,-112 ,1 ,0.0857543945312 ,0.00274658203125 ,-0.742065429688 ,0.664855957031
26.5686 ,8391602 ,-112 ,1 ,0.0861206054688 ,0.00469970703125 ,-0.725524902344 ,0.682739257812
26.5791 ,8392945 ,-112 ,1 ,0.08740234375 ,0.00579833984375 ,-0.7138671875 ,0.69482421875
26.5898 ,8394551 ,-111 ,0 ,0.0932006835938 ,0.0126342773438 ,-0.691589355469 ,0.716125488281
26.6044 ,8394907 ,-111 ,0 ,0.09765625 ,0.0174560546875 ,-0.681274414062 ,0.725280761719
26.618 ,8395644 ,-111 ,0 ,0.096435546875 ,0.01904296875 ,-0.655029296875 ,0.749145507812
26.6371 ,8394540 ,-111 ,-1 ,0.0929565429688 ,0.0167846679688 ,-0.635498046875 ,0.766296386719
26.6547 ,8392886 ,-111 ,-1 ,0.0933227539062 ,0.0187377929688 ,-0.627380371094 ,0.772827148438
26.6682 ,8392509 ,-111 ,-1 ,0.092041015625 ,0.0206909179688 ,-0.612426757812 ,0.784912109375
26.6809 ,8388952 ,-110 ,-1 ,0.085205078125 ,0.0167846679688 ,-0.597778320312 ,0.796936035156
26.6945 ,8386163 ,-110 ,-1 ,0.0828247070312 ,0.0167846679688 ,-0.591674804688 ,0.8017578125
26.7051 ,8384256 ,-110 ,-1 ,0.0814819335938 ,0.01953125 ,-0.586791992188 ,0.805419921875
26.7181 ,8382658 ,-110 ,-1 ,0.0796508789062 ,0.0235595703125 ,-0.576049804688 ,0.813171386719
26.729 ,8382004 ,-110 ,-1 ,0.0734252929688 ,0.028564453125 ,-0.574829101562 ,0.814514160156
26.7445 ,8379640 ,-110 ,-2 ,0.0693969726562 ,0.0305786132812 ,-0.574279785156 ,0.815185546875
26.755 ,8379619 ,-110 ,-3 ,0.0653686523438 ,0.0325317382812 ,-0.571960449219 ,0.817016601562
26.768 ,8380183 ,-110 ,-4 ,0.0634765625 ,0.0387573242188 ,-0.557373046875 ,0.826904296875
26.7868 ,8383685 ,-110 ,-4 ,0.0647583007812 ,0.0439453125 ,-0.555358886719 ,0.827880859375
26.7973 ,8384357 ,-109 ,-4 ,0.06591796875 ,0.0479736328125 ,-0.555480957031 ,0.827514648438
26.8078 ,8383184 ,-109 ,-4 ,0.065185546875 ,0.0482788085938 ,-0.554321289062 ,0.828369140625
26.8181 ,8383824 ,-109 ,-4 ,0.061767578125 ,0.045166015625 ,-0.543090820312 ,0.836181640625
26.8291 ,8383706 ,-109 ,-3 ,0.0598754882812 ,0.0416870117188 ,-0.537963867188 ,0.839782714844
26.8399 ,8384201 ,-109 ,-4 ,0.063720703125 ,0.04541015625 ,-0.534729003906 ,0.841369628906
26.8545 ,8382979 ,-108 ,-4 ,0.06298828125 ,0.0447387695312 ,-0.533935546875 ,0.841979980469
26.8682 ,8382772 ,-108 ,-4 ,0.0592651367188 ,0.039306640625 ,-0.526794433594 ,0.846984863281
26.8786 ,8381076 ,-108 ,-4 ,0.0562133789062 ,0.0330200195312 ,-0.524780273438 ,0.848754882812
26.8892 ,8381260 ,-108 ,-4 ,0.055908203125 ,0.0325317382812 ,-0.525024414062 ,0.8486328125
26.9044 ,8381104 ,-108 ,-4 ,0.05615234375 ,0.0325927734375 ,-0.526794433594 ,0.847534179688
26.9183 ,8378914 ,-107 ,-4 ,0.05419921875 ,0.0291137695312 ,-0.520874023438 ,0.851440429688
26.9288 ,8378592 ,-107 ,-4 ,0.0516357421875 ,0.0244750976562 ,-0.520385742188 ,0.851989746094
26.9396 ,8378000 ,-107 ,-4 ,0.0508422851562 ,0.0228881835938 ,-0.519836425781 ,0.852416992188
26.9505 ,8378350 ,-107 ,-4 ,0.0537719726562 ,0.0266723632812 ,-0.521240234375 ,0.851257324219
26.9682 ,8377831 ,-107 ,-5 ,0.0532836914062 ,0.0258178710938 ,-0.516296386719 ,0.854370117188
26.9791 ,8377388 ,-108 ,-5 ,0.0523071289062 ,0.0228271484375 ,-0.515808105469 ,0.854797363281
26.9899 ,8377727 ,-108 ,-5 ,0.0514526367188 ,0.02001953125 ,-0.513427734375 ,0.856323242188
27.0044 ,8378374 ,-109 ,-5 ,0.0527954101562 ,0.0215454101562 ,-0.511962890625 ,0.857116699219
27.0182 ,8378709 ,-109 ,-5 ,0.0548095703125 ,0.0239868164062 ,-0.505859375 ,0.860534667969
27.0296 ,8378997 ,-109 ,-5 ,0.0578002929688 ,0.0261840820312 ,-0.501220703125 ,0.862976074219
27.0476 ,8379824 ,-110 ,-5 ,0.059326171875 ,0.0276489257812 ,-0.498291015625 ,0.864562988281
27.0584 ,8380343 ,-110 ,-4 ,0.0614624023438 ,0.0304565429688 ,-0.496154785156 ,0.865478515625
27.0689 ,8380609 ,-110 ,-4 ,0.0640258789062 ,0.0335083007812 ,-0.486999511719 ,0.870422363281
27.085 ,8381298 ,-111 ,-1 ,0.0642700195312 ,0.0322875976562 ,-0.485656738281 ,0.871154785156
27.0956 ,8381353 ,-111 ,-4 ,0.0637817382812 ,0.0302734375 ,-0.484130859375 ,0.872131347656
27.1067 ,8382024 ,-111 ,-4 ,0.0636596679688 ,0.0291748046875 ,-0.482604980469 ,0.873046875
27.118 ,8382069 ,-111 ,-4 ,0.0640258789062 ,0.029541015625 ,-0.475891113281 ,0.876708984375
27.1286 ,8381917 ,-111 ,-3 ,0.0645141601562 ,0.029296875 ,-0.47509765625 ,0.877075195312
27.1393 ,8381754 ,-111 ,-3 ,0.0653076171875 ,0.0274658203125 ,-0.473999023438 ,0.877685546875
27.1544 ,8382208 ,-111 ,-3 ,0.0651245117188 ,0.025634765625 ,-0.473937988281 ,0.877746582031
27.168 ,8381917 ,-111 ,-3 ,0.064208984375 ,0.0233764648438 ,-0.469421386719 ,0.880310058594
27.179 ,8381578 ,-111 ,-3 ,0.0630493164062 ,0.02001953125 ,-0.470031738281 ,0.880187988281
27.1899 ,8382346 ,-111 ,-3 ,0.0601196289062 ,0.0130615234375 ,-0.471252441406 ,0.8798828125
27.2041 ,8382568 ,-111 ,-3 ,0.0592651367188 ,0.0106201171875 ,-0.472106933594 ,0.879516601562
27.218 ,8382222 ,-111 ,-3 ,0.05859375 ,0.00958251953125 ,-0.467895507812 ,0.881774902344
27.2283 ,8381858 ,-110 ,-3 ,0.058349609375 ,0.0093994140625 ,-0.469116210938 ,0.881164550781
27.2389 ,8381166 ,-110 ,-3 ,0.0585327148438 ,0.010009765625 ,-0.470397949219 ,0.880432128906
27.2497 ,8381564 ,-110 ,-3 ,0.0586547851562 ,0.0101318359375 ,-0.47314453125 ,0.878967285156
27.2681 ,8380350 ,-110 ,-3 ,0.05810546875 ,0.009033203125 ,-0.469360351562 ,0.881042480469
27.2786 ,8380530 ,-110 ,-3 ,0.056884765625 ,0.0067138671875 ,-0.470703125 ,0.880432128906
27.2898 ,8380530 ,-110 ,-3 ,0.0513305664062 ,-0.00115966796875 ,-0.469909667969 ,0.881225585938
27.3248 ,8375114 ,-109 ,-3 ,0.0499877929688 ,-0.00244140625 ,-0.470703125 ,0.880859375
27.3356 ,8373872 ,-108 ,-3 ,0.0484619140625 ,-0.00341796875 ,-0.471374511719 ,0.880554199219
27.3462 ,8372273 ,-108 ,-3 ,0.046630859375 ,-0.00421142578125 ,-0.47216796875 ,0.880249023438
27.3598 ,8367882 ,-107 ,-3 ,0.041748046875 ,-0.0064697265625 ,-0.471130371094 ,0.881042480469
27.3741 ,8360145 ,-106 ,-3 ,0.0382080078125 ,-0.0086669921875 ,-0.47265625 ,0.88037109375
27.3846 ,8356020 ,-105 ,-3 ,0.0342407226562 ,-0.0121459960938 ,-0.474426269531 ,0.879516601562
27.3955 ,8350377 ,-104 ,-3 ,0.0292358398438 ,-0.0175170898438 ,-0.476501464844 ,0.878479003906
27.4061 ,8346892 ,-104 ,-3 ,0.0230712890625 ,-0.025390625 ,-0.478759765625 ,0.877258300781
27.4182 ,8343584 ,-103 ,-3 ,0.0162963867188 ,-0.0361328125 ,-0.477783203125 ,0.877624511719
27.429 ,8343290 ,-103 ,-3 ,0.0079345703125 ,-0.0504150390625 ,-0.48095703125 ,0.875244140625
27.4397 ,8341740 ,-103 ,-3 ,-0.0150146484375 ,-0.0873413085938 ,-0.487365722656 ,0.86865234375
27.4544 ,8342224 ,-103 ,-3 ,-0.0298461914062 ,-0.104919433594 ,-0.492065429688 ,0.863708496094
27.4673 ,8342636 ,-104 ,-3 ,-0.046142578125 ,-0.118469238281 ,-0.496826171875 ,0.858459472656
27.4786 ,8342636 ,-104 ,-3 ,-0.0620727539062 ,-0.125671386719 ,-0.499572753906 ,0.854858398438
27.4895 ,8342307 ,-104 ,-3 ,-0.0718994140625 ,-0.120361328125 ,-0.5 ,0.854614257812
27.5044 ,8344131 ,-105 ,-3 ,-0.0609130859375 ,-0.111511230469 ,-0.502990722656 ,0.854858398438
27.5174 ,8342899 ,-106 ,-3 ,-0.0444946289062 ,-0.101989746094 ,-0.508361816406 ,0.853942871094
27.528 ,8342546 ,-107 ,-3 ,-0.0299682617188 ,-0.0938720703125 ,-0.514892578125 ,0.8515625
27.5389 ,8342546 ,-107 ,-3 ,-0.0224609375 ,-0.0889892578125 ,-0.52099609375 ,0.848571777344
27.55 ,8341629 ,-107 ,-3 ,-0.0247802734375 ,-0.0912475585938 ,-0.530822753906 ,0.842163085938
27.5689 ,8343598 ,-108 ,-3 ,-0.0260620117188 ,-0.0986328125 ,-0.530212402344 ,0.841674804688
27.5793 ,8343598 ,-108 ,-3 ,-0.0191650390625 ,-0.118591308594 ,-0.530883789062 ,0.8388671875
27.5946 ,8342975 ,-108 ,-3 ,-0.00946044921875 ,-0.128356933594 ,-0.528991699219 ,0.838806152344
27.6052 ,8343598 ,-108 ,-3 ,0.00286865234375 ,-0.13330078125 ,-0.526977539062 ,0.83935546875
27.6182 ,8342771 ,-108 ,-3 ,0.0148315429688 ,-0.132568359375 ,-0.524658203125 ,0.8408203125
27.6297 ,8343100 ,-107 ,-3 ,0.0182495117188 ,-0.124389648438 ,-0.528381347656 ,0.839660644531
27.6444 ,8342882 ,-107 ,-3 ,0.0127563476562 ,-0.122802734375 ,-0.526794433594 ,0.840942382812
27.6549 ,8343006 ,-107 ,-3 ,0.0067138671875 ,-0.123596191406 ,-0.522644042969 ,0.843505859375
27.6679 ,8343865 ,-107 ,-3 ,0.00128173828125 ,-0.125 ,-0.513244628906 ,0.849060058594
27.679 ,8343581 ,-107 ,-3 ,-0.00335693359375 ,-0.125610351562 ,-0.510925292969 ,0.850402832031
27.6897 ,8342162 ,-107 ,-2 ,-0.00286865234375 ,-0.124755859375 ,-0.519348144531 ,0.845397949219
27.704 ,8342335 ,-107 ,-2 ,-0.0003662109375 ,-0.126708984375 ,-0.524108886719 ,0.842163085938
27.7179 ,8342387 ,-108 ,-2 ,0.0008544921875 ,-0.1318359375 ,-0.521057128906 ,0.84326171875
27.7284 ,8342449 ,-108 ,-2 ,-0.00201416015625 ,-0.139526367188 ,-0.51953125 ,0.843017578125
27.739 ,8342408 ,-108 ,-2 ,-0.00787353515625 ,-0.148681640625 ,-0.514892578125 ,0.84423828125
27.7498 ,8342397 ,-108 ,-2 ,-0.019287109375 ,-0.164855957031 ,-0.502014160156 ,0.848754882812
27.7683 ,8343076 ,-108 ,-2 ,-0.0206909179688 ,-0.169860839844 ,-0.493957519531 ,0.852478027344
27.7788 ,8342435 ,-108 ,-2 ,-0.0194702148438 ,-0.171081542969 ,-0.494995117188 ,0.851684570312
27.7896 ,8342782 ,-108 ,-2 ,-0.0127563476562 ,-0.166320800781 ,-0.497436523438 ,0.851318359375
27.8041 ,8342283 ,-108 ,-2 ,-0.0089111328125 ,-0.161376953125 ,-0.498474121094 ,0.851684570312
27.8179 ,8343574 ,-108 ,-2 ,-0.005615234375 ,-0.156372070312 ,-0.495666503906 ,0.854309082031
27.8291 ,8343474 ,-108 ,-2 ,-0.0025634765625 ,-0.151123046875 ,-0.495178222656 ,0.855529785156
27.8399 ,8342543 ,-108 ,-2 ,0.0068359375 ,-0.137451171875 ,-0.490905761719 ,0.860290527344
27.8544 ,8343069 ,-108 ,-2 ,0.0126953125 ,-0.131408691406 ,-0.489868164062 ,0.861755371094
27.8679 ,8343249 ,-108 ,-2 ,0.0176391601562 ,-0.1279296875 ,-0.487854003906 ,0.863342285156
27.8793 ,8343152 ,-108 ,-2 ,0.0193481445312 ,-0.128295898438 ,-0.490417480469 ,0.861755371094
27.8899 ,8343349 ,-108 ,-1 ,0.0152587890625 ,-0.136291503906 ,-0.493469238281 ,0.85888671875
27.9049 ,8343685 ,-108 ,-1 ,0.0119018554688 ,-0.14111328125 ,-0.492614746094 ,0.858642578125
27.9178 ,8344200 ,-109 ,-1 ,0.0106201171875 ,-0.144348144531 ,-0.4873046875 ,0.861145019531
27.9284 ,8343505 ,-109 ,-1 ,0.0110473632812 ,-0.146057128906 ,-0.486206054688 ,0.861450195312
27.9396 ,8344204 ,-109 ,0 ,0.0159912109375 ,-0.146606445312 ,-0.484375 ,0.862365722656
27.9541 ,8344352 ,-109 ,0 ,0.01904296875 ,-0.146057128906 ,-0.483215332031 ,0.863037109375
27.9679 ,8345128 ,-109 ,0 ,0.0231323242188 ,-0.14453125 ,-0.479370117188 ,0.865295410156
27.9788 ,8345761 ,-109 ,0 ,0.0258178710938 ,-0.140869140625 ,-0.48095703125 ,0.864990234375
27.9897 ,8346529 ,-109 ,0 ,0.0272827148438 ,-0.125305175781 ,-0.483764648438 ,0.865783691406
28.0041 ,8347636 ,-109 ,0 ,0.0302734375 ,-0.115539550781 ,-0.485168457031 ,0.8662109375
28.0179 ,8348266 ,-109 ,0 ,0.036376953125 ,-0.105224609375 ,-0.483642578125 ,0.8681640625
28.028 ,8349024 ,-109 ,0 ,0.0414428710938 ,-0.0939331054688 ,-0.484741210938 ,0.868591308594
28.0388 ,8350138 ,-109 ,0 ,0.0441284179688 ,-0.0814819335938 ,-0.483642578125 ,0.870361328125
28.0497 ,8350453 ,-109 ,0 ,0.0512084960938 ,-0.0599365234375 ,-0.479431152344 ,0.8740234375
28.0678 ,8351917 ,-109 ,0 ,0.0550537109375 ,-0.0504150390625 ,-0.472534179688 ,0.878173828125
28.0784 ,8353332 ,-109 ,0 ,0.0570678710938 ,-0.0414428710938 ,-0.46923828125 ,0.880249023438
28.0889 ,8353415 ,-109 ,-1 ,0.0601196289062 ,-0.0341796875 ,-0.466369628906 ,0.881896972656
28.0996 ,8353242 ,-109 ,-1 ,0.0633544921875 ,-0.0227661132812 ,-0.459411621094 ,0.885681152344
28.1178 ,8354038 ,-109 ,-1 ,0.0655517578125 ,-0.0173950195312 ,-0.452575683594 ,0.889099121094
28.1288 ,8354214 ,-109 ,-1 ,0.0687255859375 ,-0.0068359375 ,-0.445373535156 ,0.892700195312
28.144 ,8354103 ,-109 ,-1 ,0.0701904296875 ,-0.00225830078125 ,-0.44140625 ,0.894592285156
28.1545 ,8352875 ,-109 ,-1 ,0.0709838867188 ,0.00286865234375 ,-0.430358886719 ,0.899841308594
28.1774 ,8352740 ,-109 ,-1 ,0.06982421875 ,-0.0001220703125 ,-0.422180175781 ,0.90380859375
28.1941 ,8352353 ,-109 ,-1 ,0.068115234375 ,-0.00360107421875 ,-0.41796875 ,0.905883789062
28.2045 ,8352186 ,-109 ,-1 ,0.0670166015625 ,-0.00677490234375 ,-0.413635253906 ,0.907958984375
28.2178 ,8351463 ,-109 ,-1 ,0.0667114257812 ,-0.0086669921875 ,-0.407470703125 ,0.910705566406
28.2285 ,8350872 ,-109 ,-2 ,0.0665283203125 ,-0.0089111328125 ,-0.40283203125 ,0.912780761719
28.2393 ,8350678 ,-109 ,-2 ,0.0667114257812 ,-0.00787353515625 ,-0.398193359375 ,0.914855957031
28.2498 ,8350944 ,-109 ,-2 ,0.067138671875 ,-0.004150390625 ,-0.389038085938 ,0.918762207031
28.2678 ,8349560 ,-109 ,-2 ,0.06640625 ,-0.00311279296875 ,-0.381713867188 ,0.921875
28.2788 ,8348529 ,-109 ,-2 ,0.0650634765625 ,-0.00396728515625 ,-0.378479003906 ,0.92333984375
