time, Futek, ENCL, ENCR, X, Y, Z, W 
2.5747 ,8341259 ,-116 ,0 ,0.0 ,0.0 ,0.0 ,0.0
2.5852 ,8341304 ,-116 ,0 ,0.0 ,0.0 ,0.0 ,0.0
2.5959 ,8341401 ,-116 ,0 ,0.0 ,0.0 ,0.0 ,0.0
2.6063 ,8341442 ,-116 ,0 ,0.0 ,0.0 ,0.0 ,0.0
2.6167 ,8341238 ,-116 ,0 ,0.0 ,0.0 ,0.0 ,0.0
2.6272 ,8341737 ,-116 ,0 ,0.251708984375 ,-0.0106811523438 ,0.964233398438 ,0.0823364257812
2.6376 ,8341619 ,-116 ,0 ,0.251770019531 ,-0.0106201171875 ,0.964233398438 ,0.0823364257812
2.6481 ,8340878 ,-116 ,0 ,0.251770019531 ,-0.0105590820312 ,0.964233398438 ,0.0823364257812
2.6585 ,8341318 ,-116 ,0 ,0.251770019531 ,-0.0105590820312 ,0.964233398438 ,0.0823364257812
2.6692 ,8340598 ,-116 ,0 ,0.251892089844 ,-0.010498046875 ,0.964172363281 ,0.0824584960938
2.6846 ,8340979 ,-116 ,0 ,0.252014160156 ,-0.010498046875 ,0.964111328125 ,0.0826416015625
2.6951 ,8340484 ,-116 ,0 ,0.252197265625 ,-0.0104370117188 ,0.964050292969 ,0.082763671875
2.7055 ,8341124 ,-116 ,0 ,0.252319335938 ,-0.0104370117188 ,0.964050292969 ,0.0829467773438
2.7175 ,8341051 ,-116 ,0 ,0.25244140625 ,-0.0104370117188 ,0.963989257812 ,0.0831298828125
2.7285 ,8341595 ,-116 ,0 ,0.252563476562 ,-0.010498046875 ,0.963928222656 ,0.0833129882812
2.7392 ,8340020 ,-116 ,0 ,0.2529296875 ,-0.0106201171875 ,0.963806152344 ,0.083740234375
2.7543 ,8340408 ,-116 ,0 ,0.253051757812 ,-0.0106811523438 ,0.963745117188 ,0.083984375
2.7673 ,8341512 ,-116 ,0 ,0.253295898438 ,-0.0108032226562 ,0.963623046875 ,0.084716796875
2.8042 ,8340332 ,-116 ,0 ,0.253356933594 ,-0.0106811523438 ,0.963562011719 ,0.0848999023438
2.8169 ,8340491 ,-116 ,0 ,0.253540039062 ,-0.0106201171875 ,0.963500976562 ,0.0850830078125
2.8281 ,8340660 ,-116 ,0 ,0.253723144531 ,-0.0105590820312 ,0.963439941406 ,0.0852661132812
2.8385 ,8341083 ,-116 ,0 ,0.253967285156 ,-0.010498046875 ,0.96337890625 ,0.0855102539062
2.8492 ,8341539 ,-116 ,0 ,0.254272460938 ,-0.0103759765625 ,0.963256835938 ,0.0857543945312
2.8668 ,8341321 ,-116 ,0 ,0.254455566406 ,-0.0103759765625 ,0.963195800781 ,0.0858764648438
2.8775 ,8340512 ,-116 ,0 ,0.254577636719 ,-0.0104370117188 ,0.963195800781 ,0.0859985351562
2.888 ,8341705 ,-116 ,0 ,0.254638671875 ,-0.0104370117188 ,0.963134765625 ,0.0861206054688
2.8985 ,8340979 ,-116 ,0 ,0.254760742188 ,-0.0104370117188 ,0.963073730469 ,0.0862426757812
2.9093 ,8341159 ,-116 ,0 ,0.255065917969 ,-0.0103149414062 ,0.963012695312 ,0.08642578125
2.9246 ,8341107 ,-116 ,0 ,0.255187988281 ,-0.01025390625 ,0.962951660156 ,0.0865478515625
2.9351 ,8340692 ,-116 ,0 ,0.255310058594 ,-0.01025390625 ,0.962890625 ,0.086669921875
2.9455 ,8340408 ,-116 ,0 ,0.255432128906 ,-0.0101928710938 ,0.962890625 ,0.0867919921875
2.956 ,8341404 ,-116 ,0 ,0.255554199219 ,-0.0101318359375 ,0.962829589844 ,0.0869140625
2.9665 ,8341508 ,-116 ,0 ,0.255615234375 ,-0.0100708007812 ,0.962829589844 ,0.0869750976562
2.977 ,8340781 ,-116 ,0 ,0.255676269531 ,-0.010009765625 ,0.962768554688 ,0.0870971679688
2.9878 ,8341633 ,-116 ,0 ,0.255737304688 ,-0.010009765625 ,0.962768554688 ,0.087158203125
2.9992 ,8340941 ,-116 ,0 ,0.255798339844 ,-0.0098876953125 ,0.962707519531 ,0.0873413085938
3.0174 ,8340733 ,-116 ,0 ,0.255920410156 ,-0.0098876953125 ,0.962707519531 ,0.08740234375
3.0281 ,8340567 ,-116 ,0 ,0.256042480469 ,-0.0098876953125 ,0.962646484375 ,0.0874633789062
3.0391 ,8341162 ,-116 ,0 ,0.256164550781 ,-0.0098876953125 ,0.962585449219 ,0.087646484375
3.0547 ,8340941 ,-116 ,0 ,0.256164550781 ,-0.0098876953125 ,0.962585449219 ,0.087646484375
3.0667 ,8340788 ,-116 ,0 ,0.256225585938 ,-0.0098876953125 ,0.962585449219 ,0.087646484375
3.0775 ,8340788 ,-116 ,0 ,0.256225585938 ,-0.0098876953125 ,0.962585449219 ,0.0877685546875
3.0882 ,8341775 ,-116 ,0 ,0.256286621094 ,-0.00982666015625 ,0.962524414062 ,0.0878295898438
3.0991 ,8340885 ,-116 ,0 ,0.256408691406 ,-0.0098876953125 ,0.962524414062 ,0.0880126953125
3.1175 ,8341283 ,-116 ,0 ,0.25634765625 ,-0.0098876953125 ,0.962524414062 ,0.0881958007812
3.1285 ,8341345 ,-116 ,0 ,0.256286621094 ,-0.00994873046875 ,0.962524414062 ,0.0883178710938
3.14 ,8341183 ,-116 ,0 ,0.256225585938 ,-0.010009765625 ,0.962524414062 ,0.0885009765625
3.1548 ,8341186 ,-116 ,0 ,0.256286621094 ,-0.010009765625 ,0.962463378906 ,0.088623046875
3.1681 ,8340903 ,-116 ,0 ,0.256286621094 ,-0.0100708007812 ,0.962463378906 ,0.0886840820312
3.1797 ,8341356 ,-116 ,0 ,0.256469726562 ,-0.0101928710938 ,0.96240234375 ,0.0889892578125
3.1948 ,8341141 ,-116 ,0 ,0.256469726562 ,-0.01025390625 ,0.96240234375 ,0.089111328125
3.2062 ,8341148 ,-116 ,0 ,0.256469726562 ,-0.0103149414062 ,0.962341308594 ,0.0892944335938
3.2178 ,8341501 ,-116 ,0 ,0.256530761719 ,-0.0103759765625 ,0.962341308594 ,0.0894165039062
3.2295 ,8341716 ,-116 ,0 ,0.256591796875 ,-0.010498046875 ,0.962280273438 ,0.0897827148438
3.2454 ,8340733 ,-116 ,0 ,0.256469726562 ,-0.0105590820312 ,0.962280273438 ,0.0899658203125
3.2564 ,8341148 ,-116 ,0 ,0.25634765625 ,-0.0106201171875 ,0.962341308594 ,0.090087890625
3.2675 ,8340231 ,-116 ,0 ,0.256225585938 ,-0.0106811523438 ,0.962341308594 ,0.0902099609375
3.2783 ,8340878 ,-116 ,0 ,0.256225585938 ,-0.0107421875 ,0.962341308594 ,0.09033203125
3.2898 ,8340878 ,-116 ,0 ,0.256164550781 ,-0.0108642578125 ,0.962341308594 ,0.0904541015625
3.3047 ,8341584 ,-116 ,0 ,0.256225585938 ,-0.0109252929688 ,0.962280273438 ,0.0905151367188
3.3175 ,8340999 ,-116 ,0 ,0.256408691406 ,-0.0110473632812 ,0.962280273438 ,0.0905151367188
3.3286 ,8341131 ,-116 ,0 ,0.256530761719 ,-0.0111083984375 ,0.962219238281 ,0.0905151367188
3.34 ,8341657 ,-116 ,0 ,0.256591796875 ,-0.0111694335938 ,0.962219238281 ,0.090576171875
3.3552 ,8340813 ,-116 ,0 ,0.256652832031 ,-0.0112915039062 ,0.962158203125 ,0.0906372070312
3.3676 ,8340204 ,-116 ,0 ,0.256652832031 ,-0.0113525390625 ,0.962158203125 ,0.0906372070312
3.3798 ,8341716 ,-116 ,0 ,0.256652832031 ,-0.011474609375 ,0.962158203125 ,0.0906982421875
3.3949 ,8341716 ,-116 ,0 ,0.256652832031 ,-0.0115356445312 ,0.962158203125 ,0.0906982421875
3.4064 ,8341345 ,-116 ,0 ,0.256713867188 ,-0.0115966796875 ,0.962158203125 ,0.0907592773438
3.417 ,8341055 ,-116 ,0 ,0.256652832031 ,-0.0116577148438 ,0.962158203125 ,0.0907592773438
3.4275 ,8340764 ,-116 ,0 ,0.256713867188 ,-0.0116577148438 ,0.962158203125 ,0.0907592773438
3.4386 ,8341432 ,-116 ,0 ,0.256713867188 ,-0.01171875 ,0.962158203125 ,0.0908203125
3.4495 ,8341390 ,-116 ,0 ,0.2568359375 ,-0.0117797851562 ,0.962097167969 ,0.0908203125
3.4673 ,8340563 ,-116 ,0 ,0.2568359375 ,-0.0118408203125 ,0.962097167969 ,0.0908813476562
3.478 ,8340930 ,-116 ,0 ,0.256958007812 ,-0.0119018554688 ,0.962097167969 ,0.0908813476562
3.5084 ,8341127 ,-116 ,0 ,0.256896972656 ,-0.0119018554688 ,0.962097167969 ,0.0909423828125
3.5192 ,8341747 ,-116 ,0 ,0.26416015625 ,-0.010986328125 ,0.960021972656 ,0.0916137695312
4.0381 ,8340775 ,-115 ,0 ,0.264404296875 ,-0.010986328125 ,0.960021972656 ,0.0916137695312
4.0489 ,8341598 ,-115 ,0 ,0.264587402344 ,-0.0108642578125 ,0.959899902344 ,0.0916748046875
4.0599 ,8340878 ,-115 ,0 ,0.264770507812 ,-0.0104370117188 ,0.959838867188 ,0.0919799804688
4.0745 ,8341076 ,-115 ,0 ,0.264770507812 ,-0.01025390625 ,0.959838867188 ,0.0922241210938
4.0859 ,8341366 ,-115 ,0 ,0.264892578125 ,-0.0101318359375 ,0.959777832031 ,0.0924682617188
4.0967 ,8341076 ,-115 ,0 ,0.264892578125 ,-0.0101318359375 ,0.959777832031 ,0.0927124023438
4.1075 ,8341456 ,-115 ,0 ,0.264526367188 ,-0.0103759765625 ,0.959777832031 ,0.0932006835938
4.1249 ,8341072 ,-115 ,0 ,0.264343261719 ,-0.0104370117188 ,0.959838867188 ,0.0933837890625
4.1357 ,8341342 ,-115 ,0 ,0.264282226562 ,-0.0103759765625 ,0.959838867188 ,0.0933837890625
4.1467 ,8341588 ,-115 ,0 ,0.264343261719 ,-0.0103149414062 ,0.959838867188 ,0.0933837890625
4.1574 ,8340913 ,-115 ,0 ,0.264526367188 ,-0.0100708007812 ,0.959777832031 ,0.0936889648438
4.1746 ,8341117 ,-115 ,0 ,0.264770507812 ,-0.010009765625 ,0.959655761719 ,0.0939331054688
4.1861 ,8341581 ,-115 ,0 ,0.264892578125 ,-0.010009765625 ,0.959594726562 ,0.09423828125
4.1969 ,8341269 ,-115 ,0 ,0.264770507812 ,-0.010009765625 ,0.959594726562 ,0.094482421875
4.2076 ,8340411 ,-115 ,0 ,0.264526367188 ,-0.010009765625 ,0.959655761719 ,0.0946655273438
4.2183 ,8341017 ,-115 ,0 ,0.264343261719 ,-0.0100708007812 ,0.959716796875 ,0.0947875976562
4.2297 ,8341453 ,-115 ,0 ,0.264526367188 ,-0.0100708007812 ,0.959655761719 ,0.0949096679688
4.2449 ,8340795 ,-115 ,0 ,0.264892578125 ,-0.0100708007812 ,0.959533691406 ,0.094970703125
4.2556 ,8341494 ,-115 ,0 ,0.265197753906 ,-0.0101318359375 ,0.959411621094 ,0.0950927734375
4.2673 ,8341176 ,-115 ,0 ,0.265502929688 ,-0.01025390625 ,0.959350585938 ,0.09521484375
4.2777 ,8341103 ,-115 ,0 ,0.265808105469 ,-0.0103759765625 ,0.959228515625 ,0.0953979492188
4.2885 ,8341730 ,-115 ,0 ,0.265991210938 ,-0.010498046875 ,0.959167480469 ,0.0955200195312
4.2993 ,8340951 ,-115 ,0 ,0.266052246094 ,-0.0107421875 ,0.959106445312 ,0.0958862304688
4.3176 ,8341072 ,-115 ,0 ,0.266235351562 ,-0.0108032226562 ,0.959045410156 ,0.0961303710938
4.3286 ,8340608 ,-115 ,0 ,0.266479492188 ,-0.0109252929688 ,0.958923339844 ,0.0963745117188
4.3398 ,8340622 ,-115 ,0 ,0.267395019531 ,-0.0106811523438 ,0.958618164062 ,0.0971069335938
4.4457 ,8340640 ,-115 ,0 ,0.267456054688 ,-0.0105590820312 ,0.958618164062 ,0.096923828125
4.4565 ,8341363 ,-115 ,1 ,0.267578125 ,-0.0103149414062 ,0.958679199219 ,0.0962524414062
4.4899 ,8341065 ,-115 ,1 ,0.267639160156 ,-0.0103759765625 ,0.958679199219 ,0.0960083007812
4.5051 ,8340896 ,-115 ,1 ,0.267578125 ,-0.0103759765625 ,0.958679199219 ,0.095947265625
4.5176 ,8341359 ,-115 ,1 ,0.267517089844 ,-0.0104370117188 ,0.958740234375 ,0.0958862304688
4.5283 ,8340844 ,-115 ,1 ,0.267517089844 ,-0.0103759765625 ,0.958740234375 ,0.095703125
4.5396 ,8341190 ,-115 ,1 ,0.267517089844 ,-0.0103759765625 ,0.958740234375 ,0.0955810546875
4.5544 ,8341200 ,-115 ,1 ,0.267639160156 ,-0.0104370117188 ,0.958740234375 ,0.0955810546875
4.5672 ,8341366 ,-115 ,1 ,0.267822265625 ,-0.0104370117188 ,0.958679199219 ,0.0955810546875
4.5787 ,8341425 ,-115 ,1 ,0.267822265625 ,-0.0103759765625 ,0.958679199219 ,0.0956420898438
4.5948 ,8340979 ,-115 ,1 ,0.267639160156 ,-0.0103149414062 ,0.958740234375 ,0.0956420898438
4.606 ,8341418 ,-115 ,1 ,0.267517089844 ,-0.01025390625 ,0.958740234375 ,0.0956420898438
4.6178 ,8341961 ,-115 ,1 ,0.267517089844 ,-0.0101318359375 ,0.958740234375 ,0.0958862304688
4.6375 ,8341224 ,-115 ,1 ,0.267517089844 ,-0.0101928710938 ,0.958679199219 ,0.0960083007812
4.6485 ,8341557 ,-115 ,1 ,0.267883300781 ,-0.0106201171875 ,0.95849609375 ,0.0973510742188
4.6959 ,8341851 ,-115 ,1 ,0.267944335938 ,-0.0107421875 ,0.958435058594 ,0.0977172851562
4.7068 ,8341546 ,-115 ,1 ,0.267883300781 ,-0.0108642578125 ,0.958312988281 ,0.0989379882812
4.7449 ,8341851 ,-115 ,1 ,0.265563964844 ,-0.0115966796875 ,0.958435058594 ,0.103942871094
4.8567 ,8340719 ,-115 ,1 ,0.264892578125 ,-0.0115356445312 ,0.958557128906 ,0.104248046875
4.8676 ,8341643 ,-115 ,1 ,0.264587402344 ,-0.0113525390625 ,0.958618164062 ,0.104675292969
4.8785 ,8341013 ,-115 ,1 ,0.264770507812 ,-0.0114135742188 ,0.95849609375 ,0.105163574219
4.8895 ,8341200 ,-115 ,1 ,0.263793945312 ,-0.0112915039062 ,0.958740234375 ,0.105529785156
4.9038 ,8340833 ,-115 ,1 ,0.263793945312 ,-0.01123046875 ,0.958740234375 ,0.105590820312
4.917 ,8341245 ,-115 ,1 ,0.264343261719 ,-0.0111694335938 ,0.958557128906 ,0.105590820312
4.928 ,8341775 ,-115 ,1 ,0.264831542969 ,-0.0111083984375 ,0.958435058594 ,0.10546875
4.9392 ,8340664 ,-115 ,1 ,0.265441894531 ,-0.0106811523438 ,0.958374023438 ,0.104858398438
4.9548 ,8340750 ,-115 ,1 ,0.265869140625 ,-0.010498046875 ,0.958251953125 ,0.1044921875
4.9679 ,8340975 ,-115 ,1 ,0.266174316406 ,-0.0103759765625 ,0.958251953125 ,0.104125976562
4.9794 ,8341249 ,-115 ,1 ,0.266174316406 ,-0.010498046875 ,0.958312988281 ,0.103271484375
4.9951 ,8341017 ,-115 ,1 ,0.265991210938 ,-0.0107421875 ,0.958435058594 ,0.102844238281
5.0062 ,8340757 ,-115 ,1 ,0.265563964844 ,-0.0109252929688 ,0.958557128906 ,0.102600097656
5.0176 ,8341937 ,-115 ,1 ,0.26513671875 ,-0.0110473632812 ,0.958679199219 ,0.102478027344
5.029 ,8341522 ,-115 ,1 ,0.264343261719 ,-0.0109252929688 ,0.958923339844 ,0.102355957031
5.0447 ,8340996 ,-115 ,1 ,0.263854980469 ,-0.0108032226562 ,0.959045410156 ,0.102172851562
5.0556 ,8340588 ,-115 ,1 ,0.263488769531 ,-0.0106811523438 ,0.959167480469 ,0.10205078125
5.0676 ,8341781 ,-115 ,0 ,0.263305664062 ,-0.0105590820312 ,0.959228515625 ,0.101867675781
5.0793 ,8340993 ,-115 ,0 ,0.263122558594 ,-0.0105590820312 ,0.959350585938 ,0.1015625
5.0949 ,8340989 ,-115 ,0 ,0.262878417969 ,-0.010498046875 ,0.959411621094 ,0.101440429688
5.1059 ,8341058 ,-115 ,0 ,0.262756347656 ,-0.0104370117188 ,0.95947265625 ,0.101318359375
5.1172 ,8340643 ,-115 ,0 ,0.262756347656 ,-0.010498046875 ,0.95947265625 ,0.101135253906
5.1284 ,8341532 ,-115 ,0 ,0.262878417969 ,-0.0105590820312 ,0.95947265625 ,0.100952148438
5.1393 ,8341404 ,-115 ,0 ,0.263427734375 ,-0.0107421875 ,0.959350585938 ,0.100463867188
5.1553 ,8340159 ,-115 ,0 ,0.263793945312 ,-0.0108642578125 ,0.959350585938 ,0.100036621094
5.1679 ,8341536 ,-115 ,0 ,0.263977050781 ,-0.0110473632812 ,0.959289550781 ,0.099609375
5.1791 ,8341166 ,-115 ,0 ,0.264282226562 ,-0.0115356445312 ,0.959289550781 ,0.0987548828125
5.1953 ,8340622 ,-115 ,0 ,0.264343261719 ,-0.0115966796875 ,0.959350585938 ,0.0984497070312
5.2065 ,8340806 ,-115 ,0 ,0.264282226562 ,-0.0115356445312 ,0.959350585938 ,0.0982055664062
5.218 ,8341401 ,-115 ,0 ,0.264221191406 ,-0.0114135742188 ,0.959411621094 ,0.0979614257812
5.2295 ,8341865 ,-115 ,0 ,0.264465332031 ,-0.0110473632812 ,0.959411621094 ,0.0972290039062
5.2451 ,8341688 ,-115 ,0 ,0.264587402344 ,-0.0108642578125 ,0.959411621094 ,0.0968627929688
5.2563 ,8341345 ,-115 ,0 ,0.264770507812 ,-0.0107421875 ,0.959411621094 ,0.0964965820312
5.2678 ,8341345 ,-115 ,0 ,0.265075683594 ,-0.0106811523438 ,0.959350585938 ,0.09619140625
5.2786 ,8340979 ,-115 ,0 ,0.265380859375 ,-0.0107421875 ,0.959289550781 ,0.0958862304688
5.2896 ,8340498 ,-115 ,0 ,0.265625 ,-0.0106201171875 ,0.959228515625 ,0.0957641601562
5.3048 ,8340508 ,-115 ,0 ,0.265625 ,-0.010498046875 ,0.959228515625 ,0.095703125
5.3176 ,8340847 ,-115 ,0 ,0.265747070312 ,-0.0103149414062 ,0.959228515625 ,0.095703125
5.3288 ,8341612 ,-115 ,0 ,0.266052246094 ,-0.00994873046875 ,0.959167480469 ,0.0955200195312
5.345 ,8341089 ,-115 ,0 ,0.266174316406 ,-0.00982666015625 ,0.959106445312 ,0.095458984375
5.3557 ,8340768 ,-115 ,0 ,0.266418457031 ,-0.00970458984375 ,0.959106445312 ,0.095458984375
5.3671 ,8340851 ,-115 ,0 ,0.266540527344 ,-0.00958251953125 ,0.959045410156 ,0.0953979492188
5.3779 ,8341439 ,-115 ,0 ,0.2666015625 ,-0.0093994140625 ,0.959045410156 ,0.0953369140625
5.3894 ,8341653 ,-115 ,0 ,0.2666015625 ,-0.00909423828125 ,0.959045410156 ,0.0950317382812
5.4047 ,8341764 ,-115 ,0 ,0.266723632812 ,-0.0089111328125 ,0.959045410156 ,0.094970703125
5.4177 ,8341159 ,-115 ,0 ,0.266967773438 ,-0.00872802734375 ,0.958984375 ,0.0949096679688
5.4283 ,8342017 ,-115 ,0 ,0.267272949219 ,-0.008544921875 ,0.958923339844 ,0.0947265625
5.4395 ,8340636 ,-115 ,0 ,0.268005371094 ,-0.00811767578125 ,0.958740234375 ,0.0945434570312
5.4551 ,8342072 ,-115 ,0 ,0.268310546875 ,-0.0079345703125 ,0.958679199219 ,0.0944213867188
5.4677 ,8341629 ,-115 ,0 ,0.268493652344 ,-0.00775146484375 ,0.958618164062 ,0.0942993164062
5.4789 ,8341629 ,-115 ,0 ,0.268615722656 ,-0.00732421875 ,0.958618164062 ,0.0939331054688
5.4944 ,8340660 ,-115 ,0 ,0.2685546875 ,-0.00714111328125 ,0.958679199219 ,0.09375
5.5055 ,8341543 ,-115 ,0 ,0.268493652344 ,-0.00689697265625 ,0.958679199219 ,0.0935668945312
5.5175 ,8341086 ,-115 ,0 ,0.268493652344 ,-0.00665283203125 ,0.958740234375 ,0.0933227539062
5.5286 ,8340619 ,-115 ,0 ,0.2685546875 ,-0.00634765625 ,0.958740234375 ,0.093017578125
5.5399 ,8341588 ,-115 ,0 ,0.268737792969 ,-0.00579833984375 ,0.958740234375 ,0.092529296875
5.5549 ,8341103 ,-115 ,0 ,0.268981933594 ,-0.005615234375 ,0.958679199219 ,0.0923461914062
5.5676 ,8340186 ,-115 ,0 ,0.269226074219 ,-0.00543212890625 ,0.958618164062 ,0.0921630859375
5.5786 ,8340186 ,-115 ,0 ,0.269470214844 ,-0.0052490234375 ,0.958618164062 ,0.0919189453125
5.5898 ,8341737 ,-115 ,0 ,0.27001953125 ,-0.00494384765625 ,0.95849609375 ,0.0914916992188
5.6047 ,8341162 ,-115 ,0 ,0.270263671875 ,-0.00469970703125 ,0.958435058594 ,0.0912475585938
5.6178 ,8341038 ,-115 ,0 ,0.270690917969 ,-0.00390625 ,0.958435058594 ,0.0901489257812
5.645 ,8341287 ,-115 ,0 ,0.270690917969 ,-0.003662109375 ,0.958435058594 ,0.0897216796875
5.6558 ,8340207 ,-115 ,0 ,0.270751953125 ,-0.00347900390625 ,0.95849609375 ,0.08935546875
5.6682 ,8340910 ,-115 ,0 ,0.270874023438 ,-0.00323486328125 ,0.95849609375 ,0.0889282226562
5.6793 ,8341259 ,-115 ,0 ,0.271545410156 ,-0.0028076171875 ,0.958374023438 ,0.0881958007812
5.6947 ,8341332 ,-115 ,0 ,0.27197265625 ,-0.00262451171875 ,0.958312988281 ,0.0877685546875
5.7055 ,8340692 ,-115 ,0 ,0.2724609375 ,-0.00238037109375 ,0.958190917969 ,0.0872802734375
5.7175 ,8340878 ,-115 ,0 ,0.27294921875 ,-0.00213623046875 ,0.958129882812 ,0.0867309570312
5.7284 ,8340667 ,-115 ,0 ,0.273376464844 ,-0.00189208984375 ,0.9580078125 ,0.086181640625
5.7393 ,8341411 ,-115 ,0 ,0.274291992188 ,-0.00146484375 ,0.957885742188 ,0.085205078125
5.7548 ,8341446 ,-115 ,0 ,0.274841308594 ,-0.0013427734375 ,0.957763671875 ,0.0848388671875
5.7674 ,8341709 ,-115 ,0 ,0.275329589844 ,-0.00115966796875 ,0.957641601562 ,0.08447265625
5.7787 ,8341941 ,-115 ,0 ,0.275817871094 ,-0.00103759765625 ,0.95751953125 ,0.0841064453125
5.7896 ,8341401 ,-115 ,0 ,0.276672363281 ,-0.0006103515625 ,0.957336425781 ,0.0833740234375
5.8047 ,8341172 ,-115 ,0 ,0.276916503906 ,-0.0003662109375 ,0.957275390625 ,0.0831298828125
5.8174 ,8341750 ,-115 ,0 ,0.27685546875 ,-0.0001220703125 ,0.957336425781 ,0.0829467773438
5.829 ,8340525 ,-115 ,0 ,0.276245117188 ,0.0006103515625 ,0.95751953125 ,0.0827026367188
5.8445 ,8341401 ,-115 ,0 ,0.276062011719 ,0.00103759765625 ,0.957580566406 ,0.0826416015625
5.8552 ,8340944 ,-115 ,0 ,0.275817871094 ,0.0013427734375 ,0.957641601562 ,0.0823974609375
5.8674 ,8341041 ,-115 ,0 ,0.275573730469 ,0.0015869140625 ,0.957763671875 ,0.0820922851562
5.8783 ,8341141 ,-115 ,0 ,0.275451660156 ,0.0018310546875 ,0.957824707031 ,0.081787109375
5.8892 ,8341141 ,-115 ,0 ,0.275573730469 ,0.0023193359375 ,0.957824707031 ,0.0813598632812
5.9044 ,8341221 ,-115 ,0 ,0.275512695312 ,0.00262451171875 ,0.957824707031 ,0.081298828125
5.9174 ,8341384 ,-115 ,0 ,0.275451660156 ,0.00286865234375 ,0.957885742188 ,0.081298828125
5.9284 ,8341166 ,-115 ,0 ,0.275634765625 ,0.00311279296875 ,0.957824707031 ,0.0812377929688
5.9394 ,8341529 ,-115 ,0 ,0.276306152344 ,0.0032958984375 ,0.957641601562 ,0.0809326171875
5.954 ,8340605 ,-115 ,0 ,0.276489257812 ,0.00335693359375 ,0.957580566406 ,0.080810546875
5.9671 ,8340605 ,-115 ,0 ,0.276611328125 ,0.00347900390625 ,0.957580566406 ,0.0807495117188
5.9779 ,8341602 ,-115 ,0 ,0.276611328125 ,0.003662109375 ,0.957580566406 ,0.080810546875
5.9889 ,8341020 ,-115 ,0 ,0.276062011719 ,0.00421142578125 ,0.957702636719 ,0.0811157226562
6.0042 ,8340913 ,-115 ,0 ,0.275756835938 ,0.0045166015625 ,0.957763671875 ,0.0813598632812
6.0172 ,8341224 ,-115 ,0 ,0.275512695312 ,0.0047607421875 ,0.957824707031 ,0.0814208984375
6.0285 ,8341456 ,-115 ,0 ,0.275329589844 ,0.00494384765625 ,0.957885742188 ,0.0814819335938
6.04 ,8341342 ,-115 ,0 ,0.275024414062 ,0.005126953125 ,0.957946777344 ,0.0814208984375
6.0542 ,8342131 ,-115 ,0 ,0.274963378906 ,0.0052490234375 ,0.9580078125 ,0.0814819335938
6.0667 ,8340730 ,-115 ,0 ,0.274963378906 ,0.00537109375 ,0.957946777344 ,0.0816040039062
6.0775 ,8340993 ,-115 ,0 ,0.274963378906 ,0.0054931640625 ,0.957946777344 ,0.0816650390625
6.0882 ,8341667 ,-115 ,0 ,0.275024414062 ,0.005615234375 ,0.957946777344 ,0.0816650390625
6.0993 ,8341944 ,-115 ,0 ,0.275207519531 ,0.0059814453125 ,0.957885742188 ,0.081787109375
6.1171 ,8341256 ,-115 ,0 ,0.275268554688 ,0.00628662109375 ,0.957824707031 ,0.0819702148438
6.1279 ,8341709 ,-115 ,0 ,0.275146484375 ,0.0067138671875 ,0.957885742188 ,0.0822143554688
6.1389 ,8341591 ,-115 ,0 ,0.275329589844 ,0.00726318359375 ,0.957763671875 ,0.0823974609375
6.154 ,8341370 ,-115 ,0 ,0.275329589844 ,0.00738525390625 ,0.957763671875 ,0.0823364257812
6.1671 ,8341027 ,-115 ,0 ,0.275268554688 ,0.00738525390625 ,0.957824707031 ,0.082275390625
6.1779 ,8341927 ,-115 ,0 ,0.275146484375 ,0.00732421875 ,0.957885742188 ,0.0822143554688
6.1886 ,8341553 ,-115 ,0 ,0.275024414062 ,0.0074462890625 ,0.957885742188 ,0.0820922851562
6.1995 ,8341318 ,-115 ,0 ,0.274597167969 ,0.00787353515625 ,0.9580078125 ,0.0820922851562
6.2175 ,8341698 ,-115 ,0 ,0.2744140625 ,0.00811767578125 ,0.958068847656 ,0.0822143554688
6.2294 ,8340778 ,-115 ,0 ,0.274536132812 ,0.0084228515625 ,0.9580078125 ,0.0821533203125
6.2441 ,8341034 ,-115 ,0 ,0.274658203125 ,0.008544921875 ,0.9580078125 ,0.0821533203125
6.2555 ,8340460 ,-115 ,0 ,0.274658203125 ,0.008544921875 ,0.9580078125 ,0.0821533203125
6.267 ,8341134 ,-115 ,0 ,0.274597167969 ,0.008544921875 ,0.9580078125 ,0.0820922851562
6.2782 ,8342584 ,-115 ,0 ,0.274597167969 ,0.00860595703125 ,0.9580078125 ,0.0819702148438
6.2897 ,8341190 ,-115 ,0 ,0.274597167969 ,0.0087890625 ,0.9580078125 ,0.081787109375
6.3045 ,8342768 ,-115 ,0 ,0.274597167969 ,0.00885009765625 ,0.9580078125 ,0.0816650390625
6.317 ,8341076 ,-115 ,0 ,0.274658203125 ,0.0089111328125 ,0.9580078125 ,0.0816040039062
6.3284 ,8342397 ,-115 ,0 ,0.274719238281 ,0.00897216796875 ,0.9580078125 ,0.0814819335938
6.3396 ,8341072 ,-115 ,0 ,0.274780273438 ,0.00909423828125 ,0.9580078125 ,0.0813598632812
6.3542 ,8340636 ,-115 ,0 ,0.274780273438 ,0.00909423828125 ,0.9580078125 ,0.0813598632812
6.3674 ,8340602 ,-115 ,0 ,0.274780273438 ,0.0091552734375 ,0.9580078125 ,0.0813598632812
6.3787 ,8342259 ,-115 ,0 ,0.274780273438 ,0.00921630859375 ,0.9580078125 ,0.0813598632812
6.3896 ,8341314 ,-115 ,0 ,0.274780273438 ,0.00921630859375 ,0.9580078125 ,0.0813598632812
6.4044 ,8341006 ,-115 ,0 ,0.274658203125 ,0.00921630859375 ,0.958068847656 ,0.0813598632812
6.4173 ,8341197 ,-115 ,0 ,0.274536132812 ,0.00921630859375 ,0.958068847656 ,0.0813598632812
6.4291 ,8341020 ,-115 ,0 ,0.274230957031 ,0.00927734375 ,0.958129882812 ,0.0814208984375
6.4446 ,8341048 ,-115 ,0 ,0.274108886719 ,0.00927734375 ,0.958190917969 ,0.0814208984375
6.4557 ,8341245 ,-115 ,0 ,0.274047851562 ,0.00927734375 ,0.958190917969 ,0.0814208984375
6.4668 ,8341944 ,-115 ,0 ,0.274047851562 ,0.00927734375 ,0.958190917969 ,0.0814208984375
6.4776 ,8341640 ,-115 ,0 ,0.274047851562 ,0.00927734375 ,0.958190917969 ,0.0814208984375
6.4881 ,8341031 ,-115 ,0 ,0.274108886719 ,0.00921630859375 ,0.958190917969 ,0.0814819335938
6.4991 ,8341359 ,-115 ,0 ,0.274536132812 ,0.009033203125 ,0.958068847656 ,0.0819091796875
6.517 ,8342055 ,-115 ,0 ,0.274597167969 ,0.00897216796875 ,0.9580078125 ,0.0821533203125
6.5275 ,8340944 ,-115 ,0 ,0.274536132812 ,0.0089111328125 ,0.9580078125 ,0.082275390625
6.5379 ,8340757 ,-115 ,0 ,0.2744140625 ,0.0089111328125 ,0.9580078125 ,0.0823974609375
6.5489 ,8341560 ,-115 ,0 ,0.27392578125 ,0.00885009765625 ,0.958190917969 ,0.0823974609375
6.5671 ,8340982 ,-115 ,0 ,0.273742675781 ,0.0087890625 ,0.958190917969 ,0.08251953125
6.5782 ,8340567 ,-115 ,0 ,0.273742675781 ,0.00872802734375 ,0.958190917969 ,0.082763671875
6.59 ,8341508 ,-115 ,0 ,0.273864746094 ,0.00860595703125 ,0.958129882812 ,0.0831909179688
6.6046 ,8340896 ,-115 ,0 ,0.27392578125 ,0.008544921875 ,0.958129882812 ,0.0833129882812
6.6172 ,8340982 ,-115 ,0 ,0.273986816406 ,0.00848388671875 ,0.958068847656 ,0.0834350585938
6.6279 ,8341536 ,-115 ,0 ,0.273986816406 ,0.0084228515625 ,0.958068847656 ,0.0836181640625
6.6388 ,8341854 ,-115 ,0 ,0.273986816406 ,0.0081787109375 ,0.9580078125 ,0.0841064453125
6.654 ,8341657 ,-115 ,0 ,0.273986816406 ,0.00811767578125 ,0.9580078125 ,0.0843505859375
6.6667 ,8340657 ,-115 ,0 ,0.27392578125 ,0.00799560546875 ,0.9580078125 ,0.0846557617188
6.6784 ,8341730 ,-115 ,0 ,0.273803710938 ,0.0079345703125 ,0.9580078125 ,0.0849609375
6.6898 ,8341816 ,-115 ,0 ,0.273376464844 ,0.00775146484375 ,0.958068847656 ,0.0853271484375
6.7044 ,8341269 ,-115 ,0 ,0.273254394531 ,0.0076904296875 ,0.958068847656 ,0.0855712890625
6.7176 ,8341439 ,-115 ,0 ,0.273254394531 ,0.007568359375 ,0.958068847656 ,0.0858764648438
6.7281 ,8341034 ,-115 ,0 ,0.273315429688 ,0.0074462890625 ,0.9580078125 ,0.0861206054688
6.7391 ,8341207 ,-115 ,0 ,0.273681640625 ,0.00726318359375 ,0.957885742188 ,0.0865478515625
6.7538 ,8341100 ,-115 ,0 ,0.273803710938 ,0.0072021484375 ,0.957824707031 ,0.0867309570312
6.7668 ,8341380 ,-115 ,0 ,0.27392578125 ,0.00714111328125 ,0.957824707031 ,0.0868530273438
6.7775 ,8340910 ,-115 ,0 ,0.273864746094 ,0.00701904296875 ,0.957763671875 ,0.0870361328125
6.7895 ,8341923 ,-115 ,0 ,0.273681640625 ,0.00689697265625 ,0.957824707031 ,0.0874633789062
6.8046 ,8341477 ,-115 ,0 ,0.273498535156 ,0.0068359375 ,0.957824707031 ,0.0877075195312
6.8172 ,8341820 ,-115 ,0 ,0.273315429688 ,0.00677490234375 ,0.957885742188 ,0.0879516601562
6.8293 ,8341072 ,-115 ,0 ,0.27294921875 ,0.00677490234375 ,0.957946777344 ,0.0881958007812
6.8445 ,8340574 ,-115 ,0 ,0.272827148438 ,0.0067138671875 ,0.9580078125 ,0.0881958007812
6.8558 ,8340681 ,-115 ,0 ,0.272766113281 ,0.006591796875 ,0.9580078125 ,0.0882568359375
6.867 ,8341761 ,-115 ,0 ,0.272827148438 ,0.0064697265625 ,0.9580078125 ,0.08837890625
6.8786 ,8341916 ,-115 ,0 ,0.27294921875 ,0.00628662109375 ,0.957946777344 ,0.0885620117188
6.8894 ,8340858 ,-115 ,0 ,0.273376464844 ,0.00592041015625 ,0.957763671875 ,0.0888671875
6.9042 ,8342141 ,-115 ,0 ,0.273681640625 ,0.00579833984375 ,0.957641601562 ,0.0890502929688
6.9172 ,8341425 ,-115 ,0 ,0.273986816406 ,0.00567626953125 ,0.957580566406 ,0.0891723632812
6.9288 ,8341363 ,-115 ,0 ,0.274047851562 ,0.00537109375 ,0.95751953125 ,0.0892333984375
6.9441 ,8341290 ,-115 ,0 ,0.27392578125 ,0.0052490234375 ,0.957580566406 ,0.08935546875
6.9547 ,8341134 ,-115 ,0 ,0.273620605469 ,0.00518798828125 ,0.957641601562 ,0.08935546875
6.9676 ,8340903 ,-115 ,0 ,0.273376464844 ,0.005126953125 ,0.957702636719 ,0.0894775390625
6.9792 ,8341588 ,-115 ,0 ,0.273132324219 ,0.00506591796875 ,0.957763671875 ,0.08984375
6.9941 ,8341570 ,-115 ,0 ,0.273132324219 ,0.005126953125 ,0.957763671875 ,0.0900268554688
7.0051 ,8340619 ,-115 ,0 ,0.273254394531 ,0.005126953125 ,0.957702636719 ,0.0902709960938
7.0168 ,8341702 ,-115 ,0 ,0.273315429688 ,0.005126953125 ,0.957641601562 ,0.090576171875
7.0285 ,8341619 ,-115 ,0 ,0.273376464844 ,0.00506591796875 ,0.957580566406 ,0.0908203125
7.0394 ,8342283 ,-115 ,0 ,0.273254394531 ,0.00482177734375 ,0.957580566406 ,0.0911254882812
7.054 ,8340910 ,-115 ,0 ,0.273010253906 ,0.0047607421875 ,0.957641601562 ,0.0912475585938
7.0667 ,8341512 ,-115 ,0 ,0.272827148438 ,0.004638671875 ,0.957702636719 ,0.0912475585938
7.0775 ,8341757 ,-115 ,0 ,0.272644042969 ,0.004638671875 ,0.957763671875 ,0.09130859375
7.088 ,8341761 ,-115 ,0 ,0.2724609375 ,0.0045166015625 ,0.957763671875 ,0.0914916992188
7.099 ,8340868 ,-115 ,0 ,0.272094726562 ,0.0042724609375 ,0.957885742188 ,0.0916748046875
7.1169 ,8341515 ,-115 ,0 ,0.27197265625 ,0.004150390625 ,0.957885742188 ,0.091796875
7.1279 ,8341525 ,-115 ,0 ,0.271850585938 ,0.0040283203125 ,0.957946777344 ,0.0919189453125
7.1389 ,8341200 ,-115 ,0 ,0.272094726562 ,0.0037841796875 ,0.957824707031 ,0.0921630859375
7.1544 ,8340477 ,-115 ,0 ,0.272155761719 ,0.00360107421875 ,0.957824707031 ,0.09228515625
7.1671 ,8341996 ,-115 ,0 ,0.272094726562 ,0.0035400390625 ,0.957824707031 ,0.09228515625
7.1782 ,8340318 ,-115 ,0 ,0.271911621094 ,0.00341796875 ,0.957885742188 ,0.0923461914062
7.1891 ,8341062 ,-115 ,0 ,0.271362304688 ,0.003173828125 ,0.9580078125 ,0.0924072265625
7.204 ,8341640 ,-115 ,0 ,0.27099609375 ,0.0030517578125 ,0.958129882812 ,0.0924682617188
7.2168 ,8340442 ,-115 ,0 ,0.270751953125 ,0.00299072265625 ,0.958190917969 ,0.0924682617188
7.2276 ,8340297 ,-115 ,0 ,0.270629882812 ,0.00299072265625 ,0.958251953125 ,0.0924682617188
7.2381 ,8341224 ,-115 ,0 ,0.270629882812 ,0.0029296875 ,0.958251953125 ,0.0924072265625
7.2491 ,8341643 ,-115 ,0 ,0.270629882812 ,0.0028076171875 ,0.958251953125 ,0.0921630859375
7.2668 ,8341505 ,-115 ,0 ,0.270629882812 ,0.002685546875 ,0.958251953125 ,0.0919799804688
7.2779 ,8341871 ,-115 ,0 ,0.270629882812 ,0.002685546875 ,0.958312988281 ,0.0918579101562
7.2888 ,8341484 ,-115 ,0 ,0.270629882812 ,0.00262451171875 ,0.958312988281 ,0.0916748046875
7.3041 ,8340660 ,-115 ,0 ,0.270629882812 ,0.0025634765625 ,0.958312988281 ,0.091552734375
7.3171 ,8341598 ,-115 ,0 ,0.270446777344 ,0.00250244140625 ,0.958374023438 ,0.0913696289062
7.3285 ,8341678 ,-115 ,0 ,0.270263671875 ,0.00250244140625 ,0.958435058594 ,0.0911865234375
7.3397 ,8341179 ,-115 ,0 ,0.269775390625 ,0.00250244140625 ,0.958618164062 ,0.0908813476562
7.355 ,8341927 ,-115 ,0 ,0.269653320312 ,0.0025634765625 ,0.958679199219 ,0.0906372070312
7.3676 ,8340764 ,-115 ,0 ,0.269592285156 ,0.002685546875 ,0.958740234375 ,0.09033203125
7.3787 ,8340993 ,-115 ,0 ,0.269592285156 ,0.002685546875 ,0.958740234375 ,0.0899658203125
7.3899 ,8342041 ,-115 ,0 ,0.269287109375 ,0.00274658203125 ,0.958923339844 ,0.0891723632812
7.4043 ,8341996 ,-115 ,0 ,0.269165039062 ,0.00286865234375 ,0.958984375 ,0.0887451171875
7.4173 ,8340802 ,-115 ,0 ,0.269104003906 ,0.00299072265625 ,0.959045410156 ,0.08837890625
7.4291 ,8341460 ,-115 ,0 ,0.268920898438 ,0.0030517578125 ,0.959167480469 ,0.0877685546875
7.4446 ,8341678 ,-115 ,0 ,0.268920898438 ,0.0030517578125 ,0.959167480469 ,0.0874633789062
7.4557 ,8340975 ,-115 ,0 ,0.268920898438 ,0.00323486328125 ,0.959228515625 ,0.0870971679688
7.4675 ,8340826 ,-115 ,0 ,0.268737792969 ,0.0032958984375 ,0.959289550781 ,0.0868530273438
7.4784 ,8341830 ,-115 ,0 ,0.268432617188 ,0.00341796875 ,0.959411621094 ,0.0865478515625
7.4896 ,8341193 ,-115 ,0 ,0.267761230469 ,0.00341796875 ,0.959655761719 ,0.0859985351562
7.5042 ,8341463 ,-115 ,0 ,0.267517089844 ,0.00335693359375 ,0.959716796875 ,0.0858154296875
7.517 ,8341806 ,-115 ,0 ,0.267456054688 ,0.00347900390625 ,0.959777832031 ,0.0856323242188
7.5283 ,8341439 ,-115 ,0 ,0.267456054688 ,0.0035400390625 ,0.959777832031 ,0.08544921875
7.5393 ,8341889 ,-115 ,0 ,0.267700195312 ,0.00360107421875 ,0.959716796875 ,0.0850830078125
7.5542 ,8341619 ,-115 ,0 ,0.267700195312 ,0.0035400390625 ,0.959716796875 ,0.0849609375
7.567 ,8341868 ,-115 ,0 ,0.267517089844 ,0.0035400390625 ,0.959777832031 ,0.0848999023438
7.5776 ,8340965 ,-115 ,0 ,0.267272949219 ,0.0035400390625 ,0.959838867188 ,0.0848999023438
7.5886 ,8341273 ,-115 ,0 ,0.26708984375 ,0.00347900390625 ,0.959899902344 ,0.0848999023438
7.5996 ,8341401 ,-115 ,0 ,0.266845703125 ,0.0032958984375 ,0.9599609375 ,0.0849609375
7.6167 ,8340906 ,-115 ,0 ,0.266845703125 ,0.003173828125 ,0.9599609375 ,0.0850219726562
7.628 ,8341432 ,-115 ,0 ,0.266906738281 ,0.00311279296875 ,0.9599609375 ,0.0849609375
7.639 ,8341325 ,-115 ,0 ,0.267211914062 ,0.00286865234375 ,0.959899902344 ,0.0849609375
7.654 ,8340629 ,-115 ,0 ,0.267333984375 ,0.00274658203125 ,0.959838867188 ,0.0850219726562
7.6667 ,8341027 ,-115 ,0 ,0.267456054688 ,0.0025634765625 ,0.959777832031 ,0.0850830078125
7.6775 ,8341307 ,-115 ,0 ,0.267578125 ,0.00238037109375 ,0.959777832031 ,0.0852661132812
7.6884 ,8341425 ,-115 ,0 ,0.267578125 ,0.0023193359375 ,0.959777832031 ,0.0853881835938
7.6993 ,8341283 ,-115 ,0 ,0.26708984375 ,0.00225830078125 ,0.959899902344 ,0.0852661132812
7.7175 ,8341217 ,-115 ,0 ,0.266662597656 ,0.00213623046875 ,0.960021972656 ,0.085205078125
7.7293 ,8341093 ,-115 ,0 ,0.266174316406 ,0.00177001953125 ,0.960144042969 ,0.0850830078125
7.7439 ,8341612 ,-115 ,0 ,0.266357421875 ,0.0015869140625 ,0.960144042969 ,0.0850830078125
7.7547 ,8341446 ,-115 ,0 ,0.266540527344 ,0.00146484375 ,0.960083007812 ,0.0849609375
7.767 ,8341256 ,-115 ,0 ,0.266845703125 ,0.0013427734375 ,0.960021972656 ,0.084716796875
7.778 ,8341515 ,-115 ,0 ,0.267150878906 ,0.001220703125 ,0.9599609375 ,0.08447265625
7.789 ,8340999 ,-115 ,0 ,0.267150878906 ,0.00079345703125 ,0.960021972656 ,0.083984375
7.804 ,8341325 ,-115 ,0 ,0.266906738281 ,0.00067138671875 ,0.960083007812 ,0.0836791992188
7.817 ,8341948 ,-115 ,0 ,0.266662597656 ,0.00054931640625 ,0.960205078125 ,0.0833129882812
7.8276 ,8341657 ,-115 ,0 ,0.266357421875 ,0.00042724609375 ,0.960327148438 ,0.0828857421875
7.8383 ,8341532 ,-115 ,0 ,0.266052246094 ,0.0003662109375 ,0.96044921875 ,0.0823974609375
7.8492 ,8341373 ,-115 ,0 ,0.265686035156 ,0.00018310546875 ,0.960571289062 ,0.0816650390625
7.8669 ,8341584 ,-115 ,0 ,0.265441894531 ,6.103515625e-05 ,0.960693359375 ,0.0814208984375
7.8777 ,8341474 ,-115 ,0 ,0.265258789062 ,-0.0001220703125 ,0.960754394531 ,0.0812377929688
7.8884 ,8341096 ,-115 ,0 ,0.265258789062 ,-0.0003662109375 ,0.960754394531 ,0.0811157226562
7.8995 ,8341172 ,-115 ,0 ,0.265502929688 ,-0.0008544921875 ,0.960754394531 ,0.08056640625
7.9172 ,8341647 ,-115 ,0 ,0.265686035156 ,-0.00115966796875 ,0.960754394531 ,0.0802001953125
7.9282 ,8341076 ,-115 ,0 ,0.265747070312 ,-0.00152587890625 ,0.960754394531 ,0.0797119140625
7.9394 ,8341906 ,-115 ,0 ,0.265869140625 ,-0.0020751953125 ,0.960815429688 ,0.07861328125
7.9543 ,8340927 ,-115 ,1 ,0.26611328125 ,-0.00225830078125 ,0.960754394531 ,0.0783081054688
7.967 ,8341858 ,-115 ,1 ,0.266296386719 ,-0.00238037109375 ,0.960693359375 ,0.0781860351562
7.9775 ,8341207 ,-115 ,1 ,0.266357421875 ,-0.00262451171875 ,0.960693359375 ,0.0782470703125
7.9882 ,8341352 ,-115 ,1 ,0.266296386719 ,-0.0028076171875 ,0.960693359375 ,0.0782470703125
7.9991 ,8341515 ,-115 ,1 ,0.265625 ,-0.0029296875 ,0.960876464844 ,0.07861328125
8.0166 ,8341505 ,-115 ,1 ,0.264953613281 ,-0.0029296875 ,0.960998535156 ,0.0790405273438
8.0279 ,8342304 ,-115 ,1 ,0.264526367188 ,-0.0030517578125 ,0.961120605469 ,0.0791015625
8.0386 ,8341207 ,-115 ,1 ,0.264221191406 ,-0.0032958984375 ,0.961242675781 ,0.0789184570312
8.0495 ,8341231 ,-115 ,1 ,0.26318359375 ,-0.00384521484375 ,0.961486816406 ,0.0789794921875
8.0666 ,8341826 ,-115 ,1 ,0.26318359375 ,-0.00384521484375 ,0.961486816406 ,0.0791625976562
8.0772 ,8341543 ,-114 ,1 ,0.263427734375 ,-0.00360107421875 ,0.961364746094 ,0.0795288085938
8.0879 ,8341557 ,-114 ,1 ,0.263732910156 ,-0.00286865234375 ,0.961242675781 ,0.0804443359375
8.0985 ,8341982 ,-114 ,1 ,0.264465332031 ,-0.0006103515625 ,0.960876464844 ,0.0824584960938
8.1167 ,8340913 ,-114 ,1 ,0.265319824219 ,0.00054931640625 ,0.960571289062 ,0.0830078125
8.1275 ,8341678 ,-114 ,1 ,0.266540527344 ,0.0013427734375 ,0.960205078125 ,0.0833129882812
8.1381 ,8341678 ,-114 ,2 ,0.268005371094 ,0.0020751953125 ,0.959838867188 ,0.082763671875
8.149 ,8341550 ,-114 ,2 ,0.270568847656 ,0.0029296875 ,0.959289550781 ,0.0811767578125
8.1671 ,8342058 ,-114 ,3 ,0.271118164062 ,0.003662109375 ,0.959167480469 ,0.0807495117188
8.1785 ,8342211 ,-114 ,3 ,0.271667480469 ,0.00445556640625 ,0.959045410156 ,0.0799560546875
8.1894 ,8341820 ,-113 ,4 ,0.2724609375 ,0.00738525390625 ,0.959167480469 ,0.0760498046875
8.2038 ,8343224 ,-113 ,5 ,0.272705078125 ,0.0108032226562 ,0.959228515625 ,0.0738525390625
8.2176 ,8342823 ,-113 ,6 ,0.272888183594 ,0.0155029296875 ,0.959289550781 ,0.071044921875
8.2286 ,8342273 ,-113 ,7 ,0.273620605469 ,0.0247192382812 ,0.959350585938 ,0.0646362304688
8.244 ,8342515 ,-113 ,7 ,0.273803710938 ,0.0284423828125 ,0.959411621094 ,0.0616455078125
8.2556 ,8342747 ,-113 ,8 ,0.273254394531 ,0.0316162109375 ,0.959594726562 ,0.0587768554688
8.2673 ,8343027 ,-112 ,8 ,0.2724609375 ,0.0330200195312 ,0.9599609375 ,0.056396484375
8.2789 ,8344273 ,-112 ,9 ,0.270629882812 ,0.0344848632812 ,0.960571289062 ,0.05419921875
8.2941 ,8342975 ,-112 ,10 ,0.269287109375 ,0.0350952148438 ,0.960815429688 ,0.0556030273438
8.3052 ,8343609 ,-112 ,-1 ,0.268432617188 ,0.035400390625 ,0.960876464844 ,0.0581665039062
8.3175 ,8342626 ,-112 ,10 ,0.267578125 ,0.0353393554688 ,0.9609375 ,0.0614624023438
8.3291 ,8342311 ,-112 ,10 ,0.266479492188 ,0.0355224609375 ,0.960632324219 ,0.06982421875
8.344 ,8343366 ,-112 ,11 ,0.265930175781 ,0.0355224609375 ,0.960327148438 ,0.075927734375
8.3548 ,8343536 ,-113 ,11 ,0.264892578125 ,0.0350341796875 ,0.960021972656 ,0.0833129882812
8.3674 ,8343522 ,-113 ,11 ,0.26318359375 ,0.0341186523438 ,0.959777832031 ,0.0914306640625
8.3783 ,8343636 ,-113 ,11 ,0.260131835938 ,0.0335693359375 ,0.959777832031 ,0.0999755859375
8.3892 ,8344287 ,-113 ,11 ,0.247863769531 ,0.0335693359375 ,0.961059570312 ,0.117370605469
8.4039 ,8344543 ,-113 ,11 ,0.238647460938 ,0.033935546875 ,0.962219238281 ,0.12646484375
8.4178 ,8345654 ,-113 ,11 ,0.227722167969 ,0.0347290039062 ,0.963500976562 ,0.13623046875
8.4289 ,8346906 ,-113 ,11 ,0.202880859375 ,0.0347900390625 ,0.966369628906 ,0.154235839844
8.4439 ,8346013 ,-114 ,11 ,0.190124511719 ,0.033935546875 ,0.967590332031 ,0.162536621094
8.4552 ,8347595 ,-114 ,11 ,0.176940917969 ,0.03271484375 ,0.96875 ,0.170715332031
8.4676 ,8349543 ,-114 ,11 ,0.163452148438 ,0.0322875976562 ,0.969604492188 ,0.179138183594
8.4792 ,8350640 ,-114 ,11 ,0.134216308594 ,0.0341186523438 ,0.971496582031 ,0.1923828125
8.4937 ,8352045 ,-114 ,12 ,0.117492675781 ,0.0331420898438 ,0.972534179688 ,0.198181152344
8.505 ,8354083 ,-114 ,12 ,0.0993041992188 ,0.0337524414062 ,0.973205566406 ,0.204528808594
8.5167 ,8353619 ,-114 ,12 ,0.080810546875 ,0.0359497070312 ,0.973876953125 ,0.209167480469
8.5274 ,8355093 ,-114 ,12 ,0.0630493164062 ,0.0372314453125 ,0.974243164062 ,0.213317871094
8.5385 ,8355578 ,-114 ,12 ,0.0477905273438 ,0.0386962890625 ,0.974365234375 ,0.216430664062
8.5498 ,8355692 ,-114 ,12 ,0.0256958007812 ,0.04052734375 ,0.974487304688 ,0.219177246094
8.5679 ,8355699 ,-114 ,11 ,0.017578125 ,0.0408935546875 ,0.974792480469 ,0.21875
8.5792 ,8355685 ,-114 ,11 ,0.0042724609375 ,0.0415649414062 ,0.975524902344 ,0.216003417969
8.594 ,8354097 ,-115 ,11 ,-0.00054931640625 ,0.0418701171875 ,0.976257324219 ,0.212585449219
8.6052 ,8353276 ,-115 ,11 ,-0.00390625 ,0.0420532226562 ,0.977233886719 ,0.2080078125
8.6178 ,8352069 ,-115 ,10 ,-0.0048828125 ,0.0418090820312 ,0.978759765625 ,0.200500488281
8.6293 ,8351204 ,-115 ,10 ,-0.00213623046875 ,0.0418701171875 ,0.982116699219 ,0.183654785156
8.6438 ,8349792 ,-115 ,10 ,0.0008544921875 ,0.0420532226562 ,0.983947753906 ,0.173400878906
8.6547 ,8347705 ,-115 ,9 ,0.00445556640625 ,0.0426025390625 ,0.98583984375 ,0.161987304688
8.6677 ,8347536 ,-115 ,9 ,0.00823974609375 ,0.04345703125 ,0.987976074219 ,0.14794921875
8.6788 ,8346955 ,-115 ,9 ,0.0120239257812 ,0.0447998046875 ,0.989868164062 ,0.134094238281
8.69 ,8345667 ,-115 ,9 ,0.0199584960938 ,0.049072265625 ,0.993347167969 ,0.102355957031
8.7041 ,8345654 ,-115 ,8 ,0.0253295898438 ,0.051513671875 ,0.994812011719 ,0.084228515625
8.7167 ,8345349 ,-115 ,8 ,0.0385131835938 ,0.0584716796875 ,0.996459960938 ,0.0465087890625
8.7337 ,8345671 ,-115 ,8 ,0.0440673828125 ,0.063232421875 ,0.996704101562 ,0.025390625
8.7446 ,8346979 ,-115 ,8 ,0.047119140625 ,0.06787109375 ,0.99658203125 ,0.0047607421875
8.7555 ,8347297 ,-115 ,7 ,0.047607421875 ,0.0729370117188 ,0.99609375 ,-0.0162963867188
8.7665 ,8348737 ,-115 ,7 ,0.0459594726562 ,0.078125 ,0.995178222656 ,-0.0382080078125
8.7774 ,8350145 ,-114 ,-1 ,0.0418090820312 ,0.0808715820312 ,0.994140625 ,-0.05859375
8.7881 ,8350401 ,-114 ,-1 ,0.0355224609375 ,0.0833129882812 ,0.992736816406 ,-0.0791625976562
8.7991 ,8352190 ,-114 ,-1 ,0.0226440429688 ,0.0868530273438 ,0.988891601562 ,-0.118591308594
8.8163 ,8352844 ,-114 ,7 ,0.0167846679688 ,0.0877685546875 ,0.986450195312 ,-0.1376953125
8.8278 ,8353353 ,-114 ,7 ,0.0111083984375 ,0.08837890625 ,0.983642578125 ,-0.156677246094
8.8385 ,8357495 ,-114 ,6 ,0.00677490234375 ,0.0894165039062 ,0.980773925781 ,-0.173461914062
8.8494 ,8357187 ,-114 ,6 ,0.00146484375 ,0.0901489257812 ,0.974609375 ,-0.204956054688
8.8674 ,8359380 ,-114 ,6 ,-0.0001220703125 ,0.0904541015625 ,0.971557617188 ,-0.218811035156
8.8781 ,8359581 ,-114 ,7 ,-0.00030517578125 ,0.0903930664062 ,0.968505859375 ,-0.232055664062
8.889 ,8361429 ,-114 ,7 ,-0.00238037109375 ,0.08837890625 ,0.96337890625 ,-0.253112792969
8.9038 ,8362453 ,-114 ,7 ,-0.008056640625 ,0.0846557617188 ,0.961303710938 ,-0.262145996094
8.9161 ,8362003 ,-114 ,7 ,-0.0149536132812 ,0.080322265625 ,0.95947265625 ,-0.269592285156
8.9274 ,8362875 ,-114 ,7 ,-0.0184936523438 ,0.0759887695312 ,0.957824707031 ,-0.276550292969
8.9387 ,8362453 ,-114 ,7 ,-0.0171508789062 ,0.0738525390625 ,0.956298828125 ,-0.282409667969
8.9496 ,8363270 ,-114 ,7 ,-0.00457763671875 ,0.0725708007812 ,0.95361328125 ,-0.292114257812
8.9662 ,8362457 ,-115 ,7 ,0.00091552734375 ,0.0709838867188 ,0.95263671875 ,-0.295654296875
8.977 ,8361550 ,-115 ,7 ,0.00390625 ,0.068359375 ,0.952026367188 ,-0.298156738281
8.9881 ,8360339 ,-115 ,7 ,0.0054931640625 ,0.0650634765625 ,0.952026367188 ,-0.299072265625
8.9994 ,8358719 ,-115 ,7 ,0.00830078125 ,0.0563354492188 ,0.952697753906 ,-0.298583984375
9.0165 ,8357342 ,-115 ,7 ,0.0087890625 ,0.0515747070312 ,0.953369140625 ,-0.297119140625
9.0275 ,8355456 ,-115 ,7 ,0.0103149414062 ,0.04638671875 ,0.954223632812 ,-0.295227050781
9.0388 ,8353955 ,-115 ,6 ,0.0179443359375 ,0.0430297851562 ,0.955810546875 ,-0.290283203125
9.0541 ,8354806 ,-115 ,5 ,0.027587890625 ,0.042236328125 ,0.954467773438 ,-0.294128417969
9.0667 ,8356325 ,-115 ,6 ,0.0375366210938 ,0.0441284179688 ,0.95166015625 ,-0.301574707031
9.0775 ,8356695 ,-115 ,6 ,0.0425415039062 ,0.046142578125 ,0.949523925781 ,-0.307373046875
9.0886 ,8357633 ,-115 ,6 ,0.0413818359375 ,0.04541015625 ,0.948669433594 ,-0.310302734375
9.0999 ,8356546 ,-115 ,6 ,0.0347900390625 ,0.0411987304688 ,0.946655273438 ,-0.317687988281
9.1162 ,8355851 ,-115 ,6 ,0.034912109375 ,0.0410766601562 ,0.94482421875 ,-0.323059082031
9.127 ,8355128 ,-115 ,6 ,0.0363159179688 ,0.0422973632812 ,0.942565917969 ,-0.329284667969
9.1383 ,8355557 ,-115 ,-1 ,0.0380249023438 ,0.0443115234375 ,0.940002441406 ,-0.336059570312
9.1496 ,8356339 ,-115 ,-1 ,0.0396118164062 ,0.048095703125 ,0.935485839844 ,-0.347900390625
9.1665 ,8356090 ,-115 ,-1 ,0.0425415039062 ,0.0511474609375 ,0.933532714844 ,-0.352172851562
9.1774 ,8356187 ,-115 ,-1 ,0.0482788085938 ,0.054931640625 ,0.931884765625 ,-0.355346679688
9.1883 ,8355847 ,-115 ,-1 ,0.0550537109375 ,0.05908203125 ,0.930236816406 ,-0.358032226562
9.1993 ,8356114 ,-115 ,7 ,0.0634765625 ,0.0639038085938 ,0.927490234375 ,-0.362731933594
9.2162 ,8357235 ,-115 ,7 ,0.06494140625 ,0.0650634765625 ,0.92626953125 ,-0.365417480469
9.2278 ,8357491 ,-115 ,7 ,0.0645141601562 ,0.0653076171875 ,0.925537109375 ,-0.367370605469
9.2392 ,8358252 ,-115 ,7 ,0.0604858398438 ,0.0634765625 ,0.925109863281 ,-0.369445800781
9.2538 ,8357017 ,-115 ,6 ,0.0598754882812 ,0.0628051757812 ,0.924926757812 ,-0.3701171875
9.2666 ,8356993 ,-115 ,6 ,0.0610961914062 ,0.0628051757812 ,0.924499511719 ,-0.370910644531
9.2787 ,8356072 ,-115 ,6 ,0.063720703125 ,0.0634765625 ,0.924011230469 ,-0.371643066406
9.2898 ,8356709 ,-115 ,6 ,0.06982421875 ,0.0653076171875 ,0.9228515625 ,-0.373168945312
9.3041 ,8357007 ,-115 ,6 ,0.0720825195312 ,0.0660400390625 ,0.922546386719 ,-0.373352050781
9.3164 ,8355238 ,-115 ,6 ,0.07373046875 ,0.0665283203125 ,0.92236328125 ,-0.373291015625
9.3274 ,8356197 ,-115 ,-1 ,0.074951171875 ,0.0665893554688 ,0.922241210938 ,-0.373413085938
9.3386 ,8354962 ,-116 ,-1 ,0.07568359375 ,0.0665893554688 ,0.922058105469 ,-0.373718261719
9.3498 ,8355238 ,-116 ,6 ,0.0765380859375 ,0.066162109375 ,0.921569824219 ,-0.374755859375
9.3676 ,8354927 ,-116 ,6 ,0.077392578125 ,0.06591796875 ,0.922668457031 ,-0.371887207031
9.3787 ,8355020 ,-116 ,6 ,0.0784301757812 ,0.0662231445312 ,0.922607421875 ,-0.371887207031
9.3902 ,8355221 ,-116 ,6 ,0.0813598632812 ,0.0674438476562 ,0.922241210938 ,-0.371887207031
9.404 ,8355197 ,-116 ,6 ,0.0828857421875 ,0.0680541992188 ,0.922058105469 ,-0.371826171875
9.4177 ,8355802 ,-116 ,5 ,0.08447265625 ,0.0682983398438 ,0.923156738281 ,-0.368713378906
9.4294 ,8356031 ,-116 ,5 ,0.0865478515625 ,0.06884765625 ,0.923217773438 ,-0.368041992188
9.4447 ,8354633 ,-116 ,5 ,0.0867919921875 ,0.0686645507812 ,0.923522949219 ,-0.3671875
9.4558 ,8355796 ,-116 ,5 ,0.0870361328125 ,0.068359375 ,0.923950195312 ,-0.366088867188
9.4677 ,8355138 ,-116 ,5 ,0.08837890625 ,0.068115234375 ,0.925415039062 ,-0.362243652344
9.4792 ,8355207 ,-116 ,4 ,0.0939331054688 ,0.0695190429688 ,0.926147460938 ,-0.358520507812
9.4938 ,8354927 ,-115 ,4 ,0.0980224609375 ,0.0704345703125 ,0.9267578125 ,-0.355712890625
9.5046 ,8354270 ,-115 ,4 ,0.102966308594 ,0.0713500976562 ,0.927429199219 ,-0.352355957031
9.5173 ,8353498 ,-115 ,4 ,0.108459472656 ,0.07177734375 ,0.928649902344 ,-0.347412109375
9.5285 ,8353010 ,-115 ,4 ,0.114440917969 ,0.071533203125 ,0.929748535156 ,-0.342529296875
9.5394 ,8353315 ,-115 ,4 ,0.127624511719 ,0.0701293945312 ,0.932434082031 ,-0.330688476562
9.5535 ,8353744 ,-115 ,4 ,0.134460449219 ,0.0690307617188 ,0.933837890625 ,-0.324279785156
9.5673 ,8353138 ,-115 ,4 ,0.14111328125 ,0.0667114257812 ,0.935852050781 ,-0.315979003906
9.5788 ,8353349 ,-115 ,4 ,0.153137207031 ,0.0599975585938 ,0.938659667969 ,-0.303161621094
9.5935 ,8353484 ,-115 ,4 ,0.158630371094 ,0.0555419921875 ,0.940002441406 ,-0.296997070312
9.6042 ,8353072 ,-115 ,4 ,0.163269042969 ,0.0504150390625 ,0.941467285156 ,-0.290588378906
9.6172 ,8351398 ,-115 ,4 ,0.166931152344 ,0.045166015625 ,0.943054199219 ,-0.284118652344
9.6281 ,8349830 ,-116 ,4 ,0.169677734375 ,0.0396728515625 ,0.94482421875 ,-0.27734375
9.639 ,8350079 ,-116 ,4 ,0.172729492188 ,0.0287475585938 ,0.94970703125 ,-0.259521484375
9.6541 ,8349031 ,-116 ,4 ,0.172973632812 ,0.0233764648438 ,0.953063964844 ,-0.247314453125
9.6677 ,8346934 ,-116 ,4 ,0.171997070312 ,0.0188598632812 ,0.957275390625 ,-0.231689453125
9.679 ,8347107 ,-116 ,4 ,0.174987792969 ,0.0098876953125 ,0.96533203125 ,-0.193603515625
9.6937 ,8345972 ,-116 ,5 ,0.179931640625 ,0.00628662109375 ,0.968688964844 ,-0.170959472656
9.7045 ,8346031 ,-116 ,6 ,0.185974121094 ,0.00396728515625 ,0.971496582031 ,-0.146789550781
9.7163 ,8345598 ,-116 ,7 ,0.19189453125 ,0.00177001953125 ,0.973815917969 ,-0.121826171875
9.7268 ,8346615 ,-116 ,8 ,0.19677734375 ,-0.00030517578125 ,0.975769042969 ,-0.0957641601562
9.7375 ,8345975 ,-116 ,10 ,0.200256347656 ,-0.00128173828125 ,0.977233886719 ,-0.0699462890625
9.7482 ,8346913 ,-116 ,11 ,0.201232910156 ,-0.00213623046875 ,0.978515625 ,-0.0451049804688
9.7594 ,8348903 ,-116 ,13 ,0.192993164062 ,-0.001953125 ,0.981201171875 ,0.0040283203125
9.7733 ,8351460 ,-116 ,14 ,0.183898925781 ,0.0003662109375 ,0.982543945312 ,0.0276489257812
9.784 ,8351318 ,-116 ,15 ,0.172546386719 ,0.0029296875 ,0.983642578125 ,0.0512084960938
9.7948 ,8354394 ,-116 ,15 ,0.15966796875 ,0.00494384765625 ,0.984558105469 ,0.0712890625
9.8055 ,8354353 ,-116 ,15 ,0.1455078125 ,0.0074462890625 ,0.985412597656 ,0.0880126953125
9.8165 ,8355602 ,-116 ,15 ,0.130981445312 ,0.0104370117188 ,0.985595703125 ,0.106323242188
9.827 ,8356245 ,-116 ,14 ,0.11572265625 ,0.012451171875 ,0.985778808594 ,0.121276855469
9.8377 ,8357107 ,-116 ,14 ,0.0975952148438 ,0.015380859375 ,0.985961914062 ,0.134399414062
9.8484 ,8356924 ,-116 ,14 ,0.07666015625 ,0.0195922851562 ,0.985595703125 ,0.1494140625
9.8595 ,8355713 ,-116 ,14 ,0.0377807617188 ,0.0253295898438 ,0.984497070312 ,0.169311523438
9.8733 ,8354273 ,-116 ,13 ,0.02294921875 ,0.0267333984375 ,0.983520507812 ,0.17724609375
9.8842 ,8354297 ,-116 ,13 ,0.0117797851562 ,0.0274047851562 ,0.982543945312 ,0.183654785156
9.8949 ,8351820 ,-116 ,13 ,0.00384521484375 ,0.0283203125 ,0.981506347656 ,0.189331054688
9.9056 ,8351820 ,-116 ,13 ,-0.001220703125 ,0.028564453125 ,0.98046875 ,0.194519042969
9.916 ,8350508 ,-116 ,13 ,-0.00439453125 ,0.029052734375 ,0.979309082031 ,0.200073242188
9.9271 ,8347204 ,-116 ,13 ,-0.0057373046875 ,0.0294189453125 ,0.978393554688 ,0.204467773438
9.9378 ,8346456 ,-116 ,13 ,-0.00518798828125 ,0.0289306640625 ,0.9775390625 ,0.208557128906
9.9488 ,8346456 ,-116 ,13 ,0.00482177734375 ,0.0275268554688 ,0.97607421875 ,0.215759277344
9.9789 ,8343878 ,-116 ,13 ,0.0106811523438 ,0.0283203125 ,0.97607421875 ,0.215393066406
9.9937 ,8343217 ,-116 ,13 ,0.0116577148438 ,0.029052734375 ,0.976257324219 ,0.214416503906
10.0045 ,8343650 ,-116 ,13 ,0.0118408203125 ,0.0300903320312 ,0.976623535156 ,0.212463378906
10.016 ,8343397 ,-116 ,12 ,0.01171875 ,0.0311889648438 ,0.977355957031 ,0.209045410156
10.0271 ,8343470 ,-116 ,12 ,0.011474609375 ,0.0322265625 ,0.978271484375 ,0.204528808594
10.0377 ,8345013 ,-116 ,11 ,-0.00140380859375 ,0.0426025390625 ,0.981750488281 ,0.185241699219
10.0763 ,8347858 ,-116 ,9 ,-0.0354614257812 ,0.05615234375 ,0.986022949219 ,0.152648925781
10.136 ,8348681 ,-116 ,8 ,-0.038818359375 ,0.0579223632812 ,0.986694335938 ,0.147033691406
10.1468 ,8349024 ,-116 ,6 ,-0.0419311523438 ,0.0589599609375 ,0.987365722656 ,0.140869140625
10.1575 ,8349314 ,-116 ,6 ,-0.045166015625 ,0.0597534179688 ,0.988037109375 ,0.134887695312
10.1692 ,8350418 ,-116 ,5 ,-0.0517578125 ,0.0619506835938 ,0.988952636719 ,0.124145507812
10.1834 ,8350204 ,-116 ,5 ,-0.0545654296875 ,0.0626220703125 ,0.989379882812 ,0.119140625
10.1941 ,8349494 ,-116 ,4 ,-0.0569458007812 ,0.06298828125 ,0.989807128906 ,0.114440917969
10.2049 ,8349512 ,-116 ,4 ,-0.0580444335938 ,0.0637817382812 ,0.990295410156 ,0.109069824219
10.216 ,8347903 ,-116 ,4 ,-0.0584106445312 ,0.0645751953125 ,0.990783691406 ,0.103881835938
10.2266 ,8348010 ,-116 ,3 ,-0.0587158203125 ,0.0652465820312 ,0.9912109375 ,0.0989990234375
10.2375 ,8346349 ,-116 ,3 ,-0.0590209960938 ,0.0660400390625 ,0.991577148438 ,0.0943603515625
10.2484 ,8346107 ,-116 ,2 ,-0.0582885742188 ,0.06689453125 ,0.992004394531 ,0.089599609375
10.2595 ,8345114 ,-116 ,2 ,-0.0497436523438 ,0.0675048828125 ,0.993408203125 ,0.0781860351562
10.2739 ,8343948 ,-116 ,1 ,-0.0416870117188 ,0.0659790039062 ,0.994384765625 ,0.0714721679688
10.2847 ,8342301 ,-116 ,1 ,-0.0308837890625 ,0.0643920898438 ,0.995422363281 ,0.0634765625
10.2955 ,8342702 ,-116 ,1 ,-0.0195922851562 ,0.0641479492188 ,0.996215820312 ,0.054931640625
10.3063 ,8342470 ,-116 ,1 ,0.0607299804688 ,0.0565795898438 ,0.996398925781 ,-0.0178833007812
10.3747 ,8341681 ,-116 ,1 ,0.0691528320312 ,0.0571899414062 ,0.995666503906 ,-0.0242919921875
10.3856 ,8341532 ,-116 ,1 ,0.0765380859375 ,0.0555419921875 ,0.995056152344 ,-0.0296020507812
10.3963 ,8340896 ,-116 ,1 ,0.0833129882812 ,0.0516967773438 ,0.99462890625 ,-0.033203125
10.407 ,8342079 ,-116 ,2 ,0.0928955078125 ,0.0475463867188 ,0.993896484375 ,-0.0352783203125
10.4175 ,8341622 ,-116 ,3 ,0.102661132812 ,0.0431518554688 ,0.993103027344 ,-0.0372924804688
10.4287 ,8341757 ,-116 ,3 ,0.116027832031 ,0.0375366210938 ,0.991638183594 ,-0.0423583984375
10.4434 ,8341896 ,-116 ,3 ,0.118713378906 ,0.0369873046875 ,0.991088867188 ,-0.0480346679688
10.4541 ,8341044 ,-116 ,3 ,0.122131347656 ,0.0357666015625 ,0.990417480469 ,-0.0531005859375
10.4672 ,8340916 ,-116 ,4 ,0.127685546875 ,0.0345458984375 ,0.989624023438 ,-0.0556640625
10.478 ,8340792 ,-116 ,4 ,0.13330078125 ,0.033203125 ,0.988891601562 ,-0.0565185546875
10.4892 ,8340916 ,-117 ,4 ,0.145446777344 ,0.0302124023438 ,0.986511230469 ,-0.0686645507812
10.5036 ,8341193 ,-117 ,4 ,0.154052734375 ,0.0279541015625 ,0.984619140625 ,-0.0775146484375
10.5172 ,8341588 ,-117 ,4 ,0.163452148438 ,0.025634765625 ,0.982543945312 ,-0.0849609375
10.5282 ,8340446 ,-117 ,5 ,0.172790527344 ,0.0245971679688 ,0.980651855469 ,-0.0885009765625
10.5391 ,8340830 ,-117 ,5 ,0.188415527344 ,0.02783203125 ,0.977844238281 ,-0.0872192382812
10.5535 ,8341152 ,-117 ,4 ,0.195678710938 ,0.0305786132812 ,0.976440429688 ,-0.08544921875
10.5671 ,8340321 ,-117 ,4 ,0.203063964844 ,0.0331420898438 ,0.974914550781 ,-0.084716796875
10.579 ,8341266 ,-117 ,4 ,0.217529296875 ,0.0345458984375 ,0.972045898438 ,-0.0814819335938
10.5939 ,8340747 ,-117 ,4 ,0.2236328125 ,0.0336303710938 ,0.970764160156 ,-0.08056640625
10.6051 ,8341529 ,-117 ,4 ,0.228515625 ,0.0321044921875 ,0.9697265625 ,-0.0797729492188
10.617 ,8340910 ,-117 ,3 ,0.232116699219 ,0.0308227539062 ,0.969055175781 ,-0.0783081054688
10.6279 ,8341083 ,-117 ,3 ,0.234802246094 ,0.0299682617188 ,0.968627929688 ,-0.075439453125
10.6388 ,8340685 ,-117 ,3 ,0.2373046875 ,0.0303344726562 ,0.968566894531 ,-0.0684814453125
10.6534 ,8340110 ,-117 ,3 ,0.238220214844 ,0.0313110351562 ,0.968444824219 ,-0.0662231445312
10.667 ,8340418 ,-117 ,2 ,0.239379882812 ,0.032470703125 ,0.968200683594 ,-0.0645751953125
10.6782 ,8342034 ,-117 ,2 ,0.240661621094 ,0.033447265625 ,0.968017578125 ,-0.0625610351562
10.689 ,8340750 ,-117 ,2 ,0.242370605469 ,0.034423828125 ,0.967895507812 ,-0.056640625
10.7035 ,8341508 ,-117 ,1 ,0.2421875 ,0.0348510742188 ,0.968078613281 ,-0.0540161132812
10.717 ,8341501 ,-118 ,1 ,0.242797851562 ,0.034912109375 ,0.968078613281 ,-0.0517578125
10.7272 ,8341501 ,-118 ,1 ,0.249084472656 ,0.0333251953125 ,0.966979980469 ,-0.0424194335938
10.7566 ,8341698 ,-118 ,0 ,0.264709472656 ,0.033203125 ,0.963073730469 ,-0.0369873046875
10.7838 ,8341692 ,-118 ,0 ,0.271423339844 ,0.033447265625 ,0.961242675781 ,-0.0354614257812
10.7942 ,8341712 ,-118 ,0 ,0.277893066406 ,0.03369140625 ,0.959411621094 ,-0.0341796875
10.8049 ,8341629 ,-118 ,0 ,0.284545898438 ,0.0341186523438 ,0.95751953125 ,-0.03271484375
10.817 ,8341131 ,-118 ,0 ,0.291687011719 ,0.034912109375 ,0.955322265625 ,-0.0324096679688
10.8284 ,8341422 ,-118 ,-1 ,0.298889160156 ,0.0350341796875 ,0.953186035156 ,-0.0296020507812
10.8392 ,8342024 ,-118 ,-1 ,0.311279296875 ,0.0339965820312 ,0.949523925781 ,-0.0200805664062
10.8534 ,8341557 ,-118 ,-1 ,0.317443847656 ,0.0322265625 ,0.947631835938 ,-0.013916015625
10.867 ,8341740 ,-117 ,-1 ,0.323669433594 ,0.0277099609375 ,0.945739746094 ,-0.009033203125
10.8777 ,8341411 ,-117 ,-4 ,0.335510253906 ,0.0166015625 ,0.94189453125 ,0.0018310546875
10.8934 ,8342470 ,-117 ,-4 ,0.340087890625 ,0.0101318359375 ,0.940307617188 ,0.0062255859375
10.9042 ,8342688 ,-117 ,-4 ,0.343139648438 ,0.00537109375 ,0.939208984375 ,0.0117797851562
10.9171 ,8342608 ,-116 ,-4 ,0.345520019531 ,0.0028076171875 ,0.938232421875 ,0.0170288085938
10.9279 ,8342889 ,-116 ,-4 ,0.347839355469 ,-0.00030517578125 ,0.937255859375 ,0.0236206054688
10.9388 ,8344003 ,-116 ,-4 ,0.350830078125 ,-0.0171508789062 ,0.935729980469 ,0.0324096679688
10.9535 ,8346086 ,-116 ,-4 ,0.352172851562 ,-0.031494140625 ,0.934753417969 ,0.03564453125
10.9674 ,8347584 ,-116 ,-4 ,0.34912109375 ,-0.0448608398438 ,0.934875488281 ,0.045654296875
10.978 ,8350159 ,-116 ,-4 ,0.345947265625 ,-0.0582275390625 ,0.934814453125 ,0.0556640625
10.9889 ,8352404 ,-117 ,-4 ,0.323486328125 ,-0.080078125 ,0.940002441406 ,0.0730590820312
11.0034 ,8357235 ,-117 ,-4 ,0.304443359375 ,-0.0933837890625 ,0.943786621094 ,0.0887451171875
11.016 ,8360989 ,-117 ,-4 ,0.273742675781 ,-0.0970458984375 ,0.950622558594 ,0.109375
11.0275 ,8367778 ,-117 ,-3 ,0.242614746094 ,-0.1005859375 ,0.956115722656 ,0.1298828125
11.0382 ,8372086 ,-117 ,-3 ,0.206420898438 ,-0.0996704101562 ,0.9609375 ,0.154968261719
11.0492 ,8373606 ,-117 ,-2 ,0.148315429688 ,-0.0903930664062 ,0.963256835938 ,0.204956054688
11.0659 ,8383325 ,-117 ,-1 ,0.12939453125 ,-0.0866088867188 ,0.961608886719 ,0.226013183594
11.0768 ,8387322 ,-117 ,1 ,0.110412597656 ,-0.082763671875 ,0.959167480469 ,0.246887207031
11.0874 ,8391287 ,-117 ,4 ,0.0977172851562 ,-0.075927734375 ,0.956420898438 ,0.264526367188
11.0985 ,8395980 ,-117 ,8 ,0.0910034179688 ,-0.0682373046875 ,0.952697753906 ,0.281860351562
11.1097 ,8395980 ,-117 ,12 ,0.0955200195312 ,-0.0570678710938 ,0.943725585938 ,0.311401367188
11.1232 ,8404253 ,-117 ,14 ,0.099853515625 ,-0.05224609375 ,0.938720703125 ,0.32568359375
11.1347 ,8405852 ,-116 ,16 ,0.0969848632812 ,-0.0433349609375 ,0.93408203125 ,0.3408203125
11.1461 ,8405769 ,-116 ,17 ,0.0906372070312 ,-0.0327758789062 ,0.929626464844 ,0.355651855469
11.1573 ,8406423 ,-116 ,17 ,0.0848388671875 ,-0.0239868164062 ,0.92529296875 ,0.368896484375
11.1682 ,8405426 ,-116 ,18 ,0.0713500976562 ,-0.0101318359375 ,0.917175292969 ,0.391967773438
11.1833 ,8399696 ,-116 ,18 ,0.05908203125 ,-0.00250244140625 ,0.913146972656 ,0.4033203125
11.1939 ,8392080 ,-116 ,18 ,0.0477294921875 ,0.00439453125 ,0.908752441406 ,0.41455078125
11.2046 ,8387810 ,-116 ,18 ,0.0448608398438 ,0.00726318359375 ,0.904724121094 ,0.423522949219
11.2156 ,8378287 ,-116 ,18 ,0.0536499023438 ,0.0035400390625 ,0.901489257812 ,0.429504394531
11.2266 ,8370917 ,-116 ,17 ,0.0699462890625 ,-0.004638671875 ,0.898010253906 ,0.434326171875
11.2371 ,8363304 ,-116 ,17 ,0.0884399414062 ,-0.0140991210938 ,0.893859863281 ,0.439270019531
11.2476 ,8356578 ,-116 ,17 ,0.107421875 ,-0.0235595703125 ,0.889404296875 ,0.443725585938
11.2588 ,8350616 ,-116 ,16 ,0.152954101562 ,-0.0442504882812 ,0.878112792969 ,0.451232910156
11.2728 ,8344155 ,-116 ,15 ,0.182678222656 ,-0.0576782226562 ,0.869323730469 ,0.455627441406
11.2837 ,8341477 ,-116 ,15 ,0.212341308594 ,-0.0767211914062 ,0.859191894531 ,0.459167480469
11.2945 ,8341643 ,-116 ,15 ,0.238220214844 ,-0.0985717773438 ,0.847900390625 ,0.463256835938
11.3054 ,8340989 ,-116 ,14 ,0.258666992188 ,-0.120483398438 ,0.836791992188 ,0.46728515625
11.3159 ,8340512 ,-117 ,15 ,0.271911621094 ,-0.140197753906 ,0.829650878906 ,0.467041015625
11.3267 ,8340529 ,-117 ,15 ,0.281982421875 ,-0.152404785156 ,0.827514648438 ,0.4609375
11.3374 ,8340944 ,-117 ,16 ,0.292419433594 ,-0.14404296875 ,0.832092285156 ,0.44873046875
11.3483 ,8340595 ,-117 ,16 ,0.300903320312 ,-0.113403320312 ,0.843505859375 ,0.430236816406
11.3596 ,8340930 ,-117 ,16 ,0.297180175781 ,-0.0272827148438 ,0.875427246094 ,0.380187988281
11.373 ,8338743 ,-117 ,16 ,0.290161132812 ,0.00372314453125 ,0.886291503906 ,0.361022949219
11.3842 ,8339370 ,-117 ,16 ,0.292175292969 ,0.0155639648438 ,0.896850585938 ,0.331665039062
11.3958 ,8340961 ,-117 ,15 ,0.302917480469 ,0.0182495117188 ,0.906860351562 ,0.29248046875
11.407 ,8342141 ,-117 ,14 ,0.315673828125 ,0.0182495117188 ,0.913696289062 ,0.255310058594
11.4181 ,8341882 ,-117 ,14 ,0.320678710938 ,0.0167236328125 ,0.920227050781 ,0.223693847656
11.4292 ,8343089 ,-117 ,13 ,0.299438476562 ,0.0109252929688 ,0.946899414062 ,0.116516113281
11.4434 ,8342501 ,-117 ,12 ,0.275024414062 ,0.0191650390625 ,0.96044921875 ,0.0390014648438
11.4541 ,8343387 ,-117 ,11 ,0.248474121094 ,0.0358276367188 ,0.96728515625 ,-0.0361938476562
11.4659 ,8342446 ,-117 ,10 ,0.222351074219 ,0.059814453125 ,0.967224121094 ,-0.106872558594
11.4775 ,8342228 ,-117 ,10 ,0.203125 ,0.0865478515625 ,0.960388183594 ,-0.169982910156
11.4885 ,8342660 ,-117 ,9 ,0.187744140625 ,0.128723144531 ,0.943054199219 ,-0.242431640625
11.5037 ,8343467 ,-117 ,8 ,0.187866210938 ,0.139221191406 ,0.93896484375 ,-0.252197265625
11.5161 ,8345878 ,-117 ,8 ,0.186096191406 ,0.145812988281 ,0.94189453125 ,-0.238525390625
11.5275 ,8344169 ,-116 ,7 ,0.18310546875 ,0.150817871094 ,0.947082519531 ,-0.21630859375
11.5379 ,8346249 ,-115 ,6 ,0.184204101562 ,0.152465820312 ,0.944519042969 ,-0.22509765625
11.5489 ,8348294 ,-115 ,6 ,0.217651367188 ,0.151306152344 ,0.90478515625 ,-0.333374023438
11.5658 ,8348799 ,-116 ,5 ,0.2275390625 ,0.165893554688 ,0.896545410156 ,-0.341918945312
11.5768 ,8352536 ,-116 ,5 ,0.232543945312 ,0.180603027344 ,0.885009765625 ,-0.360656738281
11.5874 ,8356764 ,-115 ,4 ,0.237182617188 ,0.177917480469 ,0.870300292969 ,-0.393249511719
11.5981 ,8366567 ,-115 ,4 ,0.22021484375 ,0.171752929688 ,0.869079589844 ,-0.408264160156
11.609 ,8369612 ,-115 ,4 ,0.115783691406 ,0.114074707031 ,0.882446289062 ,-0.44140625
11.6232 ,8371979 ,-115 ,4 ,0.0533447265625 ,0.0712280273438 ,0.886657714844 ,-0.453796386719
11.6339 ,8371979 ,-115 ,4 ,0.0153198242188 ,0.0410766601562 ,0.886352539062 ,-0.4609375
11.6444 ,8371360 ,-116 ,4 ,0.0304565429688 ,0.00872802734375 ,0.862609863281 ,-0.504821777344
11.7158 ,8382408 ,-116 ,4 ,0.0591430664062 ,0.0253295898438 ,0.856018066406 ,-0.512939453125
11.7269 ,8397820 ,-117 ,1 ,0.052734375 ,0.03125 ,0.851745605469 ,-0.520385742188
11.9255 ,8385678 ,-116 ,1 ,0.0665283203125 ,0.0386352539062 ,0.851440429688 ,-0.518737792969
11.936 ,8383640 ,-115 ,1 ,0.0828247070312 ,0.0449829101562 ,0.851135253906 ,-0.516357421875
11.9484 ,8382308 ,-115 ,1 ,0.09375 ,0.0460815429688 ,0.852416992188 ,-0.512329101562
11.9591 ,8377557 ,-115 ,1 ,0.103637695312 ,0.0364990234375 ,0.858703613281 ,-0.500610351562
11.9729 ,8375135 ,-115 ,1 ,0.111633300781 ,0.0324096679688 ,0.861755371094 ,-0.493896484375
11.9836 ,8371419 ,-115 ,0 ,0.12255859375 ,0.0289306640625 ,0.8642578125 ,-0.486999511719
11.9944 ,8371419 ,-115 ,-1 ,0.132568359375 ,0.0238037109375 ,0.866760253906 ,-0.480224609375
12.005 ,8365159 ,-115 ,-1 ,0.139465332031 ,0.0159912109375 ,0.869506835938 ,-0.473571777344
12.0155 ,8362830 ,-115 ,0 ,0.144165039062 ,0.006591796875 ,0.872619628906 ,-0.466552734375
12.0264 ,8359221 ,-115 ,0 ,0.149230957031 ,-0.00201416015625 ,0.875671386719 ,-0.459228515625
12.0369 ,8355491 ,-116 ,0 ,0.157043457031 ,-0.00933837890625 ,0.877868652344 ,-0.452331542969
12.0476 ,8350879 ,-116 ,0 ,0.165344238281 ,-0.016845703125 ,0.880187988281 ,-0.444580078125
12.0585 ,8347280 ,-116 ,0 ,0.171997070312 ,-0.0393676757812 ,0.892028808594 ,-0.416137695312
12.0728 ,8343660 ,-116 ,0 ,0.176574707031 ,-0.0481567382812 ,0.898864746094 ,-0.398132324219
12.0836 ,8340563 ,-116 ,0 ,0.19091796875 ,-0.0523681640625 ,0.904846191406 ,-0.376953125
12.0941 ,8341411 ,-116 ,0 ,0.221801757812 ,-0.0510864257812 ,0.908935546875 ,-0.349365234375
12.1047 ,8340636 ,-116 ,0 ,0.270629882812 ,-0.049560546875 ,0.909057617188 ,-0.31298828125
12.1157 ,8341553 ,-116 ,0 ,0.330871582031 ,-0.0514526367188 ,0.903137207031 ,-0.268798828125
12.1266 ,8341159 ,-116 ,-1 ,0.390991210938 ,-0.0612182617188 ,0.890197753906 ,-0.225646972656
12.1372 ,8341633 ,-116 ,-1 ,0.442932128906 ,-0.07763671875 ,0.872680664062 ,-0.1904296875
12.1479 ,8341553 ,-116 ,-1 ,0.482666015625 ,-0.0968627929688 ,0.854125976562 ,-0.167724609375
12.1595 ,8342477 ,-116 ,0 ,0.499816894531 ,-0.127380371094 ,0.843933105469 ,-0.147277832031
12.173 ,8342307 ,-116 ,0 ,0.480590820312 ,-0.129333496094 ,0.858581542969 ,-0.123229980469
12.1839 ,8342318 ,-116 ,0 ,0.452026367188 ,-0.129028320312 ,0.879089355469 ,-0.0791625976562
12.1947 ,8341999 ,-116 ,1 ,0.418884277344 ,-0.12744140625 ,0.898803710938 ,-0.0197143554688
12.2055 ,8342543 ,-116 ,1 ,0.385681152344 ,-0.120361328125 ,0.91357421875 ,0.0457153320312
12.2163 ,8342287 ,-116 ,2 ,0.351989746094 ,-0.107177734375 ,0.923828125 ,0.105590820312
12.227 ,8342370 ,-116 ,3 ,0.320007324219 ,-0.0936889648438 ,0.930847167969 ,0.1494140625
12.2378 ,8343456 ,-116 ,5 ,0.29541015625 ,-0.0882568359375 ,0.934631347656 ,0.177307128906
12.2487 ,8344387 ,-116 ,6 ,0.268676757812 ,-0.0867919921875 ,0.934997558594 ,0.214660644531
12.2659 ,8352304 ,-116 ,8 ,0.259399414062 ,-0.0813598632812 ,0.933532714844 ,0.233642578125
12.2762 ,8358031 ,-116 ,9 ,0.238464355469 ,-0.0789184570312 ,0.933715820312 ,0.255126953125
12.2869 ,8359484 ,-116 ,10 ,0.199645996094 ,-0.07275390625 ,0.936584472656 ,0.278686523438
12.2977 ,8362408 ,-116 ,10 ,0.150146484375 ,-0.0534057617188 ,0.940856933594 ,0.298889160156
12.3088 ,8363422 ,-116 ,10 ,0.0789794921875 ,-0.0254516601562 ,0.943664550781 ,0.320373535156
12.323 ,8367751 ,-116 ,10 ,0.0786743164062 ,-0.0172119140625 ,0.941772460938 ,0.326416015625
12.3338 ,8373820 ,-116 ,10 ,0.0963745117188 ,-0.015380859375 ,0.939025878906 ,0.329650878906
12.3446 ,8378322 ,-116 ,10 ,0.114196777344 ,-0.020263671875 ,0.935852050781 ,0.332763671875
12.3553 ,8377197 ,-116 ,10 ,0.119323730469 ,-0.0261840820312 ,0.933166503906 ,0.338012695312
12.3669 ,8373875 ,-116 ,9 ,0.111938476562 ,-0.0277709960938 ,0.930541992188 ,0.347534179688
12.3776 ,8370592 ,-116 ,9 ,0.101379394531 ,-0.0260620117188 ,0.931030273438 ,0.349548339844
12.3887 ,8370481 ,-116 ,9 ,0.113525390625 ,-0.0258178710938 ,0.932067871094 ,0.343139648438
12.4032 ,8368730 ,-116 ,9 ,0.135375976562 ,-0.0332641601562 ,0.931518554688 ,0.3359375
12.4169 ,8363643 ,-116 ,9 ,0.14208984375 ,-0.0402221679688 ,0.929748535156 ,0.337280273438
12.4279 ,8359702 ,-116 ,9 ,0.124389648438 ,-0.038330078125 ,0.9326171875 ,0.336608886719
12.4388 ,8356031 ,-116 ,9 ,0.0692138671875 ,-0.0226440429688 ,0.939392089844 ,0.335021972656
12.4533 ,8352197 ,-116 ,9 ,0.05712890625 ,-0.0177001953125 ,0.941528320312 ,0.331604003906
12.4668 ,8349678 ,-116 ,9 ,0.0641479492188 ,-0.0169677734375 ,0.941650390625 ,0.329956054688
12.4783 ,8347557 ,-116 ,9 ,0.0836181640625 ,-0.0202026367188 ,0.94287109375 ,0.321899414062
12.4891 ,8345726 ,-116 ,9 ,0.120178222656 ,-0.0287475585938 ,0.943359375 ,0.307861328125
12.5032 ,8344692 ,-117 ,9 ,0.131530761719 ,-0.0308837890625 ,0.943603515625 ,0.30224609375
12.5166 ,8342560 ,-117 ,9 ,0.141357421875 ,-0.0311279296875 ,0.944213867188 ,0.295715332031
12.5272 ,8342830 ,-117 ,9 ,0.152770996094 ,-0.0291748046875 ,0.944702148438 ,0.288757324219
12.5379 ,8342674 ,-117 ,8 ,0.164733886719 ,-0.0270385742188 ,0.944641113281 ,0.282531738281
12.5488 ,8342525 ,-117 ,8 ,0.169921875 ,-0.0233154296875 ,0.947937011719 ,0.268310546875
12.5657 ,8342449 ,-117 ,8 ,0.16015625 ,-0.0188598632812 ,0.952087402344 ,0.259948730469
12.5768 ,8342982 ,-117 ,7 ,0.147521972656 ,-0.0115356445312 ,0.957214355469 ,0.248779296875
12.5876 ,8341487 ,-117 ,7 ,0.136779785156 ,-0.0032958984375 ,0.962463378906 ,0.234497070312
12.5986 ,8342470 ,-117 ,7 ,0.133850097656 ,0.0174560546875 ,0.969665527344 ,0.203857421875
12.6158 ,8340951 ,-117 ,7 ,0.139526367188 ,0.026123046875 ,0.971435546875 ,0.190185546875
12.6271 ,8342107 ,-117 ,6 ,0.147033691406 ,0.0316162109375 ,0.972473144531 ,0.177978515625
12.6379 ,8341999 ,-117 ,6 ,0.154724121094 ,0.0348510742188 ,0.973449707031 ,0.1650390625
12.6488 ,8341678 ,-117 ,6 ,0.168273925781 ,0.046630859375 ,0.976013183594 ,0.129943847656
12.6658 ,8342678 ,-117 ,6 ,0.174621582031 ,0.0577392578125 ,0.9765625 ,0.111633300781
12.6764 ,8342591 ,-117 ,5 ,0.177978515625 ,0.0694580078125 ,0.976806640625 ,0.096923828125
12.6871 ,8342377 ,-117 ,5 ,0.177856445312 ,0.0772705078125 ,0.977355957031 ,0.0848388671875
12.698 ,8342307 ,-117 ,5 ,0.17626953125 ,0.0841064453125 ,0.97802734375 ,0.0730590820312
12.7089 ,8342110 ,-117 ,5 ,0.171752929688 ,0.0972290039062 ,0.979248046875 ,0.0455932617188
12.7236 ,8341910 ,-116 ,4 ,0.174865722656 ,0.09912109375 ,0.979064941406 ,0.0324096679688
12.7345 ,8342089 ,-116 ,4 ,0.183044433594 ,0.0991821289062 ,0.977905273438 ,0.0194702148438
12.7453 ,8341941 ,-116 ,4 ,0.194702148438 ,0.0996704101562 ,0.975769042969 ,0.0006103515625
12.756 ,8343224 ,-116 ,3 ,0.204833984375 ,0.104553222656 ,0.972839355469 ,-0.0255737304688
12.7676 ,8342425 ,-116 ,4 ,0.216918945312 ,0.123413085938 ,0.95947265625 ,-0.130920410156
12.8088 ,8343124 ,-116 ,4 ,0.22216796875 ,0.127868652344 ,0.947998046875 ,-0.1884765625
12.8235 ,8343923 ,-116 ,3 ,0.223999023438 ,0.129455566406 ,0.941223144531 ,-0.217041015625
12.8344 ,8343737 ,-116 ,3 ,0.224731445312 ,0.130493164062 ,0.9345703125 ,-0.243041992188
12.8451 ,8344238 ,-116 ,3 ,0.224853515625 ,0.131225585938 ,0.927795410156 ,-0.267333984375
12.8558 ,8345314 ,-116 ,3 ,0.222839355469 ,0.130798339844 ,0.921325683594 ,-0.290588378906
12.8664 ,8345411 ,-116 ,3 ,0.206970214844 ,0.123901367188 ,0.913024902344 ,-0.328979492188
12.8886 ,8349121 ,-116 ,4 ,0.182800292969 ,0.110290527344 ,0.908020019531 ,-0.360534667969
12.9032 ,8351180 ,-116 ,4 ,0.167602539062 ,0.0990600585938 ,0.907897949219 ,-0.371215820312
12.9158 ,8352218 ,-116 ,4 ,0.145935058594 ,0.086669921875 ,0.909301757812 ,-0.3798828125
12.9268 ,8353058 ,-116 ,4 ,0.124816894531 ,0.0715942382812 ,0.910766601562 ,-0.386962890625
12.9376 ,8353045 ,-116 ,4 ,0.113098144531 ,0.0579223632812 ,0.912170410156 ,-0.389587402344
12.9485 ,8354034 ,-117 ,5 ,0.118041992188 ,0.0534057617188 ,0.909301757812 ,-0.3955078125
12.9657 ,8355972 ,-117 ,5 ,0.126953125 ,0.059814453125 ,0.905090332031 ,-0.401306152344
12.9772 ,8356609 ,-117 ,5 ,0.134887695312 ,0.0640258789062 ,0.901489257812 ,-0.40625
12.9879 ,8356861 ,-117 ,5 ,0.111755371094 ,0.0549926757812 ,0.901794433594 ,-0.413879394531
13.0432 ,8355674 ,-117 ,4 ,0.118835449219 ,0.0599975585938 ,0.899475097656 ,-0.416259765625
13.0539 ,8355515 ,-117 ,4 ,0.130737304688 ,0.06591796875 ,0.896484375 ,-0.418151855469
13.0657 ,8355121 ,-117 ,4 ,0.141052246094 ,0.0716552734375 ,0.894104003906 ,-0.4189453125
13.0768 ,8354398 ,-117 ,3 ,0.146484375 ,0.0734252929688 ,0.893737792969 ,-0.417541503906
13.0876 ,8353719 ,-117 ,3 ,0.146667480469 ,0.0713500976562 ,0.895324707031 ,-0.41455078125
13.0985 ,8352418 ,-117 ,3 ,0.141845703125 ,0.06640625 ,0.899597167969 ,-0.407592773438
13.1158 ,8350384 ,-117 ,3 ,0.145568847656 ,0.0670166015625 ,0.900451660156 ,-0.404357910156
13.1273 ,8349353 ,-116 ,2 ,0.154602050781 ,0.0704345703125 ,0.900024414062 ,-0.401306152344
13.1381 ,8348560 ,-116 ,2 ,0.166381835938 ,0.0745239257812 ,0.898986816406 ,-0.398193359375
13.1489 ,8348141 ,-116 ,2 ,0.189575195312 ,0.0781860351562 ,0.897277832031 ,-0.390930175781
13.1657 ,8346335 ,-116 ,2 ,0.198669433594 ,0.0759887695312 ,0.897705078125 ,-0.385864257812
13.1763 ,8345844 ,-116 ,2 ,0.206909179688 ,0.0721435546875 ,0.898742675781 ,-0.379821777344
13.1872 ,8345245 ,-116 ,2 ,0.215942382812 ,0.067626953125 ,0.899597167969 ,-0.37353515625
13.1979 ,8344404 ,-115 ,2 ,0.227355957031 ,0.0619506835938 ,0.89990234375 ,-0.366943359375
13.2091 ,8345041 ,-115 ,2 ,0.254272460938 ,0.048828125 ,0.899475097656 ,-0.351928710938
13.223 ,8343719 ,-115 ,2 ,0.268493652344 ,0.042236328125 ,0.899047851562 ,-0.343200683594
13.2337 ,8343169 ,-115 ,2 ,0.283020019531 ,0.0342407226562 ,0.8984375 ,-0.334045410156
13.2446 ,8343743 ,-115 ,2 ,0.296813964844 ,0.024658203125 ,0.897644042969 ,-0.324890136719
13.2553 ,8342640 ,-115 ,2 ,0.309448242188 ,0.0145874023438 ,0.897155761719 ,-0.314819335938
13.2658 ,8343266 ,-115 ,1 ,0.319641113281 ,0.0057373046875 ,0.89794921875 ,-0.302490234375
13.2768 ,8342010 ,-115 ,1 ,0.328369140625 ,-0.00213623046875 ,0.899719238281 ,-0.287536621094
13.2875 ,8341249 ,-115 ,1 ,0.337219238281 ,-0.0105590820312 ,0.901672363281 ,-0.2705078125
13.2984 ,8340951 ,-115 ,1 ,0.357482910156 ,-0.0269775390625 ,0.904602050781 ,-0.230712890625
13.316 ,8342474 ,-115 ,1 ,0.368835449219 ,-0.0353393554688 ,0.90576171875 ,-0.205810546875
13.3275 ,8342055 ,-115 ,1 ,0.378112792969 ,-0.0441284179688 ,0.90771484375 ,-0.176574707031
13.3387 ,8342602 ,-115 ,-1 ,0.383117675781 ,-0.056884765625 ,0.915100097656 ,-0.1123046875
13.3533 ,8343335 ,-115 ,-1 ,0.378967285156 ,-0.0640258789062 ,0.919738769531 ,-0.0800170898438
13.366 ,8344432 ,-115 ,-2 ,0.370361328125 ,-0.072021484375 ,0.924865722656 ,-0.048095703125
13.3767 ,8347671 ,-115 ,-2 ,0.355163574219 ,-0.076416015625 ,0.931579589844 ,-0.0140991210938
13.3874 ,8352598 ,-115 ,-2 ,0.331787109375 ,-0.078125 ,0.939880371094 ,0.0220947265625
13.3986 ,8356844 ,-115 ,-2 ,0.255432128906 ,-0.0929565429688 ,0.956787109375 ,0.103149414062
13.4158 ,8361107 ,-115 ,-2 ,0.203186035156 ,-0.092529296875 ,0.96484375 ,0.138549804688
13.427 ,8362408 ,-115 ,-2 ,0.0955810546875 ,-0.0789184570312 ,0.970825195312 ,0.205444335938
13.4432 ,8369886 ,-115 ,-1 ,0.0617065429688 ,-0.0708618164062 ,0.969482421875 ,0.226440429688
13.4539 ,8373159 ,-115 ,-1 ,0.0510864257812 ,-0.0647583007812 ,0.966125488281 ,0.24462890625
13.4658 ,8380765 ,-115 ,0 ,0.0593872070312 ,-0.0607299804688 ,0.961975097656 ,0.259521484375
13.4765 ,8391007 ,-115 ,1 ,0.0723876953125 ,-0.0597534179688 ,0.956359863281 ,0.276733398438
13.4872 ,8394575 ,-115 ,3 ,0.080810546875 ,-0.0598754882812 ,0.950073242188 ,0.295349121094
13.4979 ,8398011 ,-115 ,5 ,0.0840454101562 ,-0.0595092773438 ,0.945007324219 ,0.310485839844
13.509 ,8399789 ,-115 ,8 ,0.087158203125 ,-0.0551147460938 ,0.936584472656 ,0.334838867188
13.5228 ,8404184 ,-115 ,11 ,0.0921020507812 ,-0.0505981445312 ,0.934020996094 ,0.341430664062
13.5337 ,8407962 ,-115 ,12 ,0.0904541015625 ,-0.0442504882812 ,0.931335449219 ,0.349975585938
13.5446 ,8405872 ,-115 ,14 ,0.0701904296875 ,-0.0333251953125 ,0.929077148438 ,0.361694335938
13.5553 ,8401886 ,-115 ,15 ,0.0374145507812 ,-0.0184936523438 ,0.927185058594 ,0.372314453125
13.5665 ,8401260 ,-115 ,16 ,0.00762939453125 ,-0.00360107421875 ,0.9248046875 ,0.38037109375
13.5775 ,8395838 ,-115 ,16 ,-0.00848388671875 ,0.0078125 ,0.922668457031 ,0.385437011719
13.5885 ,8393789 ,-115 ,-1 ,-0.0052490234375 ,0.0150146484375 ,0.919982910156 ,0.391540527344
13.603 ,8391789 ,-115 ,17 ,0.200134277344 ,-0.0570068359375 ,0.89306640625 ,0.398864746094
13.6864 ,8341062 ,-115 ,16 ,0.238708496094 ,-0.0790405273438 ,0.883117675781 ,0.396057128906
13.6975 ,8341951 ,-115 ,15 ,0.274047851562 ,-0.10595703125 ,0.872802734375 ,0.389770507812
13.7088 ,8340844 ,-116 ,15 ,0.29833984375 ,-0.156066894531 ,0.859924316406 ,0.383666992188
13.7234 ,8340013 ,-116 ,15 ,0.296875 ,-0.160522460938 ,0.86572265625 ,0.369567871094
13.7341 ,8340058 ,-116 ,13 ,0.247680664062 ,0.0147094726562 ,0.96875 ,0.0042724609375
13.8229 ,8341730 ,-116 ,12 ,0.244934082031 ,0.0221557617188 ,0.969055175781 ,-0.0206298828125
13.8336 ,8342252 ,-116 ,12 ,0.237548828125 ,0.0253295898438 ,0.9697265625 ,-0.0503540039062
13.8447 ,8341681 ,-116 ,11 ,0.216735839844 ,0.014404296875 ,0.967834472656 ,-0.126892089844
13.8659 ,8340622 ,-116 ,10 ,0.20166015625 ,0.0130004882812 ,0.965148925781 ,-0.166442871094
13.8765 ,8340844 ,-116 ,7 ,0.07666015625 ,0.102111816406 ,0.950073242188 ,-0.28466796875
13.9563 ,8346823 ,-115 ,7 ,0.1025390625 ,0.116149902344 ,0.936767578125 ,-0.313720703125
13.9666 ,8349366 ,-115 ,6 ,0.122985839844 ,0.13037109375 ,0.922485351562 ,-0.341918945312
13.9778 ,8349865 ,-115 ,6 ,0.132019042969 ,0.140991210938 ,0.913696289062 ,-0.357543945312
13.9887 ,8354969 ,-115 ,6 ,0.129760742188 ,0.132568359375 ,0.900756835938 ,-0.392700195312
14.0029 ,8356187 ,-115 ,5 ,0.111694335938 ,0.122741699219 ,0.896545410156 ,-0.410705566406
14.0154 ,8359723 ,-115 ,5 ,0.0841064453125 ,0.105102539062 ,0.894775390625 ,-0.425659179688
14.026 ,8369796 ,-115 ,5 ,0.0499267578125 ,0.083251953125 ,0.894958496094 ,-0.435424804688
14.0366 ,8369796 ,-115 ,5 ,0.0091552734375 ,0.0098876953125 ,0.859008789062 ,-0.511840820312
14.136 ,8372090 ,-115 ,5 ,0.00701904296875 ,-0.00115966796875 ,0.853393554688 ,-0.521179199219
14.1528 ,8388696 ,-115 ,5 ,-0.001708984375 ,-0.009033203125 ,0.852783203125 ,-0.522155761719
14.1654 ,8391550 ,-115 ,5 ,-0.00616455078125 ,-0.0136108398438 ,0.852111816406 ,-0.523193359375
14.1758 ,8394782 ,-115 ,6 ,-0.00238037109375 ,-0.006103515625 ,0.834899902344 ,-0.550354003906
14.2731 ,8398810 ,-116 ,6 ,-0.0023193359375 ,-0.0052490234375 ,0.834594726562 ,-0.550903320312
14.284 ,8399772 ,-116 ,6 ,0.000732421875 ,-0.002685546875 ,0.833984375 ,-0.551818847656
14.2955 ,8399558 ,-116 ,5 ,0.00457763671875 ,0.0001220703125 ,0.833312988281 ,-0.552734375
14.3071 ,8400160 ,-116 ,5 ,0.00762939453125 ,0.00250244140625 ,0.833190917969 ,-0.552917480469
14.319 ,8400488 ,-116 ,5 ,0.0128173828125 ,0.00701904296875 ,0.833801269531 ,-0.551818847656
14.3331 ,8399883 ,-116 ,4 ,0.01513671875 ,0.009033203125 ,0.833801269531 ,-0.5517578125
14.3439 ,8400914 ,-116 ,4 ,0.0159301757812 ,0.0096435546875 ,0.833618164062 ,-0.552001953125
14.3547 ,8400353 ,-116 ,4 ,0.01513671875 ,0.00927734375 ,0.833679199219 ,-0.551940917969
14.3653 ,8399256 ,-116 ,4 ,0.0143432617188 ,0.00927734375 ,0.834045410156 ,-0.551452636719
14.3765 ,8398921 ,-116 ,4 ,0.0155639648438 ,0.0108032226562 ,0.834533691406 ,-0.550659179688
14.3874 ,8399551 ,-116 ,4 ,0.0189208984375 ,0.0137329101562 ,0.8349609375 ,-0.5498046875
14.3989 ,8397270 ,-115 ,3 ,0.0269775390625 ,0.0198364257812 ,0.836059570312 ,-0.547546386719
14.4155 ,8396018 ,-115 ,3 ,0.0315551757812 ,0.0228881835938 ,0.836791992188 ,-0.546142578125
14.4268 ,8395485 ,-115 ,3 ,0.0371704101562 ,0.0261840820312 ,0.837585449219 ,-0.54443359375
14.4373 ,8394194 ,-115 ,3 ,0.0433959960938 ,0.0289916992188 ,0.838500976562 ,-0.542419433594
14.4481 ,8393288 ,-115 ,3 ,0.0491943359375 ,0.0302734375 ,0.839477539062 ,-0.540344238281
14.4588 ,8391121 ,-115 ,3 ,0.0572509765625 ,0.0277709960938 ,0.842956542969 ,-0.534240722656
14.4729 ,8387436 ,-115 ,3 ,0.061767578125 ,0.0255126953125 ,0.845153808594 ,-0.5302734375
14.4834 ,8384883 ,-115 ,3 ,0.0682373046875 ,0.0236206054688 ,0.847351074219 ,-0.526123046875
14.4942 ,8383986 ,-115 ,3 ,0.076171875 ,0.0216674804688 ,0.849365234375 ,-0.521850585938
14.5051 ,8376626 ,-115 ,2 ,0.0841064453125 ,0.0185546875 ,0.851745605469 ,-0.516784667969
14.5166 ,8372716 ,-115 ,-1 ,0.0912475585938 ,0.0138549804688 ,0.85546875 ,-0.509521484375
14.5283 ,8365643 ,-115 ,-1 ,0.103393554688 ,0.00408935546875 ,0.863220214844 ,-0.494140625
14.5427 ,8360502 ,-116 ,2 ,0.10888671875 ,-0.0008544921875 ,0.867614746094 ,-0.485107421875
14.5535 ,8357934 ,-116 ,2 ,0.112548828125 ,-0.00677490234375 ,0.873168945312 ,-0.474243164062
14.5654 ,8350311 ,-116 ,2 ,0.113830566406 ,-0.0142211914062 ,0.882873535156 ,-0.455383300781
14.5761 ,8346750 ,-116 ,-1 ,0.117797851562 ,-0.0205078125 ,0.89306640625 ,-0.433715820312
14.5867 ,8343332 ,-116 ,2 ,0.128601074219 ,-0.0242309570312 ,0.902221679688 ,-0.410888671875
14.5972 ,8340477 ,-116 ,2 ,0.149719238281 ,-0.0233764648438 ,0.910827636719 ,-0.383972167969
14.6084 ,8340920 ,-116 ,-1 ,0.222045898438 ,-0.0108032226562 ,0.922058105469 ,-0.316833496094
14.6227 ,8341141 ,-116 ,3 ,0.267944335938 ,-0.00384521484375 ,0.923400878906 ,-0.274719238281
14.6332 ,8341141 ,-116 ,-1 ,0.311584472656 ,-0.00103759765625 ,0.922058105469 ,-0.229736328125
14.6466 ,8341342 ,-116 ,-1 ,0.34521484375 ,-0.00726318359375 ,0.919494628906 ,-0.187744140625
14.6573 ,8341342 ,-116 ,3 ,0.360656738281 ,-0.0253295898438 ,0.91943359375 ,-0.154479980469
14.6698 ,8343640 ,-116 ,-1 ,0.324951171875 ,-0.04541015625 ,0.940246582031 ,-0.0908813476562
14.6833 ,8342584 ,-116 ,-1 ,0.277893066406 ,-0.0401000976562 ,0.958862304688 ,-0.0416870117188
14.6944 ,8343498 ,-116 ,-1 ,0.231018066406 ,-0.0347290039062 ,0.972229003906 ,0.011474609375
14.7055 ,8344200 ,-116 ,-1 ,0.197021484375 ,-0.0233154296875 ,0.978576660156 ,0.0554809570312
14.7172 ,8344937 ,-116 ,-1 ,0.17822265625 ,-0.01611328125 ,0.979797363281 ,0.08935546875
14.7284 ,8355931 ,-116 ,-1 ,0.156188964844 ,-0.0284423828125 ,0.977172851562 ,0.141052246094
14.743 ,8363270 ,-116 ,-1 ,0.128662109375 ,-0.034912109375 ,0.9755859375 ,0.174499511719
14.7538 ,8367945 ,-116 ,-1 ,0.0746459960938 ,-0.0203247070312 ,0.976379394531 ,0.201782226562
14.7658 ,8368841 ,-116 ,3 ,0.00372314453125 ,-0.00567626953125 ,0.973876953125 ,0.226928710938
14.7777 ,8371543 ,-116 ,-1 ,-0.0520629882812 ,0.01025390625 ,0.968566894531 ,0.242919921875
14.7891 ,8385810 ,-116 ,-1 ,-0.0487060546875 ,0.0296020507812 ,0.964416503906 ,0.258178710938
14.8033 ,8390855 ,-116 ,-1 ,-0.0128784179688 ,0.0281372070312 ,0.963806152344 ,0.264892578125
14.8162 ,8397931 ,-116 ,-1 ,0.0020751953125 ,0.0264282226562 ,0.961303710938 ,0.274169921875
14.8275 ,8391876 ,-116 ,4 ,-0.0136108398438 ,0.0296630859375 ,0.956909179688 ,0.28857421875
14.8386 ,8391685 ,-116 ,4 ,-0.0387573242188 ,0.0355834960938 ,0.952270507812 ,0.300720214844
14.8527 ,8397142 ,-116 ,4 ,-0.0316162109375 ,0.0365600585938 ,0.952087402344 ,0.302062988281
14.865 ,8395644 ,-116 ,4 ,-0.027587890625 ,0.0379638671875 ,0.953308105469 ,0.29833984375
14.8759 ,8385000 ,-116 ,4 ,-0.0392456054688 ,0.0391845703125 ,0.9541015625 ,0.294311523438
14.8864 ,8378311 ,-116 ,4 ,-0.0685424804688 ,0.0447387695312 ,0.952575683594 ,0.293090820312
14.8969 ,8375879 ,-116 ,4 ,-0.0961303710938 ,0.0501708984375 ,0.950622558594 ,0.290710449219
14.9073 ,8370277 ,-116 ,3 ,-0.104919433594 ,0.0511474609375 ,0.951110839844 ,0.285949707031
14.9185 ,8368142 ,-116 ,3 ,-0.0817260742188 ,0.0439453125 ,0.959411621094 ,0.266357421875
14.9329 ,8358187 ,-116 ,3 ,-0.0642700195312 ,0.0391235351562 ,0.964599609375 ,0.252746582031
14.9435 ,8351245 ,-116 ,3 ,-0.0429077148438 ,0.0328369140625 ,0.969116210938 ,0.24072265625
14.954 ,8349941 ,-116 ,3 ,-0.0206298828125 ,0.029296875 ,0.972900390625 ,0.228454589844
14.9649 ,8345370 ,-117 ,3 ,0.004150390625 ,0.0277709960938 ,0.97607421875 ,0.215576171875
14.9761 ,8343577 ,-117 ,3 ,0.03125 ,0.0271606445312 ,0.978454589844 ,0.202209472656
14.9867 ,8342515 ,-117 ,3 ,0.0574340820312 ,0.0264892578125 ,0.980346679688 ,0.186889648438
14.9975 ,8341868 ,-117 ,3 ,0.0814208984375 ,0.0255737304688 ,0.982055664062 ,0.168273925781
15.0084 ,8342131 ,-117 ,3 ,0.12109375 ,0.024658203125 ,0.984802246094 ,0.122253417969
15.0224 ,8342657 ,-117 ,4 ,0.133422851562 ,0.0298461914062 ,0.986083984375 ,0.0948486328125
15.0328 ,8341747 ,-117 ,4 ,0.137390136719 ,0.040283203125 ,0.987609863281 ,0.0645751953125
15.0433 ,8343619 ,-117 ,3 ,0.131225585938 ,0.0519409179688 ,0.989562988281 ,0.0299072265625
15.0539 ,8344173 ,-117 ,3 ,0.118103027344 ,0.0628662109375 ,0.990966796875 ,-0.006591796875
15.0651 ,8344117 ,-117 ,3 ,0.102600097656 ,0.0712890625 ,0.991333007812 ,-0.0399780273438
15.0754 ,8346328 ,-117 ,3 ,0.087890625 ,0.077392578125 ,0.990661621094 ,-0.06982421875
15.086 ,8349359 ,-117 ,2 ,0.0746459960938 ,0.0844116210938 ,0.988830566406 ,-0.097412109375
15.0966 ,8349359 ,-117 ,2 ,0.063720703125 ,0.087646484375 ,0.986511230469 ,-0.122619628906
15.1071 ,8351273 ,-117 ,2 ,0.0535888671875 ,0.0823974609375 ,0.984619140625 ,-0.144287109375
15.1182 ,8354557 ,-117 ,1 ,0.0189208984375 ,0.0758666992188 ,0.981262207031 ,-0.175964355469
15.133 ,8357571 ,-117 ,1 ,-0.0042724609375 ,0.0681762695312 ,0.979431152344 ,-0.190002441406
15.1438 ,8359986 ,-117 ,-1 ,-0.0260009765625 ,0.0609130859375 ,0.976928710938 ,-0.202941894531
15.1549 ,8362564 ,-116 ,-1 ,-0.0392456054688 ,0.05908203125 ,0.972839355469 ,-0.220275878906
15.1657 ,8365367 ,-116 ,-1 ,-0.0360717773438 ,0.0552368164062 ,0.968627929688 ,-0.239624023438
15.177 ,8368543 ,-116 ,0 ,-0.0249633789062 ,0.061767578125 ,0.964477539062 ,-0.255676269531
15.1875 ,8372886 ,-116 ,0 ,-0.00762939453125 ,0.0654907226562 ,0.958862304688 ,-0.276184082031
15.1983 ,8372886 ,-116 ,0 ,-0.0496215820312 ,0.0320434570312 ,0.927185058594 ,-0.369873046875
15.2526 ,8385177 ,-116 ,0 ,-0.0513305664062 ,0.0286865234375 ,0.922607421875 ,-0.381286621094
15.2662 ,8387021 ,-116 ,0 ,-0.052978515625 ,0.0216064453125 ,0.918273925781 ,-0.391845703125
15.2771 ,8388526 ,-116 ,0 ,-0.0589599609375 ,0.0120849609375 ,0.914611816406 ,-0.399780273438
15.2878 ,8391184 ,-116 ,-1 ,-0.0653076171875 ,0.00360107421875 ,0.911987304688 ,-0.404968261719
15.2984 ,8393253 ,-116 ,-1 ,-0.057861328125 ,-0.0006103515625 ,0.908996582031 ,-0.412719726562
15.3153 ,8393890 ,-116 ,0 ,-0.0504760742188 ,-0.0018310546875 ,0.907775878906 ,-0.416442871094
15.3267 ,8392564 ,-116 ,0 ,-0.0482177734375 ,-0.0057373046875 ,0.906616210938 ,-0.419128417969
15.3373 ,8391910 ,-117 ,0 ,-0.0488891601562 ,-0.0115356445312 ,0.905456542969 ,-0.421508789062
15.3484 ,8391114 ,-117 ,-1 ,-0.043701171875 ,-0.0155029296875 ,0.903381347656 ,-0.426330566406
15.3654 ,8392402 ,-117 ,-1 ,-0.0350952148438 ,-0.0147094726562 ,0.901977539062 ,-0.430053710938
15.3768 ,8392675 ,-117 ,-1 ,-0.0316162109375 ,-0.0165405273438 ,0.900634765625 ,-0.433166503906
15.3874 ,8391540 ,-117 ,-1 ,-0.0350952148438 ,-0.0205078125 ,0.899475097656 ,-0.435119628906
15.3983 ,8392668 ,-117 ,-1 ,-0.0366821289062 ,-0.0247192382812 ,0.897277832031 ,-0.439208984375
15.4151 ,8393381 ,-117 ,-2 ,-0.0306396484375 ,-0.021240234375 ,0.896179199219 ,-0.442077636719
15.4262 ,8394506 ,-117 ,-2 ,-0.0247192382812 ,-0.0181884765625 ,0.895202636719 ,-0.444519042969
15.4369 ,8394291 ,-117 ,-2 ,-0.0216064453125 ,-0.017333984375 ,0.894592285156 ,-0.446044921875
15.4477 ,8393969 ,-117 ,-2 ,-0.0204467773438 ,-0.0167236328125 ,0.894104003906 ,-0.447082519531
15.4586 ,8393935 ,-117 ,-2 ,-0.0100708007812 ,-0.0103149414062 ,0.892883300781 ,-0.450134277344
15.4723 ,8394765 ,-117 ,-2 ,-0.00469970703125 ,-0.00701904296875 ,0.892272949219 ,-0.451416015625
15.4829 ,8394765 ,-117 ,-2 ,-0.0028076171875 ,-0.0059814453125 ,0.891906738281 ,-0.4521484375
15.4935 ,8393980 ,-116 ,-2 ,-0.0018310546875 ,-0.006103515625 ,0.891723632812 ,-0.452575683594
15.5041 ,8393679 ,-116 ,-1 ,0.0244140625 ,0.00689697265625 ,0.88916015625 ,-0.456970214844
15.5426 ,8391170 ,-116 ,-1 ,0.0294799804688 ,0.00732421875 ,0.889282226562 ,-0.456359863281
15.5535 ,8389454 ,-116 ,-2 ,0.035400390625 ,0.0069580078125 ,0.890258789062 ,-0.454040527344
15.5649 ,8385966 ,-116 ,-2 ,0.0430297851562 ,0.00665283203125 ,0.891967773438 ,-0.449951171875
15.5756 ,8385616 ,-116 ,-2 ,0.0508422851562 ,0.00555419921875 ,0.894226074219 ,-0.444702148438
15.5861 ,8381626 ,-115 ,-2 ,0.0579223632812 ,0.00274658203125 ,0.897216796875 ,-0.437683105469
15.5967 ,8380543 ,-115 ,-2 ,0.069580078125 ,-0.00787353515625 ,0.905212402344 ,-0.419189453125
15.616 ,8374187 ,-115 ,-2 ,0.0775146484375 ,-0.013671875 ,0.91259765625 ,-0.401245117188
15.6271 ,8369384 ,-116 ,-2 ,0.0884399414062 ,-0.017333984375 ,0.915710449219 ,-0.391540527344
15.6379 ,8367910 ,-116 ,-2 ,0.105651855469 ,-0.0282592773438 ,0.922302246094 ,-0.370666503906
15.653 ,8361989 ,-116 ,-4 ,0.106994628906 ,-0.0368041992188 ,0.927001953125 ,-0.357604980469
15.6651 ,8359893 ,-116 ,-4 ,0.104553222656 ,-0.0458984375 ,0.932800292969 ,-0.341796875
15.6756 ,8357373 ,-116 ,-4 ,0.100463867188 ,-0.0540771484375 ,0.939514160156 ,-0.322875976562
15.6861 ,8352629 ,-116 ,-4 ,0.0977783203125 ,-0.0599975585938 ,0.946655273438 ,-0.301208496094
15.697 ,8350041 ,-116 ,-4 ,0.100158691406 ,-0.0645751953125 ,0.954162597656 ,-0.274658203125
15.7078 ,8348318 ,-116 ,-4 ,0.109252929688 ,-0.0657348632812 ,0.960144042969 ,-0.248657226562
15.7191 ,8347913 ,-116 ,-4 ,0.142517089844 ,-0.0598754882812 ,0.968627929688 ,-0.194702148438
15.7324 ,8344719 ,-116 ,-4 ,0.165222167969 ,-0.0565795898438 ,0.970764160156 ,-0.16455078125
15.7433 ,8344975 ,-116 ,-3 ,0.18896484375 ,-0.0545654296875 ,0.971740722656 ,-0.130493164062
15.7539 ,8344892 ,-116 ,-3 ,0.210693359375 ,-0.053955078125 ,0.971374511719 ,-0.095458984375
15.7654 ,8345567 ,-116 ,-3 ,0.226623535156 ,-0.0554809570312 ,0.970397949219 ,-0.062255859375
15.7769 ,8345681 ,-116 ,-1 ,0.234741210938 ,-0.0596313476562 ,0.969787597656 ,-0.0294189453125
15.7877 ,8346934 ,-116 ,0 ,0.234252929688 ,-0.0645141601562 ,0.970031738281 ,0.00408935546875
15.798 ,8348086 ,-116 ,2 ,0.205871582031 ,-0.0675659179688 ,0.973815917969 ,0.0684814453125
15.8152 ,8350211 ,-116 ,6 ,0.18505859375 ,-0.066650390625 ,0.975830078125 ,0.0951538085938
15.8258 ,8350861 ,-116 ,9 ,0.129028320312 ,-0.0518798828125 ,0.976867675781 ,0.162536621094
15.8562 ,8357581 ,-117 ,8 ,0.112365722656 ,-0.0443725585938 ,0.975830078125 ,0.182067871094
15.8674 ,8359536 ,-117 ,7 ,0.096923828125 ,-0.0375366210938 ,0.974243164062 ,0.200134277344
15.8782 ,8358602 ,-117 ,7 ,0.0839233398438 ,-0.0288696289062 ,0.970520019531 ,0.22412109375
15.8925 ,8357934 ,-117 ,6 ,0.0888671875 ,-0.0274658203125 ,0.968627929688 ,0.230346679688
15.9031 ,8357093 ,-117 ,5 ,0.0974731445312 ,-0.0263061523438 ,0.966857910156 ,0.234558105469
15.916 ,8355211 ,-117 ,5 ,0.104370117188 ,-0.02685546875 ,0.964477539062 ,0.241088867188
15.9265 ,8352228 ,-117 ,4 ,0.10595703125 ,-0.0263061523438 ,0.963989257812 ,0.242492675781
15.9369 ,8350429 ,-118 ,4 ,0.101318359375 ,-0.0244750976562 ,0.964477539062 ,0.24267578125
15.9475 ,8346560 ,-118 ,4 ,0.0924682617188 ,-0.0214233398438 ,0.9658203125 ,0.241271972656
15.9587 ,8344508 ,-118 ,3 ,0.0760498046875 ,-0.0157470703125 ,0.968505859375 ,0.236633300781
15.9729 ,8341200 ,-118 ,3 ,0.0758056640625 ,-0.0142211914062 ,0.969665527344 ,0.231872558594
15.9838 ,8342013 ,-118 ,2 ,0.0845947265625 ,-0.0140991210938 ,0.969970703125 ,0.227600097656
15.9945 ,8342062 ,-118 ,2 ,0.100646972656 ,-0.0189208984375 ,0.969116210938 ,0.224426269531
16.005 ,8341692 ,-118 ,2 ,0.120788574219 ,-0.0283203125 ,0.967407226562 ,0.220642089844
16.0155 ,8342290 ,-118 ,2 ,0.142578125 ,-0.0381469726562 ,0.965759277344 ,0.213317871094
16.0266 ,8342290 ,-118 ,2 ,0.160949707031 ,-0.0425415039062 ,0.965209960938 ,0.201599121094
16.0377 ,8342290 ,-119 ,2 ,0.16357421875 ,-0.0350341796875 ,0.971435546875 ,0.168395996094
16.0524 ,8341058 ,-119 ,2 ,0.149230957031 ,-0.0313720703125 ,0.976440429688 ,0.15283203125
16.0649 ,8341484 ,-119 ,1 ,0.132263183594 ,-0.0277709960938 ,0.980590820312 ,0.142150878906
16.0761 ,8341498 ,-119 ,1 ,0.116760253906 ,-0.0253295898438 ,0.983642578125 ,0.134765625
16.0878 ,8341207 ,-119 ,1 ,0.0995483398438 ,-0.0263671875 ,0.9873046875 ,0.121215820312
16.1025 ,8341529 ,-119 ,0 ,0.098876953125 ,-0.0277709960938 ,0.988098144531 ,0.11474609375
16.1147 ,8341114 ,-119 ,0 ,0.101501464844 ,-0.0294799804688 ,0.988464355469 ,0.108581542969
16.1253 ,8341114 ,-119 ,-1 ,0.0913696289062 ,-0.030029296875 ,0.991088867188 ,0.0918579101562
16.1582 ,8341546 ,-119 ,-1 ,0.073486328125 ,-0.0260620117188 ,0.99365234375 ,0.0809936523438
16.1724 ,8341425 ,-119 ,-2 ,0.0652465820312 ,-0.0234985351562 ,0.994689941406 ,0.0763549804688
16.1831 ,8341211 ,-119 ,-2 ,0.0590209960938 ,-0.0204467773438 ,0.995483398438 ,0.0716552734375
16.1944 ,8341996 ,-119 ,-3 ,0.0555419921875 ,-0.0169677734375 ,0.996154785156 ,0.0660400390625
16.2058 ,8341505 ,-119 ,-3 ,0.0540161132812 ,-0.0128784179688 ,0.996643066406 ,0.0604858398438
16.2174 ,8341553 ,-119 ,-3 ,0.0529174804688 ,-0.00860595703125 ,0.996948242188 ,0.0568237304688
16.2281 ,8341747 ,-119 ,-4 ,0.0546264648438 ,-0.00128173828125 ,0.9970703125 ,0.0537109375
16.2423 ,8342920 ,-119 ,-5 ,0.057373046875 ,0.00286865234375 ,0.997009277344 ,0.0512084960938
16.2529 ,8341474 ,-119 ,-5 ,0.0606079101562 ,0.0069580078125 ,0.997009277344 ,0.0474243164062
16.2647 ,8341757 ,-119 ,-5 ,0.0640869140625 ,0.0105590820312 ,0.996948242188 ,0.0433349609375
16.2756 ,8342121 ,-119 ,-6 ,0.067626953125 ,0.0133056640625 ,0.996887207031 ,0.0386352539062
16.2861 ,8342121 ,-119 ,-6 ,0.0709838867188 ,0.0148315429688 ,0.996826171875 ,0.0321655273438
16.2968 ,8343529 ,-119 ,-6 ,0.0745239257812 ,0.0148315429688 ,0.996826171875 ,0.0226440429688
16.3078 ,8341456 ,-119 ,-5 ,0.0851440429688 ,0.0193481445312 ,0.996154785156 ,0.0020751953125
16.3222 ,8341885 ,-119 ,-5 ,0.0947265625 ,0.0205078125 ,0.995300292969 ,-0.00537109375
16.3327 ,8341747 ,-119 ,-4 ,0.1064453125 ,0.0227661132812 ,0.994018554688 ,-0.01025390625
16.3434 ,8343269 ,-119 ,-4 ,0.116088867188 ,0.0250244140625 ,0.992858886719 ,-0.0125732421875
16.3539 ,8343366 ,-119 ,-4 ,0.119079589844 ,0.0250244140625 ,0.992431640625 ,-0.0154418945312
16.365 ,8342733 ,-119 ,-4 ,0.117065429688 ,0.021728515625 ,0.992614746094 ,-0.0220336914062
16.3758 ,8341813 ,-118 ,-2 ,0.114501953125 ,0.016845703125 ,0.992797851562 ,-0.030029296875
16.3869 ,8342477 ,-118 ,-2 ,0.115173339844 ,0.0132446289062 ,0.992614746094 ,-0.0353393554688
16.398 ,8341318 ,-118 ,-2 ,0.130432128906 ,0.0151977539062 ,0.990539550781 ,-0.0399169921875
16.415 ,8341588 ,-118 ,-2 ,0.143493652344 ,0.0187377929688 ,0.988586425781 ,-0.041748046875
16.4263 ,8341647 ,-118 ,-1 ,0.158508300781 ,0.0189819335938 ,0.986206054688 ,-0.0438232421875
16.437 ,8341494 ,-118 ,-2 ,0.173950195312 ,0.0150146484375 ,0.983581542969 ,-0.0452880859375
16.4478 ,8341432 ,-118 ,-2 ,0.19189453125 ,0.00408935546875 ,0.980285644531 ,-0.0470581054688
16.4649 ,8341899 ,-118 ,-2 ,0.192321777344 ,0.00469970703125 ,0.980163574219 ,-0.0474853515625
16.4758 ,8340954 ,-118 ,-3 ,0.190551757812 ,0.009521484375 ,0.980529785156 ,-0.046875
16.4869 ,8340875 ,-118 ,-3 ,0.189758300781 ,0.0148315429688 ,0.980712890625 ,-0.0449829101562
16.4976 ,8341619 ,-118 ,-4 ,0.196472167969 ,0.021240234375 ,0.979431152344 ,-0.041015625
16.5146 ,8341235 ,-118 ,-4 ,0.202880859375 ,0.0228881835938 ,0.978088378906 ,-0.0414428710938
16.5251 ,8340916 ,-118 ,-4 ,0.209228515625 ,0.023193359375 ,0.976684570312 ,-0.0424194335938
16.5357 ,8341435 ,-118 ,-5 ,0.215087890625 ,0.0221557617188 ,0.975463867188 ,-0.042236328125
16.5462 ,8341339 ,-118 ,-5 ,0.220581054688 ,0.0208740234375 ,0.974304199219 ,-0.040771484375
16.5566 ,8340948 ,-118 ,-5 ,0.225708007812 ,0.0198364257812 ,0.973266601562 ,-0.0382690429688
16.568 ,8341626 ,-119 ,-5 ,0.234497070312 ,0.0206298828125 ,0.971313476562 ,-0.0335693359375
16.5822 ,8342083 ,-119 ,-5 ,0.238037109375 ,0.0220336914062 ,0.970458984375 ,-0.0330200195312
16.5928 ,8341515 ,-119 ,-5 ,0.2412109375 ,0.0237426757812 ,0.969604492188 ,-0.033935546875
16.6033 ,8341515 ,-119 ,-5 ,0.247131347656 ,0.0264892578125 ,0.967895507812 ,-0.0369262695312
16.6222 ,8341453 ,-119 ,-5 ,0.249267578125 ,0.0276489257812 ,0.96728515625 ,-0.03857421875
16.6326 ,8341304 ,-119 ,-5 ,0.250427246094 ,0.029052734375 ,0.966857910156 ,-0.0401000976562
16.6431 ,8342325 ,-119 ,-5 ,0.250793457031 ,0.030517578125 ,0.966674804688 ,-0.0410766601562
16.6537 ,8341965 ,-119 ,-5 ,0.250244140625 ,0.0319213867188 ,0.966796875 ,-0.0414428710938
16.6647 ,8342051 ,-119 ,-5 ,0.249084472656 ,0.0330810546875 ,0.967041015625 ,-0.0411376953125
16.675 ,8341519 ,-119 ,-5 ,0.247863769531 ,0.0343017578125 ,0.967346191406 ,-0.0401000976562
16.6855 ,8341359 ,-119 ,-5 ,0.246704101562 ,0.0353393554688 ,0.967651367188 ,-0.0385131835938
16.696 ,8341487 ,-119 ,-5 ,0.245727539062 ,0.0361328125 ,0.967956542969 ,-0.03662109375
16.7067 ,8341660 ,-119 ,-5 ,0.244445800781 ,0.037109375 ,0.968322753906 ,-0.0347290039062
16.7178 ,8341602 ,-119 ,-5 ,0.243286132812 ,0.0372314453125 ,0.968933105469 ,-0.0245971679688
16.7325 ,8342114 ,-119 ,-5 ,0.244506835938 ,0.0374755859375 ,0.968688964844 ,-0.0228271484375
16.743 ,8342840 ,-119 ,-5 ,0.247131347656 ,0.0372314453125 ,0.968017578125 ,-0.0214233398438
16.7555 ,8342297 ,-120 ,-5 ,0.251342773438 ,0.037109375 ,0.966979980469 ,-0.0200805664062
16.7658 ,8342730 ,-120 ,-5 ,0.257873535156 ,0.0354614257812 ,0.965454101562 ,-0.0118408203125
16.7764 ,8341276 ,-120 ,-5 ,0.2666015625 ,0.03564453125 ,0.963073730469 ,-0.0101318359375
16.7877 ,8342754 ,-120 ,-6 ,0.288513183594 ,0.0369262695312 ,0.956726074219 ,-0.006103515625
16.8022 ,8341501 ,-120 ,-6 ,0.299987792969 ,0.0382080078125 ,0.953186035156 ,-0.00439453125
16.8158 ,8341283 ,-120 ,-6 ,0.310607910156 ,0.0380249023438 ,0.949768066406 ,0.001953125
16.8265 ,8342145 ,-120 ,-6 ,0.319030761719 ,0.0390625 ,0.946899414062 ,0.00396728515625
16.8372 ,8342307 ,-120 ,-6 ,0.325561523438 ,0.0383911132812 ,0.944702148438 ,0.0062255859375
16.8478 ,8342325 ,-120 ,-6 ,0.332397460938 ,0.0296630859375 ,0.942626953125 ,0.0101928710938
16.8658 ,8342854 ,-119 ,-6 ,0.332092285156 ,0.023193359375 ,0.942810058594 ,0.0155639648438
16.877 ,8343000 ,-119 ,-6 ,0.329650878906 ,0.0201416015625 ,0.943725585938 ,0.0189819335938
16.8877 ,8342882 ,-119 ,-6 ,0.32861328125 ,0.0158081054688 ,0.943969726562 ,0.0267333984375
16.9022 ,8343442 ,-119 ,-7 ,0.331787109375 ,0.0086669921875 ,0.94287109375 ,0.0294799804688
16.9157 ,8344425 ,-118 ,-6 ,0.337097167969 ,-0.006103515625 ,0.940612792969 ,0.03955078125
16.9262 ,8345256 ,-118 ,-6 ,0.342468261719 ,-0.0209350585938 ,0.938171386719 ,0.0452270507812
16.9367 ,8346650 ,-118 ,-5 ,0.346008300781 ,-0.0327758789062 ,0.936218261719 ,0.0523071289062
16.9478 ,8347754 ,-118 ,-3 ,0.342407226562 ,-0.0469970703125 ,0.936645507812 ,0.0570678710938
16.9661 ,8349792 ,-118 ,-1 ,0.334777832031 ,-0.0567626953125 ,0.938171386719 ,0.0674438476562
16.977 ,8351180 ,-118 ,1 ,0.324951171875 ,-0.0609741210938 ,0.940551757812 ,0.0776977539062
16.9884 ,8353017 ,-118 ,2 ,0.295349121094 ,-0.0618286132812 ,0.947998046875 ,0.101196289062
17.0027 ,8356581 ,-118 ,2 ,0.273254394531 ,-0.0574951171875 ,0.953002929688 ,0.117614746094
17.0152 ,8358920 ,-118 ,2 ,0.247375488281 ,-0.0512084960938 ,0.957946777344 ,0.135925292969
17.0264 ,8359145 ,-118 ,2 ,0.2216796875 ,-0.0477294921875 ,0.961669921875 ,0.154296875
17.0375 ,8360588 ,-118 ,1 ,0.185668945312 ,-0.0391235351562 ,0.964599609375 ,0.183166503906
17.0526 ,8360616 ,-118 ,1 ,0.174987792969 ,-0.0372924804688 ,0.964599609375 ,0.19384765625
17.0653 ,8360138 ,-118 ,1 ,0.165222167969 ,-0.0343627929688 ,0.964538574219 ,0.202941894531
17.0763 ,8359806 ,-118 ,1 ,0.155029296875 ,-0.031005859375 ,0.964294433594 ,0.21240234375
17.0868 ,8357962 ,-118 ,1 ,0.146057128906 ,-0.027099609375 ,0.9638671875 ,0.221130371094
17.0977 ,8356488 ,-118 ,1 ,0.136657714844 ,-0.0228271484375 ,0.961853027344 ,0.23583984375
17.1148 ,8354027 ,-118 ,0 ,0.135314941406 ,-0.02099609375 ,0.960693359375 ,0.241577148438
17.1259 ,8351685 ,-118 ,0 ,0.134521484375 ,-0.0208129882812 ,0.959533691406 ,0.24658203125
17.1365 ,8349401 ,-118 ,0 ,0.132751464844 ,-0.0202026367188 ,0.95849609375 ,0.25146484375
17.1473 ,8348038 ,-118 ,0 ,0.129516601562 ,-0.0183715820312 ,0.957580566406 ,0.256774902344
17.1581 ,8346141 ,-118 ,0 ,0.122131347656 ,-0.0146484375 ,0.955627441406 ,0.267639160156
17.1719 ,8345622 ,-118 ,1 ,0.119873046875 ,-0.0125122070312 ,0.954650878906 ,0.272338867188
17.1824 ,8343339 ,-118 ,0 ,0.120971679688 ,-0.0114135742188 ,0.953552246094 ,0.275634765625
17.1932 ,8342944 ,-119 ,0 ,0.127380371094 ,-0.0116577148438 ,0.952026367188 ,0.277954101562
17.2038 ,8341968 ,-119 ,0 ,0.139221191406 ,-0.0134887695312 ,0.949829101562 ,0.27978515625
17.2145 ,8341968 ,-119 ,0 ,0.154479980469 ,-0.017822265625 ,0.94677734375 ,0.28173828125
17.2275 ,8342238 ,-119 ,0 ,0.18310546875 ,-0.0269775390625 ,0.941772460938 ,0.280639648438
17.2422 ,8341986 ,-119 ,0 ,0.189758300781 ,-0.0255737304688 ,0.942077636719 ,0.275390625
17.2531 ,8341377 ,-119 ,0 ,0.187377929688 ,-0.0213623046875 ,0.945129394531 ,0.266845703125
17.2645 ,8341339 ,-119 ,0 ,0.17724609375 ,-0.0148315429688 ,0.949645996094 ,0.257873535156
17.2753 ,8340903 ,-119 ,0 ,0.1640625 ,-0.0067138671875 ,0.954345703125 ,0.249572753906
17.2858 ,8341114 ,-119 ,0 ,0.150939941406 ,0.0013427734375 ,0.958374023438 ,0.242370605469
17.2967 ,8341740 ,-119 ,0 ,0.140808105469 ,0.00787353515625 ,0.961547851562 ,0.235656738281
17.3076 ,8341134 ,-119 ,0 ,0.134338378906 ,0.0144653320312 ,0.967407226562 ,0.214050292969
17.3217 ,8341626 ,-119 ,-1 ,0.134948730469 ,0.0186767578125 ,0.97021484375 ,0.2001953125
17.3322 ,8342435 ,-119 ,-1 ,0.133361816406 ,0.0241088867188 ,0.973205566406 ,0.185668945312
17.3427 ,8342166 ,-119 ,-1 ,0.12744140625 ,0.0302124023438 ,0.976379394531 ,0.171691894531
17.3533 ,8342252 ,-119 ,-1 ,0.1162109375 ,0.0379028320312 ,0.979614257812 ,0.159362792969
17.3645 ,8342539 ,-119 ,-2 ,0.099853515625 ,0.0465087890625 ,0.982727050781 ,0.148681640625
17.3754 ,8343408 ,-119 ,-2 ,0.0812377929688 ,0.05517578125 ,0.985412597656 ,0.139038085938
17.3859 ,8345307 ,-119 ,-2 ,0.0623168945312 ,0.0629272460938 ,0.987731933594 ,0.128723144531
17.3971 ,8346792 ,-119 ,-2 ,0.0460205078125 ,0.0684814453125 ,0.989807128906 ,0.115905761719
17.4082 ,8348681 ,-119 ,-2 ,0.0185546875 ,0.0606689453125 ,0.993896484375 ,0.0902709960938
17.4217 ,8349705 ,-119 ,-3 ,0.005615234375 ,0.0518188476562 ,0.995544433594 ,0.07861328125
17.4322 ,8353823 ,-119 ,-2 ,-0.01123046875 ,0.047607421875 ,0.996520996094 ,0.067138671875
17.4426 ,8354958 ,-119 ,-2 ,-0.0333251953125 ,0.0433959960938 ,0.996948242188 ,0.055908203125
17.4531 ,8356643 ,-119 ,-2 ,-0.0577392578125 ,0.0386352539062 ,0.99658203125 ,0.0450439453125
17.4645 ,8358841 ,-119 ,-3 ,-0.0807495117188 ,0.0374145507812 ,0.995361328125 ,0.0362548828125
17.4757 ,8361927 ,-119 ,-3 ,-0.0977172851562 ,0.0364990234375 ,0.994079589844 ,0.0294799804688
17.4863 ,8365474 ,-119 ,-3 ,-0.107666015625 ,0.0377807617188 ,0.9931640625 ,0.0252075195312
17.4973 ,8367495 ,-119 ,-3 ,-0.110595703125 ,0.03369140625 ,0.9931640625 ,0.0145263671875
17.5148 ,8368599 ,-119 ,-3 ,-0.109558105469 ,0.0299072265625 ,0.993469238281 ,0.00933837890625
17.5263 ,8368785 ,-119 ,-3 ,-0.111145019531 ,0.02490234375 ,0.993469238281 ,0.0035400390625
17.537 ,8369401 ,-119 ,-2 ,-0.11962890625 ,0.020751953125 ,0.992614746094 ,-0.00067138671875
17.548 ,8370792 ,-118 ,-2 ,-0.139282226562 ,0.0147094726562 ,0.990112304688 ,-0.005126953125
17.5648 ,8371170 ,-118 ,-2 ,-0.134094238281 ,0.011474609375 ,0.990844726562 ,-0.0111694335938
17.5753 ,8372284 ,-118 ,-2 ,-0.117309570312 ,0.00860595703125 ,0.992919921875 ,-0.0176391601562
17.5859 ,8373768 ,-117 ,-2 ,-0.09716796875 ,0.0040283203125 ,0.994995117188 ,-0.0234985351562
17.5965 ,8372896 ,-117 ,-3 ,-0.0840454101562 ,-0.00128173828125 ,0.99609375 ,-0.0264892578125
17.6075 ,8372758 ,-117 ,-3 ,-0.083984375 ,-0.0091552734375 ,0.995849609375 ,-0.0345458984375
17.6217 ,8371190 ,-117 ,-3 ,-0.0812377929688 ,-0.0126342773438 ,0.995788574219 ,-0.0410766601562
17.6322 ,8371076 ,-117 ,-3 ,-0.0690307617188 ,-0.0172729492188 ,0.996276855469 ,-0.0487060546875
17.6428 ,8370540 ,-117 ,-3 ,-0.0567626953125 ,-0.0196533203125 ,0.996643066406 ,-0.055908203125
17.6532 ,8368720 ,-117 ,-3 ,-0.0550537109375 ,-0.0224609375 ,0.996276855469 ,-0.0619506835938
17.6644 ,8368294 ,-117 ,-3 ,-0.061279296875 ,-0.0253295898438 ,0.995483398438 ,-0.0677490234375
17.6755 ,8365360 ,-118 ,-2 ,-0.0650634765625 ,-0.0267944335938 ,0.994812011719 ,-0.0738525390625
17.6863 ,8365280 ,-118 ,-2 ,-0.0604248046875 ,-0.0255126953125 ,0.99462890625 ,-0.0802612304688
17.6973 ,8364865 ,-118 ,-2 ,-0.0385131835938 ,-0.0211181640625 ,0.994323730469 ,-0.0969848632812
17.7149 ,8362401 ,-118 ,-2 ,-0.0285034179688 ,-0.0191040039062 ,0.993957519531 ,-0.1044921875
17.7264 ,8360917 ,-118 ,-2 ,-0.0192260742188 ,-0.0169677734375 ,0.993530273438 ,-0.110900878906
17.7377 ,8361737 ,-118 ,-2 ,-0.010498046875 ,-0.0114135742188 ,0.992492675781 ,-0.121398925781
17.7724 ,8362592 ,-118 ,-2 ,-0.00592041015625 ,-0.009765625 ,0.992614746094 ,-0.120788574219
17.7832 ,8362391 ,-118 ,-3 ,0.0009765625 ,-0.00830078125 ,0.992797851562 ,-0.119506835938
17.7939 ,8362038 ,-118 ,-3 ,0.00592041015625 ,-0.00726318359375 ,0.993041992188 ,-0.117614746094
17.8062 ,8361796 ,-118 ,-4 ,0.0079345703125 ,-0.00653076171875 ,0.993225097656 ,-0.115905761719
17.8172 ,8360498 ,-118 ,-4 ,0.00836181640625 ,-0.0062255859375 ,0.993469238281 ,-0.113647460938
17.8278 ,8360529 ,-118 ,-4 ,0.013916015625 ,-0.00433349609375 ,0.994018554688 ,-0.108337402344
17.8425 ,8361346 ,-119 ,-5 ,0.0199584960938 ,-0.00262451171875 ,0.994018554688 ,-0.107482910156
17.8539 ,8361785 ,-119 ,-5 ,0.0260009765625 ,-0.0010986328125 ,0.993896484375 ,-0.107116699219
17.865 ,8362377 ,-119 ,-5 ,0.0300903320312 ,0.0 ,0.993713378906 ,-0.107849121094
17.8767 ,8362249 ,-119 ,-5 ,0.0311889648438 ,0.00042724609375 ,0.99365234375 ,-0.108276367188
17.8879 ,8362695 ,-119 ,-5 ,0.0267944335938 ,0.0003662109375 ,0.993713378906 ,-0.108459472656
17.9023 ,8363370 ,-119 ,-5 ,0.025146484375 ,0.0006103515625 ,0.993713378906 ,-0.109069824219
17.915 ,8363934 ,-119 ,-5 ,0.0264892578125 ,0.00152587890625 ,0.993530273438 ,-0.1103515625
17.9261 ,8365353 ,-119 ,-5 ,0.03076171875 ,0.00274658203125 ,0.993286132812 ,-0.111694335938
17.9377 ,8365332 ,-119 ,-5 ,0.0399780273438 ,0.00531005859375 ,0.992797851562 ,-0.113037109375
17.9521 ,8365412 ,-120 ,-5 ,0.0416870117188 ,0.005615234375 ,0.992736816406 ,-0.112548828125
17.9657 ,8365252 ,-120 ,-5 ,0.0416259765625 ,0.00604248046875 ,0.991882324219 ,-0.119750976562
17.9772 ,8365910 ,-120 ,-6 ,0.04443359375 ,0.00665283203125 ,0.992065429688 ,-0.117492675781
17.9919 ,8366232 ,-120 ,-6 ,0.0491943359375 ,0.00732421875 ,0.992065429688 ,-0.115478515625
18.003 ,8365682 ,-120 ,-6 ,0.0548706054688 ,0.00799560546875 ,0.992065429688 ,-0.112670898438
18.0161 ,8364007 ,-119 ,-6 ,0.0604858398438 ,0.00848388671875 ,0.991455078125 ,-0.115417480469
18.0283 ,8363041 ,-119 ,-6 ,0.0736083984375 ,0.006103515625 ,0.991577148438 ,-0.106140136719
18.0424 ,8362789 ,-119 ,-6 ,0.0819091796875 ,0.00335693359375 ,0.991455078125 ,-0.101501464844
18.0535 ,8363249 ,-119 ,-6 ,0.0916748046875 ,-0.00030517578125 ,0.991027832031 ,-0.0972900390625
18.066 ,8363640 ,-119 ,-5 ,0.102355957031 ,-0.00518798828125 ,0.989685058594 ,-0.100280761719
18.0771 ,8362834 ,-119 ,-4 ,0.119750976562 ,-0.0175170898438 ,0.98828125 ,-0.093017578125
18.0926 ,8361910 ,-119 ,-1 ,0.124084472656 ,-0.0234375 ,0.987915039062 ,-0.0902099609375
18.104 ,8360643 ,-119 ,-1 ,0.126220703125 ,-0.029052734375 ,0.98779296875 ,-0.0867309570312
18.1157 ,8359882 ,-119 ,-1 ,0.128295898438 ,-0.0319213867188 ,0.986694335938 ,-0.0947265625
18.1261 ,8359609 ,-119 ,-1 ,0.132141113281 ,-0.03515625 ,0.986145019531 ,-0.0939331054688
18.1367 ,8359232 ,-119 ,-2 ,0.14453125 ,-0.0396118164062 ,0.984558105469 ,-0.0903930664062
18.1519 ,8355623 ,-119 ,-2 ,0.15185546875 ,-0.0413208007812 ,0.983703613281 ,-0.0866088867188
18.1654 ,8352571 ,-120 ,-2 ,0.159118652344 ,-0.0418701171875 ,0.982177734375 ,-0.090576171875
18.1764 ,8349325 ,-120 ,-3 ,0.163208007812 ,-0.042724609375 ,0.981994628906 ,-0.0851440429688
18.1871 ,8348093 ,-120 ,-3 ,0.165100097656 ,-0.0422973632812 ,0.982543945312 ,-0.0745849609375
18.2017 ,8344820 ,-120 ,-3 ,0.166809082031 ,-0.0416259765625 ,0.982727050781 ,-0.0685424804688
18.2154 ,8342269 ,-120 ,-2 ,0.171752929688 ,-0.0384521484375 ,0.982055664062 ,-0.0680541992188
18.2258 ,8341027 ,-120 ,-2 ,0.181701660156 ,-0.0349731445312 ,0.980773925781 ,-0.061767578125
18.2363 ,8340958 ,-120 ,-2 ,0.221740722656 ,-0.027587890625 ,0.973693847656 ,-0.0443725585938
18.2549 ,8340539 ,-120 ,-2 ,0.248779296875 ,-0.0265502929688 ,0.9677734375 ,-0.02880859375
18.2662 ,8340986 ,-120 ,-2 ,0.27392578125 ,-0.0307006835938 ,0.961181640625 ,-0.010498046875
18.2772 ,8341048 ,-120 ,-2 ,0.298156738281 ,-0.0436401367188 ,0.953491210938 ,0.00152587890625
18.2921 ,8340858 ,-120 ,-2 ,0.290588378906 ,-0.050048828125 ,0.955505371094 ,-0.00469970703125
18.3028 ,8341010 ,-120 ,-2 ,0.272399902344 ,-0.052978515625 ,0.960693359375 ,-0.0086669921875
18.315 ,8341553 ,-120 ,-2 ,0.25 ,-0.0501098632812 ,0.966918945312 ,-0.00592041015625
18.3261 ,8341418 ,-120 ,-2 ,0.227722167969 ,-0.0453491210938 ,0.97265625 ,0.00531005859375
18.3375 ,8340145 ,-120 ,-2 ,0.197570800781 ,-0.0402221679688 ,0.979064941406 ,0.0289306640625
18.3524 ,8341110 ,-120 ,-2 ,0.1884765625 ,-0.0382080078125 ,0.980590820312 ,0.0379028320312
18.3648 ,8341245 ,-120 ,-2 ,0.182861328125 ,-0.037841796875 ,0.981323242188 ,0.0462646484375
18.3764 ,8341051 ,-120 ,-2 ,0.177307128906 ,-0.0374755859375 ,0.981872558594 ,0.0555419921875
18.388 ,8340695 ,-120 ,-3 ,0.15576171875 ,-0.0325927734375 ,0.984436035156 ,0.0742797851562
18.4026 ,8340903 ,-120 ,-3 ,0.138671875 ,-0.0283203125 ,0.986511230469 ,0.0823974609375
18.4146 ,8341910 ,-120 ,-4 ,0.118713378906 ,-0.0244750976562 ,0.988586425781 ,0.08935546875
18.4252 ,8342051 ,-120 ,-4 ,0.0992431640625 ,-0.0203247070312 ,0.990356445312 ,0.0946044921875
18.4366 ,8341802 ,-120 ,-5 ,0.0681762695312 ,-0.00811767578125 ,0.992431640625 ,0.1015625
18.4523 ,8342826 ,-120 ,-5 ,0.0574951171875 ,-0.00054931640625 ,0.992858886719 ,0.104248046875
18.465 ,8343830 ,-120 ,-5 ,0.0496826171875 ,0.0067138671875 ,0.993103027344 ,0.106018066406
18.4762 ,8343525 ,-120 ,-5 ,0.046630859375 ,0.011962890625 ,0.9931640625 ,0.106140136719
18.4875 ,8344044 ,-120 ,-5 ,0.0442504882812 ,0.0106811523438 ,0.993530273438 ,0.104309082031
18.5023 ,8345782 ,-120 ,-6 ,0.0415649414062 ,0.006103515625 ,0.993896484375 ,0.102111816406
18.5151 ,8345788 ,-120 ,-6 ,0.0360717773438 ,0.00372314453125 ,0.994445800781 ,0.0989990234375
18.527 ,8347148 ,-120 ,-6 ,0.0277099609375 ,0.0042724609375 ,0.995422363281 ,0.091064453125
18.5386 ,8347619 ,-120 ,-7 ,0.00555419921875 ,-0.00274658203125 ,0.997375488281 ,0.0720825195312
18.5522 ,8348477 ,-120 ,-7 ,-0.0068359375 ,-0.0047607421875 ,0.997741699219 ,0.0663452148438
18.5648 ,8349304 ,-120 ,-7 ,-0.0187377929688 ,-0.0030517578125 ,0.998046875 ,0.0594482421875
18.5768 ,8350200 ,-120 ,-7 ,-0.0302734375 ,-0.0035400390625 ,0.998168945312 ,0.052734375
18.588 ,8351408 ,-119 ,-7 ,-0.0518798828125 ,-0.0037841796875 ,0.997863769531 ,0.0401611328125
18.6018 ,8350148 ,-119 ,-7 ,-0.05908203125 ,-0.0028076171875 ,0.997619628906 ,0.0361328125
18.6143 ,8350276 ,-119 ,-7 ,-0.0604858398438 ,-0.00543212890625 ,0.997863769531 ,0.0248413085938
18.6377 ,8347955 ,-119 ,-7 ,-0.051025390625 ,-0.00457763671875 ,0.99853515625 ,0.0162353515625
18.652 ,8348487 ,-119 ,-5 ,-0.0093994140625 ,-0.00567626953125 ,0.999938964844 ,0.0047607421875
18.7023 ,8343861 ,-119 ,-5 ,0.00030517578125 ,-0.0052490234375 ,1.0 ,0.0045166015625
18.7145 ,8343335 ,-119 ,-5 ,0.0119018554688 ,-0.00396728515625 ,0.999938964844 ,0.00347900390625
18.7256 ,8342764 ,-118 ,-5 ,0.0274047851562 ,-0.00335693359375 ,0.999633789062 ,-0.00054931640625
18.7367 ,8342657 ,-118 ,-5 ,0.0472412109375 ,-0.00140380859375 ,0.998840332031 ,-0.00714111328125
18.7477 ,8341740 ,-118 ,-5 ,0.093505859375 ,0.0062255859375 ,0.995361328125 ,-0.0220947265625
18.7645 ,8340975 ,-119 ,-5 ,0.116333007812 ,0.00787353515625 ,0.992797851562 ,-0.027587890625
18.7761 ,8341965 ,-119 ,-5 ,0.136779785156 ,0.0069580078125 ,0.990112304688 ,-0.0308227539062
18.7873 ,8341965 ,-119 ,-4 ,0.140808105469 ,0.005615234375 ,0.988830566406 ,-0.0484619140625
18.8419 ,8341657 ,-119 ,-4 ,0.131042480469 ,0.0072021484375 ,0.990173339844 ,-0.0486450195312
18.8526 ,8341885 ,-119 ,-4 ,0.126708984375 ,0.007080078125 ,0.990783691406 ,-0.0478515625
18.8661 ,8342069 ,-120 ,-3 ,0.129516601562 ,0.005615234375 ,0.990295410156 ,-0.049560546875
18.8776 ,8341577 ,-120 ,-3 ,0.150390625 ,0.0023193359375 ,0.986755371094 ,-0.0603637695312
18.892 ,8341647 ,-120 ,-3 ,0.16259765625 ,0.0009765625 ,0.984558105469 ,-0.0650634765625
18.9027 ,8340847 ,-120 ,-3 ,0.172546386719 ,0.0 ,0.982727050781 ,-0.066650390625
18.9153 ,8341674 ,-120 ,-4 ,0.179565429688 ,0.00164794921875 ,0.981384277344 ,-0.068115234375
18.927 ,8341380 ,-120 ,-4 ,0.190368652344 ,0.0062255859375 ,0.979797363281 ,-0.060791015625
18.9426 ,8341491 ,-120 ,-4 ,0.195678710938 ,0.0089111328125 ,0.978881835938 ,-0.0587158203125
18.9535 ,8341574 ,-120 ,-5 ,0.202575683594 ,0.0111083984375 ,0.977416992188 ,-0.0587768554688
18.9656 ,8341692 ,-120 ,-5 ,0.210754394531 ,0.0130615234375 ,0.975402832031 ,-0.0632934570312
18.9769 ,8341622 ,-120 ,-5 ,0.218688964844 ,0.0137939453125 ,0.973510742188 ,-0.0651245117188
18.9876 ,8341546 ,-120 ,-7 ,0.225830078125 ,0.0138549804688 ,0.972045898438 ,-0.0626220703125
19.0422 ,8341474 ,-120 ,-7 ,0.223876953125 ,0.0127563476562 ,0.97265625 ,-0.060546875
19.0531 ,8341595 ,-120 ,-8 ,0.224487304688 ,0.0126953125 ,0.972534179688 ,-0.0604248046875
19.0748 ,8341896 ,-121 ,-8 ,0.226684570312 ,0.013671875 ,0.971984863281 ,-0.0606689453125
19.0856 ,8342197 ,-121 ,-8 ,0.229919433594 ,0.0151977539062 ,0.97119140625 ,-0.0610961914062
19.0963 ,8341844 ,-121 ,-9 ,0.234008789062 ,0.0161743164062 ,0.97021484375 ,-0.0602416992188
19.1078 ,8342442 ,-121 ,-9 ,0.243347167969 ,0.0147094726562 ,0.968200683594 ,-0.0565795898438
19.1224 ,8342089 ,-121 ,-9 ,0.248413085938 ,0.0123291015625 ,0.967163085938 ,-0.0518798828125
19.1335 ,8341712 ,-121 ,-10 ,0.253784179688 ,0.00946044921875 ,0.966125488281 ,-0.04638671875
19.1447 ,8342245 ,-121 ,-10 ,0.259887695312 ,0.00555419921875 ,0.964782714844 ,-0.0404052734375
19.1555 ,8342245 ,-120 ,-10 ,0.273315429688 ,-0.00457763671875 ,0.96142578125 ,-0.0313110351562
19.1735 ,8342491 ,-120 ,-12 ,0.280639648438 ,-0.00811767578125 ,0.959411621094 ,-0.0269775390625
19.1847 ,8343314 ,-120 ,-12 ,0.288513183594 ,-0.00958251953125 ,0.957153320312 ,-0.023193359375
19.1959 ,8343508 ,-120 ,-12 ,0.295776367188 ,-0.00958251953125 ,0.955017089844 ,-0.02001953125
19.207 ,8344314 ,-120 ,-12 ,0.306762695312 ,-0.024658203125 ,0.951354980469 ,-0.0159912109375
19.2219 ,8345436 ,-120 ,-12 ,0.310974121094 ,-0.0416870117188 ,0.949401855469 ,-0.01416015625
19.2325 ,8346622 ,-120 ,-11 ,0.311706542969 ,-0.0549926757812 ,0.948547363281 ,-0.0112915039062
19.2432 ,8348294 ,-120 ,-11 ,0.306030273438 ,-0.0617065429688 ,0.950012207031 ,-0.00628662109375
19.2542 ,8349917 ,-120 ,-10 ,0.2939453125 ,-0.069091796875 ,0.953308105469 ,-6.103515625e-05
19.2649 ,8350813 ,-121 ,-9 ,0.277648925781 ,-0.0831909179688 ,0.95703125 ,0.0079345703125
19.276 ,8352868 ,-121 ,-7 ,0.259216308594 ,-0.094482421875 ,0.960998535156 ,0.0192260742188
19.2869 ,8354533 ,-121 ,-5 ,0.222595214844 ,-0.0999145507812 ,0.968994140625 ,0.0384521484375
19.3016 ,8356076 ,-121 ,-2 ,0.208984375 ,-0.102111816406 ,0.971313476562 ,0.0496215820312
19.3152 ,8356702 ,-121 ,1 ,0.199340820312 ,-0.0979614257812 ,0.97314453125 ,0.0609741210938
19.3262 ,8358405 ,-121 ,3 ,0.195434570312 ,-0.0947875976562 ,0.973571777344 ,0.0708618164062
19.3369 ,8359685 ,-121 ,4 ,0.201354980469 ,-0.0831909179688 ,0.9716796875 ,0.0914916992188
19.3515 ,8359453 ,-121 ,5 ,0.204833984375 ,-0.077880859375 ,0.969970703125 ,0.105285644531
19.3651 ,8359457 ,-121 ,5 ,0.202819824219 ,-0.0713500976562 ,0.969482421875 ,0.117614746094
19.3758 ,8358491 ,-121 ,5 ,0.193664550781 ,-0.065673828125 ,0.970153808594 ,0.130432128906
19.3864 ,8356571 ,-121 ,5 ,0.179382324219 ,-0.0598754882812 ,0.971862792969 ,0.140380859375
19.3973 ,8355595 ,-121 ,5 ,0.15576171875 ,-0.0498657226562 ,0.974060058594 ,0.156555175781
19.4154 ,8352498 ,-121 ,4 ,0.152526855469 ,-0.0471801757812 ,0.974182128906 ,0.159729003906
19.4272 ,8350214 ,-121 ,4 ,0.156860351562 ,-0.0472412109375 ,0.972351074219 ,0.166381835938
19.4415 ,8349339 ,-121 ,3 ,0.16015625 ,-0.0484619140625 ,0.971618652344 ,0.167114257812
19.4522 ,8344124 ,-121 ,3 ,0.163269042969 ,-0.0508422851562 ,0.971130371094 ,0.166381835938
19.4652 ,8343359 ,-121 ,2 ,0.166442871094 ,-0.0516967773438 ,0.971618652344 ,0.159912109375
19.4762 ,8342404 ,-121 ,2 ,0.171752929688 ,-0.052734375 ,0.970825195312 ,0.15869140625
19.487 ,8341339 ,-121 ,1 ,0.199279785156 ,-0.0603637695312 ,0.964721679688 ,0.1611328125
19.5016 ,8340903 ,-121 ,1 ,0.218566894531 ,-0.06982421875 ,0.959777832031 ,0.161865234375
19.5146 ,8341885 ,-121 ,1 ,0.235595703125 ,-0.0819702148438 ,0.955688476562 ,0.156433105469
19.5255 ,8340993 ,-121 ,1 ,0.243835449219 ,-0.0906372070312 ,0.955322265625 ,0.14013671875
19.5361 ,8341249 ,-121 ,1 ,0.238647460938 ,-0.0951538085938 ,0.959350585938 ,0.116638183594
19.547 ,8340885 ,-121 ,1 ,0.196105957031 ,-0.0916137695312 ,0.973083496094 ,0.079345703125
19.5638 ,8341038 ,-121 ,2 ,0.170532226562 ,-0.0838623046875 ,0.979064941406 ,0.072509765625
19.5751 ,8340363 ,-121 ,2 ,0.149475097656 ,-0.0786743164062 ,0.983154296875 ,0.06982421875
19.5859 ,8341155 ,-121 ,2 ,0.134948730469 ,-0.0755615234375 ,0.985656738281 ,0.0673828125
19.5971 ,8341484 ,-121 ,1 ,0.127502441406 ,-0.0670776367188 ,0.987976074219 ,0.05615234375
19.6139 ,8340650 ,-121 ,1 ,0.128662109375 ,-0.0672607421875 ,0.988342285156 ,0.0457763671875
19.6245 ,8341335 ,-121 ,0 ,0.128234863281 ,-0.0670776367188 ,0.988830566406 ,0.034912109375
19.6353 ,8340418 ,-121 ,0 ,0.116455078125 ,-0.0632934570312 ,0.991027832031 ,0.0151977539062
19.6515 ,8341114 ,-121 ,-1 ,0.104248046875 ,-0.0638427734375 ,0.992492675781 ,0.0050048828125
19.6639 ,8341197 ,-121 ,-2 ,0.0917358398438 ,-0.065185546875 ,0.99365234375 ,-0.00665283203125
19.6747 ,8340446 ,-121 ,-3 ,0.0822143554688 ,-0.0658569335938 ,0.994201660156 ,-0.0201416015625
19.6856 ,8340844 ,-121 ,-3 ,0.0757446289062 ,-0.0661010742188 ,0.994262695312 ,-0.0368041992188
19.6969 ,8341017 ,-121 ,-4 ,0.0714721679688 ,-0.0620727539062 ,0.992553710938 ,-0.0765380859375
19.7138 ,8341474 ,-121 ,-5 ,0.0711059570312 ,-0.057861328125 ,0.991088867188 ,-0.0964965820312
19.7241 ,8340114 ,-121 ,-6 ,0.0702514648438 ,-0.0526123046875 ,0.989440917969 ,-0.115234375
19.7347 ,8341245 ,-121 ,-6 ,0.0682983398438 ,-0.046630859375 ,0.987731933594 ,-0.132629394531
19.7451 ,8340352 ,-121 ,-8 ,0.052490234375 ,-0.0327758789062 ,0.982543945312 ,-0.17529296875
19.7872 ,8340231 ,-121 ,-8 ,0.0621948242188 ,-0.02734375 ,0.978576660156 ,-0.194458007812
19.8015 ,8340823 ,-121 ,-6 ,0.0692138671875 ,-0.0230102539062 ,0.976196289062 ,-0.204345703125
19.8144 ,8341121 ,-121 ,-6 ,0.0762939453125 ,-0.0185546875 ,0.973693847656 ,-0.213928222656
19.8253 ,8341339 ,-121 ,-6 ,0.0812377929688 ,-0.013427734375 ,0.971435546875 ,-0.222473144531
19.8362 ,8341899 ,-121 ,-6 ,0.0838012695312 ,-0.0079345703125 ,0.969604492188 ,-0.229675292969
19.8468 ,8341311 ,-121 ,-5 ,0.0824584960938 ,6.103515625e-05 ,0.967224121094 ,-0.240234375
19.8637 ,8342051 ,-121 ,-5 ,0.0859985351562 ,-0.0030517578125 ,0.962768554688 ,-0.256225585938
19.8956 ,8343245 ,-121 ,-5 ,0.0884399414062 ,-0.003662109375 ,0.960876464844 ,-0.262390136719
19.9061 ,8343176 ,-121 ,-5 ,0.0933837890625 ,-0.0020751953125 ,0.958435058594 ,-0.269653320312
19.9169 ,8343311 ,-121 ,-4 ,0.103759765625 ,0.0146484375 ,0.950561523438 ,-0.292297363281
19.9314 ,8343993 ,-120 ,-4 ,0.114440917969 ,0.0209350585938 ,0.9443359375 ,-0.307678222656
19.942 ,8342837 ,-120 ,-4 ,0.130615234375 ,0.0210571289062 ,0.937072753906 ,-0.323181152344
19.9525 ,8342674 ,-120 ,-3 ,0.146301269531 ,0.0235595703125 ,0.930847167969 ,-0.334106445312
19.9639 ,8342124 ,-120 ,-2 ,0.156188964844 ,0.0320434570312 ,0.926208496094 ,-0.341613769531
19.9744 ,8341750 ,-120 ,-1 ,0.158081054688 ,0.0374755859375 ,0.921997070312 ,-0.351501464844
19.9849 ,8342044 ,-120 ,-1 ,0.154907226562 ,0.0343017578125 ,0.918640136719 ,-0.36181640625
19.9955 ,8342916 ,-120 ,0 ,0.15087890625 ,0.0281372070312 ,0.915954589844 ,-0.370788574219
20.0061 ,8342349 ,-120 ,0 ,0.144409179688 ,0.023681640625 ,0.913635253906 ,-0.379272460938
20.0177 ,8342560 ,-120 ,0 ,0.123352050781 ,0.029052734375 ,0.909790039062 ,-0.395202636719
20.0315 ,8342747 ,-120 ,0 ,0.118774414062 ,0.0333251953125 ,0.907592773438 ,-0.4013671875
20.0423 ,8341885 ,-120 ,0 ,0.119567871094 ,0.0389404296875 ,0.905578613281 ,-0.405151367188
20.0528 ,8342290 ,-120 ,-1 ,0.124816894531 ,0.0486450195312 ,0.903930664062 ,-0.406127929688
20.064 ,8341968 ,-121 ,-1 ,0.134033203125 ,0.0596313476562 ,0.902587890625 ,-0.404663085938
20.075 ,8342048 ,-121 ,-2 ,0.144653320312 ,0.0696411132812 ,0.900939941406 ,-0.403198242188
20.0856 ,8340923 ,-121 ,-2 ,0.155822753906 ,0.0770874023438 ,0.899291992188 ,-0.401306152344
20.0962 ,8341121 ,-121 ,-3 ,0.168212890625 ,0.0809326171875 ,0.897766113281 ,-0.39892578125
20.1073 ,8341252 ,-121 ,-3 ,0.187927246094 ,0.0783081054688 ,0.895263671875 ,-0.396301269531
20.1212 ,8342660 ,-121 ,-4 ,0.191040039062 ,0.0734252929688 ,0.894409179688 ,-0.397644042969
20.132 ,8343076 ,-121 ,-5 ,0.186828613281 ,0.0682983398438 ,0.89453125 ,-0.400207519531
20.1428 ,8342038 ,-121 ,-5 ,0.175598144531 ,0.062744140625 ,0.896118164062 ,-0.402770996094
20.1534 ,8341996 ,-121 ,-6 ,0.143615722656 ,0.0509033203125 ,0.901672363281 ,-0.404724121094
20.1779 ,8341764 ,-121 ,-6 ,0.134338378906 ,0.0504150390625 ,0.90380859375 ,-0.403137207031
20.1916 ,8342401 ,-121 ,-6 ,0.142517089844 ,0.0567626953125 ,0.902893066406 ,-0.401611328125
20.2022 ,8342927 ,-121 ,-7 ,0.156005859375 ,0.0640869140625 ,0.90087890625 ,-0.39990234375
20.2153 ,8341965 ,-121 ,-7 ,0.171447753906 ,0.0706787109375 ,0.898498535156 ,-0.397888183594
20.2262 ,8342553 ,-121 ,-7 ,0.185119628906 ,0.0762329101562 ,0.896362304688 ,-0.3955078125
20.237 ,8341785 ,-121 ,-7 ,0.197631835938 ,0.0836791992188 ,0.894226074219 ,-0.392761230469
20.2517 ,8342920 ,-122 ,-7 ,0.196716308594 ,0.0853881835938 ,0.894653320312 ,-0.392028808594
20.2651 ,8342757 ,-122 ,-7 ,0.193359375 ,0.0863647460938 ,0.894714355469 ,-0.393249511719
20.2755 ,8343795 ,-122 ,-8 ,0.190490722656 ,0.0867309570312 ,0.895874023438 ,-0.391906738281
20.286 ,8342034 ,-122 ,-8 ,0.18994140625 ,0.0878295898438 ,0.896789550781 ,-0.389831542969
20.2969 ,8342948 ,-122 ,-8 ,0.197998046875 ,0.0916137695312 ,0.897583007812 ,-0.383117675781
20.3152 ,8343505 ,-122 ,-8 ,0.205078125 ,0.093017578125 ,0.897766113281 ,-0.378540039062
20.3259 ,8342006 ,-122 ,-8 ,0.212280273438 ,0.0933837890625 ,0.898193359375 ,-0.373474121094
20.3369 ,8342522 ,-122 ,-8 ,0.22509765625 ,0.091552734375 ,0.899353027344 ,-0.363403320312
20.3517 ,8343207 ,-122 ,-8 ,0.230651855469 ,0.0900268554688 ,0.899719238281 ,-0.359375
20.3651 ,8343304 ,-122 ,-9 ,0.234924316406 ,0.0894165039062 ,0.899475097656 ,-0.357360839844
20.3763 ,8342865 ,-122 ,-1 ,0.23876953125 ,0.0885620117188 ,0.900085449219 ,-0.353576660156
20.3875 ,8343186 ,-122 ,-9 ,0.250305175781 ,0.085205078125 ,0.900451660156 ,-0.345336914062
20.4015 ,8342435 ,-121 ,-9 ,0.259216308594 ,0.08447265625 ,0.899597167969 ,-0.341247558594
20.4151 ,8341882 ,-121 ,-8 ,0.269775390625 ,0.0838012695312 ,0.898193359375 ,-0.336730957031
20.4255 ,8342155 ,-121 ,-8 ,0.281433105469 ,0.081787109375 ,0.896789550781 ,-0.33154296875
20.436 ,8342318 ,-121 ,-8 ,0.293212890625 ,0.077880859375 ,0.8955078125 ,-0.32568359375
20.4468 ,8342318 ,-121 ,-8 ,0.316772460938 ,0.0620727539062 ,0.892639160156 ,-0.314697265625
20.4649 ,8342820 ,-120 ,-7 ,0.328186035156 ,0.051513671875 ,0.890930175781 ,-0.309692382812
20.4758 ,8342826 ,-120 ,-5 ,0.338012695312 ,0.0414428710938 ,0.889831542969 ,-0.3037109375
20.4867 ,8343470 ,-120 ,-4 ,0.345275878906 ,0.03369140625 ,0.889404296875 ,-0.297607421875
20.4971 ,8342010 ,-120 ,-2 ,0.352844238281 ,0.0263671875 ,0.889221191406 ,-0.289978027344
20.5151 ,8341840 ,-120 ,1 ,0.353759765625 ,0.0274047851562 ,0.889221191406 ,-0.288696289062
20.5261 ,8342439 ,-120 ,2 ,0.355834960938 ,0.030029296875 ,0.890441894531 ,-0.282043457031
20.5368 ,8342961 ,-120 ,3 ,0.365783691406 ,0.0376586914062 ,0.893005371094 ,-0.259338378906
20.5514 ,8343204 ,-120 ,2 ,0.371337890625 ,0.0387573242188 ,0.894836425781 ,-0.244567871094
20.5651 ,8343522 ,-120 ,2 ,0.37451171875 ,0.0404052734375 ,0.896850585938 ,-0.231750488281
20.5755 ,8344321 ,-120 ,1 ,0.374084472656 ,0.04248046875 ,0.899658203125 ,-0.221008300781
20.5861 ,8343515 ,-120 ,1 ,0.37060546875 ,0.0441284179688 ,0.903137207031 ,-0.212280273438
20.597 ,8343979 ,-120 ,1 ,0.357543945312 ,0.0424194335938 ,0.910949707031 ,-0.201293945312
20.6152 ,8343536 ,-120 ,1 ,0.349182128906 ,0.0424194335938 ,0.914428710938 ,-0.200134277344
20.6258 ,8343411 ,-120 ,1 ,0.340209960938 ,0.043212890625 ,0.917724609375 ,-0.200378417969
20.6366 ,8341681 ,-120 ,1 ,0.321594238281 ,0.0440063476562 ,0.924987792969 ,-0.197631835938
20.6514 ,8342584 ,-120 ,1 ,0.314147949219 ,0.0428466796875 ,0.928344726562 ,-0.194091796875
20.665 ,8343131 ,-120 ,1 ,0.307739257812 ,0.0382080078125 ,0.930847167969 ,-0.193420410156
20.6764 ,8342737 ,-120 ,1 ,0.299865722656 ,0.0278930664062 ,0.933471679688 ,-0.194763183594
20.687 ,8342494 ,-120 ,1 ,0.270385742188 ,0.0081787109375 ,0.939758300781 ,-0.209106445312
20.7015 ,8341401 ,-120 ,2 ,0.251525878906 ,0.00567626953125 ,0.943481445312 ,-0.215698242188
20.7151 ,8341211 ,-120 ,2 ,0.236572265625 ,0.00726318359375 ,0.946044921875 ,-0.221130371094
20.7255 ,8341301 ,-120 ,2 ,0.229614257812 ,0.00909423828125 ,0.946655273438 ,-0.225830078125
20.736 ,8341522 ,-120 ,3 ,0.22998046875 ,0.0084228515625 ,0.946166992188 ,-0.227722167969
20.7473 ,8341460 ,-120 ,3 ,0.237426757812 ,0.00457763671875 ,0.94287109375 ,-0.233825683594
20.7651 ,8340321 ,-120 ,3 ,0.231567382812 ,0.00140380859375 ,0.941833496094 ,-0.243469238281
20.7757 ,8340515 ,-120 ,3 ,0.219299316406 ,-6.103515625e-05 ,0.942016601562 ,-0.254028320312
20.7866 ,8341733 ,-120 ,3 ,0.203002929688 ,-0.00018310546875 ,0.943420410156 ,-0.262145996094
20.7972 ,8340076 ,-120 ,3 ,0.172302246094 ,0.0013427734375 ,0.9462890625 ,-0.273620605469
20.815 ,8340408 ,-120 ,2 ,0.163635253906 ,0.0032958984375 ,0.946166992188 ,-0.279296875
20.826 ,8340228 ,-120 ,2 ,0.158264160156 ,0.00689697265625 ,0.944641113281 ,-0.287231445312
20.8369 ,8341256 ,-120 ,1 ,0.153259277344 ,0.01904296875 ,0.939208984375 ,-0.306579589844
20.8513 ,8340823 ,-120 ,1 ,0.149353027344 ,0.0267333984375 ,0.936645507812 ,-0.315612792969
20.8649 ,8341498 ,-120 ,0 ,0.142272949219 ,0.0340576171875 ,0.934265136719 ,-0.325073242188
20.8753 ,8341013 ,-120 ,0 ,0.132019042969 ,0.0410766601562 ,0.932067871094 ,-0.334838867188
20.8861 ,8340588 ,-120 ,0 ,0.1201171875 ,0.0477294921875 ,0.930114746094 ,-0.343872070312
20.8969 ,8341674 ,-120 ,-1 ,0.0950317382812 ,0.0582275390625 ,0.926147460938 ,-0.360229492188
20.914 ,8342328 ,-120 ,-1 ,0.0828857421875 ,0.0626220703125 ,0.924194335938 ,-0.367431640625
20.9249 ,8342629 ,-120 ,-2 ,0.07177734375 ,0.0667724609375 ,0.922790527344 ,-0.37255859375
20.9355 ,8343214 ,-121 ,-2 ,0.0613403320312 ,0.0703735351562 ,0.922607421875 ,-0.374267578125
20.9507 ,8344006 ,-121 ,-3 ,0.0526733398438 ,0.0732421875 ,0.925170898438 ,-0.368591308594
20.9638 ,8344546 ,-121 ,-3 ,0.0535888671875 ,0.0772094726562 ,0.925231933594 ,-0.367553710938
20.9752 ,8344757 ,-121 ,-4 ,0.0545654296875 ,0.0805053710938 ,0.925842285156 ,-0.365173339844
20.986 ,8344865 ,-121 ,-4 ,0.0514526367188 ,0.0809326171875 ,0.928100585938 ,-0.359741210938
20.9968 ,8344968 ,-121 ,-4 ,0.03662109375 ,0.0714721679688 ,0.935729980469 ,-0.343505859375
21.014 ,8344373 ,-121 ,-5 ,0.02978515625 ,0.0643920898438 ,0.939270019531 ,-0.335815429688
21.0245 ,8343972 ,-121 ,-5 ,0.0255126953125 ,0.0576171875 ,0.942504882812 ,-0.328247070312
21.0352 ,8344294 ,-121 ,-4 ,0.025390625 ,0.0526123046875 ,0.945678710938 ,-0.319763183594
21.0457 ,8344034 ,-121 ,-4 ,0.035400390625 ,0.0474243164062 ,0.951843261719 ,-0.300842285156
21.064 ,8343854 ,-121 ,-4 ,0.0409545898438 ,0.0450439453125 ,0.955200195312 ,-0.28955078125
21.0749 ,8343100 ,-121 ,-4 ,0.0443115234375 ,0.0420532226562 ,0.958923339844 ,-0.276977539062
21.0856 ,8344508 ,-121 ,-4 ,0.0443115234375 ,0.037841796875 ,0.962951660156 ,-0.263366699219
21.0969 ,8343785 ,-121 ,-3 ,0.040283203125 ,0.0238037109375 ,0.971435546875 ,-0.232543945312
21.1139 ,8343858 ,-121 ,-3 ,0.03955078125 ,0.0159912109375 ,0.975708007812 ,-0.214904785156
21.1246 ,8344851 ,-121 ,-4 ,0.0405883789062 ,0.0086669921875 ,0.9794921875 ,-0.197143554688
21.1355 ,8344470 ,-121 ,-5 ,0.0431518554688 ,0.0029296875 ,0.982666015625 ,-0.18017578125
21.1464 ,8343564 ,-121 ,-5 ,0.046875 ,-0.0006103515625 ,0.985168457031 ,-0.165161132812
21.1574 ,8343474 ,-121 ,-4 ,0.068115234375 ,0.0006103515625 ,0.984680175781 ,-0.160522460938
21.1723 ,8343038 ,-120 ,-4 ,0.0831298828125 ,0.0042724609375 ,0.9833984375 ,-0.161193847656
21.1828 ,8343276 ,-120 ,-4 ,0.096923828125 ,0.00885009765625 ,0.982482910156 ,-0.159057617188
21.1934 ,8342301 ,-120 ,-4 ,0.107727050781 ,0.0150146484375 ,0.981201171875 ,-0.159240722656
21.2049 ,8341903 ,-120 ,-4 ,0.115844726562 ,0.01904296875 ,0.979736328125 ,-0.162414550781
21.2155 ,8343200 ,-120 ,-4 ,0.122924804688 ,0.020751953125 ,0.978271484375 ,-0.165710449219
21.2268 ,8344190 ,-120 ,-4 ,0.134643554688 ,0.02294921875 ,0.975158691406 ,-0.174499511719
21.2417 ,8342934 ,-120 ,-3 ,0.135620117188 ,0.0228881835938 ,0.974426269531 ,-0.177734375
21.2541 ,8342425 ,-120 ,-3 ,0.134216308594 ,0.0237426757812 ,0.974609375 ,-0.177551269531
21.2658 ,8342570 ,-120 ,-3 ,0.133544921875 ,0.0263061523438 ,0.975158691406 ,-0.1748046875
21.2773 ,8341214 ,-120 ,-3 ,0.145202636719 ,0.0319213867188 ,0.9736328125 ,-0.1728515625
21.2917 ,8341792 ,-120 ,-3 ,0.15576171875 ,0.0353393554688 ,0.971618652344 ,-0.174560546875
21.3026 ,8341844 ,-120 ,-3 ,0.166320800781 ,0.0396728515625 ,0.969116210938 ,-0.177673339844
21.3146 ,8341723 ,-121 ,-3 ,0.173461914062 ,0.04296875 ,0.966918945312 ,-0.182006835938
21.3255 ,8341619 ,-121 ,-3 ,0.176452636719 ,0.044189453125 ,0.965393066406 ,-0.186950683594
21.3363 ,8341951 ,-121 ,-4 ,0.177856445312 ,0.0432739257812 ,0.96435546875 ,-0.191101074219
21.347 ,8341027 ,-121 ,-4 ,0.182739257812 ,0.0402221679688 ,0.962341308594 ,-0.197265625
21.365 ,8343048 ,-121 ,-1 ,0.186950683594 ,0.0396728515625 ,0.961791992188 ,-0.196105957031
21.376 ,8342235 ,-121 ,-4 ,0.19140625 ,0.041259765625 ,0.960693359375 ,-0.19677734375
21.387 ,8341211 ,-121 ,-4 ,0.199523925781 ,0.0447387695312 ,0.959716796875 ,-0.192749023438
21.4014 ,8341553 ,-121 ,-5 ,0.203918457031 ,0.0455932617188 ,0.959350585938 ,-0.189697265625
21.4154 ,8341698 ,-121 ,-5 ,0.208435058594 ,0.0447387695312 ,0.959594726562 ,-0.18359375
21.426 ,8342349 ,-122 ,-8 ,0.241088867188 ,0.0476684570312 ,0.955993652344 ,-0.160095214844
21.515 ,8341671 ,-122 ,-8 ,0.243835449219 ,0.0474243164062 ,0.9560546875 ,-0.155700683594
21.5256 ,8341615 ,-122 ,-8 ,0.245361328125 ,0.0477905273438 ,0.955627441406 ,-0.155883789062
21.5361 ,8342356 ,-122 ,-8 ,0.246276855469 ,0.0482788085938 ,0.955322265625 ,-0.156127929688
21.5471 ,8342238 ,-122 ,-8 ,0.250183105469 ,0.0502319335938 ,0.954284667969 ,-0.155700683594
21.5651 ,8342027 ,-122 ,-8 ,0.254150390625 ,0.0504760742188 ,0.953918457031 ,-0.151489257812
21.5756 ,8342179 ,-122 ,-9 ,0.259643554688 ,0.0513916015625 ,0.952514648438 ,-0.150390625
21.5866 ,8342017 ,-121 ,-9 ,0.266784667969 ,0.0521850585938 ,0.950866699219 ,-0.148315429688
21.5972 ,8342757 ,-121 ,-9 ,0.282958984375 ,0.0535278320312 ,0.947448730469 ,-0.139343261719
21.615 ,8342775 ,-121 ,-10 ,0.290954589844 ,0.05322265625 ,0.946350097656 ,-0.130004882812
21.6259 ,8342892 ,-121 ,-10 ,0.298217773438 ,0.0523071289062 ,0.945068359375 ,-0.123413085938
21.637 ,8343245 ,-121 ,-10 ,0.310241699219 ,0.0438232421875 ,0.943115234375 ,-0.111389160156
21.6514 ,8343730 ,-121 ,-10 ,0.314025878906 ,0.0389404296875 ,0.942749023438 ,-0.105346679688
21.665 ,8344346 ,-121 ,-10 ,0.316467285156 ,0.0342407226562 ,0.94287109375 ,-0.0984497070312
21.676 ,8344480 ,-121 ,-1 ,0.318908691406 ,0.0306396484375 ,0.942626953125 ,-0.0941162109375
21.6866 ,8344553 ,-120 ,-10 ,0.322509765625 ,0.0259399414062 ,0.941833496094 ,-0.0907592773438
21.6972 ,8345332 ,-120 ,-10 ,0.328796386719 ,0.00494384765625 ,0.940246582031 ,-0.0883178710938
21.715 ,8346865 ,-120 ,-9 ,0.331115722656 ,-0.0093994140625 ,0.939575195312 ,-0.0862426757812
21.7264 ,8346664 ,-120 ,-8 ,0.33251953125 ,-0.021484375 ,0.939086914062 ,-0.0838623046875
21.7373 ,8349190 ,-120 ,-7 ,0.325439453125 ,-0.0429077148438 ,0.941833496094 ,-0.0723266601562
21.7514 ,8352425 ,-120 ,-5 ,0.314270019531 ,-0.0520629882812 ,0.945617675781 ,-0.0657348632812
21.7642 ,8352425 ,-120 ,-2 ,0.299926757812 ,-0.0598754882812 ,0.950439453125 ,-0.05615234375
21.7757 ,8354785 ,-120 ,-1 ,0.284057617188 ,-0.0657348632812 ,0.955505371094 ,-0.0451049804688
21.7865 ,8356003 ,-120 ,3 ,0.267150878906 ,-0.0684204101562 ,0.960632324219 ,-0.0338134765625
21.7973 ,8357533 ,-120 ,5 ,0.233215332031 ,-0.0654907226562 ,0.970153808594 ,-0.00750732421875
21.8142 ,8358962 ,-120 ,8 ,0.220642089844 ,-0.0603637695312 ,0.973449707031 ,0.0068359375
21.8251 ,8359685 ,-120 ,9 ,0.212219238281 ,-0.0531005859375 ,0.975524902344 ,0.021240234375
21.8359 ,8359982 ,-120 ,10 ,0.207153320312 ,-0.0447998046875 ,0.976623535156 ,0.0357666015625
21.8471 ,8360349 ,-120 ,10 ,0.198608398438 ,-0.03125 ,0.977722167969 ,0.0606689453125
21.8653 ,8360207 ,-120 ,9 ,0.165832519531 ,-0.0137329101562 ,0.9814453125 ,0.0955810546875
21.9018 ,8354526 ,-120 ,8 ,0.155029296875 ,-0.0125732421875 ,0.982666015625 ,0.100769042969
21.9139 ,8352411 ,-120 ,8 ,0.146423339844 ,-0.0115356445312 ,0.983642578125 ,0.104125976562
21.9248 ,8350013 ,-120 ,7 ,0.140319824219 ,-0.0117797851562 ,0.984375 ,0.105590820312
21.9358 ,8347802 ,-120 ,6 ,0.1357421875 ,-0.0126953125 ,0.985046386719 ,0.105590820312
21.9473 ,8344103 ,-120 ,5 ,0.127075195312 ,-0.0125122070312 ,0.986450195312 ,0.102966308594
21.9643 ,8343131 ,-120 ,4 ,0.125915527344 ,-0.01318359375 ,0.98681640625 ,0.10107421875
21.9752 ,8342166 ,-120 ,4 ,0.131225585938 ,-0.0128784179688 ,0.986389160156 ,0.0984497070312
21.986 ,8342048 ,-120 ,3 ,0.143920898438 ,-0.0130615234375 ,0.98486328125 ,0.095947265625
21.9971 ,8343463 ,-120 ,3 ,0.179931640625 ,-0.01953125 ,0.979064941406 ,0.0931396484375
22.014 ,8343217 ,-120 ,2 ,0.191589355469 ,-0.0215454101562 ,0.9775390625 ,0.0848388671875
22.0254 ,8342453 ,-120 ,2 ,0.190856933594 ,-0.02001953125 ,0.978942871094 ,0.0692749023438
22.0371 ,8342429 ,-120 ,1 ,0.153381347656 ,-0.00775146484375 ,0.987426757812 ,0.0376586914062
22.0513 ,8341916 ,-120 ,1 ,0.127380371094 ,0.0013427734375 ,0.991333007812 ,0.031982421875
22.0638 ,8341733 ,-120 ,1 ,0.103637695312 ,0.0069580078125 ,0.994384765625 ,0.021484375
22.0814 ,8342806 ,-120 ,1 ,0.09912109375 ,0.00933837890625 ,0.994934082031 ,0.0145874023438
22.092 ,8342065 ,-120 ,-1 ,0.0719604492188 ,0.033447265625 ,0.996765136719 ,-0.0138549804688
22.137 ,8342861 ,-120 ,-2 ,0.0490112304688 ,0.0471801757812 ,0.997375488281 ,-0.0252075195312
22.1513 ,8343709 ,-120 ,-2 ,0.0432739257812 ,0.0531005859375 ,0.997009277344 ,-0.0363159179688
22.1637 ,8343525 ,-120 ,-2 ,0.0404663085938 ,0.054443359375 ,0.996459960938 ,-0.0494384765625
22.1743 ,8344750 ,-120 ,-2 ,0.0376586914062 ,0.0557250976562 ,0.995788574219 ,-0.0625610351562
22.1851 ,8344733 ,-120 ,-2 ,0.035888671875 ,0.056884765625 ,0.994873046875 ,-0.0757446289062
22.196 ,8345152 ,-120 ,-2 ,0.0343017578125 ,0.0601196289062 ,0.99365234375 ,-0.0886840820312
22.2071 ,8345944 ,-120 ,-3 ,0.0296630859375 ,0.0620727539062 ,0.991088867188 ,-0.114196777344
22.2215 ,8346532 ,-120 ,-3 ,0.0272216796875 ,0.0601806640625 ,0.989562988281 ,-0.128173828125
22.2321 ,8346889 ,-120 ,-3 ,0.0258178710938 ,0.0578002929688 ,0.987670898438 ,-0.14306640625
22.2427 ,8347792 ,-120 ,-3 ,0.0213012695312 ,0.0584716796875 ,0.986572265625 ,-0.151184082031
22.2532 ,8348577 ,-120 ,-3 ,0.0162353515625 ,0.055908203125 ,0.985412597656 ,-0.159851074219
22.2635 ,8349491 ,-120 ,-3 ,0.0104370117188 ,0.0521240234375 ,0.984436035156 ,-0.167663574219
22.2744 ,8349491 ,-120 ,-3 ,0.00457763671875 ,0.04833984375 ,0.983276367188 ,-0.175476074219
22.285 ,8350837 ,-120 ,-3 ,-0.003173828125 ,0.0440063476562 ,0.982604980469 ,-0.180480957031
22.2954 ,8350789 ,-119 ,-3 ,-0.0084228515625 ,0.0385131835938 ,0.981994628906 ,-0.184753417969
22.3059 ,8351401 ,-119 ,-3 ,-0.00970458984375 ,0.0336303710938 ,0.981201171875 ,-0.189819335938
22.3171 ,8350910 ,-119 ,-2 ,-0.00079345703125 ,0.0224609375 ,0.978454589844 ,-0.205139160156
22.3312 ,8351117 ,-119 ,-2 ,0.009521484375 ,0.0191650390625 ,0.977783203125 ,-0.208435058594
22.3418 ,8350879 ,-119 ,-2 ,0.0226440429688 ,0.0144653320312 ,0.976806640625 ,-0.21240234375
22.3524 ,8351055 ,-119 ,-2 ,0.0364990234375 ,0.00958251953125 ,0.975463867188 ,-0.216979980469
22.3637 ,8351387 ,-119 ,-2 ,0.0474853515625 ,0.00372314453125 ,0.974914550781 ,-0.217407226562
22.3746 ,8351221 ,-119 ,-2 ,0.0548095703125 ,-0.00518798828125 ,0.974975585938 ,-0.215393066406
22.3854 ,8349695 ,-119 ,-4 ,0.0587768554688 ,-0.013671875 ,0.975463867188 ,-0.211669921875
22.3968 ,8348027 ,-119 ,-6 ,0.0726928710938 ,-0.0179443359375 ,0.968933105469 ,-0.235778808594
22.4136 ,8348643 ,-119 ,-5 ,0.0802001953125 ,-0.01708984375 ,0.965026855469 ,-0.2490234375
22.4241 ,8349539 ,-119 ,-5 ,0.0831909179688 ,-0.0142211914062 ,0.962768554688 ,-0.2568359375
22.4347 ,8349180 ,-119 ,-5 ,0.0860595703125 ,-0.0143432617188 ,0.960205078125 ,-0.265319824219
22.4453 ,8348795 ,-119 ,-5 ,0.0902709960938 ,-0.015869140625 ,0.957397460938 ,-0.273742675781
22.4558 ,8348051 ,-119 ,-5 ,0.091064453125 ,-0.0144653320312 ,0.955017089844 ,-0.281921386719
22.4671 ,8347460 ,-119 ,-4 ,0.104919433594 ,-0.00506591796875 ,0.946838378906 ,-0.304077148438
22.5137 ,8346526 ,-119 ,-4 ,0.116882324219 ,0.0028076171875 ,0.943603515625 ,-0.309753417969
22.5242 ,8346636 ,-119 ,-4 ,0.1279296875 ,0.00799560546875 ,0.9404296875 ,-0.31494140625
22.5347 ,8347135 ,-119 ,-4 ,0.135192871094 ,0.012939453125 ,0.937866210938 ,-0.319274902344
22.5453 ,8347148 ,-119 ,-4 ,0.138122558594 ,0.0177612304688 ,0.936218261719 ,-0.322631835938
22.5559 ,8346937 ,-119 ,-4 ,0.137939453125 ,0.0189208984375 ,0.935302734375 ,-0.325378417969
22.5668 ,8346733 ,-119 ,-5 ,0.132995605469 ,0.01416015625 ,0.935180664062 ,-0.328002929688
22.5813 ,8346280 ,-120 ,-5 ,0.131469726562 ,0.01416015625 ,0.935363769531 ,-0.328125
22.5926 ,8345567 ,-120 ,-5 ,0.133361816406 ,0.0143432617188 ,0.934997558594 ,-0.328247070312
22.6039 ,8345501 ,-120 ,-5 ,0.138549804688 ,0.0145874023438 ,0.934143066406 ,-0.32861328125
22.6145 ,8346218 ,-120 ,-1 ,0.144836425781 ,0.0162963867188 ,0.93310546875 ,-0.328735351562
22.6264 ,8345650 ,-120 ,-6 ,0.150390625 ,0.0191040039062 ,0.932434082031 ,-0.328063964844
22.637 ,8345031 ,-120 ,-7 ,0.158386230469 ,0.0240478515625 ,0.931640625 ,-0.326232910156
22.6512 ,8345750 ,-120 ,-7 ,0.161254882812 ,0.0263061523438 ,0.931701660156 ,-0.324462890625
22.6636 ,8345716 ,-120 ,-7 ,0.164245605469 ,0.0287475585938 ,0.931701660156 ,-0.322631835938
22.6747 ,8344889 ,-120 ,-8 ,0.167724609375 ,0.0311279296875 ,0.931579589844 ,-0.321044921875
22.6852 ,8344442 ,-121 ,-8 ,0.175170898438 ,0.033935546875 ,0.931213378906 ,-0.317810058594
22.7061 ,8344820 ,-121 ,-9 ,0.177917480469 ,0.0343627929688 ,0.931091308594 ,-0.316528320312
22.7171 ,8345131 ,-121 ,-9 ,0.181945800781 ,0.0345458984375 ,0.931030273438 ,-0.314392089844
22.7311 ,8345062 ,-121 ,-9 ,0.185485839844 ,0.0350341796875 ,0.930603027344 ,-0.313537597656
22.7417 ,8344816 ,-121 ,-9 ,0.190307617188 ,0.0366821289062 ,0.929931640625 ,-0.3125
22.7522 ,8344913 ,-121 ,-9 ,0.195861816406 ,0.0394897460938 ,0.929260253906 ,-0.310791015625
22.7648 ,8344332 ,-121 ,-10 ,0.209228515625 ,0.04443359375 ,0.927978515625 ,-0.305053710938
22.7814 ,8344190 ,-121 ,-10 ,0.216491699219 ,0.0460815429688 ,0.927551269531 ,-0.301025390625
22.7919 ,8343508 ,-121 ,-10 ,0.223571777344 ,0.04736328125 ,0.927307128906 ,-0.296508789062
22.8025 ,8343982 ,-121 ,-10 ,0.230346679688 ,0.0475463867188 ,0.92724609375 ,-0.291442871094
22.8148 ,8344141 ,-121 ,-11 ,0.249755859375 ,0.0372924804688 ,0.927917480469 ,-0.274169921875
22.8425 ,8344339 ,-121 ,-11 ,0.264038085938 ,0.0299072265625 ,0.928100585938 ,-0.2607421875
22.8647 ,8344380 ,-120 ,-12 ,0.303833007812 ,0.0115356445312 ,0.921752929688 ,-0.240783691406
22.8928 ,8343076 ,-120 ,-13 ,0.319274902344 ,0.00201416015625 ,0.918701171875 ,-0.232482910156
22.9034 ,8344294 ,-119 ,-13 ,0.332580566406 ,-0.007568359375 ,0.91650390625 ,-0.22216796875
22.9139 ,8344391 ,-119 ,-13 ,0.343017578125 ,-0.0177612304688 ,0.9150390625 ,-0.211486816406
22.9249 ,8345598 ,-119 ,-13 ,0.349792480469 ,-0.0286254882812 ,0.914184570312 ,-0.202575683594
22.9356 ,8345512 ,-119 ,-13 ,0.351745605469 ,-0.0389404296875 ,0.914978027344 ,-0.193908691406
22.9464 ,8345512 ,-119 ,-12 ,0.340759277344 ,-0.06591796875 ,0.925537109375 ,-0.151306152344
22.9709 ,8346093 ,-120 ,-11 ,0.338562011719 ,-0.0765991210938 ,0.928283691406 ,-0.133544921875
22.9815 ,8347249 ,-120 ,-8 ,0.334899902344 ,-0.0880126953125 ,0.93359375 ,-0.0924682617188
23.0039 ,8347266 ,-120 ,-5 ,0.33251953125 ,-0.08935546875 ,0.936096191406 ,-0.0715942382812
23.0145 ,8348598 ,-120 ,-2 ,0.329040527344 ,-0.0911865234375 ,0.938598632812 ,-0.0498657226562
23.0256 ,8349789 ,-120 ,1 ,0.322570800781 ,-0.0900268554688 ,0.941833496094 ,-0.0279541015625
23.0367 ,8350605 ,-120 ,3 ,0.299011230469 ,-0.0765991210938 ,0.951049804688 ,0.0140380859375
23.0512 ,8351141 ,-120 ,9 ,0.251281738281 ,-0.0484619140625 ,0.963745117188 ,0.0756225585938
23.0844 ,8356349 ,-120 ,10 ,0.232238769531 ,-0.0393676757812 ,0.967590332031 ,0.0911254882812
23.095 ,8356841 ,-120 ,10 ,0.212768554688 ,-0.030517578125 ,0.971252441406 ,0.102416992188
23.1058 ,8356508 ,-120 ,10 ,0.195251464844 ,-0.0214233398438 ,0.974060058594 ,0.112182617188
23.1166 ,8356619 ,-120 ,10 ,0.174987792969 ,-0.00714111328125 ,0.976623535156 ,0.124694824219
23.1312 ,8354595 ,-120 ,10 ,0.171752929688 ,-0.0025634765625 ,0.976806640625 ,0.1279296875
23.1417 ,8355034 ,-120 ,10 ,0.169677734375 ,-0.0001220703125 ,0.976745605469 ,0.130981445312
23.1523 ,8352564 ,-120 ,10 ,0.167053222656 ,-0.00048828125 ,0.97705078125 ,0.132263183594
23.1639 ,8348775 ,-120 ,10 ,0.162414550781 ,-0.0030517578125 ,0.977844238281 ,0.131958007812
23.1742 ,8346847 ,-120 ,9 ,0.156433105469 ,-0.00445556640625 ,0.979125976562 ,0.1298828125
23.1848 ,8344570 ,-120 ,9 ,0.150268554688 ,-0.0054931640625 ,0.98046875 ,0.126647949219
23.1953 ,8344242 ,-120 ,8 ,0.146789550781 ,-0.00872802734375 ,0.981811523438 ,0.120239257812
23.2137 ,8342394 ,-120 ,7 ,0.156188964844 ,-0.011474609375 ,0.980712890625 ,0.117004394531
23.2247 ,8341605 ,-120 ,7 ,0.173400878906 ,-0.0178833007812 ,0.978088378906 ,0.113708496094
23.2359 ,8342840 ,-120 ,6 ,0.192138671875 ,-0.0272216796875 ,0.975280761719 ,0.105529785156
23.2467 ,8343159 ,-120 ,5 ,0.201049804688 ,-0.0361328125 ,0.976989746094 ,0.0613403320312
23.2635 ,8343179 ,-120 ,4 ,0.18212890625 ,-0.0353393554688 ,0.98193359375 ,0.0376586914062
23.274 ,8342107 ,-120 ,4 ,0.155395507812 ,-0.031494140625 ,0.987121582031 ,0.0214233398438
23.2846 ,8342598 ,-120 ,3 ,0.130615234375 ,-0.0271606445312 ,0.991027832031 ,0.0112915039062
23.2952 ,8341349 ,-120 ,3 ,0.114318847656 ,-0.0259399414062 ,0.993103027344 ,0.00244140625
23.3067 ,8341647 ,-120 ,3 ,0.107116699219 ,-0.0249633789062 ,0.993713378906 ,-0.0211181640625
23.321 ,8342010 ,-120 ,3 ,0.110656738281 ,-0.0237426757812 ,0.992858886719 ,-0.0374755859375
23.3318 ,8342778 ,-120 ,4 ,0.11279296875 ,-0.0211181640625 ,0.991882324219 ,-0.054931640625
23.3423 ,8342290 ,-120 ,4 ,0.108581542969 ,-0.01513671875 ,0.991455078125 ,-0.0704345703125
23.353 ,8342055 ,-120 ,4 ,0.0968627929688 ,-0.0079345703125 ,0.991821289062 ,-0.0830078125
23.3634 ,8342314 ,-120 ,3 ,0.081787109375 ,-0.0003662109375 ,0.9921875 ,-0.0944213867188
23.3745 ,8343685 ,-120 ,3 ,0.0673217773438 ,0.0084228515625 ,0.991882324219 ,-0.107788085938
23.385 ,8344211 ,-120 ,2 ,0.0553588867188 ,0.0171508789062 ,0.990661621094 ,-0.123291015625
23.3959 ,8345342 ,-120 ,2 ,0.0457153320312 ,0.02099609375 ,0.989074707031 ,-0.138732910156
23.4068 ,8347768 ,-120 ,1 ,0.0383911132812 ,0.00830078125 ,0.986206054688 ,-0.160949707031
23.421 ,8350231 ,-121 ,1 ,0.0336303710938 ,0.00372314453125 ,0.985046386719 ,-0.1689453125
23.4316 ,8351868 ,-121 ,0 ,0.024169921875 ,0.00341796875 ,0.983642578125 ,-0.178405761719
23.4421 ,8353854 ,-121 ,0 ,0.0130615234375 ,-0.00360107421875 ,0.981506347656 ,-0.190979003906
23.4529 ,8355678 ,-121 ,-1 ,-0.0018310546875 ,-0.0107421875 ,0.979797363281 ,-0.199829101562
23.4637 ,8356446 ,-121 ,-2 ,-0.0216674804688 ,-0.01220703125 ,0.978637695312 ,-0.203979492188
23.4747 ,8360875 ,-121 ,-2 ,-0.0407104492188 ,-0.0181274414062 ,0.977172851562 ,-0.207702636719
23.4852 ,8362868 ,-121 ,-3 ,-0.0589599609375 ,-0.022216796875 ,0.975219726562 ,-0.212097167969
23.4957 ,8365038 ,-121 ,-3 ,-0.0739135742188 ,-0.0247802734375 ,0.973815917969 ,-0.213562011719
23.5067 ,8366263 ,-121 ,-4 ,-0.0798950195312 ,-0.0310668945312 ,0.970520019531 ,-0.225219726562
23.5212 ,8365550 ,-121 ,-4 ,-0.0810546875 ,-0.0341796875 ,0.96923828125 ,-0.229797363281
23.5318 ,8364951 ,-121 ,-4 ,-0.0889892578125 ,-0.0383911132812 ,0.968017578125 ,-0.2314453125
23.5424 ,8365162 ,-121 ,-5 ,-0.1005859375 ,-0.0432739257812 ,0.966552734375 ,-0.232055664062
23.5532 ,8364993 ,-121 ,-5 ,-0.107604980469 ,-0.04638671875 ,0.965515136719 ,-0.232543945312
23.5639 ,8365474 ,-121 ,-5 ,-0.101867675781 ,-0.04638671875 ,0.965515136719 ,-0.235107421875
23.5751 ,8366010 ,-121 ,-4 ,-0.0850219726562 ,-0.0421752929688 ,0.966003417969 ,-0.240478515625
23.5857 ,8366377 ,-121 ,-4 ,-0.0654296875 ,-0.0388793945312 ,0.966186523438 ,-0.246337890625
23.5966 ,8366028 ,-121 ,-4 ,-0.0482788085938 ,-0.0405883789062 ,0.965698242188 ,-0.251892089844
23.6135 ,8365232 ,-121 ,-4 ,-0.0498657226562 ,-0.0447998046875 ,0.966064453125 ,-0.249450683594
23.6242 ,8363778 ,-121 ,-5 ,-0.0513305664062 ,-0.045654296875 ,0.967102050781 ,-0.244873046875
23.6348 ,8363733 ,-120 ,-6 ,-0.04736328125 ,-0.044189453125 ,0.966796875 ,-0.2470703125
23.6456 ,8367083 ,-120 ,-6 ,-0.0368041992188 ,-0.0439453125 ,0.965209960938 ,-0.255126953125
23.6566 ,8367432 ,-120 ,-6 ,-0.022216796875 ,-0.046875 ,0.963256835938 ,-0.263610839844
23.6707 ,8365138 ,-120 ,-6 ,-0.0155639648438 ,-0.050048828125 ,0.96240234375 ,-0.266479492188
23.6813 ,8363028 ,-120 ,-5 ,-0.009521484375 ,-0.051513671875 ,0.961059570312 ,-0.271362304688
23.6919 ,8359830 ,-120 ,-5 ,-0.00592041015625 ,-0.0501098632812 ,0.959594726562 ,-0.276794433594
23.7024 ,8359633 ,-120 ,-5 ,-0.0023193359375 ,-0.0472412109375 ,0.958129882812 ,-0.282470703125
23.714 ,8359740 ,-121 ,-5 ,0.0028076171875 ,-0.0439453125 ,0.956298828125 ,-0.289001464844
23.7257 ,8361906 ,-121 ,-5 ,0.0104370117188 ,-0.0394287109375 ,0.953796386719 ,-0.297607421875
23.7368 ,8362173 ,-121 ,-4 ,0.0300903320312 ,-0.03173828125 ,0.948303222656 ,-0.314392089844
23.7511 ,8361965 ,-121 ,-4 ,0.0328979492188 ,-0.0299682617188 ,0.945007324219 ,-0.323913574219
23.7634 ,8361965 ,-121 ,-4 ,0.017578125 ,-0.0328369140625 ,0.941467285156 ,-0.335021972656
23.7819 ,8362183 ,-121 ,-3 ,0.0115966796875 ,-0.033935546875 ,0.940979003906 ,-0.336547851562
23.7925 ,8363401 ,-121 ,-3 ,0.01171875 ,-0.0322875976562 ,0.940551757812 ,-0.337829589844
23.8031 ,8364145 ,-121 ,-3 ,0.0167236328125 ,-0.0296020507812 ,0.939880371094 ,-0.339782714844
23.8135 ,8364086 ,-121 ,-4 ,0.0231323242188 ,-0.0263061523438 ,0.939086914062 ,-0.341857910156
23.825 ,8362657 ,-121 ,-4 ,0.029296875 ,-0.0241088867188 ,0.938659667969 ,-0.342712402344
23.836 ,8362830 ,-121 ,-4 ,0.0335693359375 ,-0.0226440429688 ,0.938842773438 ,-0.341918945312
23.8468 ,8362342 ,-121 ,-5 ,0.0360107421875 ,-0.020263671875 ,0.939697265625 ,-0.339538574219
23.8649 ,8360934 ,-121 ,-5 ,0.0382690429688 ,-0.0189208984375 ,0.943603515625 ,-0.328369140625
23.8759 ,8361893 ,-122 ,-6 ,0.0432739257812 ,-0.0158081054688 ,0.943542480469 ,-0.328063964844
23.8867 ,8361688 ,-122 ,-6 ,0.0550537109375 ,-0.009521484375 ,0.943298339844 ,-0.3271484375
23.901 ,8361332 ,-122 ,-7 ,0.0565795898438 ,-0.0084228515625 ,0.943664550781 ,-0.325866699219
23.9146 ,8360567 ,-122 ,-7 ,0.0558471679688 ,-0.0087890625 ,0.947937011719 ,-0.313415527344
23.9252 ,8360474 ,-122 ,-7 ,0.0556030273438 ,-0.00836181640625 ,0.948547363281 ,-0.3115234375
23.9357 ,8360007 ,-122 ,-7 ,0.0575561523438 ,-0.0067138671875 ,0.948974609375 ,-0.31005859375
23.9469 ,8361038 ,-122 ,-8 ,0.0673828125 ,-0.00042724609375 ,0.948852539062 ,-0.308471679688
23.9647 ,8360813 ,-122 ,-8 ,0.0733642578125 ,0.00177001953125 ,0.951721191406 ,-0.297973632812
23.9759 ,8360737 ,-122 ,-8 ,0.0782470703125 ,0.00384521484375 ,0.95166015625 ,-0.297058105469
23.9869 ,8360931 ,-122 ,-8 ,0.0818481445312 ,0.0054931640625 ,0.952209472656 ,-0.294311523438
24.001 ,8360135 ,-122 ,-8 ,0.0825805664062 ,0.00592041015625 ,0.95263671875 ,-0.292663574219
24.0149 ,8360024 ,-122 ,-8 ,0.0850830078125 ,0.00653076171875 ,0.955139160156 ,-0.283569335938
24.026 ,8360066 ,-122 ,-8 ,0.0900268554688 ,0.00885009765625 ,0.955383300781 ,-0.281127929688
24.0374 ,8360034 ,-121 ,-9 ,0.104858398438 ,0.0142822265625 ,0.955871582031 ,-0.273986816406
24.0516 ,8359789 ,-121 ,-9 ,0.112060546875 ,0.0162353515625 ,0.956298828125 ,-0.269470214844
24.0652 ,8358976 ,-121 ,-9 ,0.11767578125 ,0.0159912109375 ,0.959045410156 ,-0.257080078125
24.0766 ,8358976 ,-121 ,-9 ,0.127624511719 ,0.0162963867188 ,0.960205078125 ,-0.247924804688
24.0912 ,8358211 ,-121 ,-9 ,0.135131835938 ,0.016357421875 ,0.960327148438 ,-0.243469238281
24.102 ,8358405 ,-121 ,-10 ,0.143737792969 ,0.0157470703125 ,0.960205078125 ,-0.238952636719
24.1151 ,8358356 ,-121 ,-10 ,0.151916503906 ,0.0128784179688 ,0.961669921875 ,-0.227844238281
24.1259 ,8356425 ,-121 ,-10 ,0.15869140625 ,0.009521484375 ,0.961730957031 ,-0.22314453125
24.1377 ,8355989 ,-121 ,-10 ,0.169494628906 ,-0.00091552734375 ,0.962585449219 ,-0.211303710938
24.1518 ,8355114 ,-120 ,-11 ,0.175109863281 ,-0.007568359375 ,0.963195800781 ,-0.203796386719
24.1652 ,8353802 ,-120 ,-11 ,0.181579589844 ,-0.0158081054688 ,0.964477539062 ,-0.191040039062
24.1762 ,8353709 ,-120 ,-11 ,0.189819335938 ,-0.0233764648438 ,0.964477539062 ,-0.182373046875
24.1871 ,8353571 ,-120 ,-11 ,0.2119140625 ,-0.0397338867188 ,0.962524414062 ,-0.16455078125
24.2016 ,8353664 ,-120 ,-10 ,0.223022460938 ,-0.0478515625 ,0.961242675781 ,-0.154907226562
24.2155 ,8353256 ,-120 ,-10 ,0.23095703125 ,-0.0557861328125 ,0.960693359375 ,-0.1435546875
24.2268 ,8351913 ,-121 ,-9 ,0.236877441406 ,-0.0719604492188 ,0.961547851562 ,-0.118835449219
24.2414 ,8351263 ,-121 ,-8 ,0.235046386719 ,-0.0774536132812 ,0.963256835938 ,-0.104125976562
24.2526 ,8351010 ,-121 ,-7 ,0.231811523438 ,-0.0811767578125 ,0.96533203125 ,-0.0881958007812
24.2642 ,8350353 ,-121 ,-5 ,0.228088378906 ,-0.0836791992188 ,0.967468261719 ,-0.0707397460938
24.2759 ,8350809 ,-121 ,-2 ,0.225402832031 ,-0.083984375 ,0.96923828125 ,-0.0520629882812
24.2872 ,8350661 ,-121 ,0 ,0.22705078125 ,-0.0799560546875 ,0.970520019531 ,-0.0111694335938
24.3012 ,8351218 ,-121 ,3 ,0.231140136719 ,-0.07568359375 ,0.969909667969 ,0.0096435546875
24.3138 ,8350737 ,-121 ,6 ,0.237609863281 ,-0.0447998046875 ,0.962890625 ,0.119689941406
24.3644 ,8350785 ,-121 ,6 ,0.230590820312 ,-0.0393676757812 ,0.962097167969 ,0.140380859375
24.3754 ,8350553 ,-121 ,6 ,0.221496582031 ,-0.0341796875 ,0.961608886719 ,0.158569335938
24.3867 ,8350017 ,-121 ,5 ,0.200012207031 ,-0.023681640625 ,0.959594726562 ,0.196411132812
24.4011 ,8349411 ,-121 ,5 ,0.189636230469 ,-0.0196533203125 ,0.958374023438 ,0.212524414062
24.4138 ,8348346 ,-121 ,5 ,0.1806640625 ,-0.0164794921875 ,0.956237792969 ,0.229614257812
24.425 ,8346269 ,-121 ,5 ,0.174865722656 ,-0.0148315429688 ,0.952880859375 ,0.247375488281
24.4358 ,8345020 ,-121 ,5 ,0.173583984375 ,-0.0133666992188 ,0.949096679688 ,0.262451171875
24.4513 ,8343128 ,-121 ,4 ,0.182250976562 ,-0.0156860351562 ,0.939636230469 ,0.289123535156
24.4644 ,8342204 ,-121 ,4 ,0.190307617188 ,-0.0198974609375 ,0.93359375 ,0.302917480469
24.4761 ,8342730 ,-121 ,3 ,0.198547363281 ,-0.0260620117188 ,0.927307128906 ,0.316162109375
24.4873 ,8342262 ,-121 ,3 ,0.209594726562 ,-0.0372924804688 ,0.916564941406 ,0.338500976562
24.5011 ,8343214 ,-121 ,2 ,0.209899902344 ,-0.0382080078125 ,0.9130859375 ,0.347534179688
24.5147 ,8342564 ,-121 ,2 ,0.204223632812 ,-0.03466796875 ,0.910766601562 ,0.357238769531
24.5262 ,8342806 ,-121 ,2 ,0.174499511719 ,-0.0197143554688 ,0.912170410156 ,0.370361328125
24.5414 ,8341411 ,-121 ,1 ,0.158630371094 ,-0.0120849609375 ,0.912353515625 ,0.377197265625
24.5528 ,8341830 ,-121 ,1 ,0.146911621094 ,-0.0081787109375 ,0.911926269531 ,0.383117675781
24.5647 ,8342169 ,-121 ,1 ,0.140075683594 ,-0.0084228515625 ,0.910583496094 ,0.388793945312
24.5754 ,8343221 ,-121 ,1 ,0.137268066406 ,-0.00927734375 ,0.909851074219 ,0.391418457031
24.5864 ,8341910 ,-121 ,1 ,0.138000488281 ,-0.00787353515625 ,0.91015625 ,0.390502929688
24.6015 ,8343148 ,-121 ,0 ,0.137390136719 ,-0.00384521484375 ,0.911987304688 ,0.386596679688
24.615 ,8343764 ,-121 ,0 ,0.134033203125 ,0.00091552734375 ,0.913696289062 ,0.383666992188
24.6257 ,8342467 ,-121 ,-1 ,0.125610351562 ,0.00823974609375 ,0.920043945312 ,0.370971679688
24.6409 ,8342027 ,-121 ,-1 ,0.121826171875 ,0.00933837890625 ,0.923828125 ,0.362731933594
24.6514 ,8342480 ,-121 ,-2 ,0.116943359375 ,0.0086669921875 ,0.927734375 ,0.354309082031
24.6648 ,8343557 ,-121 ,-2 ,0.111389160156 ,0.00787353515625 ,0.931335449219 ,0.3466796875
24.6762 ,8343446 ,-121 ,-3 ,0.105041503906 ,0.00933837890625 ,0.935180664062 ,0.338134765625
24.6868 ,8343878 ,-122 ,-3 ,0.0846557617188 ,0.0204467773438 ,0.94287109375 ,0.321594238281
24.7008 ,8344166 ,-122 ,-4 ,0.070068359375 ,0.0267333984375 ,0.946716308594 ,0.313232421875
24.7134 ,8344093 ,-122 ,-5 ,0.0538940429688 ,0.0307006835938 ,0.950805664062 ,0.303527832031
24.7244 ,8345176 ,-122 ,-5 ,0.0384521484375 ,0.0325927734375 ,0.954833984375 ,0.292846679688
24.7349 ,8344647 ,-122 ,-6 ,0.026611328125 ,0.0333862304688 ,0.958374023438 ,0.282348632812
24.7455 ,8344269 ,-122 ,-6 ,0.0199584960938 ,0.0345458984375 ,0.961120605469 ,0.273315429688
24.7564 ,8343906 ,-122 ,-7 ,0.0223999023438 ,0.0355834960938 ,0.963317871094 ,0.264953613281
24.7716 ,8343069 ,-122 ,-7 ,0.0284423828125 ,0.0326538085938 ,0.965026855469 ,0.258666992188
24.7822 ,8343564 ,-122 ,-7 ,0.0355224609375 ,0.0283203125 ,0.966674804688 ,0.252014160156
24.7928 ,8343487 ,-122 ,-8 ,0.0419921875 ,0.0245971679688 ,0.96826171875 ,0.245178222656
24.8056 ,8343266 ,-122 ,-8 ,0.0464477539062 ,0.023681640625 ,0.969604492188 ,0.239074707031
24.8168 ,8344020 ,-121 ,-8 ,0.0501098632812 ,0.0240478515625 ,0.971374511719 ,0.230895996094
24.8309 ,8342598 ,-121 ,-7 ,0.0514526367188 ,0.0214233398438 ,0.9716796875 ,0.229553222656
24.8413 ,8343221 ,-121 ,-7 ,0.052490234375 ,0.0172729492188 ,0.972534179688 ,0.226135253906
24.8521 ,8344155 ,-121 ,-7 ,0.054443359375 ,0.0125122070312 ,0.973510742188 ,0.221740722656
24.8632 ,8342484 ,-121 ,-7 ,0.0574951171875 ,0.00823974609375 ,0.973937988281 ,0.219116210938
24.8741 ,8342138 ,-121 ,-8 ,0.0615234375 ,0.00555419921875 ,0.973510742188 ,0.220275878906
24.885 ,8342577 ,-120 ,-8 ,0.0700073242188 ,0.00115966796875 ,0.972900390625 ,0.220458984375
24.8956 ,8342214 ,-120 ,-8 ,0.0860595703125 ,-0.0074462890625 ,0.97265625 ,0.215576171875
24.9067 ,8341975 ,-120 ,-8 ,0.131774902344 ,-0.0333251953125 ,0.970581054688 ,0.198791503906
24.9205 ,8341494 ,-120 ,-8 ,0.154724121094 ,-0.0458984375 ,0.968688964844 ,0.188659667969
24.931 ,8342259 ,-120 ,-8 ,0.173522949219 ,-0.0543212890625 ,0.966735839844 ,0.179992675781
24.9416 ,8342501 ,-120 ,-8 ,0.185974121094 ,-0.056640625 ,0.965454101562 ,0.173522949219
24.9523 ,8341546 ,-120 ,-8 ,0.19384765625 ,-0.0534057617188 ,0.964904785156 ,0.169128417969
24.9636 ,8341515 ,-120 ,-8 ,0.198974609375 ,-0.0496215820312 ,0.964599609375 ,0.165710449219
24.9746 ,8341698 ,-120 ,-8 ,0.203491210938 ,-0.0484619140625 ,0.964233398438 ,0.162719726562
24.9853 ,8341491 ,-120 ,-8 ,0.208984375 ,-0.0485229492188 ,0.963623046875 ,0.159545898438
24.9963 ,8342235 ,-121 ,-8 ,0.220947265625 ,-0.0504150390625 ,0.961791992188 ,0.153747558594
25.0131 ,8340830 ,-121 ,-8 ,0.225280761719 ,-0.0516967773438 ,0.960998535156 ,0.151733398438
25.0236 ,8341913 ,-121 ,-8 ,0.226684570312 ,-0.052734375 ,0.960876464844 ,0.150146484375
25.0345 ,8342259 ,-121 ,-8 ,0.225402832031 ,-0.053466796875 ,0.961303710938 ,0.14892578125
25.0467 ,8341432 ,-121 ,-8 ,0.222045898438 ,-0.0559692382812 ,0.961669921875 ,0.150939941406
25.0632 ,8341418 ,-121 ,-9 ,0.221984863281 ,-0.0576171875 ,0.961120605469 ,0.153747558594
25.0742 ,8341525 ,-121 ,-9 ,0.222534179688 ,-0.0584716796875 ,0.960510253906 ,0.156555175781
25.0852 ,8341923 ,-121 ,-9 ,0.223022460938 ,-0.0584106445312 ,0.960021972656 ,0.158874511719
25.0962 ,8341712 ,-121 ,-9 ,0.22265625 ,-0.0565795898438 ,0.959533691406 ,0.162841796875
25.113 ,8341629 ,-121 ,-9 ,0.222900390625 ,-0.0555419921875 ,0.959167480469 ,0.1650390625
25.1235 ,8341546 ,-122 ,-10 ,0.223999023438 ,-0.054931640625 ,0.958557128906 ,0.167358398438
25.1349 ,8341719 ,-122 ,-10 ,0.225830078125 ,-0.0547485351562 ,0.957702636719 ,0.169616699219
25.1465 ,8341716 ,-122 ,-10 ,0.230346679688 ,-0.05615234375 ,0.9560546875 ,0.172424316406
25.1648 ,8340934 ,-122 ,-11 ,0.231628417969 ,-0.0576171875 ,0.954833984375 ,0.176879882812
25.1765 ,8341235 ,-122 ,-11 ,0.236083984375 ,-0.0589599609375 ,0.95361328125 ,0.177307128906
25.1916 ,8340975 ,-122 ,-11 ,0.239990234375 ,-0.0592041015625 ,0.952758789062 ,0.176513671875
25.2026 ,8341643 ,-122 ,-11 ,0.245300292969 ,-0.0592651367188 ,0.95166015625 ,0.175170898438
25.2149 ,8341730 ,-122 ,-11 ,0.251525878906 ,-0.059814453125 ,0.949951171875 ,0.175476074219
25.2255 ,8341401 ,-122 ,-12 ,0.258056640625 ,-0.0596923828125 ,0.948608398438 ,0.173156738281
25.2367 ,8341851 ,-122 ,-12 ,0.269226074219 ,-0.0593872070312 ,0.946411132812 ,0.168029785156
25.2511 ,8341702 ,-123 ,-12 ,0.274353027344 ,-0.0596313476562 ,0.945373535156 ,0.165710449219
25.265 ,8341674 ,-123 ,-12 ,0.278869628906 ,-0.060546875 ,0.944213867188 ,0.164367675781
25.2757 ,8341653 ,-123 ,-12 ,0.283447265625 ,-0.0620727539062 ,0.942993164062 ,0.162963867188
25.2865 ,8341044 ,-123 ,-12 ,0.292846679688 ,-0.066162109375 ,0.939697265625 ,0.163696289062
25.3008 ,8341702 ,-123 ,-12 ,0.297119140625 ,-0.0675048828125 ,0.937744140625 ,0.166687011719
25.3145 ,8342048 ,-123 ,-13 ,0.300659179688 ,-0.0689086914062 ,0.935485839844 ,0.172485351562
25.3251 ,8341830 ,-122 ,-13 ,0.303588867188 ,-0.0698852539062 ,0.933410644531 ,0.177978515625
25.3362 ,8342474 ,-122 ,-13 ,0.308044433594 ,-0.0763549804688 ,0.929260253906 ,0.189025878906
25.3508 ,8342093 ,-122 ,-14 ,0.309020996094 ,-0.0845947265625 ,0.927490234375 ,0.192749023438
25.3649 ,8342792 ,-122 ,-14 ,0.308410644531 ,-0.0951538085938 ,0.925537109375 ,0.197937011719
25.3759 ,8342394 ,-122 ,-14 ,0.306701660156 ,-0.104187011719 ,0.924072265625 ,0.202880859375
25.3866 ,8341813 ,-122 ,-14 ,0.308349609375 ,-0.114685058594 ,0.919128417969 ,0.216735839844
25.401 ,8343197 ,-122 ,-14 ,0.310791015625 ,-0.117370605469 ,0.916687011719 ,0.222106933594
25.415 ,8342332 ,-122 ,-14 ,0.310424804688 ,-0.120910644531 ,0.914916992188 ,0.227905273438
25.4257 ,8343062 ,-122 ,-14 ,0.307983398438 ,-0.125244140625 ,0.914733886719 ,0.229675292969
25.4367 ,8343283 ,-122 ,-14 ,0.29931640625 ,-0.141906738281 ,0.914611816406 ,0.231811523438
25.451 ,8344290 ,-122 ,-14 ,0.294860839844 ,-0.153259277344 ,0.914001464844 ,0.232849121094
25.4649 ,8345688 ,-122 ,-13 ,0.290466308594 ,-0.161560058594 ,0.913330078125 ,0.2353515625
25.4759 ,8348851 ,-122 ,-13 ,0.285522460938 ,-0.164978027344 ,0.91455078125 ,0.234252929688
25.4864 ,8349193 ,-122 ,-12 ,0.268005371094 ,-0.182983398438 ,0.916320800781 ,0.234741210938
25.5008 ,8352993 ,-122 ,-10 ,0.256164550781 ,-0.185729980469 ,0.917236328125 ,0.242004394531
25.5137 ,8354318 ,-123 ,-8 ,0.240295410156 ,-0.179077148438 ,0.920471191406 ,0.250793457031
25.5244 ,8355574 ,-123 ,-5 ,0.221313476562 ,-0.173767089844 ,0.922485351562 ,0.264343261719
25.535 ,8357996 ,-123 ,-2 ,0.205200195312 ,-0.165771484375 ,0.923400878906 ,0.278869628906
25.546 ,8358605 ,-123 ,0 ,0.193298339844 ,-0.15576171875 ,0.924011230469 ,0.290771484375
25.5569 ,8360581 ,-123 ,2 ,0.193603515625 ,-0.140625 ,0.918334960938 ,0.315307617188
25.5703 ,8360886 ,-123 ,3 ,0.201721191406 ,-0.136474609375 ,0.914672851562 ,0.322570800781
25.5816 ,8360560 ,-123 ,4 ,0.205749511719 ,-0.131286621094 ,0.912109375 ,0.329406738281
25.5922 ,8360484 ,-123 ,3 ,0.199401855469 ,-0.121276855469 ,0.911499023438 ,0.338745117188
25.6027 ,8358595 ,-123 ,3 ,0.184692382812 ,-0.108947753906 ,0.912963867188 ,0.347229003906
25.6133 ,8356865 ,-123 ,2 ,0.169372558594 ,-0.0965576171875 ,0.9140625 ,0.355590820312
25.6252 ,8355685 ,-123 ,2 ,0.160705566406 ,-0.0902709960938 ,0.913879394531 ,0.361694335938
25.6363 ,8351550 ,-123 ,1 ,0.17333984375 ,-0.0874633789062 ,0.910339355469 ,0.365417480469
25.6509 ,8349837 ,-123 ,1 ,0.186218261719 ,-0.0922241210938 ,0.907470703125 ,0.365112304688
25.6634 ,8344698 ,-123 ,1 ,0.197814941406 ,-0.0957641601562 ,0.904602050781 ,0.365295410156
25.6748 ,8342910 ,-123 ,1 ,0.207153320312 ,-0.0956420898438 ,0.901977539062 ,0.366516113281
25.6857 ,8342128 ,-123 ,1 ,0.216552734375 ,-0.0939331054688 ,0.899230957031 ,0.368347167969
25.6966 ,8342712 ,-123 ,1 ,0.248229980469 ,-0.09619140625 ,0.888305664062 ,0.374267578125
25.7138 ,8341494 ,-123 ,0 ,0.264709472656 ,-0.103271484375 ,0.882080078125 ,0.375793457031
25.7255 ,8341619 ,-123 ,0 ,0.276916503906 ,-0.118103027344 ,0.876892089844 ,0.374694824219
25.7365 ,8341470 ,-123 ,1 ,0.276611328125 ,-0.150695800781 ,0.880126953125 ,0.355102539062
25.7509 ,8341013 ,-123 ,1 ,0.264099121094 ,-0.140747070312 ,0.890197753906 ,0.343444824219
25.7633 ,8341498 ,-123 ,1 ,0.240295410156 ,-0.11962890625 ,0.90283203125 ,0.3359375
25.7747 ,8340425 ,-123 ,1 ,0.212585449219 ,-0.102355957031 ,0.913635253906 ,0.331115722656
25.7861 ,8339837 ,-123 ,1 ,0.182495117188 ,-0.0792846679688 ,0.924560546875 ,0.325012207031
25.8012 ,8340048 ,-123 ,3 ,0.180786132812 ,-0.0719604492188 ,0.926330566406 ,0.322631835938
25.813 ,8339688 ,-123 ,3 ,0.177917480469 ,-0.0592651367188 ,0.92919921875 ,0.318542480469
25.8237 ,8339595 ,-123 ,3 ,0.169921875 ,-0.0430297851562 ,0.935302734375 ,0.307312011719
25.8343 ,8340152 ,-123 ,3 ,0.168762207031 ,-0.0339965820312 ,0.940734863281 ,0.292114257812
25.8448 ,8340114 ,-123 ,2 ,0.164123535156 ,-0.0267944335938 ,0.945922851562 ,0.278625488281
25.8553 ,8340474 ,-123 ,2 ,0.152893066406 ,-0.0156860351562 ,0.954711914062 ,0.254821777344
25.8704 ,8339813 ,-123 ,1 ,0.152099609375 ,-0.008056640625 ,0.9580078125 ,0.243041992188
25.8809 ,8340640 ,-123 ,0 ,0.149536132812 ,0.00299072265625 ,0.961730957031 ,0.229553222656
25.8914 ,8340307 ,-123 ,0 ,0.143615722656 ,0.0142822265625 ,0.964721679688 ,0.22021484375
25.9018 ,8339792 ,-123 ,-1 ,0.130187988281 ,0.0235595703125 ,0.967956542969 ,0.213439941406
25.913 ,8340235 ,-123 ,-1 ,0.11328125 ,0.030517578125 ,0.970886230469 ,0.208740234375
25.9239 ,8340235 ,-123 ,-4 ,0.0988159179688 ,0.0340576171875 ,0.973388671875 ,0.204040527344
25.9364 ,8340103 ,-123 ,-4 ,0.0752563476562 ,0.0330810546875 ,0.977416992188 ,0.19482421875
25.9524 ,8340363 ,-124 ,-5 ,0.0670166015625 ,0.02978515625 ,0.979125976562 ,0.189697265625
25.963 ,8340913 ,-124 ,-5 ,0.0596923828125 ,0.0236206054688 ,0.980773925781 ,0.184204101562
25.9744 ,8341467 ,-124 ,-6 ,0.05322265625 ,0.0142822265625 ,0.982666015625 ,0.177185058594
25.9854 ,8341532 ,-124 ,-6 ,0.0491333007812 ,0.00286865234375 ,0.984619140625 ,0.167724609375
25.9962 ,8341640 ,-124 ,-7 ,0.045654296875 ,-0.017578125 ,0.988525390625 ,0.142761230469
26.0131 ,8341505 ,-124 ,-7 ,0.046142578125 ,-0.02392578125 ,0.990173339844 ,0.129638671875
26.0247 ,8341494 ,-124 ,-7 ,0.04541015625 ,-0.0270385742188 ,0.991760253906 ,0.116455078125
26.0365 ,8341595 ,-124 ,-7 ,0.0400390625 ,-0.02587890625 ,0.994506835938 ,0.0931396484375
26.0507 ,8340948 ,-124 ,-7 ,0.0387573242188 ,-0.0254516601562 ,0.995483398438 ,0.0830688476562
26.0665 ,8342044 ,-124 ,-7 ,0.0489501953125 ,-0.0230712890625 ,0.99658203125 ,0.0625
26.0806 ,8342204 ,-124 ,-7 ,0.0548095703125 ,-0.017578125 ,0.996643066406 ,0.0578002929688
26.0912 ,8341480 ,-124 ,-6 ,0.0602416992188 ,-0.0140991210938 ,0.996520996094 ,0.0555419921875
26.1018 ,8342387 ,-124 ,-6 ,0.0664672851562 ,-0.0135498046875 ,0.995910644531 ,0.0598754882812
26.1133 ,8341605 ,-124 ,-6 ,0.072509765625 ,-0.0161743164062 ,0.99462890625 ,0.0723876953125
26.1238 ,8342273 ,-124 ,-6 ,0.0828247070312 ,-0.0348510742188 ,0.990600585938 ,0.102905273438
26.1407 ,8341197 ,-123 ,-9 ,0.0864868164062 ,-0.0386352539062 ,0.988891601562 ,0.114562988281
26.1516 ,8340858 ,-123 ,-8 ,0.0955810546875 ,-0.044189453125 ,0.986999511719 ,0.121398925781
26.1633 ,8341207 ,-123 ,-6 ,0.109924316406 ,-0.0518188476562 ,0.984924316406 ,0.123046875
26.1745 ,8341127 ,-122 ,-6 ,0.127197265625 ,-0.0570678710938 ,0.983581542969 ,0.114685058594
26.1854 ,8340664 ,-122 ,-7 ,0.147277832031 ,-0.0595703125 ,0.982788085938 ,0.0941772460938
26.1964 ,8341110 ,-122 ,-7 ,0.191101074219 ,-0.0601806640625 ,0.978942871094 ,0.039794921875
26.2133 ,8341235 ,-122 ,-7 ,0.209106445312 ,-0.0596313476562 ,0.975891113281 ,0.0178833007812
26.2238 ,8341096 ,-122 ,-7 ,0.22314453125 ,-0.0584716796875 ,0.973022460938 ,0.00482177734375
26.235 ,8340923 ,-122 ,-6 ,0.231262207031 ,-0.0543212890625 ,0.971374511719 ,0.0040283203125
26.246 ,8340297 ,-122 ,-6 ,0.231811523438 ,-0.0473022460938 ,0.971496582031 ,0.0144653320312
26.2632 ,8340823 ,-122 ,-6 ,0.227233886719 ,-0.0435791015625 ,0.972717285156 ,0.0178833007812
26.2753 ,8340588 ,-122 ,-6 ,0.22314453125 ,-0.0392456054688 ,0.973876953125 ,0.0155639648438
26.2869 ,8340266 ,-122 ,-6 ,0.2255859375 ,-0.031494140625 ,0.973693847656 ,0.007080078125
26.3012 ,8340307 ,-122 ,-6 ,0.229614257812 ,-0.0278930664062 ,0.972900390625 ,0.00164794921875
26.313 ,8340847 ,-122 ,-6 ,0.231994628906 ,-0.0252685546875 ,0.972412109375 ,-0.0040283203125
26.3244 ,8340176 ,-122 ,-6 ,0.23193359375 ,-0.0243530273438 ,0.972351074219 ,-0.0103759765625
26.335 ,8340647 ,-122 ,-7 ,0.222229003906 ,-0.0263061523438 ,0.974304199219 ,-0.02685546875
26.3511 ,8340968 ,-122 ,-7 ,0.216430664062 ,-0.029296875 ,0.975219726562 ,-0.0345458984375
26.363 ,8340920 ,-122 ,-1 ,0.214477539062 ,-0.0310668945312 ,0.975463867188 ,-0.038818359375
26.3738 ,8340923 ,-122 ,-7 ,0.215698242188 ,-0.03173828125 ,0.97509765625 ,-0.0407104492188
26.3845 ,8340705 ,-122 ,-8 ,0.215759277344 ,-0.0330200195312 ,0.97509765625 ,-0.0400390625
26.395 ,8340781 ,-122 ,-8 ,0.214050292969 ,-0.0346069335938 ,0.975524902344 ,-0.0370483398438
26.4061 ,8341041 ,-122 ,-8 ,0.213256835938 ,-0.0358276367188 ,0.97607421875 ,-0.023193359375
26.4203 ,8341103 ,-122 ,-9 ,0.216186523438 ,-0.0357055664062 ,0.9755859375 ,-0.0145263671875
26.431 ,8341152 ,-122 ,-9 ,0.221984863281 ,-0.03515625 ,0.974365234375 ,-0.00677490234375
26.4418 ,8341193 ,-122 ,-9 ,0.22900390625 ,-0.0343017578125 ,0.972839355469 ,-0.001220703125
26.4528 ,8341563 ,-123 ,-9 ,0.235778808594 ,-0.0331420898438 ,0.971252441406 ,0.00238037109375
26.4648 ,8340629 ,-123 ,-10 ,0.24072265625 ,-0.0315551757812 ,0.970092773438 ,0.0050048828125
26.4752 ,8340740 ,-123 ,-10 ,0.24365234375 ,-0.0302124023438 ,0.969360351562 ,0.00689697265625
26.4866 ,8340840 ,-123 ,-10 ,0.2490234375 ,-0.0279541015625 ,0.968078613281 ,0.0074462890625
26.5006 ,8341314 ,-123 ,-10 ,0.250610351562 ,-0.027099609375 ,0.967712402344 ,0.0064697265625
26.5149 ,8340532 ,-123 ,-10 ,0.251220703125 ,-0.0283813476562 ,0.967407226562 ,0.0130615234375
26.5271 ,8340968 ,-123 ,-10 ,0.25146484375 ,-0.0271606445312 ,0.967468261719 ,0.00927734375
26.5406 ,8341200 ,-123 ,-10 ,0.251037597656 ,-0.0269775390625 ,0.967590332031 ,0.00732421875
26.5515 ,8341020 ,-123 ,-10 ,0.251403808594 ,-0.0267333984375 ,0.967529296875 ,0.00579833984375
26.564 ,8340788 ,-123 ,-10 ,0.252563476562 ,-0.0286865234375 ,0.967102050781 ,0.01220703125
26.5749 ,8341041 ,-123 ,-10 ,0.255004882812 ,-0.0287475585938 ,0.966430664062 ,0.0113525390625
26.5858 ,8341847 ,-124 ,-10 ,0.262939453125 ,-0.02880859375 ,0.964294433594 ,0.0106201171875
26.6009 ,8341245 ,-124 ,-10 ,0.268188476562 ,-0.0289306640625 ,0.962890625 ,0.0106811523438
26.6145 ,8341920 ,-124 ,-11 ,0.273315429688 ,-0.0308837890625 ,0.961242675781 ,0.0183715820312
26.6258 ,8341494 ,-124 ,-11 ,0.284606933594 ,-0.03076171875 ,0.957885742188 ,0.0220947265625
26.6405 ,8341207 ,-124 ,-11 ,0.29150390625 ,-0.031005859375 ,0.955749511719 ,0.0252075195312
26.6511 ,8340788 ,-124 ,-11 ,0.298706054688 ,-0.0314331054688 ,0.953369140625 ,0.0289916992188
26.6647 ,8341612 ,-124 ,-11 ,0.305419921875 ,-0.033935546875 ,0.950866699219 ,0.0382080078125
26.6762 ,8341345 ,-124 ,-11 ,0.317810058594 ,-0.0380249023438 ,0.946350097656 ,0.0440063476562
26.6914 ,8341633 ,-124 ,-11 ,0.323608398438 ,-0.0415649414062 ,0.944152832031 ,0.045654296875
26.7028 ,8341301 ,-123 ,-10 ,0.329650878906 ,-0.0463256835938 ,0.941833496094 ,0.04638671875
26.7148 ,8341570 ,-123 ,-10 ,0.336059570312 ,-0.0542602539062 ,0.938903808594 ,0.0512084960938
26.7255 ,8340802 ,-123 ,-9 ,0.343139648438 ,-0.0623168945312 ,0.935852050781 ,0.051025390625
26.7368 ,8340802 ,-123 ,-9 ,0.358337402344 ,-0.077880859375 ,0.928955078125 ,0.0510864257812
26.7519 ,8341816 ,-123 ,-7 ,0.365539550781 ,-0.0830078125 ,0.925598144531 ,0.0527954101562
26.7642 ,8341830 ,-123 ,-5 ,0.371704101562 ,-0.087646484375 ,0.92236328125 ,0.0584716796875
26.776 ,8341155 ,-123 ,-2 ,0.378784179688 ,-0.087890625 ,0.91943359375 ,0.05908203125
26.7905 ,8342339 ,-123 ,0 ,0.379760742188 ,-0.0858154296875 ,0.919311523438 ,0.0571899414062
26.8011 ,8341944 ,-123 ,2 ,0.380432128906 ,-0.082763671875 ,0.919555664062 ,0.0528564453125
26.8144 ,8341999 ,-123 ,4 ,0.381530761719 ,-0.0787963867188 ,0.919677734375 ,0.0487670898438
26.8256 ,8341802 ,-123 ,5 ,0.385864257812 ,-0.0717163085938 ,0.918823242188 ,0.041748046875
26.8363 ,8341771 ,-123 ,6 ,0.397399902344 ,-0.0545654296875 ,0.9150390625 ,0.041748046875
26.8505 ,8342442 ,-123 ,6 ,0.412841796875 ,-0.0438842773438 ,0.908325195312 ,0.0514526367188
26.8704 ,8342595 ,-123 ,6 ,0.418640136719 ,-0.042724609375 ,0.905700683594 ,0.05126953125
26.881 ,8342470 ,-123 ,3 ,0.415161132812 ,-0.039794921875 ,0.908081054688 ,0.0375366210938
26.943 ,8342685 ,-123 ,3 ,0.396850585938 ,-0.0377197265625 ,0.916137695312 ,0.04150390625
26.9542 ,8343844 ,-123 ,2 ,0.371154785156 ,-0.0343017578125 ,0.926940917969 ,0.0429077148438
26.9656 ,8344003 ,-123 ,2 ,0.340270996094 ,-0.0344848632812 ,0.938537597656 ,0.0462036132812
26.9771 ,8344138 ,-123 ,1 ,0.270202636719 ,-0.0472412109375 ,0.9599609375 ,0.0571899414062
26.9911 ,8343768 ,-123 ,1 ,0.242309570312 ,-0.0487670898438 ,0.967346191406 ,0.0556030273438
27.0024 ,8343716 ,-123 ,0 ,0.223815917969 ,-0.0438232421875 ,0.972412109375 ,0.0487670898438
27.0138 ,8342474 ,-123 ,0 ,0.216430664062 ,-0.0350341796875 ,0.974792480469 ,0.0421142578125
27.0251 ,8342076 ,-123 ,0 ,0.221008300781 ,-0.0253295898438 ,0.97412109375 ,0.039794921875
27.0366 ,8341999 ,-123 ,0 ,0.25537109375 ,-0.0142211914062 ,0.965881347656 ,0.04150390625
27.0509 ,8341958 ,-123 ,0 ,0.269653320312 ,-0.01123046875 ,0.962036132812 ,0.0400390625
27.0628 ,8343152 ,-123 ,0 ,0.273193359375 ,-0.009033203125 ,0.961181640625 ,0.0374755859375
27.0737 ,8343062 ,-123 ,0 ,0.263671875 ,-0.00592041015625 ,0.9638671875 ,0.0371704101562
27.0852 ,8343062 ,-123 ,-1 ,0.2216796875 ,0.004150390625 ,0.973999023438 ,0.0468139648438
27.1004 ,8342072 ,-123 ,-1 ,0.203002929688 ,0.009521484375 ,0.977783203125 ,0.0509643554688
27.1129 ,8343041 ,-123 ,-1 ,0.190185546875 ,0.0148315429688 ,0.980163574219 ,0.0531005859375
27.1245 ,8343207 ,-123 ,-1 ,0.182312011719 ,0.02001953125 ,0.981506347656 ,0.0548095703125
27.1352 ,8344200 ,-123 ,-2 ,0.1767578125 ,0.0245971679688 ,0.982299804688 ,0.0572509765625
27.1461 ,8343861 ,-123 ,-2 ,0.162170410156 ,0.031005859375 ,0.984069824219 ,0.06640625
27.1631 ,8344273 ,-123 ,-3 ,0.15087890625 ,0.0328979492188 ,0.985473632812 ,0.071044921875
27.1738 ,8344750 ,-123 ,-3 ,0.1396484375 ,0.0345458984375 ,0.98681640625 ,0.073974609375
27.1847 ,8345467 ,-123 ,-3 ,0.130554199219 ,0.0355834960938 ,0.987915039062 ,0.0757446289062
27.1957 ,8346183 ,-123 ,-4 ,0.116882324219 ,0.03466796875 ,0.989379882812 ,0.0789794921875
27.2132 ,8347557 ,-124 ,-4 ,0.108947753906 ,0.032958984375 ,0.990234375 ,0.0807495117188
27.225 ,8346958 ,-124 ,-5 ,0.0982666015625 ,0.0315551757812 ,0.991271972656 ,0.0819091796875
27.2357 ,8348186 ,-124 ,-5 ,0.0697631835938 ,0.0277709960938 ,0.99365234375 ,0.0836791992188
27.2503 ,8349879 ,-124 ,-5 ,0.052734375 ,0.0250854492188 ,0.994567871094 ,0.086181640625
27.2652 ,8351401 ,-124 ,-6 ,0.0355834960938 ,0.022216796875 ,0.995178222656 ,0.0886840820312
27.2763 ,8351470 ,-124 ,-6 ,0.0064697265625 ,0.0172119140625 ,0.995300292969 ,0.0949096679688
27.2909 ,8352484 ,-124 ,-6 ,-0.00299072265625 ,0.0146484375 ,0.995056152344 ,0.0984497070312
27.3015 ,8352539 ,-124 ,-6 ,-0.00958251953125 ,0.0109252929688 ,0.994689941406 ,0.102111816406
27.313 ,8352031 ,-124 ,-6 ,-0.0150756835938 ,0.00714111328125 ,0.994262695312 ,0.105773925781
27.3239 ,8352256 ,-124 ,-6 ,-0.0205078125 ,0.0048828125 ,0.993713378906 ,0.109985351562
27.3346 ,8352782 ,-124 ,-6 ,-0.0257568359375 ,0.001708984375 ,0.993103027344 ,0.114135742188
27.3455 ,8352584 ,-124 ,-6 ,-0.03076171875 ,-0.001708984375 ,0.992431640625 ,0.11865234375
27.3567 ,8351972 ,-124 ,-6 ,-0.03759765625 ,-0.00787353515625 ,0.991027832031 ,0.127990722656
27.3705 ,8351775 ,-124 ,-6 ,-0.0372924804688 ,-0.0115356445312 ,0.990478515625 ,0.132019042969
27.3815 ,8351747 ,-124 ,-6 ,-0.0348510742188 ,-0.0157470703125 ,0.989990234375 ,0.135986328125
27.3925 ,8351657 ,-124 ,-6 ,-0.0304565429688 ,-0.021728515625 ,0.989624023438 ,0.138793945312
27.4046 ,8351308 ,-124 ,-6 ,-0.0253295898438 ,-0.0274047851562 ,0.989379882812 ,0.140502929688
27.4166 ,8349501 ,-124 ,-6 ,-0.0149536132812 ,-0.0352783203125 ,0.9892578125 ,0.140991210938
27.4307 ,8348370 ,-123 ,-7 ,-0.008056640625 ,-0.0388793945312 ,0.98974609375 ,0.137023925781
27.4416 ,8348647 ,-123 ,-7 ,0.00244140625 ,-0.0421752929688 ,0.990783691406 ,0.128540039062
27.4527 ,8347695 ,-123 ,-7 ,0.0169067382812 ,-0.0437622070312 ,0.991821289062 ,0.118835449219
27.4638 ,8346740 ,-123 ,-6 ,0.0323486328125 ,-0.0447387695312 ,0.992309570312 ,0.110961914062
27.4748 ,8347100 ,-122 ,-6 ,0.0460815429688 ,-0.0443115234375 ,0.992370605469 ,0.105712890625
27.4854 ,8346121 ,-122 ,-6 ,0.05712890625 ,-0.0419311523438 ,0.992553710938 ,0.09912109375
27.4963 ,8346079 ,-122 ,-6 ,0.0696411132812 ,-0.0387573242188 ,0.992736816406 ,0.09033203125
27.5132 ,8343318 ,-122 ,-5 ,0.0728149414062 ,-0.0379028320312 ,0.992309570312 ,0.0924682617188
27.5244 ,8343467 ,-122 ,-5 ,0.0771484375 ,-0.0358276367188 ,0.991821289062 ,0.095458984375
27.5352 ,8342204 ,-122 ,-5 ,0.100280761719 ,-0.0365600585938 ,0.989074707031 ,0.101928710938
27.5508 ,8343854 ,-122 ,-5 ,0.118591308594 ,-0.0398559570312 ,0.986694335938 ,0.103820800781
27.5635 ,8344273 ,-122 ,-5 ,0.135559082031 ,-0.0423583984375 ,0.984313964844 ,0.104431152344
27.5748 ,8343761 ,-122 ,-5 ,0.14599609375 ,-0.0429077148438 ,0.982971191406 ,0.10302734375
27.586 ,8343318 ,-122 ,-5 ,0.148681640625 ,-0.0364379882812 ,0.983459472656 ,0.0964965820312
27.601 ,8341955 ,-122 ,-5 ,0.147399902344 ,-0.032470703125 ,0.983825683594 ,0.096435546875
27.6131 ,8341702 ,-122 ,-6 ,0.150451660156 ,-0.0304565429688 ,0.9833984375 ,0.0967407226562
27.6246 ,8341871 ,-122 ,-6 ,0.1591796875 ,-0.0292358398438 ,0.982055664062 ,0.0966796875
27.6357 ,8342809 ,-122 ,-6 ,0.188537597656 ,-0.0317993164062 ,0.976745605469 ,0.0968627929688
27.6506 ,8342442 ,-122 ,-7 ,0.202026367188 ,-0.03515625 ,0.973876953125 ,0.0977172851562
27.663 ,8342442 ,-122 ,-7 ,0.209167480469 ,-0.0380859375 ,0.972106933594 ,0.0989990234375
27.6757 ,8343283 ,-122 ,-8 ,0.204772949219 ,-0.0343017578125 ,0.972961425781 ,0.101379394531
27.6908 ,8342747 ,-123 ,-10 ,0.200439453125 ,-0.0322875976562 ,0.973876953125 ,0.101867675781
27.7013 ,8341740 ,-123 ,-10 ,0.200012207031 ,-0.0326538085938 ,0.973876953125 ,0.102600097656
27.713 ,8342432 ,-123 ,-10 ,0.203857421875 ,-0.0335693359375 ,0.972961425781 ,0.103332519531
27.7248 ,8342432 ,-123 ,-10 ,0.210205078125 ,-0.0332641601562 ,0.9716796875 ,0.102783203125
27.736 ,8343107 ,-123 ,-10 ,0.219970703125 ,-0.0303344726562 ,0.969909667969 ,0.099853515625
27.7506 ,8342314 ,-123 ,-1 ,0.22021484375 ,-0.0303955078125 ,0.969787597656 ,0.100646972656
27.7641 ,8342730 ,-123 ,-1 ,0.217590332031 ,-0.0322875976562 ,0.9697265625 ,0.105895996094
27.7749 ,8343269 ,-123 ,-1 ,0.21484375 ,-0.0325317382812 ,0.970336914062 ,0.105712890625
27.7862 ,8341574 ,-123 ,-1 ,0.217529296875 ,-0.0308227539062 ,0.969909667969 ,0.104797363281
27.8002 ,8343401 ,-123 ,-1 ,0.22216796875 ,-0.0296020507812 ,0.968933105469 ,0.104431152344
27.8139 ,8342657 ,-123 ,-1 ,0.225891113281 ,-0.029296875 ,0.967468261719 ,0.109802246094
27.8251 ,8343301 ,-124 ,-1 ,0.227722167969 ,-0.0275268554688 ,0.967163085938 ,0.109619140625
27.837 ,8343688 ,-124 ,-10 ,0.226379394531 ,-0.0254516601562 ,0.967468261719 ,0.109802246094
27.8504 ,8343055 ,-124 ,-10 ,0.2255859375 ,-0.0252075195312 ,0.967712402344 ,0.109802246094
27.8642 ,8343020 ,-124 ,-11 ,0.2255859375 ,-0.026123046875 ,0.967102050781 ,0.114929199219
27.8756 ,8343301 ,-124 ,-11 ,0.227783203125 ,-0.024169921875 ,0.966735839844 ,0.113952636719
27.8906 ,8343657 ,-124 ,-11 ,0.228942871094 ,-0.0230102539062 ,0.966491699219 ,0.11376953125
27.9012 ,8344218 ,-124 ,-11 ,0.229858398438 ,-0.0222778320312 ,0.96630859375 ,0.113708496094
27.9142 ,8343557 ,-124 ,-11 ,0.231018066406 ,-0.0228271484375 ,0.965576171875 ,0.117309570312
27.9255 ,8344314 ,-124 ,-11 ,0.23583984375 ,-0.0223999023438 ,0.964416503906 ,0.1171875
27.9407 ,8344442 ,-124 ,-12 ,0.240234375 ,-0.0226440429688 ,0.96337890625 ,0.116882324219
27.952 ,8344968 ,-124 ,-12 ,0.245727539062 ,-0.0234985351562 ,0.962036132812 ,0.116516113281
27.9644 ,8344775 ,-124 ,-12 ,0.251403808594 ,-0.0255737304688 ,0.960083007812 ,0.1201171875
27.9759 ,8345660 ,-124 ,-12 ,0.259399414062 ,-0.028076171875 ,0.95751953125 ,0.123107910156
27.9912 ,8346474 ,-124 ,-12 ,0.259948730469 ,-0.029541015625 ,0.957214355469 ,0.123718261719
28.0027 ,8346667 ,-124 ,-11 ,0.258056640625 ,-0.03173828125 ,0.95751953125 ,0.124633789062
28.0145 ,8347397 ,-124 ,-10 ,0.254089355469 ,-0.0354614257812 ,0.957824707031 ,0.129333496094
28.0265 ,8348709 ,-123 ,-10 ,0.24658203125 ,-0.0419921875 ,0.959411621094 ,0.130310058594
28.0408 ,8347986 ,-123 ,-8 ,0.245361328125 ,-0.0459594726562 ,0.959594726562 ,0.129943847656
28.0523 ,8348979 ,-123 ,-7 ,0.247497558594 ,-0.0518798828125 ,0.958984375 ,0.128051757812
28.0646 ,8349449 ,-123 ,-5 ,0.252502441406 ,-0.0592651367188 ,0.95703125 ,0.129638671875
28.0766 ,8351079 ,-123 ,-2 ,0.265441894531 ,-0.0693969726562 ,0.953979492188 ,0.12109375
28.0912 ,8352785 ,-123 ,1 ,0.269592285156 ,-0.0734252929688 ,0.952941894531 ,0.117736816406
28.1022 ,8352297 ,-123 ,3 ,0.270751953125 ,-0.075439453125 ,0.952758789062 ,0.114990234375
28.1145 ,8354290 ,-123 ,5 ,0.268798828125 ,-0.0745849609375 ,0.953674316406 ,0.11279296875
28.126 ,8354405 ,-123 ,6 ,0.259338378906 ,-0.0718994140625 ,0.956604003906 ,0.111511230469
28.1407 ,8355003 ,-123 ,7 ,0.254516601562 ,-0.069580078125 ,0.9580078125 ,0.112060546875
28.1553 ,8355190 ,-124 ,7 ,0.250610351562 ,-0.0665893554688 ,0.959289550781 ,0.111999511719
28.1663 ,8355903 ,-124 ,7 ,0.243774414062 ,-0.0595092773438 ,0.96044921875 ,0.120544433594
28.1811 ,8355944 ,-124 ,6 ,0.239379882812 ,-0.0562744140625 ,0.961242675781 ,0.124694824219
28.1922 ,8354017 ,-124 ,6 ,0.234313964844 ,-0.0537109375 ,0.962036132812 ,0.129272460938
28.2032 ,8353245 ,-124 ,6 ,0.229431152344 ,-0.0523071289062 ,0.962524414062 ,0.134826660156
28.2144 ,8349128 ,-124 ,5 ,0.224853515625 ,-0.0521850585938 ,0.962341308594 ,0.1435546875
28.2259 ,8348242 ,-124 ,5 ,0.217041015625 ,-0.0515747070312 ,0.962707519531 ,0.152893066406
28.2407 ,8346384 ,-124 ,4 ,0.213928222656 ,-0.0508422851562 ,0.962829589844 ,0.157043457031
28.2517 ,8344830 ,-124 ,4 ,0.211975097656 ,-0.049560546875 ,0.962646484375 ,0.160949707031
28.2642 ,8343020 ,-125 ,3 ,0.211364746094 ,-0.0484619140625 ,0.961791992188 ,0.167175292969
28.2749 ,8343588 ,-125 ,3 ,0.216491699219 ,-0.0462036132812 ,0.960083007812 ,0.1708984375
28.291 ,8343249 ,-125 ,2 ,0.221130371094 ,-0.0473022460938 ,0.958801269531 ,0.171752929688
28.3022 ,8343162 ,-125 ,2 ,0.225463867188 ,-0.049560546875 ,0.957824707031 ,0.171020507812
28.3139 ,8343581 ,-125 ,1 ,0.226501464844 ,-0.050048828125 ,0.957702636719 ,0.170349121094
28.3255 ,8342754 ,-125 ,1 ,0.209228515625 ,-0.0382690429688 ,0.962890625 ,0.166076660156
28.3403 ,8342387 ,-125 ,0 ,0.193786621094 ,-0.02880859375 ,0.966613769531 ,0.165283203125
28.351 ,8343010 ,-125 ,0 ,0.179077148438 ,-0.0208740234375 ,0.969604492188 ,0.165466308594
28.3639 ,8342390 ,-125 ,0 ,0.168151855469 ,-0.0160522460938 ,0.97119140625 ,0.168151855469
28.3748 ,8342702 ,-125 ,0 ,0.161560058594 ,-0.0116577148438 ,0.972290039062 ,0.168579101562
28.3857 ,8342826 ,-125 ,-1 ,0.153076171875 ,-0.0009765625 ,0.973937988281 ,0.167419433594
28.4003 ,8344297 ,-125 ,-1 ,0.145935058594 ,0.00396728515625 ,0.97509765625 ,0.167114257812
28.4137 ,8344339 ,-125 ,-2 ,0.134094238281 ,0.008544921875 ,0.976318359375 ,0.169494628906
28.426 ,8344761 ,-125 ,-2 ,0.105102539062 ,0.0193481445312 ,0.979858398438 ,0.168701171875
28.4401 ,8346311 ,-125 ,-2 ,0.0933227539062 ,0.02392578125 ,0.981140136719 ,0.167419433594
28.4509 ,8347858 ,-125 ,-3 ,0.0836791992188 ,0.0249633789062 ,0.981994628906 ,0.167358398438
28.4637 ,8349190 ,-124 ,-3 ,0.0752563476562 ,0.0224609375 ,0.982543945312 ,0.168518066406
28.4745 ,8349664 ,-124 ,-3 ,0.065673828125 ,0.0206909179688 ,0.983459472656 ,0.167419433594
28.4853 ,8351003 ,-124 ,-3 ,0.0527954101562 ,0.0208129882812 ,0.984191894531 ,0.167785644531
28.4961 ,8353263 ,-124 ,-4 ,0.0159301757812 ,0.0216674804688 ,0.985290527344 ,0.168701171875
28.5126 ,8354100 ,-124 ,-4 ,-0.00494384765625 ,0.0238037109375 ,0.985046386719 ,0.170532226562
28.5237 ,8355972 ,-124 ,-4 ,-0.0241088867188 ,0.0258178710938 ,0.984558105469 ,0.171630859375
28.5354 ,8357671 ,-124 ,-5 ,-0.0507202148438 ,0.02783203125 ,0.983215332031 ,0.172973632812
28.5507 ,8358325 ,-124 ,-5 ,-0.058837890625 ,0.027099609375 ,0.982727050781 ,0.173461914062
28.5629 ,8358761 ,-124 ,-5 ,-0.067138671875 ,0.0262451171875 ,0.981994628906 ,0.174560546875
28.5747 ,8358463 ,-124 ,-5 ,-0.0777587890625 ,0.0250244140625 ,0.98095703125 ,0.176147460938
28.5859 ,8357854 ,-124 ,-6 ,-0.101928710938 ,0.02392578125 ,0.977661132812 ,0.182250976562
28.6005 ,8357034 ,-124 ,-6 ,-0.109008789062 ,0.022705078125 ,0.976257324219 ,0.185974121094
28.6132 ,8355972 ,-123 ,-6 ,-0.109191894531 ,0.0205688476562 ,0.975524902344 ,0.189575195312
28.6248 ,8356097 ,-123 ,-6 ,-0.103271484375 ,0.0174560546875 ,0.9755859375 ,0.193115234375
28.6359 ,8354792 ,-123 ,-6 ,-0.0882568359375 ,0.0089111328125 ,0.975708007812 ,0.200378417969
28.6505 ,8352775 ,-123 ,-6 ,-0.0853271484375 ,0.00469970703125 ,0.975158691406 ,0.204345703125
28.6628 ,8351930 ,-123 ,-5 ,-0.0860595703125 ,0.00048828125 ,0.97412109375 ,0.208984375
28.674 ,8351252 ,-123 ,-5 ,-0.0882568359375 ,-0.00408935546875 ,0.972839355469 ,0.213806152344
28.6849 ,8350785 ,-123 ,-5 ,-0.0883178710938 ,-0.0108642578125 ,0.971923828125 ,0.217834472656
28.6962 ,8349647 ,-123 ,-6 ,-0.0728759765625 ,-0.0241088867188 ,0.972290039062 ,0.220825195312
28.713 ,8347463 ,-123 ,-7 ,-0.0579833984375 ,-0.0281982421875 ,0.974243164062 ,0.216186523438
28.7245 ,8347394 ,-123 ,-6 ,-0.0397338867188 ,-0.032470703125 ,0.97705078125 ,0.206787109375
28.7359 ,8345927 ,-123 ,-6 ,0.0 ,-0.0364379882812 ,0.981811523438 ,0.186218261719
28.7506 ,8344833 ,-124 ,-6 ,0.0133056640625 ,-0.0381469726562 ,0.982299804688 ,0.182983398438
28.7629 ,8344079 ,-124 ,-5 ,0.0231323242188 ,-0.0370483398438 ,0.983520507812 ,0.175354003906
28.7751 ,8343159 ,-123 ,-4 ,0.0320434570312 ,-0.0332641601562 ,0.984619140625 ,0.168518066406
28.7864 ,8343159 ,-123 ,-4 ,0.0576782226562 ,-0.0357055664062 ,0.984191894531 ,0.16357421875
28.8002 ,8343332 ,-123 ,-3 ,0.0706787109375 ,-0.042236328125 ,0.983093261719 ,0.163391113281
28.8127 ,8344228 ,-123 ,-2 ,0.079345703125 ,-0.046875 ,0.98193359375 ,0.165100097656
28.8238 ,8342882 ,-123 ,-2 ,0.0805053710938 ,-0.0477294921875 ,0.981262207031 ,0.168273925781
28.8358 ,8342131 ,-123 ,-2 ,0.072998046875 ,-0.0454711914062 ,0.981994628906 ,0.168273925781
28.8505 ,8341629 ,-123 ,-2 ,0.0743408203125 ,-0.0436401367188 ,0.982177734375 ,0.167053222656
28.8634 ,8341754 ,-123 ,-2 ,0.0821533203125 ,-0.044189453125 ,0.981689453125 ,0.166015625
28.8747 ,8342041 ,-124 ,-2 ,0.0946655273438 ,-0.0458374023438 ,0.980712890625 ,0.164794921875
28.886 ,8341906 ,-124 ,-3 ,0.121032714844 ,-0.0473022460938 ,0.979064941406 ,0.156616210938
28.9009 ,8341259 ,-124 ,-3 ,0.130126953125 ,-0.0468139648438 ,0.978759765625 ,0.151489257812
28.9125 ,8342038 ,-124 ,-4 ,0.136596679688 ,-0.0465087890625 ,0.978576660156 ,0.14697265625
28.9233 ,8342377 ,-124 ,-1 ,0.140930175781 ,-0.046630859375 ,0.978271484375 ,0.14453125
28.9347 ,8341823 ,-124 ,-1 ,0.152954101562 ,-0.0469970703125 ,0.976745605469 ,0.142883300781
28.9504 ,8342446 ,-124 ,-4 ,0.162109375 ,-0.0470581054688 ,0.975463867188 ,0.141540527344
28.9629 ,8341958 ,-124 ,-4 ,0.172302246094 ,-0.047607421875 ,0.973876953125 ,0.140197753906
28.9738 ,8341539 ,-124 ,-5 ,0.18212890625 ,-0.0487060546875 ,0.972045898438 ,0.139770507812
28.9848 ,8341685 ,-124 ,-5 ,0.189392089844 ,-0.0497436523438 ,0.970581054688 ,0.139953613281
28.9955 ,8341608 ,-124 ,-5 ,0.19140625 ,-0.0486450195312 ,0.970275878906 ,0.139831542969
29.0124 ,8341847 ,-124 ,-5 ,0.187927246094 ,-0.0467529296875 ,0.97119140625 ,0.139099121094
29.0232 ,8342086 ,-125 ,-7 ,0.182922363281 ,-0.044921875 ,0.972290039062 ,0.138305664062
29.0338 ,8342252 ,-125 ,-7 ,0.17724609375 ,-0.04296875 ,0.973510742188 ,0.137878417969
29.0452 ,8342418 ,-125 ,-1 ,0.172119140625 ,-0.041015625 ,0.974548339844 ,0.137817382812
29.0563 ,8342692 ,-125 ,-7 ,0.164245605469 ,-0.0380249023438 ,0.976013183594 ,0.137878417969
29.0699 ,8342543 ,-125 ,-7 ,0.161743164062 ,-0.037109375 ,0.976379394531 ,0.138244628906
29.0812 ,8341868 ,-125 ,-7 ,0.159423828125 ,-0.0361328125 ,0.976806640625 ,0.138244628906
29.092 ,8342674 ,-125 ,-7 ,0.156616210938 ,-0.03466796875 ,0.977355957031 ,0.137878417969
29.1032 ,8342716 ,-125 ,-1 ,0.154357910156 ,-0.0327758789062 ,0.977844238281 ,0.137634277344
29.1148 ,8343065 ,-125 ,-8 ,0.153625488281 ,-0.0308227539062 ,0.978088378906 ,0.137023925781
29.126 ,8341723 ,-125 ,-8 ,0.159240722656 ,-0.0288696289062 ,0.977600097656 ,0.134643554688
29.1403 ,8342356 ,-125 ,-9 ,0.165588378906 ,-0.029052734375 ,0.976745605469 ,0.1328125
29.1514 ,8342276 ,-125 ,-9 ,0.172790527344 ,-0.0303344726562 ,0.975646972656 ,0.131774902344
29.1639 ,8342411 ,-125 ,-9 ,0.179992675781 ,-0.031494140625 ,0.974670410156 ,0.128967285156
29.1755 ,8342899 ,-125 ,-10 ,0.191345214844 ,-0.0333862304688 ,0.972290039062 ,0.1298828125
29.1902 ,8343619 ,-125 ,-10 ,0.195251464844 ,-0.0327758789062 ,0.971435546875 ,0.130859375
29.201 ,8342937 ,-125 ,-10 ,0.198120117188 ,-0.03125 ,0.970703125 ,0.132263183594
29.2137 ,8343771 ,-125 ,-1 ,0.199584960938 ,-0.0291137695312 ,0.970520019531 ,0.131896972656
29.225 ,8343307 ,-124 ,-11 ,0.19970703125 ,-0.028564453125 ,0.970153808594 ,0.134704589844
29.2363 ,8343038 ,-124 ,-11 ,0.198303222656 ,-0.0311889648438 ,0.969909667969 ,0.137939453125
29.2499 ,8343802 ,-124 ,-11 ,0.197265625 ,-0.0323486328125 ,0.969909667969 ,0.139038085938
29.2636 ,8344609 ,-124 ,-10 ,0.196533203125 ,-0.03271484375 ,0.970275878906 ,0.137512207031
29.2749 ,8345678 ,-124 ,-10 ,0.195922851562 ,-0.0341796875 ,0.970153808594 ,0.138671875
29.2859 ,8345553 ,-124 ,-10 ,0.195190429688 ,-0.0372924804688 ,0.970153808594 ,0.138793945312
29.3001 ,8344705 ,-124 ,-10 ,0.191711425781 ,-0.0387573242188 ,0.971069335938 ,0.136962890625
29.3196 ,8346325 ,-124 ,-10 ,0.188598632812 ,-0.0401000976562 ,0.9716796875 ,0.136352539062
29.3303 ,8347314 ,-124 ,-10 ,0.184509277344 ,-0.0425415039062 ,0.972412109375 ,0.136474609375
29.3409 ,8349038 ,-124 ,-10 ,0.179626464844 ,-0.0448608398438 ,0.973022460938 ,0.137756347656
29.3519 ,8349550 ,-124 ,-10 ,0.174133300781 ,-0.0468139648438 ,0.973693847656 ,0.139221191406
29.3635 ,8349432 ,-124 ,-9 ,0.168762207031 ,-0.04833984375 ,0.974731445312 ,0.138061523438
29.3746 ,8350546 ,-125 ,-9 ,0.163757324219 ,-0.0501098632812 ,0.975219726562 ,0.140075683594
29.3854 ,8349640 ,-125 ,-9 ,0.156433105469 ,-0.0525512695312 ,0.975463867188 ,0.145629882812
29.3999 ,8350429 ,-125 ,-9 ,0.153625488281 ,-0.0535888671875 ,0.975402832031 ,0.148864746094
29.4136 ,8351245 ,-125 ,-9 ,0.150756835938 ,-0.053955078125 ,0.975402832031 ,0.151672363281
29.425 ,8351190 ,-125 ,-9 ,0.147094726562 ,-0.05419921875 ,0.975158691406 ,0.156555175781
29.4355 ,8351086 ,-125 ,-9 ,0.136291503906 ,-0.0545043945312 ,0.974609375 ,0.169067382812
29.4501 ,8351813 ,-125 ,-9 ,0.129272460938 ,-0.05419921875 ,0.974304199219 ,0.176147460938
29.4637 ,8352823 ,-125 ,-9 ,0.121826171875 ,-0.053466796875 ,0.974304199219 ,0.181640625
29.4752 ,8352754 ,-125 ,-9 ,0.108215332031 ,-0.0521240234375 ,0.973388671875 ,0.195190429688
29.4898 ,8353166 ,-125 ,-9 ,0.10302734375 ,-0.0513916015625 ,0.972839355469 ,0.200866699219
29.5004 ,8353730 ,-125 ,-9 ,0.098876953125 ,-0.0507202148438 ,0.972229003906 ,0.205871582031
29.5136 ,8354685 ,-125 ,-9 ,0.0956420898438 ,-0.0496215820312 ,0.972106933594 ,0.208312988281
29.5247 ,8354536 ,-125 ,-9 ,0.0928344726562 ,-0.0484008789062 ,0.971435546875 ,0.212829589844
29.5355 ,8355114 ,-125 ,-9 ,0.0869140625 ,-0.0462646484375 ,0.970642089844 ,0.219543457031
29.5513 ,8356716 ,-125 ,-9 ,0.0828857421875 ,-0.0444946289062 ,0.970275878906 ,0.222961425781
29.5639 ,8357218 ,-125 ,-9 ,0.0779418945312 ,-0.0424194335938 ,0.970581054688 ,0.223815917969
29.5752 ,8357228 ,-125 ,-9 ,0.0670166015625 ,-0.0388793945312 ,0.970031738281 ,0.230224609375
29.59 ,8358145 ,-124 ,-9 ,0.0625610351562 ,-0.0375366210938 ,0.969970703125 ,0.232116699219
29.6008 ,8358346 ,-124 ,-9 ,0.059326171875 ,-0.03662109375 ,0.969970703125 ,0.233093261719
29.6133 ,8357114 ,-124 ,-9 ,0.0575561523438 ,-0.0358276367188 ,0.970581054688 ,0.230895996094
29.6248 ,8357647 ,-124 ,-9 ,0.0570068359375 ,-0.0354614257812 ,0.970764160156 ,0.23046875
29.636 ,8357446 ,-124 ,-9 ,0.0584716796875 ,-0.0343627929688 ,0.971252441406 ,0.228088378906
29.6498 ,8357581 ,-124 ,-9 ,0.05908203125 ,-0.0333251953125 ,0.971557617188 ,0.226928710938
29.6635 ,8357256 ,-124 ,-9 ,0.0592651367188 ,-0.0322265625 ,0.972473144531 ,0.222900390625
29.6745 ,8356460 ,-124 ,-9 ,0.05908203125 ,-0.0316162109375 ,0.972595214844 ,0.222778320312
29.6854 ,8356204 ,-124 ,-9 ,0.0590209960938 ,-0.0308837890625 ,0.972473144531 ,0.223205566406
29.6998 ,8356062 ,-124 ,-10 ,0.0587768554688 ,-0.0310668945312 ,0.972412109375 ,0.223693847656
29.7134 ,8356301 ,-124 ,-10 ,0.058349609375 ,-0.0306396484375 ,0.972961425781 ,0.221374511719
29.7237 ,8356273 ,-124 ,-10 ,0.0577392578125 ,-0.0302734375 ,0.972839355469 ,0.22216796875
29.7346 ,8355764 ,-124 ,-10 ,0.0576171875 ,-0.0300903320312 ,0.972595214844 ,0.22314453125
29.7454 ,8355546 ,-124 ,-10 ,0.0584716796875 ,-0.0302124023438 ,0.972229003906 ,0.224548339844
29.7635 ,8355387 ,-124 ,-1 ,0.059326171875 ,-0.0302124023438 ,0.972717285156 ,0.222229003906
29.7755 ,8355273 ,-124 ,-1 ,0.0608520507812 ,-0.0301513671875 ,0.97265625 ,0.221984863281
29.7899 ,8355851 ,-124 ,-1 ,0.0609741210938 ,-0.0298461914062 ,0.97265625 ,0.22216796875
29.8005 ,8355450 ,-124 ,-1 ,0.060546875 ,-0.0294799804688 ,0.972595214844 ,0.22265625
29.8135 ,8354581 ,-124 ,-1 ,0.0599975585938 ,-0.02880859375 ,0.97314453125 ,0.220397949219
29.8246 ,8354678 ,-124 ,-10 ,0.0693969726562 ,-0.0103759765625 ,0.977172851562 ,0.200500488281
30.5998 ,8353657 ,-124 ,-10 ,0.0691528320312 ,-0.0104370117188 ,0.977294921875 ,0.200134277344
30.6131 ,8353761 ,-124 ,-10 ,0.0685424804688 ,-0.0103149414062 ,0.977844238281 ,0.197448730469
30.6239 ,8353553 ,-124 ,-10 ,0.0675048828125 ,-0.0103149414062 ,0.97802734375 ,0.196960449219
30.6347 ,8354114 ,-124 ,-1 ,0.0661010742188 ,-0.0101928710938 ,0.978210449219 ,0.196533203125
30.6452 ,8353712 ,-124 ,-1 ,0.0635986328125 ,-0.0100708007812 ,0.978576660156 ,0.195495605469
30.6631 ,8353847 ,-124 ,-1 ,0.06298828125 ,-0.00994873046875 ,0.97900390625 ,0.193603515625
30.6744 ,8354706 ,-124 ,-1 ,0.0626831054688 ,-0.0098876953125 ,0.979125976562 ,0.193115234375
30.6853 ,8354892 ,-124 ,-1 ,0.0624389648438 ,-0.0098876953125 ,0.979248046875 ,0.192565917969
30.7 ,8354287 ,-124 ,-1 ,0.062255859375 ,-0.0098876953125 ,0.979309082031 ,0.192321777344
30.7139 ,8354754 ,-124 ,-1 ,0.0618896484375 ,-0.00970458984375 ,0.979675292969 ,0.190612792969
30.7256 ,8354128 ,-124 ,-1 ,0.0606079101562 ,-0.009521484375 ,0.979919433594 ,0.189880371094
30.7405 ,8354294 ,-124 ,-1 ,0.058837890625 ,-0.00531005859375 ,0.980041503906 ,0.189697265625
30.751 ,8355301 ,-124 ,-1 ,0.0579833984375 ,-0.00225830078125 ,0.980163574219 ,0.189392089844
30.7646 ,8355301 ,-124 ,-1 ,0.056884765625 ,0.00335693359375 ,0.980712890625 ,0.187072753906
30.7823 ,8355332 ,-124 ,-1 ,0.0562744140625 ,0.0054931640625 ,0.980834960938 ,0.186401367188
30.7931 ,8354183 ,-124 ,-1 ,0.0554809570312 ,0.0074462890625 ,0.981018066406 ,0.185668945312
30.8039 ,8354335 ,-124 ,-1 ,0.05419921875 ,0.009765625 ,0.981201171875 ,0.184814453125
30.8149 ,8354086 ,-124 ,-1 ,0.0534057617188 ,0.0101318359375 ,0.981750488281 ,0.182067871094
30.8299 ,8354844 ,-124 ,-1 ,0.0532836914062 ,0.0103149414062 ,0.98193359375 ,0.18115234375
30.8409 ,8354484 ,-124 ,-1 ,0.0531616210938 ,0.010498046875 ,0.982116699219 ,0.180297851562
30.8523 ,8354571 ,-124 ,-1 ,0.0525512695312 ,0.0120239257812 ,0.982299804688 ,0.179504394531
30.8641 ,8354328 ,-124 ,-1 ,0.0515747070312 ,0.013671875 ,0.982666015625 ,0.177551269531
30.8751 ,8354387 ,-124 ,-1 ,0.049560546875 ,0.0162963867188 ,0.982971191406 ,0.17626953125
30.8907 ,8354712 ,-124 ,-1 ,0.0487060546875 ,0.0173950195312 ,0.983093261719 ,0.175659179688
30.9015 ,8354484 ,-124 ,-1 ,0.0481567382812 ,0.018310546875 ,0.983215332031 ,0.175109863281
30.9145 ,8354512 ,-124 ,-1 ,0.0476684570312 ,0.0194091796875 ,0.983764648438 ,0.171936035156
30.9264 ,8354114 ,-124 ,-1 ,0.04736328125 ,0.02099609375 ,0.98388671875 ,0.171020507812
30.9401 ,8354854 ,-124 ,-1 ,0.0474853515625 ,0.021728515625 ,0.983947753906 ,0.170532226562
30.9507 ,8353896 ,-124 ,-1 ,0.0477294921875 ,0.0225830078125 ,0.984008789062 ,0.170043945312
30.9638 ,8353861 ,-124 ,-1 ,0.0479736328125 ,0.0234375 ,0.984558105469 ,0.166809082031
30.9747 ,8354270 ,-124 ,-1 ,0.048095703125 ,0.0247192382812 ,0.984680175781 ,0.165832519531
30.9901 ,8353671 ,-124 ,-1 ,0.0479736328125 ,0.025390625 ,0.984741210938 ,0.165344238281
31.0014 ,8354142 ,-124 ,-1 ,0.0479125976562 ,0.0258178710938 ,0.984802246094 ,0.164855957031
31.014 ,8353328 ,-124 ,-1 ,0.0479736328125 ,0.026123046875 ,0.985229492188 ,0.162353515625
31.0253 ,8354148 ,-124 ,-1 ,0.048095703125 ,0.0265502929688 ,0.9853515625 ,0.161437988281
31.0404 ,8353951 ,-124 ,-1 ,0.0481567382812 ,0.0266723632812 ,0.985412597656 ,0.161010742188
31.0513 ,8353598 ,-124 ,-1 ,0.048095703125 ,0.0269165039062 ,0.985473632812 ,0.16064453125
31.0637 ,8353567 ,-124 ,-1 ,0.0480346679688 ,0.0272827148438 ,0.985900878906 ,0.158020019531
31.0746 ,8353353 ,-124 ,-1 ,0.0481567382812 ,0.0274047851562 ,0.985961914062 ,0.157653808594
31.0854 ,8353751 ,-124 ,-1 ,0.0485229492188 ,0.0277709960938 ,0.986022949219 ,0.156982421875
31.1007 ,8353533 ,-124 ,-1 ,0.0486450195312 ,0.0278930664062 ,0.986083984375 ,0.156616210938
31.1129 ,8353052 ,-124 ,-1 ,0.0487060546875 ,0.028076171875 ,0.986083984375 ,0.156311035156
31.1238 ,8353654 ,-124 ,-1 ,0.0487060546875 ,0.0282592773438 ,0.986145019531 ,0.156005859375
31.135 ,8353498 ,-124 ,-1 ,0.0488891601562 ,0.028564453125 ,0.986206054688 ,0.155456542969
31.1493 ,8352972 ,-124 ,-1 ,0.0488891601562 ,0.0286865234375 ,0.986267089844 ,0.155212402344
31.1636 ,8353339 ,-124 ,-1 ,0.0488891601562 ,0.02880859375 ,0.986511230469 ,0.1533203125
31.1749 ,8353761 ,-124 ,-1 ,0.0488891601562 ,0.0289306640625 ,0.986633300781 ,0.15283203125
31.1903 ,8353394 ,-124 ,-1 ,0.0490112304688 ,0.0291137695312 ,0.986633300781 ,0.152587890625
31.2007 ,8353124 ,-124 ,-1 ,0.0492553710938 ,0.0291748046875 ,0.986633300781 ,0.152404785156
31.2142 ,8352927 ,-124 ,-1 ,0.0493774414062 ,0.029296875 ,0.986694335938 ,0.152221679688
31.2262 ,8353467 ,-124 ,-1 ,0.0491943359375 ,0.029296875 ,0.986694335938 ,0.152160644531
31.2389 ,8353346 ,-124 ,-1 ,0.0491333007812 ,0.029296875 ,0.986694335938 ,0.152160644531
31.2501 ,8353737 ,-124 ,-1 ,0.049072265625 ,0.0294189453125 ,0.986694335938 ,0.152160644531
31.2637 ,8353982 ,-124 ,-1 ,0.0491943359375 ,0.0296020507812 ,0.986938476562 ,0.150512695312
31.275 ,8353671 ,-124 ,-1 ,0.0496826171875 ,0.0296630859375 ,0.986877441406 ,0.150939941406
31.2958 ,8353100 ,-124 ,-1 ,0.0497436523438 ,0.0297241210938 ,0.986755371094 ,0.151550292969
31.3138 ,8353667 ,-124 ,-1 ,0.0496215820312 ,0.0298461914062 ,0.987060546875 ,0.149475097656
31.3254 ,8354007 ,-124 ,-1 ,0.0497436523438 ,0.030029296875 ,0.986938476562 ,0.150085449219
31.34 ,8353231 ,-124 ,-1 ,0.0498657226562 ,0.030029296875 ,0.986938476562 ,0.150390625
31.3506 ,8353460 ,-124 ,-1 ,0.0499267578125 ,0.030029296875 ,0.986877441406 ,0.150634765625
31.3641 ,8353131 ,-124 ,-1 ,0.0498657226562 ,0.0301513671875 ,0.987060546875 ,0.149536132812
31.3753 ,8352951 ,-124 ,-1 ,0.0499267578125 ,0.0302124023438 ,0.986938476562 ,0.150024414062
31.3904 ,8353270 ,-124 ,-1 ,0.0499877929688 ,0.0302124023438 ,0.986938476562 ,0.150268554688
31.4012 ,8353245 ,-124 ,-1 ,0.0499877929688 ,0.0302124023438 ,0.986877441406 ,0.150512695312
31.4141 ,8353356 ,-124 ,-1 ,0.0498046875 ,0.0302734375 ,0.987060546875 ,0.149536132812
31.4249 ,8352930 ,-124 ,-1 ,0.0496215820312 ,0.0302734375 ,0.986938476562 ,0.150085449219
31.4399 ,8353654 ,-124 ,-1 ,0.0496826171875 ,0.0302124023438 ,0.986938476562 ,0.150329589844
31.4503 ,8353654 ,-124 ,-1 ,0.0498657226562 ,0.0302734375 ,0.986877441406 ,0.150573730469
31.4639 ,8352930 ,-124 ,-1 ,0.0499267578125 ,0.0303344726562 ,0.987243652344 ,0.14794921875
31.4755 ,8353045 ,-124 ,-1 ,0.050048828125 ,0.0303955078125 ,0.987182617188 ,0.1484375
31.4903 ,8352868 ,-124 ,-1 ,0.0499267578125 ,0.0303344726562 ,0.987182617188 ,0.148620605469
31.501 ,8352996 ,-124 ,-1 ,0.0498046875 ,0.0303955078125 ,0.987121582031 ,0.148803710938
31.5137 ,8353283 ,-124 ,-1 ,0.0497436523438 ,0.030517578125 ,0.987365722656 ,0.1474609375
31.5248 ,8352844 ,-124 ,-1 ,0.0497436523438 ,0.030517578125 ,0.9873046875 ,0.147705078125
31.5399 ,8352962 ,-124 ,-1 ,0.0497436523438 ,0.030517578125 ,0.9873046875 ,0.147888183594
31.5504 ,8352962 ,-124 ,-1 ,0.0496826171875 ,0.030517578125 ,0.987243652344 ,0.14794921875
31.5639 ,8352986 ,-124 ,-1 ,0.0494995117188 ,0.0305786132812 ,0.987548828125 ,0.146240234375
31.5752 ,8352349 ,-124 ,-1 ,0.0491943359375 ,0.0305786132812 ,0.987548828125 ,0.146240234375
31.59 ,8353162 ,-124 ,-1 ,0.0491333007812 ,0.0305786132812 ,0.987548828125 ,0.146240234375
31.6008 ,8353813 ,-124 ,-1 ,0.0491333007812 ,0.0305786132812 ,0.987548828125 ,0.146301269531
31.6135 ,8352148 ,-124 ,-1 ,0.0490112304688 ,0.0307006835938 ,0.987854003906 ,0.144226074219
31.6249 ,8352228 ,-124 ,-1 ,0.0488891601562 ,0.0306396484375 ,0.98779296875 ,0.144775390625
31.6406 ,8352276 ,-124 ,-1 ,0.0488891601562 ,0.0305786132812 ,0.987731933594 ,0.144958496094
31.6516 ,8352584 ,-124 ,-1 ,0.0487670898438 ,0.030517578125 ,0.987731933594 ,0.145202636719
31.664 ,8352439 ,-124 ,-1 ,0.048583984375 ,0.0305786132812 ,0.988037109375 ,0.143188476562
31.6751 ,8352135 ,-124 ,-1 ,0.0482788085938 ,0.0304565429688 ,0.987976074219 ,0.143493652344
31.6901 ,8352733 ,-124 ,-1 ,0.0482788085938 ,0.0303955078125 ,0.987976074219 ,0.143676757812
31.7012 ,8352768 ,-124 ,-1 ,0.0482177734375 ,0.0303344726562 ,0.987976074219 ,0.143798828125
31.7145 ,8352543 ,-124 ,-1 ,0.0482177734375 ,0.0303344726562 ,0.988098144531 ,0.14306640625
31.7259 ,8352861 ,-124 ,-1 ,0.0479125976562 ,0.0302124023438 ,0.988037109375 ,0.143371582031
31.7406 ,8352896 ,-124 ,-1 ,0.0476684570312 ,0.0302124023438 ,0.988037109375 ,0.143615722656
31.7516 ,8353010 ,-124 ,-1 ,0.0475463867188 ,0.0301513671875 ,0.987976074219 ,0.143859863281
31.764 ,8353038 ,-124 ,-1 ,0.0474243164062 ,0.0302734375 ,0.988342285156 ,0.141296386719
31.7754 ,8352664 ,-124 ,-1 ,0.04736328125 ,0.0301513671875 ,0.98828125 ,0.141784667969
31.791 ,8352972 ,-124 ,-1 ,0.0472412109375 ,0.0301513671875 ,0.98828125 ,0.14208984375
31.8022 ,8353083 ,-124 ,-1 ,0.0470581054688 ,0.0301513671875 ,0.988220214844 ,0.142333984375
31.8146 ,8353187 ,-124 ,-1 ,0.0466918945312 ,0.0301513671875 ,0.988403320312 ,0.14111328125
31.8312 ,8353180 ,-124 ,-1 ,0.0465698242188 ,0.0301513671875 ,0.988403320312 ,0.141357421875
31.8425 ,8353522 ,-124 ,-1 ,0.0465698242188 ,0.0300903320312 ,0.988403320312 ,0.141540527344
31.8544 ,8353522 ,-124 ,-1 ,0.0464477539062 ,0.030029296875 ,0.988342285156 ,0.141723632812
31.866 ,8353121 ,-124 ,-1 ,0.0460815429688 ,0.030029296875 ,0.988342285156 ,0.142028808594
31.8799 ,8353820 ,-124 ,-1 ,0.0458374023438 ,0.030029296875 ,0.988342285156 ,0.14208984375
31.8904 ,8352955 ,-124 ,-1 ,0.0455932617188 ,0.0300903320312 ,0.988342285156 ,0.14208984375
31.9009 ,8353346 ,-124 ,-1 ,0.0453491210938 ,0.0300903320312 ,0.988342285156 ,0.14208984375
31.9135 ,8353667 ,-124 ,-1 ,0.0450439453125 ,0.0302734375 ,0.988708496094 ,0.139892578125
31.9238 ,8353422 ,-124 ,-1 ,0.0447998046875 ,0.0303344726562 ,0.988708496094 ,0.139709472656
31.9355 ,8353546 ,-124 ,-1 ,0.0444946289062 ,0.0304565429688 ,0.98876953125 ,0.139343261719
31.9503 ,8353467 ,-124 ,-1 ,0.0443115234375 ,0.030517578125 ,0.988830566406 ,0.13916015625
31.9628 ,8353619 ,-124 ,-1 ,0.0441284179688 ,0.030517578125 ,0.988830566406 ,0.139038085938
31.9733 ,8353629 ,-124 ,-1 ,0.0439453125 ,0.0305786132812 ,0.988830566406 ,0.138916015625
31.9844 ,8353872 ,-124 ,-1 ,0.0438842773438 ,0.0305786132812 ,0.988891601562 ,0.138793945312
31.9951 ,8353657 ,-124 ,-1 ,0.0439453125 ,0.0306396484375 ,0.988891601562 ,0.138549804688
32.0139 ,8353598 ,-124 ,-1 ,0.0440063476562 ,0.03076171875 ,0.9892578125 ,0.136108398438
32.0252 ,8353477 ,-124 ,-1 ,0.0440673828125 ,0.0308227539062 ,0.9892578125 ,0.135925292969
32.0407 ,8354311 ,-124 ,-1 ,0.0440063476562 ,0.0308227539062 ,0.9892578125 ,0.135925292969
32.0516 ,8353667 ,-124 ,-1 ,0.0438842773438 ,0.0308837890625 ,0.9892578125 ,0.135925292969
32.064 ,8353809 ,-124 ,-1 ,0.0437622070312 ,0.0309448242188 ,0.989318847656 ,0.135314941406
32.0754 ,8353802 ,-124 ,-1 ,0.0437622070312 ,0.031005859375 ,0.989318847656 ,0.135314941406
32.0907 ,8353740 ,-124 ,-1 ,0.0437622070312 ,0.0310668945312 ,0.989318847656 ,0.135375976562
32.102 ,8353470 ,-124 ,-1 ,0.0437622070312 ,0.0311279296875 ,0.989318847656 ,0.135375976562
32.1144 ,8353553 ,-124 ,-1 ,0.043701171875 ,0.0311889648438 ,0.989440917969 ,0.134643554688
32.1254 ,8353712 ,-124 ,-1 ,0.04345703125 ,0.03125 ,0.989440917969 ,0.134643554688
32.1407 ,8353768 ,-124 ,-1 ,0.0432739257812 ,0.03125 ,0.989440917969 ,0.134643554688
32.152 ,8354190 ,-124 ,-1 ,0.0431518554688 ,0.03125 ,0.989440917969 ,0.134582519531
32.1624 ,8354059 ,-124 ,-1 ,0.04296875 ,0.0313110351562 ,0.989501953125 ,0.134582519531
32.1731 ,8354180 ,-124 ,-1 ,0.0428466796875 ,0.0313720703125 ,0.989501953125 ,0.134460449219
32.1839 ,8353674 ,-124 ,-1 ,0.0427856445312 ,0.0314331054688 ,0.989501953125 ,0.134399414062
32.1947 ,8354086 ,-124 ,-1 ,0.042724609375 ,0.031494140625 ,0.989501953125 ,0.134338378906
32.2136 ,8353764 ,-124 ,-1 ,0.0426635742188 ,0.0315551757812 ,0.989624023438 ,0.133605957031
32.2248 ,8353889 ,-124 ,-1 ,0.0425415039062 ,0.0316162109375 ,0.989624023438 ,0.133605957031
32.2405 ,8353360 ,-124 ,-1 ,0.04248046875 ,0.0316162109375 ,0.989624023438 ,0.133544921875
32.2521 ,8354086 ,-124 ,-1 ,0.0423583984375 ,0.0316772460938 ,0.989624023438 ,0.133422851562
32.2632 ,8353813 ,-124 ,-1 ,0.0422973632812 ,0.0316772460938 ,0.989685058594 ,0.133361816406
32.2745 ,8353930 ,-124 ,-1 ,0.042236328125 ,0.03173828125 ,0.989685058594 ,0.133239746094
32.2861 ,8354574 ,-124 ,-1 ,0.0421142578125 ,0.03173828125 ,0.989685058594 ,0.133117675781
32.3006 ,8353813 ,-124 ,-1 ,0.0420532226562 ,0.0317993164062 ,0.989685058594 ,0.132995605469
32.3131 ,8354301 ,-124 ,-1 ,0.0419921875 ,0.0317993164062 ,0.98974609375 ,0.132873535156
32.3244 ,8354460 ,-124 ,-1 ,0.0419921875 ,0.0317993164062 ,0.98974609375 ,0.132751464844
32.3353 ,8353927 ,-124 ,-1 ,0.0419311523438 ,0.0318603515625 ,0.989807128906 ,0.132507324219
32.35 ,8354671 ,-124 ,-1 ,0.0418701171875 ,0.0319213867188 ,0.989807128906 ,0.132446289062
32.3644 ,8354128 ,-124 ,-1 ,0.0416870117188 ,0.031982421875 ,0.990051269531 ,0.130615234375
32.3803 ,8354183 ,-124 ,-1 ,0.0415649414062 ,0.0320434570312 ,0.990051269531 ,0.130493164062
32.3913 ,8354699 ,-124 ,-1 ,0.04150390625 ,0.0321044921875 ,0.990051269531 ,0.13037109375
32.4026 ,8353937 ,-124 ,-1 ,0.04150390625 ,0.0321044921875 ,0.990112304688 ,0.130187988281
32.4148 ,8354290 ,-124 ,-1 ,0.0414428710938 ,0.0322265625 ,0.990295410156 ,0.128723144531
32.43 ,8353446 ,-124 ,-1 ,0.0413818359375 ,0.0322265625 ,0.990295410156 ,0.128662109375
32.4408 ,8353975 ,-124 ,-1 ,0.0413208007812 ,0.0322265625 ,0.990295410156 ,0.128601074219
32.4513 ,8353948 ,-124 ,-1 ,0.041259765625 ,0.0322875976562 ,0.990295410156 ,0.128540039062
32.4638 ,8354346 ,-124 ,-1 ,0.0411987304688 ,0.0323486328125 ,0.990600585938 ,0.12646484375
32.4742 ,8354079 ,-124 ,-1 ,0.0411987304688 ,0.0324096679688 ,0.990600585938 ,0.126342773438
32.4852 ,8353612 ,-124 ,-1 ,0.0411987304688 ,0.0324096679688 ,0.990661621094 ,0.126098632812
32.4998 ,8353858 ,-124 ,-1 ,0.0411987304688 ,0.032470703125 ,0.990661621094 ,0.126037597656
32.5138 ,8354062 ,-124 ,-1 ,0.0410766601562 ,0.0325317382812 ,0.990783691406 ,0.125122070312
32.5247 ,8353723 ,-124 ,-1 ,0.0408325195312 ,0.0325927734375 ,0.990783691406 ,0.124938964844
32.54 ,8354062 ,-124 ,-1 ,0.040771484375 ,0.0326538085938 ,0.990783691406 ,0.124816894531
32.5506 ,8353443 ,-124 ,-1 ,0.040771484375 ,0.0326538085938 ,0.990844726562 ,0.124755859375
32.5639 ,8354429 ,-124 ,-1 ,0.0406494140625 ,0.0327758789062 ,0.991149902344 ,0.122253417969
32.5747 ,8353695 ,-124 ,-1 ,0.0406494140625 ,0.0328369140625 ,0.991149902344 ,0.122253417969
32.5898 ,8353616 ,-124 ,-1 ,0.0406494140625 ,0.0328369140625 ,0.991149902344 ,0.122253417969
32.6003 ,8353785 ,-124 ,-1 ,0.0406494140625 ,0.0328369140625 ,0.991149902344 ,0.122253417969
32.6126 ,8354055 ,-124 ,-1 ,0.0406494140625 ,0.0328979492188 ,0.991149902344 ,0.122253417969
32.6231 ,8353920 ,-124 ,-1 ,0.0405883789062 ,0.0328979492188 ,0.991149902344 ,0.122253417969
32.6339 ,8353927 ,-124 ,-1 ,0.0405883789062 ,0.0328979492188 ,0.991149902344 ,0.122253417969
32.6452 ,8353685 ,-124 ,-1 ,0.04052734375 ,0.032958984375 ,0.991149902344 ,0.122253417969
32.6641 ,8353737 ,-124 ,-1 ,0.04052734375 ,0.0330200195312 ,0.991333007812 ,0.12060546875
32.6751 ,8353737 ,-124 ,-1 ,0.04052734375 ,0.0330810546875 ,0.991333007812 ,0.12060546875
32.6939 ,8353899 ,-124 ,-1 ,0.0404052734375 ,0.0330810546875 ,0.991333007812 ,0.12060546875
32.7056 ,8353623 ,-124 ,-1 ,0.0402221679688 ,0.033203125 ,0.991455078125 ,0.119384765625
32.7203 ,8354235 ,-124 ,-1 ,0.0402221679688 ,0.033203125 ,0.991455078125 ,0.119445800781
32.7319 ,8353674 ,-124 ,-1 ,0.040283203125 ,0.0332641601562 ,0.991455078125 ,0.119445800781
32.7431 ,8353674 ,-124 ,-1 ,0.040283203125 ,0.0332641601562 ,0.991455078125 ,0.119445800781
32.7557 ,8354097 ,-124 ,-1 ,0.0401611328125 ,0.0333862304688 ,0.991760253906 ,0.117065429688
32.7705 ,8354138 ,-124 ,-1 ,0.0401611328125 ,0.033447265625 ,0.991760253906 ,0.117065429688
32.7816 ,8353003 ,-124 ,-1 ,0.0401611328125 ,0.033447265625 ,0.991760253906 ,0.117065429688
32.7926 ,8353155 ,-124 ,-1 ,0.0401000976562 ,0.0335083007812 ,0.991760253906 ,0.117065429688
32.8031 ,8353588 ,-124 ,-1 ,0.0400390625 ,0.0335083007812 ,0.991760253906 ,0.117004394531
32.8143 ,8353346 ,-124 ,-1 ,0.0398559570312 ,0.0336303710938 ,0.991943359375 ,0.115356445312
32.8293 ,8353567 ,-124 ,-1 ,0.0398559570312 ,0.0336303710938 ,0.991943359375 ,0.115356445312
32.84 ,8353712 ,-124 ,-1 ,0.0399169921875 ,0.0336303710938 ,0.991943359375 ,0.115356445312
32.8509 ,8353539 ,-124 ,-1 ,0.0399169921875 ,0.0336303710938 ,0.991943359375 ,0.115356445312
32.8632 ,8353934 ,-124 ,-1 ,0.0399169921875 ,0.03369140625 ,0.992065429688 ,0.1142578125
32.874 ,8352927 ,-124 ,-1 ,0.039794921875 ,0.03369140625 ,0.992065429688 ,0.1142578125
32.8849 ,8352927 ,-124 ,-1 ,0.0396728515625 ,0.03369140625 ,0.992065429688 ,0.1142578125
32.9028 ,8353744 ,-124 ,-1 ,0.0396728515625 ,0.03369140625 ,0.992065429688 ,0.1142578125
32.914 ,8353591 ,-124 ,-1 ,0.0396728515625 ,0.03369140625 ,0.992065429688 ,0.1142578125
32.9258 ,8353422 ,-124 ,-1 ,0.0396728515625 ,0.03369140625 ,0.992065429688 ,0.1142578125
32.9399 ,8353238 ,-124 ,-1 ,0.0396728515625 ,0.03369140625 ,0.992065429688 ,0.1142578125
32.9511 ,8353152 ,-124 ,-1 ,0.0397338867188 ,0.03369140625 ,0.992065429688 ,0.1142578125
32.9636 ,8353529 ,-124 ,-1 ,0.039794921875 ,0.0337524414062 ,0.992248535156 ,0.113037109375
32.975 ,8354052 ,-124 ,-1 ,0.039794921875 ,0.0337524414062 ,0.992248535156 ,0.113037109375
32.9909 ,8353453 ,-124 ,-1 ,0.0396728515625 ,0.0337524414062 ,0.992248535156 ,0.113037109375
33.002 ,8353263 ,-124 ,-1 ,0.0396118164062 ,0.0337524414062 ,0.992248535156 ,0.113037109375
33.0131 ,8353128 ,-124 ,-1 ,0.0396118164062 ,0.0337524414062 ,0.992248535156 ,0.113037109375
33.0245 ,8353550 ,-124 ,-1 ,0.039794921875 ,0.0337524414062 ,0.992248535156 ,0.113037109375
33.04 ,8353183 ,-124 ,-1 ,0.039794921875 ,0.0337524414062 ,0.992248535156 ,0.113037109375
33.0516 ,8353180 ,-124 ,-1 ,0.0397338867188 ,0.0337524414062 ,0.992248535156 ,0.113037109375
33.0641 ,8353197 ,-124 ,-1 ,0.0394897460938 ,0.0338134765625 ,0.992309570312 ,0.112121582031
33.0755 ,8353349 ,-124 ,-1 ,0.0393676757812 ,0.0338134765625 ,0.992309570312 ,0.112121582031
33.0905 ,8353678 ,-124 ,-1 ,0.0394897460938 ,0.0338134765625 ,0.992309570312 ,0.112121582031
33.102 ,8353792 ,-124 ,-1 ,0.0396728515625 ,0.0337524414062 ,0.992309570312 ,0.112121582031
33.1136 ,8353650 ,-124 ,-1 ,0.0396728515625 ,0.0338134765625 ,0.992553710938 ,0.110290527344
33.1244 ,8353650 ,-124 ,-1 ,0.0396118164062 ,0.0338745117188 ,0.992553710938 ,0.110290527344
33.1351 ,8353366 ,-124 ,-1 ,0.0392456054688 ,0.0338745117188 ,0.992553710938 ,0.110229492188
33.1491 ,8353065 ,-124 ,-1 ,0.0391235351562 ,0.0338745117188 ,0.992553710938 ,0.110168457031
33.163 ,8353505 ,-124 ,-1 ,0.0391845703125 ,0.033935546875 ,0.99267578125 ,0.109130859375
33.1737 ,8353799 ,-124 ,-1 ,0.039306640625 ,0.033935546875 ,0.99267578125 ,0.109130859375
33.1846 ,8353539 ,-124 ,-1 ,0.0394287109375 ,0.0338745117188 ,0.99267578125 ,0.109130859375
33.1952 ,8353159 ,-124 ,-1 ,0.0393676757812 ,0.033935546875 ,0.99267578125 ,0.109130859375
33.2131 ,8353405 ,-124 ,-1 ,0.0391845703125 ,0.033935546875 ,0.992797851562 ,0.107971191406
33.2246 ,8353405 ,-124 ,-1 ,0.0391235351562 ,0.0339965820312 ,0.992797851562 ,0.10791015625
33.2352 ,8353384 ,-124 ,-1 ,0.0391235351562 ,0.0339965820312 ,0.992797851562 ,0.10791015625
33.2493 ,8353148 ,-124 ,-1 ,0.0391235351562 ,0.0339965820312 ,0.992797851562 ,0.10791015625
33.2635 ,8353539 ,-124 ,-1 ,0.0390625 ,0.0339965820312 ,0.992919921875 ,0.10693359375
33.2742 ,8353619 ,-124 ,-1 ,0.0390625 ,0.0339965820312 ,0.992919921875 ,0.10693359375
33.2854 ,8353623 ,-124 ,-1 ,0.0390625 ,0.0339965820312 ,0.992919921875 ,0.10693359375
33.2993 ,8353491 ,-124 ,-1 ,0.0390625 ,0.0339965820312 ,0.992919921875 ,0.10693359375
33.3124 ,8353207 ,-124 ,-1 ,0.0390625 ,0.0339965820312 ,0.992919921875 ,0.106994628906
33.3232 ,8353543 ,-124 ,-1 ,0.0390014648438 ,0.0339965820312 ,0.992919921875 ,0.107055664062
33.3337 ,8353058 ,-124 ,-1 ,0.0389404296875 ,0.0339965820312 ,0.992919921875 ,0.107055664062
33.3494 ,8353654 ,-124 ,-1 ,0.0389404296875 ,0.0339965820312 ,0.992919921875 ,0.107055664062
33.363 ,8353079 ,-124 ,-1 ,0.0389404296875 ,0.0340576171875 ,0.993041992188 ,0.105773925781
33.3736 ,8353114 ,-124 ,-1 ,0.0390014648438 ,0.0340576171875 ,0.993041992188 ,0.105773925781
33.384 ,8353481 ,-124 ,-1 ,0.0390014648438 ,0.0340576171875 ,0.993041992188 ,0.10595703125
33.3996 ,8354301 ,-124 ,-1 ,0.0389404296875 ,0.0340576171875 ,0.993041992188 ,0.106018066406
33.4137 ,8353623 ,-124 ,-1 ,0.0388793945312 ,0.0341796875 ,0.993225097656 ,0.104125976562
33.4246 ,8353110 ,-124 ,-1 ,0.0388793945312 ,0.0341796875 ,0.993225097656 ,0.104125976562
33.44 ,8353806 ,-124 ,-1 ,0.0390014648438 ,0.0341186523438 ,0.993225097656 ,0.104125976562
33.4512 ,8354145 ,-124 ,-1 ,0.0391235351562 ,0.0341186523438 ,0.993225097656 ,0.104125976562
33.4637 ,8353944 ,-124 ,-1 ,0.0390625 ,0.0341796875 ,0.993286132812 ,0.103271484375
33.475 ,8353439 ,-124 ,-1 ,0.0388793945312 ,0.0341796875 ,0.993286132812 ,0.103210449219
33.4899 ,8354249 ,-124 ,-1 ,0.0387573242188 ,0.0341796875 ,0.993347167969 ,0.103088378906
33.5012 ,8353422 ,-124 ,-1 ,0.0386962890625 ,0.0341796875 ,0.993347167969 ,0.102966308594
33.5139 ,8353183 ,-124 ,-1 ,0.038818359375 ,0.0342407226562 ,0.993469238281 ,0.101745605469
33.5248 ,8353623 ,-124 ,-1 ,0.0391235351562 ,0.0342407226562 ,0.993469238281 ,0.101623535156
33.5399 ,8353699 ,-124 ,-1 ,0.0392456054688 ,0.0343627929688 ,0.993469238281 ,0.1015625
33.5513 ,8353394 ,-124 ,-1 ,0.0392456054688 ,0.034423828125 ,0.993469238281 ,0.101440429688
33.5629 ,8352879 ,-124 ,-1 ,0.0392456054688 ,0.0345458984375 ,0.993530273438 ,0.100646972656
33.5739 ,8352882 ,-124 ,-1 ,0.0391845703125 ,0.03466796875 ,0.993530273438 ,0.1005859375
33.5852 ,8353315 ,-124 ,-1 ,0.0394897460938 ,0.0349731445312 ,0.993530273438 ,0.100463867188
33.6005 ,8352816 ,-124 ,-1 ,0.0396728515625 ,0.0350952148438 ,0.993530273438 ,0.100463867188
33.6137 ,8352681 ,-124 ,-1 ,0.0396728515625 ,0.0352783203125 ,0.99365234375 ,0.0994873046875
33.6247 ,8352827 ,-124 ,-1 ,0.0396728515625 ,0.0355834960938 ,0.993591308594 ,0.0994873046875
33.6404 ,8352924 ,-124 ,-1 ,0.039794921875 ,0.0357666015625 ,0.993591308594 ,0.0993041992188
33.6516 ,8352778 ,-124 ,-1 ,0.0399169921875 ,0.0359497070312 ,0.993591308594 ,0.0991821289062
33.6629 ,8352681 ,-124 ,-1 ,0.0400390625 ,0.0361328125 ,0.993591308594 ,0.0990600585938
33.6741 ,8352460 ,-124 ,-1 ,0.0402221679688 ,0.0363159179688 ,0.993591308594 ,0.0989990234375
33.6851 ,8352643 ,-124 ,-1 ,0.04052734375 ,0.0366821289062 ,0.993591308594 ,0.0989990234375
33.7002 ,8352436 ,-124 ,-1 ,0.0407104492188 ,0.036865234375 ,0.993591308594 ,0.0989990234375
33.7129 ,8351816 ,-124 ,-1 ,0.0409545898438 ,0.0369873046875 ,0.993530273438 ,0.0989990234375
33.7239 ,8352173 ,-124 ,-1 ,0.041259765625 ,0.0372314453125 ,0.993530273438 ,0.0990600585938
33.7348 ,8351937 ,-124 ,-1 ,0.0418090820312 ,0.0374755859375 ,0.993469238281 ,0.0990600585938
33.75 ,8351789 ,-124 ,-1 ,0.0420532226562 ,0.0377197265625 ,0.993469238281 ,0.0990600585938
33.7635 ,8352353 ,-124 ,-1 ,0.0420532226562 ,0.0379638671875 ,0.993591308594 ,0.0980834960938
33.7749 ,8351494 ,-124 ,-1 ,0.042236328125 ,0.0384521484375 ,0.993530273438 ,0.0980834960938
33.7901 ,8351494 ,-124 ,-1 ,0.0427856445312 ,0.0389404296875 ,0.993530273438 ,0.097900390625
33.8127 ,8350872 ,-124 ,-1 ,0.0431518554688 ,0.039306640625 ,0.993469238281 ,0.097900390625
33.8237 ,8351183 ,-124 ,-1 ,0.0433959960938 ,0.0397338867188 ,0.993469238281 ,0.097900390625
33.835 ,8350747 ,-124 ,-1 ,0.0439453125 ,0.0404663085938 ,0.993408203125 ,0.0978393554688
33.8505 ,8350121 ,-124 ,-1 ,0.0440673828125 ,0.0408325195312 ,0.993408203125 ,0.0978393554688
33.8624 ,8350055 ,-124 ,-1 ,0.0443115234375 ,0.0411987304688 ,0.993347167969 ,0.0977783203125
33.8728 ,8349616 ,-124 ,-1 ,0.0447998046875 ,0.0415649414062 ,0.993347167969 ,0.0977783203125
33.8833 ,8349899 ,-124 ,-1 ,0.0453491210938 ,0.0418701171875 ,0.993286132812 ,0.09765625
33.8938 ,8349508 ,-124 ,-1 ,0.0460815429688 ,0.0421142578125 ,0.993286132812 ,0.0974731445312
33.9048 ,8349007 ,-124 ,-1 ,0.0473022460938 ,0.0428466796875 ,0.993469238281 ,0.0944213867188
33.9199 ,8349079 ,-124 ,-1 ,0.0478515625 ,0.0430297851562 ,0.993469238281 ,0.0942993164062
33.9303 ,8349193 ,-124 ,-1 ,0.0482177734375 ,0.0432739257812 ,0.993469238281 ,0.09423828125
33.9408 ,8349190 ,-124 ,-1 ,0.048583984375 ,0.0436401367188 ,0.993408203125 ,0.0941772460938
33.9643 ,8348152 ,-124 ,-1 ,0.0487670898438 ,0.0439453125 ,0.993591308594 ,0.0918579101562
33.9756 ,8347906 ,-124 ,-1 ,0.0501708984375 ,0.0443725585938 ,0.993530273438 ,0.0919799804688
33.9905 ,8347937 ,-124 ,-1 ,0.0509643554688 ,0.0445556640625 ,0.993469238281 ,0.0921020507812
34.0016 ,8348501 ,-124 ,-1 ,0.0517578125 ,0.044677734375 ,0.993347167969 ,0.0923461914062
34.0125 ,8348553 ,-124 ,-1 ,0.0526123046875 ,0.0447387695312 ,0.993286132812 ,0.092529296875
34.0252 ,8348169 ,-124 ,-1 ,0.05322265625 ,0.044921875 ,0.993225097656 ,0.0929565429688
34.0398 ,8348180 ,-124 ,-1 ,0.05322265625 ,0.0449829101562 ,0.993225097656 ,0.0932006835938
34.0505 ,8348602 ,-124 ,-1 ,0.0533447265625 ,0.0449829101562 ,0.9931640625 ,0.0933837890625
34.0638 ,8348577 ,-124 ,-1 ,0.0535888671875 ,0.0451049804688 ,0.993286132812 ,0.091796875
34.0749 ,8348384 ,-124 ,-1 ,0.0546875 ,0.0451049804688 ,0.993225097656 ,0.092041015625
34.09 ,8348813 ,-124 ,-1 ,0.0550537109375 ,0.0452270507812 ,0.993347167969 ,0.090576171875
34.1441 ,8348135 ,-124 ,-1 ,0.05517578125 ,0.0452270507812 ,0.993347167969 ,0.0906372070312
34.1554 ,8348564 ,-124 ,-1 ,0.0556640625 ,0.0452880859375 ,0.993469238281 ,0.0889282226562
34.1686 ,8349107 ,-124 ,-1 ,0.0558471679688 ,0.0452880859375 ,0.993408203125 ,0.0889282226562
34.1793 ,8349197 ,-124 ,-1 ,0.055908203125 ,0.0452880859375 ,0.993469238281 ,0.0888671875
34.19 ,8348373 ,-124 ,-1 ,0.0558471679688 ,0.0452880859375 ,0.993469238281 ,0.0887451171875
34.2006 ,8347913 ,-124 ,-1 ,0.0556640625 ,0.0452880859375 ,0.993469238281 ,0.088623046875
34.2126 ,8348733 ,-124 ,-1 ,0.055419921875 ,0.0453491210938 ,0.993591308594 ,0.0872802734375
34.2245 ,8349965 ,-124 ,-1 ,0.05517578125 ,0.04541015625 ,0.993591308594 ,0.0872192382812
34.2392 ,8348456 ,-124 ,-1 ,0.05517578125 ,0.04541015625 ,0.993591308594 ,0.0872192382812
34.251 ,8348190 ,-124 ,-1 ,0.0552978515625 ,0.04541015625 ,0.99365234375 ,0.087158203125
34.2626 ,8348180 ,-124 ,-1 ,0.0553588867188 ,0.04541015625 ,0.993713378906 ,0.0863037109375
34.2733 ,8349553 ,-124 ,-1 ,0.055419921875 ,0.04541015625 ,0.993713378906 ,0.0861206054688
34.2837 ,8348314 ,-124 ,-1 ,0.055419921875 ,0.04541015625 ,0.993713378906 ,0.0859375
34.2946 ,8349294 ,-124 ,-1 ,0.05517578125 ,0.04541015625 ,0.993774414062 ,0.0855102539062
34.3116 ,8348505 ,-124 ,-1 ,0.0548706054688 ,0.04541015625 ,0.993774414062 ,0.0853881835938
34.3228 ,8348861 ,-124 ,-1 ,0.054443359375 ,0.04541015625 ,0.993835449219 ,0.0851440429688
34.3493 ,8348259 ,-124 ,-1 ,0.0545654296875 ,0.04541015625 ,0.993835449219 ,0.0849609375
34.3622 ,8348927 ,-124 ,-1 ,0.0546264648438 ,0.0454711914062 ,0.993957519531 ,0.08349609375
34.3725 ,8348740 ,-124 ,-1 ,0.0546875 ,0.0454711914062 ,0.993957519531 ,0.0833129882812
34.383 ,8348979 ,-124 ,-1 ,0.0546264648438 ,0.0454711914062 ,0.994018554688 ,0.0831298828125
34.3935 ,8349460 ,-124 ,-1 ,0.0543212890625 ,0.0454711914062 ,0.994018554688 ,0.0829467773438
34.4048 ,8349398 ,-124 ,-1 ,0.053466796875 ,0.0455932617188 ,0.994201660156 ,0.0814208984375
34.4185 ,8349117 ,-124 ,-1 ,0.0532836914062 ,0.0455322265625 ,0.994201660156 ,0.0813598632812
34.4291 ,8350128 ,-124 ,-1 ,0.0534057617188 ,0.0454711914062 ,0.994201660156 ,0.0813598632812
34.4399 ,8349225 ,-124 ,-1 ,0.0537109375 ,0.0454711914062 ,0.994201660156 ,0.0813598632812
34.4507 ,8348899 ,-124 ,-1 ,0.0540161132812 ,0.04541015625 ,0.994201660156 ,0.0813598632812
34.4626 ,8349851 ,-124 ,-1 ,0.0541381835938 ,0.0454711914062 ,0.994262695312 ,0.080078125
34.4736 ,8349235 ,-124 ,-1 ,0.053955078125 ,0.0454711914062 ,0.994262695312 ,0.0800170898438
34.4845 ,8349481 ,-124 ,-1 ,0.0530395507812 ,0.04541015625 ,0.994323730469 ,0.0799560546875
34.4991 ,8349522 ,-124 ,-1 ,0.0526733398438 ,0.04541015625 ,0.994384765625 ,0.0799560546875
34.5128 ,8348896 ,-124 ,-1 ,0.0526123046875 ,0.04541015625 ,0.994445800781 ,0.0787353515625
34.5238 ,8350062 ,-124 ,-1 ,0.0528564453125 ,0.04541015625 ,0.994445800781 ,0.0787353515625
34.5344 ,8349695 ,-124 ,-1 ,0.0533447265625 ,0.0453491210938 ,0.994445800781 ,0.0787353515625
34.5494 ,8349705 ,-124 ,-1 ,0.0533447265625 ,0.0453491210938 ,0.994445800781 ,0.0786743164062
34.5631 ,8350010 ,-124 ,-1 ,0.0531005859375 ,0.0452880859375 ,0.994445800781 ,0.0785522460938
34.5743 ,8349584 ,-124 ,-1 ,0.0527954101562 ,0.0453491210938 ,0.994506835938 ,0.0784301757812
34.5863 ,8349754 ,-124 ,-1 ,0.0523681640625 ,0.0453491210938 ,0.994506835938 ,0.078369140625
34.5995 ,8349910 ,-124 ,-1 ,0.0523681640625 ,0.0453491210938 ,0.994506835938 ,0.078369140625
34.6123 ,8349705 ,-124 ,-1 ,0.052490234375 ,0.0453491210938 ,0.994506835938 ,0.0784301757812
34.6229 ,8350103 ,-124 ,-1 ,0.0526123046875 ,0.04541015625 ,0.994506835938 ,0.0784912109375
34.6338 ,8350584 ,-124 ,-1 ,0.0526733398438 ,0.0453491210938 ,0.994506835938 ,0.0785522460938
34.645 ,8349508 ,-124 ,-1 ,0.052490234375 ,0.0452880859375 ,0.994506835938 ,0.0785522460938
34.6626 ,8349917 ,-124 ,-1 ,0.0524291992188 ,0.0452270507812 ,0.994506835938 ,0.0785522460938
34.6749 ,8350231 ,-124 ,-1 ,0.0523681640625 ,0.0452880859375 ,0.994506835938 ,0.07861328125
34.6904 ,8350619 ,-124 ,-1 ,0.0523071289062 ,0.0453491210938 ,0.994506835938 ,0.0787353515625
34.7019 ,8350422 ,-124 ,-1 ,0.0521850585938 ,0.0452880859375 ,0.994506835938 ,0.0787963867188
34.7128 ,8350584 ,-124 ,-1 ,0.0521240234375 ,0.0452880859375 ,0.994506835938 ,0.0787963867188
34.7239 ,8350058 ,-124 ,-1 ,0.0521240234375 ,0.0452270507812 ,0.994506835938 ,0.0787963867188
34.7354 ,8350778 ,-124 ,-1 ,0.0523681640625 ,0.045166015625 ,0.994506835938 ,0.0787963867188
34.7505 ,8349962 ,-124 ,-1 ,0.0524291992188 ,0.045166015625 ,0.994506835938 ,0.0787963867188
34.7627 ,8349962 ,-124 ,-1 ,0.0521240234375 ,0.0452880859375 ,0.994506835938 ,0.0789184570312
34.7804 ,8350661 ,-124 ,-1 ,0.0518188476562 ,0.0452270507812 ,0.994506835938 ,0.0790405273438
34.7912 ,8349820 ,-124 ,-1 ,0.0516967773438 ,0.045166015625 ,0.994506835938 ,0.0789794921875
34.8017 ,8350058 ,-124 ,-1 ,0.0516967773438 ,0.0452270507812 ,0.994506835938 ,0.0790405273438
34.8134 ,8350270 ,-124 ,-1 ,0.0517578125 ,0.0452880859375 ,0.99462890625 ,0.0772705078125
34.8249 ,8350270 ,-124 ,-1 ,0.0521240234375 ,0.0452880859375 ,0.99462890625 ,0.0773315429688
34.8396 ,8350273 ,-124 ,-1 ,0.052001953125 ,0.0452880859375 ,0.99462890625 ,0.0773315429688
34.8502 ,8350408 ,-124 ,-1 ,0.0516967773438 ,0.0452270507812 ,0.99462890625 ,0.0772705078125
34.8623 ,8350190 ,-124 ,-1 ,0.0513916015625 ,0.045166015625 ,0.99462890625 ,0.0772705078125
34.8737 ,8350398 ,-124 ,-1 ,0.0512084960938 ,0.0451049804688 ,0.994689941406 ,0.0772705078125
34.8852 ,8350401 ,-124 ,-1 ,0.0513305664062 ,0.0449829101562 ,0.994689941406 ,0.0773315429688
34.9 ,8350318 ,-124 ,-1 ,0.0515747070312 ,0.044921875 ,0.99462890625 ,0.0773315429688
34.9128 ,8350799 ,-124 ,-1 ,0.0516967773438 ,0.0448608398438 ,0.99462890625 ,0.0773315429688
34.9244 ,8350799 ,-124 ,-1 ,0.0514526367188 ,0.0447998046875 ,0.994689941406 ,0.0773315429688
34.9405 ,8351048 ,-124 ,-1 ,0.0512084960938 ,0.0447387695312 ,0.994689941406 ,0.0773315429688
34.9517 ,8350481 ,-124 ,-1 ,0.051025390625 ,0.044677734375 ,0.994689941406 ,0.0773315429688
34.9637 ,8350349 ,-124 ,-1 ,0.0509643554688 ,0.0446166992188 ,0.994750976562 ,0.0770263671875
34.9751 ,8350574 ,-124 ,-1 ,0.0511474609375 ,0.0444946289062 ,0.994750976562 ,0.0770263671875
34.9906 ,8351280 ,-124 ,-1 ,0.05126953125 ,0.04443359375 ,0.994689941406 ,0.0770263671875
35.0019 ,8350418 ,-124 ,-1 ,0.05126953125 ,0.0443725585938 ,0.994689941406 ,0.0770874023438
35.0141 ,8350927 ,-124 ,-1 ,0.0511474609375 ,0.0443115234375 ,0.994750976562 ,0.0765991210938
35.0256 ,8349951 ,-124 ,-1 ,0.0508422851562 ,0.044189453125 ,0.994812011719 ,0.0765991210938
35.0404 ,8350875 ,-124 ,-1 ,0.0507202148438 ,0.0441284179688 ,0.994812011719 ,0.07666015625
35.0517 ,8350868 ,-124 ,-1 ,0.0507202148438 ,0.0440673828125 ,0.994812011719 ,0.0767211914062
35.0623 ,8350723 ,-124 ,-1 ,0.0507202148438 ,0.0440063476562 ,0.994750976562 ,0.0767822265625
35.073 ,8350719 ,-124 ,-1 ,0.0507202148438 ,0.0440063476562 ,0.994750976562 ,0.0768432617188
35.085 ,8350346 ,-124 ,-1 ,0.0507202148438 ,0.0438842773438 ,0.994812011719 ,0.0768432617188
35.0999 ,8351958 ,-124 ,-1 ,0.0507202148438 ,0.0438232421875 ,0.994812011719 ,0.0768432617188
35.1144 ,8350252 ,-124 ,-1 ,0.050537109375 ,0.0439453125 ,0.994873046875 ,0.0759887695312
35.13 ,8351079 ,-124 ,-1 ,0.0504150390625 ,0.0438842773438 ,0.994873046875 ,0.0759887695312
35.1413 ,8350598 ,-124 ,-1 ,0.0502319335938 ,0.0438232421875 ,0.994873046875 ,0.0759887695312
35.1523 ,8350494 ,-124 ,-1 ,0.0501098632812 ,0.0437622070312 ,0.994873046875 ,0.0759887695312
35.1633 ,8351415 ,-124 ,-1 ,0.0499877929688 ,0.043701171875 ,0.994995117188 ,0.0750122070312
35.1741 ,8351103 ,-124 ,-1 ,0.050048828125 ,0.0435791015625 ,0.994995117188 ,0.0750122070312
35.1897 ,8350633 ,-124 ,-1 ,0.050048828125 ,0.0435180664062 ,0.994995117188 ,0.0750122070312
35.2005 ,8350930 ,-124 ,-1 ,0.0499267578125 ,0.04345703125 ,0.994995117188 ,0.0750732421875
35.2135 ,8350982 ,-124 ,-1 ,0.0496826171875 ,0.04345703125 ,0.995056152344 ,0.0740966796875
35.225 ,8351408 ,-124 ,-1 ,0.0494384765625 ,0.0433349609375 ,0.995056152344 ,0.0742797851562
35.24 ,8351214 ,-124 ,-1 ,0.0494384765625 ,0.0432739257812 ,0.995056152344 ,0.0744018554688
35.2511 ,8350823 ,-124 ,-1 ,0.0494995117188 ,0.043212890625 ,0.995056152344 ,0.074462890625
35.2639 ,8351276 ,-124 ,-1 ,0.0494384765625 ,0.043212890625 ,0.9951171875 ,0.073974609375
35.2754 ,8351138 ,-124 ,-1 ,0.0494384765625 ,0.0430908203125 ,0.9951171875 ,0.073974609375
35.2904 ,8351619 ,-124 ,-1 ,0.0493774414062 ,0.0430908203125 ,0.9951171875 ,0.073974609375
35.3014 ,8351342 ,-124 ,-1 ,0.0492553710938 ,0.0430297851562 ,0.9951171875 ,0.073974609375
35.3137 ,8350726 ,-124 ,-1 ,0.049072265625 ,0.04296875 ,0.9951171875 ,0.073974609375
35.3249 ,8351283 ,-124 ,-1 ,0.0488891601562 ,0.0429077148438 ,0.9951171875 ,0.073974609375
35.34 ,8351657 ,-124 ,-1 ,0.0487670898438 ,0.0428466796875 ,0.9951171875 ,0.073974609375
35.351 ,8351830 ,-124 ,-1 ,0.0487060546875 ,0.0427856445312 ,0.995178222656 ,0.073974609375
35.3628 ,8351259 ,-124 ,-1 ,0.0487060546875 ,0.0427856445312 ,0.995178222656 ,0.073974609375
35.3739 ,8351993 ,-124 ,-1 ,0.0487060546875 ,0.0427856445312 ,0.995178222656 ,0.073974609375
35.39 ,8351847 ,-124 ,-1 ,0.0486450195312 ,0.0427856445312 ,0.995178222656 ,0.073974609375
35.4011 ,8351231 ,-124 ,-1 ,0.0484619140625 ,0.042724609375 ,0.995178222656 ,0.073974609375
35.412 ,8351052 ,-124 ,-1 ,0.0482788085938 ,0.0427856445312 ,0.995178222656 ,0.0739135742188
35.4225 ,8351899 ,-124 ,-1 ,0.0481567382812 ,0.042724609375 ,0.995178222656 ,0.0739135742188
35.4333 ,8351270 ,-124 ,-1 ,0.0481567382812 ,0.042724609375 ,0.995178222656 ,0.0739135742188
35.4444 ,8351823 ,-124 ,-1 ,0.0481567382812 ,0.042724609375 ,0.995178222656 ,0.0737915039062
35.4634 ,8351550 ,-124 ,-1 ,0.0480346679688 ,0.042724609375 ,0.995300292969 ,0.0726318359375
35.4751 ,8351494 ,-124 ,-1 ,0.0476684570312 ,0.0427856445312 ,0.995300292969 ,0.0724487304688
35.4899 ,8352017 ,-124 ,-1 ,0.0474853515625 ,0.0427856445312 ,0.995300292969 ,0.0723876953125
35.5012 ,8351657 ,-124 ,-1 ,0.0475463867188 ,0.0427856445312 ,0.995361328125 ,0.0723266601562
35.5133 ,8351539 ,-124 ,-1 ,0.0474853515625 ,0.0427856445312 ,0.995361328125 ,0.071533203125
35.525 ,8352183 ,-124 ,-1 ,0.0474853515625 ,0.0427856445312 ,0.995361328125 ,0.071533203125
35.5397 ,8351581 ,-124 ,-1 ,0.0471801757812 ,0.0428466796875 ,0.995422363281 ,0.0714111328125
35.5632 ,8351965 ,-124 ,-1 ,0.0469970703125 ,0.0428466796875 ,0.995483398438 ,0.070556640625
35.5742 ,8351962 ,-124 ,-1 ,0.0469970703125 ,0.0428466796875 ,0.995483398438 ,0.070556640625
35.5893 ,8351598 ,-124 ,-1 ,0.0469970703125 ,0.0428466796875 ,0.995483398438 ,0.070556640625
35.6004 ,8352242 ,-124 ,-1 ,0.0469970703125 ,0.0428466796875 ,0.995483398438 ,0.070556640625
35.6135 ,8351425 ,-124 ,-1 ,0.046875 ,0.04296875 ,0.99560546875 ,0.0686645507812
35.6251 ,8351443 ,-124 ,-1 ,0.0466918945312 ,0.04296875 ,0.99560546875 ,0.0684814453125
35.6397 ,8352090 ,-124 ,-1 ,0.0466918945312 ,0.04296875 ,0.99560546875 ,0.0684814453125
35.6509 ,8350937 ,-124 ,-1 ,0.0466918945312 ,0.04296875 ,0.99560546875 ,0.0684814453125
35.6653 ,8351328 ,-124 ,-1 ,0.0465698242188 ,0.04296875 ,0.995666503906 ,0.068359375
35.6797 ,8351775 ,-124 ,-1 ,0.0464477539062 ,0.04296875 ,0.995666503906 ,0.0682983398438
35.6908 ,8351913 ,-124 ,-1 ,0.0462646484375 ,0.04296875 ,0.995666503906 ,0.0682373046875
35.7019 ,8351906 ,-124 ,-1 ,0.0463256835938 ,0.04296875 ,0.995666503906 ,0.068115234375
35.7135 ,8351674 ,-124 ,-1 ,0.0462646484375 ,0.0430297851562 ,0.995727539062 ,0.06689453125
35.7252 ,8351297 ,-124 ,-1 ,0.0462646484375 ,0.0430297851562 ,0.995727539062 ,0.06689453125
35.7397 ,8351692 ,-124 ,-1 ,0.0460815429688 ,0.0430297851562 ,0.995788574219 ,0.0668334960938
35.7508 ,8351785 ,-124 ,-1 ,0.045654296875 ,0.0430297851562 ,0.995788574219 ,0.0667114257812
35.7746 ,8351605 ,-124 ,-1 ,0.0457763671875 ,0.0430297851562 ,0.995788574219 ,0.0665893554688
35.789 ,8351757 ,-124 ,-1 ,0.0458984375 ,0.0430297851562 ,0.995788574219 ,0.0665893554688
35.8021 ,8351965 ,-124 ,-1 ,0.0458984375 ,0.0430297851562 ,0.995788574219 ,0.066650390625
35.8126 ,8351546 ,-124 ,-1 ,0.0458374023438 ,0.0430297851562 ,0.995788574219 ,0.0667724609375
35.8237 ,8351567 ,-124 ,-1 ,0.045654296875 ,0.0430908203125 ,0.995788574219 ,0.0668334960938
35.8347 ,8351318 ,-124 ,-1 ,0.0453491210938 ,0.0430297851562 ,0.995788574219 ,0.0667724609375
35.8492 ,8351930 ,-124 ,-1 ,0.0453491210938 ,0.0430297851562 ,0.995788574219 ,0.0667724609375
35.8636 ,8351965 ,-124 ,-1 ,0.0452270507812 ,0.0430908203125 ,0.995910644531 ,0.0651245117188
35.8747 ,8351789 ,-124 ,-1 ,0.0452270507812 ,0.0430908203125 ,0.995910644531 ,0.0651245117188
35.8893 ,8351962 ,-124 ,-1 ,0.045166015625 ,0.0430908203125 ,0.995910644531 ,0.0651245117188
35.9 ,8351937 ,-124 ,-1 ,0.0449829101562 ,0.0430908203125 ,0.995910644531 ,0.0650634765625
35.9134 ,8352190 ,-124 ,-1 ,0.0447387695312 ,0.0431518554688 ,0.995971679688 ,0.0642700195312
35.9243 ,8351546 ,-124 ,-1 ,0.0446166992188 ,0.0431518554688 ,0.996032714844 ,0.064208984375
35.9393 ,8352180 ,-124 ,-1 ,0.0446166992188 ,0.0431518554688 ,0.996032714844 ,0.064208984375
35.9503 ,8351948 ,-124 ,-1 ,0.044677734375 ,0.0431518554688 ,0.995971679688 ,0.064208984375
35.9617 ,8351982 ,-124 ,-1 ,0.044677734375 ,0.0431518554688 ,0.995971679688 ,0.0642700195312
35.9728 ,8351650 ,-124 ,-1 ,0.0446166992188 ,0.0431518554688 ,0.995971679688 ,0.0642700195312
35.9842 ,8351377 ,-124 ,-1 ,0.0443725585938 ,0.0431518554688 ,0.996032714844 ,0.0642700195312
35.9953 ,8351944 ,-124 ,-1 ,0.0440673828125 ,0.043212890625 ,0.996032714844 ,0.064208984375
36.0134 ,8352159 ,-124 ,-1 ,0.0439453125 ,0.0432739257812 ,0.99609375 ,0.0628662109375
36.0252 ,8352138 ,-124 ,-1 ,0.0440673828125 ,0.0432739257812 ,0.99609375 ,0.0628662109375
36.0393 ,8351882 ,-124 ,-1 ,0.0440673828125 ,0.0432739257812 ,0.99609375 ,0.0628662109375
36.0499 ,8352228 ,-124 ,-1 ,0.0439453125 ,0.0432739257812 ,0.99609375 ,0.0628662109375
36.0627 ,8351439 ,-124 ,-1 ,0.0437622070312 ,0.0433349609375 ,0.996154785156 ,0.0618286132812
36.0734 ,8352508 ,-124 ,-1 ,0.0436401367188 ,0.0433349609375 ,0.996215820312 ,0.061767578125
36.0843 ,8352069 ,-124 ,-1 ,0.04345703125 ,0.0433349609375 ,0.996215820312 ,0.0616455078125
36.099 ,8352408 ,-124 ,-1 ,0.04345703125 ,0.0433349609375 ,0.996215820312 ,0.0615844726562
36.1118 ,8351768 ,-124 ,-1 ,0.04345703125 ,0.0433349609375 ,0.996215820312 ,0.0615234375
36.1225 ,8352058 ,-124 ,-1 ,0.04345703125 ,0.0433349609375 ,0.996215820312 ,0.0615234375
36.1349 ,8352335 ,-124 ,-1 ,0.0433959960938 ,0.0433349609375 ,0.996215820312 ,0.0614624023438
36.1498 ,8352816 ,-124 ,-1 ,0.0433959960938 ,0.0433349609375 ,0.996215820312 ,0.0614624023438
36.1633 ,8351951 ,-124 ,-1 ,0.0432739257812 ,0.0433959960938 ,0.996276855469 ,0.060546875
36.1749 ,8351782 ,-124 ,-1 ,0.0430908203125 ,0.0433959960938 ,0.996276855469 ,0.060546875
36.1896 ,8351934 ,-124 ,-1 ,0.0430908203125 ,0.0433959960938 ,0.996276855469 ,0.060546875
36.2007 ,8351802 ,-124 ,-1 ,0.0431518554688 ,0.0433959960938 ,0.996337890625 ,0.06005859375
36.2196 ,8352128 ,-124 ,-1 ,0.0431518554688 ,0.0433959960938 ,0.996337890625 ,0.06005859375
36.2304 ,8351667 ,-124 ,-1 ,0.0430908203125 ,0.0433959960938 ,0.996337890625 ,0.06005859375
36.2411 ,8352000 ,-124 ,-1 ,0.04296875 ,0.0433959960938 ,0.996337890625 ,0.06005859375
36.2517 ,8352221 ,-124 ,-1 ,0.0428466796875 ,0.0433959960938 ,0.996337890625 ,0.06005859375
36.2636 ,8351840 ,-124 ,-1 ,0.0427856445312 ,0.04345703125 ,0.996398925781 ,0.0591430664062
36.2744 ,8352252 ,-124 ,-1 ,0.0428466796875 ,0.04345703125 ,0.996398925781 ,0.0591430664062
36.2894 ,8352065 ,-124 ,-1 ,0.0429077148438 ,0.04345703125 ,0.996398925781 ,0.0591430664062
36.3003 ,8352065 ,-124 ,-1 ,0.0429077148438 ,0.04345703125 ,0.996398925781 ,0.0591430664062
36.3129 ,8351795 ,-124 ,-1 ,0.0428466796875 ,0.0435180664062 ,0.996459960938 ,0.0576171875
36.3237 ,8352024 ,-124 ,-1 ,0.0428466796875 ,0.0435180664062 ,0.996459960938 ,0.0576171875
36.3344 ,8351588 ,-124 ,-1 ,0.0429077148438 ,0.0435180664062 ,0.996459960938 ,0.0576171875
36.349 ,8351467 ,-124 ,-1 ,0.0430297851562 ,0.0435180664062 ,0.996459960938 ,0.0576782226562
36.3628 ,8352128 ,-124 ,-1 ,0.0430297851562 ,0.0435791015625 ,0.996520996094 ,0.0563354492188
36.3739 ,8351522 ,-124 ,-1 ,0.0430297851562 ,0.0435791015625 ,0.996520996094 ,0.0563354492188
36.3846 ,8352207 ,-124 ,-1 ,0.0430297851562 ,0.0435791015625 ,0.996520996094 ,0.0563354492188
36.4063 ,8351761 ,-124 ,-1 ,0.0431518554688 ,0.0435791015625 ,0.996520996094 ,0.0563354492188
36.4192 ,8351422 ,-124 ,-1 ,0.0432739257812 ,0.0435180664062 ,0.996520996094 ,0.056396484375
36.43 ,8351571 ,-124 ,-1 ,0.0433959960938 ,0.0435180664062 ,0.996520996094 ,0.0564575195312
36.441 ,8351519 ,-124 ,-1 ,0.0433959960938 ,0.0435791015625 ,0.996520996094 ,0.0565795898438
36.4515 ,8352373 ,-124 ,-1 ,0.0433959960938 ,0.0435791015625 ,0.996520996094 ,0.0565795898438
36.4625 ,8351858 ,-124 ,-1 ,0.0433349609375 ,0.0436401367188 ,0.99658203125 ,0.0550537109375
36.4747 ,8351969 ,-124 ,-1 ,0.0433349609375 ,0.0436401367188 ,0.99658203125 ,0.0550537109375
36.4897 ,8351148 ,-124 ,-1 ,0.0433959960938 ,0.0436401367188 ,0.99658203125 ,0.0550537109375
36.5003 ,8351148 ,-124 ,-1 ,0.0435180664062 ,0.0436401367188 ,0.99658203125 ,0.0550537109375
36.5128 ,8351235 ,-124 ,-1 ,0.0435791015625 ,0.0436401367188 ,0.99658203125 ,0.0548706054688
36.5244 ,8352263 ,-124 ,-1 ,0.0435791015625 ,0.0436401367188 ,0.99658203125 ,0.0548706054688
