time_index,time_stamp,L1,L2,L3,L4,R1,R2,R3,R4,Futek,ENC2
0.0005,2019-09-08 18:20:40.218640,278.0,172.0,172.0,220.0,378.0,216.0,200.0,166.0,,-15,8341804
0.2347,2019-09-08 18:20:40.247142,188.0,172.0,222.0,222.0,386.0,200.0,388.0,218.0,,-15,8341492
0.263,2019-09-08 18:20:40.254808,278.0,172.0,222.0,222.0,406.0,218.0,204.0,168.0,,-15,8341579
0.2706,2019-09-08 18:20:40.265274,278.0,172.0,222.0,222.0,412.0,218.0,204.0,218.0,,-15,8341963
0.2811,2019-09-08 18:20:40.277388,188.0,172.0,222.0,222.0,416.0,416.0,218.0,168.0,,-15,8341925
0.2932,2019-09-08 18:20:40.287754,188.0,172.0,222.0,224.0,422.0,168.0,168.0,422.0,,-15,8341835
0.3036,2019-09-08 18:20:40.304539,188.0,172.0,224.0,222.0,424.0,218.0,208.0,424.0,,-15,8342167
0.3204,2019-09-08 18:20:40.318590,188.0,172.0,224.0,224.0,422.0,422.0,208.0,208.0,,-15,8342160
0.3344,2019-09-08 18:20:40.377878,188.0,172.0,224.0,224.0,406.0,218.0,212.0,170.0,,-15,8341620
0.3938,2019-09-08 18:20:40.388375,188.0,172.0,224.0,224.0,170.0,406.0,218.0,170.0,,-15,8342579
0.4042,2019-09-08 18:20:40.399564,278.0,188.0,172.0,224.0,170.0,404.0,170.0,404.0,,-15,8342641
0.4154,2019-09-08 18:20:40.411998,278.0,188.0,172.0,224.0,220.0,212.0,212.0,212.0,,-15,8341915
0.4279,2019-09-08 18:20:40.424118,278.0,188.0,172.0,224.0,398.0,220.0,400.0,220.0,,-15,8341769
0.4399,2019-09-08 18:20:40.443719,278.0,172.0,224.0,224.0,212.0,170.0,398.0,220.0,,-15,8341949
0.4595,2019-09-08 18:20:40.467617,188.0,172.0,224.0,224.0,168.0,218.0,210.0,168.0,,-15,8342572
0.4834,2019-09-08 18:20:40.473931,278.0,188.0,172.0,224.0,396.0,216.0,210.0,170.0,,-15,8342112
0.4897,2019-09-08 18:20:40.485411,278.0,188.0,172.0,224.0,384.0,214.0,206.0,168.0,,-16,8342112
0.5012,2019-09-08 18:20:40.502721,278.0,188.0,172.0,224.0,378.0,212.0,206.0,168.0,,-16,8342316
0.5187,2019-09-08 18:20:40.518234,280.0,188.0,172.0,224.0,346.0,206.0,342.0,206.0,,-16,8342794
0.5342,2019-09-08 18:20:40.535862,280.0,188.0,172.0,224.0,198.0,202.0,166.0,202.0,,-16,8341679
0.5516,2019-09-08 18:20:40.551304,188.0,172.0,172.0,224.0,306.0,306.0,196.0,166.0,,-16,8342883
0.5671,2019-09-08 18:20:40.564956,188.0,172.0,224.0,224.0,292.0,198.0,194.0,166.0,,-16,8342233
0.5808,2019-09-08 18:20:40.579467,280.0,172.0,224.0,224.0,286.0,198.0,196.0,166.0,,-16,8343074
0.5953,2019-09-08 18:20:40.597712,282.0,172.0,224.0,224.0,276.0,196.0,194.0,164.0,,-15,8342596
0.6135,2019-09-08 18:20:40.611151,188.0,188.0,224.0,224.0,270.0,270.0,194.0,166.0,,-15,8342537
0.6271,2019-09-08 18:20:40.657561,282.0,172.0,224.0,224.0,268.0,196.0,194.0,166.0,,-15,8342475
0.6736,2019-09-08 18:20:40.711289,188.0,172.0,224.0,224.0,164.0,242.0,188.0,164.0,,-15,8342447
0.7274,2019-09-08 18:20:40.717652,172.0,224.0,172.0,224.0,242.0,186.0,164.0,162.0,,-15,8342354
0.7337,2019-09-08 18:20:40.759060,282.0,188.0,172.0,282.0,188.0,188.0,238.0,186.0,,-15,8342070
0.7752,2019-09-08 18:20:40.765866,224.0,188.0,284.0,224.0,240.0,188.0,164.0,188.0,,-15,8342070
0.782,2019-09-08 18:20:40.773679,224.0,188.0,286.0,224.0,240.0,186.0,188.0,164.0,,-15,8342821
0.7902,2019-09-08 18:20:40.784655,286.0,188.0,172.0,224.0,188.0,164.0,240.0,164.0,,-16,8343236
0.801,2019-09-08 18:20:40.797406,286.0,188.0,286.0,222.0,242.0,164.0,188.0,188.0,,-16,8343046
0.8137,2019-09-08 18:20:40.812779,288.0,188.0,288.0,188.0,188.0,164.0,242.0,188.0,,-16,8342216
0.8289,2019-09-08 18:20:40.829576,290.0,188.0,172.0,222.0,164.0,164.0,190.0,164.0,,-16,8342946
0.8459,2019-09-08 18:20:40.870895,292.0,292.0,172.0,222.0,248.0,190.0,164.0,248.0,,-16,8343115
0.8869,2019-09-08 18:20:40.877272,294.0,188.0,172.0,220.0,190.0,190.0,190.0,250.0,,-16,8342029
0.8933,2019-09-08 18:20:40.894663,296.0,188.0,172.0,220.0,190.0,250.0,190.0,164.0,,-16,8342247
0.9107,2019-09-08 18:20:40.913422,298.0,188.0,172.0,220.0,252.0,192.0,190.0,164.0,,-16,8342240
0.9294,2019-09-08 18:20:40.922919,300.0,188.0,172.0,220.0,192.0,192.0,192.0,256.0,,-16,8342368
0.9389,2019-09-08 18:20:40.946784,300.0,186.0,172.0,220.0,192.0,192.0,192.0,260.0,,-16,8341883
0.9628,2019-09-08 18:20:40.976376,302.0,188.0,172.0,220.0,260.0,192.0,192.0,164.0,,-16,8341918
0.9924,2019-09-08 18:20:40.982617,304.0,188.0,172.0,220.0,264.0,194.0,192.0,164.0,,-16,8342447
0.9986,2019-09-08 18:20:40.990958,306.0,186.0,172.0,220.0,264.0,164.0,264.0,164.0,,-17,8342209
1.0071,2019-09-08 18:20:41.003842,306.0,186.0,172.0,220.0,266.0,196.0,192.0,164.0,,-17,8343012
1.0198,2019-09-08 18:20:41.018325,308.0,188.0,172.0,220.0,266.0,266.0,196.0,164.0,,-17,8343517
1.0343,2019-09-08 18:20:41.033582,308.0,188.0,172.0,310.0,266.0,192.0,192.0,266.0,,-17,8342358
1.0496,2019-09-08 18:20:41.057446,310.0,188.0,172.0,310.0,266.0,198.0,194.0,266.0,,-17,8341721
1.0735,2019-09-08 18:20:41.068401,188.0,172.0,172.0,188.0,194.0,198.0,164.0,266.0,,-17,8342645
1.0844,2019-09-08 18:20:41.080807,310.0,188.0,220.0,220.0,266.0,266.0,194.0,194.0,,-17,8342261
1.0968,2019-09-08 18:20:41.097707,312.0,310.0,172.0,220.0,194.0,164.0,266.0,164.0,,-17,8342223
1.1137,2019-09-08 18:20:41.123298,310.0,310.0,172.0,220.0,194.0,200.0,266.0,164.0,,-17,8341738
1.1393,2019-09-08 18:20:41.134127,310.0,220.0,186.0,220.0,194.0,164.0,264.0,164.0,,-17,8342146
1.1502,2019-09-08 18:20:41.145552,310.0,188.0,172.0,220.0,166.0,266.0,196.0,196.0,,-17,8341738
1.1617,2019-09-08 18:20:41.171862,220.0,188.0,172.0,220.0,266.0,200.0,196.0,164.0,,-17,8341648
1.1879,2019-09-08 18:20:41.181143,308.0,188.0,172.0,220.0,266.0,200.0,196.0,164.0,,-17,8342596
1.1971,2019-09-08 18:20:41.193227,308.0,188.0,172.0,220.0,200.0,196.0,166.0,266.0,,-17,8342544
1.2092,2019-09-08 18:20:41.208444,308.0,188.0,172.0,220.0,264.0,196.0,196.0,264.0,,-17,8342669
1.2244,2019-09-08 18:20:41.223042,308.0,188.0,172.0,220.0,264.0,196.0,196.0,266.0,,-17,8342358
1.239,2019-09-08 18:20:41.243858,306.0,188.0,172.0,220.0,196.0,202.0,266.0,200.0,,-17,8342008
1.2599,2019-09-08 18:20:41.263699,306.0,188.0,172.0,220.0,264.0,202.0,196.0,164.0,,-17,8342326
1.2797,2019-09-08 18:20:41.279292,306.0,188.0,172.0,220.0,266.0,202.0,198.0,166.0,,-17,8342479
1.2953,2019-09-08 18:20:41.285539,304.0,188.0,172.0,220.0,264.0,202.0,266.0,202.0,,-17,8341922
1.3015,2019-09-08 18:20:41.300255,304.0,188.0,172.0,220.0,196.0,166.0,264.0,202.0,,-17,8342212
1.3164,2019-09-08 18:20:41.322508,304.0,188.0,172.0,220.0,264.0,202.0,198.0,166.0,,-17,8342018
1.3385,2019-09-08 18:20:41.331569,304.0,188.0,172.0,220.0,264.0,166.0,198.0,166.0,,-17,8342313
1.3475,2019-09-08 18:20:41.345756,304.0,188.0,172.0,220.0,166.0,196.0,166.0,266.0,,-18,8342264
1.3618,2019-09-08 18:20:41.364380,306.0,188.0,172.0,220.0,266.0,166.0,266.0,166.0,,-18,8342659
1.3804,2019-09-08 18:20:41.380161,306.0,188.0,172.0,220.0,268.0,202.0,196.0,166.0,,-18,8342036
1.3977,2019-09-08 18:20:41.393594,308.0,188.0,172.0,220.0,268.0,268.0,202.0,166.0,,-18,8342098
1.41,2019-09-08 18:20:41.413268,308.0,188.0,172.0,222.0,272.0,204.0,198.0,272.0,,-18,8342548
1.4297,2019-09-08 18:20:41.427666,308.0,172.0,222.0,222.0,272.0,202.0,272.0,202.0,,-18,8341845
1.4449,2019-09-08 18:20:41.484971,188.0,172.0,222.0,222.0,272.0,202.0,198.0,166.0,,-18,8341939
1.5015,2019-09-08 18:20:41.491794,306.0,188.0,172.0,222.0,280.0,204.0,198.0,282.0,,-18,8342288
1.5085,2019-09-08 18:20:41.502931,306.0,188.0,172.0,220.0,282.0,198.0,166.0,282.0,,-18,8342105
1.5198,2019-09-08 18:20:41.519731,306.0,188.0,172.0,222.0,282.0,282.0,196.0,196.0,,-18,8341811
1.5376,2019-09-08 18:20:41.557286,306.0,188.0,172.0,222.0,282.0,166.0,284.0,164.0,,-18,8342150
1.5734,2019-09-08 18:20:41.574026,306.0,188.0,172.0,220.0,284.0,204.0,196.0,166.0,,-18,8342250
1.5902,2019-09-08 18:20:41.580780,306.0,220.0,172.0,306.0,284.0,202.0,196.0,284.0,,-18,8341935
1.597,2019-09-08 18:20:41.589410,172.0,220.0,172.0,308.0,282.0,196.0,284.0,202.0,,-18,8341659
1.6057,2019-09-08 18:20:41.601473,308.0,220.0,172.0,308.0,282.0,284.0,196.0,166.0,,-18,8342399
1.6178,2019-09-08 18:20:41.610806,308.0,186.0,172.0,308.0,202.0,202.0,194.0,166.0,,-18,8341828
1.6269,2019-09-08 18:20:41.645379,310.0,186.0,172.0,310.0,288.0,288.0,202.0,194.0,,-18,8342029
1.6617,2019-09-08 18:20:41.660107,310.0,186.0,172.0,220.0,288.0,202.0,194.0,166.0,,-18,8342029
1.6763,2019-09-08 18:20:41.670822,312.0,188.0,172.0,220.0,288.0,202.0,194.0,166.0,,-18,8342340
1.6869,2019-09-08 18:20:41.679496,314.0,188.0,314.0,220.0,288.0,202.0,194.0,166.0,,-18,8341780
1.6961,2019-09-08 18:20:41.689513,314.0,188.0,172.0,220.0,202.0,194.0,166.0,290.0,,-18,8341413
1.7058,2019-09-08 18:20:41.702997,314.0,186.0,316.0,220.0,194.0,202.0,290.0,202.0,,-19,8342091
1.7191,2019-09-08 18:20:41.719867,316.0,186.0,172.0,220.0,290.0,202.0,194.0,166.0,,-19,8341856
1.7361,2019-09-08 18:20:41.735302,220.0,188.0,172.0,220.0,290.0,194.0,166.0,290.0,,-19,8342122
1.7516,2019-09-08 18:20:41.749994,316.0,186.0,316.0,220.0,290.0,202.0,164.0,290.0,,-19,8341752
1.7662,2019-09-08 18:20:41.765006,316.0,188.0,316.0,186.0,192.0,290.0,192.0,192.0,,-19,8342171
1.7811,2019-09-08 18:20:41.783286,316.0,186.0,172.0,220.0,290.0,200.0,166.0,290.0,,-19,8342454
1.7997,2019-09-08 18:20:41.795877,318.0,186.0,186.0,220.0,192.0,200.0,290.0,290.0,,-19,8341814
1.812,2019-09-08 18:20:41.816334,318.0,318.0,172.0,220.0,290.0,200.0,290.0,200.0,,-19,8341247
1.8324,2019-09-08 18:20:41.826582,318.0,318.0,188.0,172.0,192.0,200.0,192.0,192.0,,-19,8341641
1.8427,2019-09-08 18:20:41.842642,318.0,186.0,172.0,220.0,164.0,290.0,192.0,192.0,,-19,8341209
1.859,2019-09-08 18:20:41.857680,318.0,186.0,172.0,220.0,292.0,290.0,200.0,192.0,,-19,8341593
1.8738,2019-09-08 18:20:41.899902,318.0,188.0,172.0,220.0,292.0,200.0,192.0,166.0,,-19,8341465
1.9168,2019-09-08 18:20:41.911955,318.0,186.0,172.0,220.0,294.0,200.0,192.0,164.0,,-19,8342344
1.928,2019-09-08 18:20:41.923591,318.0,186.0,172.0,220.0,294.0,200.0,192.0,294.0,,-19,8341700
1.9404,2019-09-08 18:20:41.937790,318.0,186.0,172.0,220.0,192.0,198.0,192.0,294.0,,-19,8341416
1.9539,2019-09-08 18:20:41.951431,318.0,188.0,172.0,220.0,164.0,294.0,198.0,192.0,,-19,8341309
1.9677,2019-09-08 18:20:41.970710,318.0,186.0,172.0,220.0,296.0,198.0,190.0,164.0,,-19,8341492
1.9868,2019-09-08 18:20:41.986629,318.0,186.0,172.0,220.0,298.0,198.0,190.0,164.0,,-19,8341956
2.0027,2019-09-08 18:20:42.000697,318.0,186.0,172.0,220.0,298.0,198.0,190.0,300.0,,-19,8341752
2.0171,2019-09-08 18:20:42.018610,318.0,186.0,172.0,220.0,164.0,300.0,300.0,190.0,,-19,8342364
2.0351,2019-09-08 18:20:42.032027,318.0,186.0,172.0,220.0,164.0,300.0,198.0,164.0,,-19,8342105
2.0481,2019-09-08 18:20:42.048986,318.0,186.0,172.0,220.0,302.0,198.0,190.0,164.0,,-19,8341973
2.0653,2019-09-08 18:20:42.070804,318.0,186.0,172.0,220.0,304.0,198.0,304.0,198.0,,-19,8342572
2.0869,2019-09-08 18:20:42.095950,186.0,172.0,218.0,220.0,304.0,166.0,196.0,164.0,,-19,8342323
2.112,2019-09-08 18:20:42.105170,318.0,172.0,220.0,220.0,306.0,306.0,198.0,164.0,,-19,8341693
2.1213,2019-09-08 18:20:42.117192,318.0,186.0,172.0,220.0,308.0,306.0,196.0,190.0,,-19,8341922
2.1333,2019-09-08 18:20:42.127784,318.0,186.0,172.0,318.0,308.0,196.0,190.0,196.0,,-19,8341967
2.1442,2019-09-08 18:20:42.142089,318.0,186.0,172.0,218.0,308.0,196.0,190.0,164.0,,-19,8341994
2.1585,2019-09-08 18:20:42.168898,316.0,186.0,172.0,218.0,310.0,196.0,190.0,196.0,,-19,8341987
2.1853,2019-09-08 18:20:42.187438,316.0,186.0,172.0,316.0,190.0,196.0,310.0,164.0,,-19,8342403
2.2035,2019-09-08 18:20:42.203308,316.0,186.0,172.0,314.0,164.0,312.0,196.0,190.0,,-19,8341925
2.2196,2019-09-08 18:20:42.210274,172.0,218.0,172.0,218.0,310.0,312.0,196.0,164.0,,-19,8341911
2.2265,2019-09-08 18:20:42.232187,314.0,186.0,172.0,218.0,310.0,196.0,190.0,164.0,,-19,8341797
2.2483,2019-09-08 18:20:42.254975,314.0,186.0,172.0,218.0,196.0,196.0,190.0,164.0,,-19,8341849
2.2711,2019-09-08 18:20:42.267248,316.0,218.0,314.0,218.0,190.0,190.0,188.0,314.0,,-19,8342022
2.2836,2019-09-08 18:20:42.297508,314.0,218.0,314.0,186.0,314.0,196.0,188.0,164.0,,-19,8341714
2.3135,2019-09-08 18:20:42.303777,314.0,186.0,172.0,218.0,314.0,314.0,190.0,164.0,,-19,8342593
2.3198,2019-09-08 18:20:42.313608,314.0,186.0,172.0,218.0,196.0,190.0,188.0,164.0,,-19,8342593
2.3299,2019-09-08 18:20:42.327879,314.0,314.0,186.0,172.0,190.0,196.0,164.0,196.0,,-19,8341537
2.3439,2019-09-08 18:20:42.346276,314.0,186.0,172.0,218.0,314.0,196.0,190.0,196.0,,-19,8342731
2.3623,2019-09-08 18:20:42.357228,314.0,186.0,172.0,218.0,314.0,196.0,314.0,196.0,,-19,8341382
2.3735,2019-09-08 18:20:42.373261,314.0,186.0,172.0,218.0,314.0,196.0,188.0,190.0,,-19,8342188
2.3895,2019-09-08 18:20:42.415257,314.0,186.0,172.0,218.0,196.0,188.0,190.0,164.0,,-19,8341541
2.432,2019-09-08 18:20:42.423344,314.0,186.0,172.0,218.0,314.0,164.0,188.0,196.0,,-19,8342219
2.4407,2019-09-08 18:20:42.449202,314.0,186.0,172.0,218.0,316.0,196.0,190.0,164.0,,-19,8341358
2.4667,2019-09-08 18:20:42.473822,314.0,186.0,172.0,218.0,316.0,198.0,190.0,164.0,,-19,8342032
2.4904,2019-09-08 18:20:42.481721,314.0,186.0,172.0,220.0,318.0,198.0,190.0,164.0,,-19,8341894
2.4985,2019-09-08 18:20:42.506454,314.0,186.0,172.0,218.0,190.0,198.0,164.0,318.0,,-19,8341925
2.5228,2019-09-08 18:20:42.534148,314.0,186.0,172.0,220.0,318.0,164.0,190.0,198.0,,-19,8341880
2.5505,2019-09-08 18:20:42.540848,314.0,186.0,172.0,220.0,188.0,164.0,318.0,198.0,,-19,8341710
2.5572,2019-09-08 18:20:42.569597,314.0,186.0,172.0,218.0,164.0,318.0,198.0,190.0,,-19,8341752
2.5861,2019-09-08 18:20:42.576602,316.0,186.0,172.0,218.0,318.0,164.0,318.0,198.0,,-19,8341856
2.5929,2019-09-08 18:20:42.596286,316.0,186.0,172.0,218.0,320.0,198.0,190.0,164.0,,-19,8341323
2.6123,2019-09-08 18:20:42.604560,316.0,186.0,172.0,218.0,318.0,198.0,190.0,320.0,,-19,8341413
2.6206,2019-09-08 18:20:42.621872,316.0,186.0,172.0,220.0,190.0,166.0,190.0,320.0,,-19,8341409
2.6379,2019-09-08 18:20:42.637810,316.0,188.0,172.0,220.0,320.0,190.0,164.0,318.0,,-19,8342126
2.6539,2019-09-08 18:20:42.664546,316.0,186.0,172.0,218.0,320.0,190.0,164.0,318.0,,-19,8341665
2.6806,2019-09-08 18:20:42.671226,316.0,186.0,172.0,220.0,164.0,192.0,164.0,316.0,,-19,8341766
2.6877,2019-09-08 18:20:42.686995,316.0,186.0,172.0,218.0,164.0,200.0,164.0,316.0,,-19,8342745
2.7031,2019-09-08 18:20:42.703609,316.0,186.0,172.0,220.0,314.0,192.0,192.0,314.0,,-19,8342655
2.7209,2019-09-08 18:20:42.719526,316.0,186.0,172.0,220.0,312.0,202.0,192.0,164.0,,-19,8342029
2.7362,2019-09-08 18:20:42.773834,316.0,186.0,172.0,220.0,314.0,202.0,192.0,164.0,,-19,8341378
2.7902,2019-09-08 18:20:42.780497,316.0,186.0,172.0,218.0,310.0,166.0,194.0,166.0,,-19,8341627
2.7976,2019-09-08 18:20:42.805564,316.0,186.0,172.0,220.0,308.0,204.0,194.0,166.0,,-19,8341873
2.8223,2019-09-08 18:20:42.812797,316.0,186.0,172.0,218.0,308.0,204.0,194.0,166.0,,-19,8341904
2.8297,2019-09-08 18:20:42.820416,316.0,186.0,172.0,220.0,166.0,202.0,194.0,164.0,,-19,8342074
2.8369,2019-09-08 18:20:42.841348,316.0,186.0,172.0,220.0,194.0,194.0,304.0,304.0,,-19,8341586
2.8578,2019-09-08 18:20:42.857578,316.0,186.0,172.0,218.0,306.0,204.0,166.0,304.0,,-19,8341797
2.8741,2019-09-08 18:20:42.867660,316.0,186.0,316.0,186.0,166.0,304.0,194.0,304.0,,-19,8341887
2.8841,2019-09-08 18:20:42.882632,316.0,186.0,172.0,218.0,302.0,204.0,194.0,166.0,,-19,8341524
2.899,2019-09-08 18:20:42.902256,316.0,316.0,186.0,218.0,302.0,302.0,204.0,166.0,,-19,8342254
2.9189,2019-09-08 18:20:42.921300,316.0,316.0,172.0,218.0,298.0,196.0,166.0,298.0,,-19,8341918
2.9378,2019-09-08 18:20:42.934274,316.0,186.0,172.0,218.0,196.0,204.0,298.0,166.0,,-19,8341579
2.9506,2019-09-08 18:20:42.950639,316.0,186.0,172.0,218.0,296.0,204.0,196.0,194.0,,-19,8341676
2.967,2019-09-08 18:20:42.966936,316.0,186.0,172.0,218.0,296.0,296.0,204.0,166.0,,-19,8342313
2.9833,2019-09-08 18:20:42.980756,316.0,186.0,172.0,218.0,204.0,204.0,196.0,296.0,,-19,8341281
2.9974,2019-09-08 18:20:43.016333,316.0,186.0,172.0,218.0,294.0,196.0,166.0,166.0,,-19,8342537
3.033,2019-09-08 18:20:43.023337,316.0,186.0,172.0,218.0,294.0,204.0,166.0,166.0,,-19,8341755
3.04,2019-09-08 18:20:43.030470,316.0,186.0,172.0,218.0,294.0,206.0,196.0,166.0,,-19,8342188
3.0473,2019-09-08 18:20:43.047054,316.0,186.0,172.0,218.0,294.0,196.0,194.0,166.0,,-19,8342731
3.0634,2019-09-08 18:20:43.064264,316.0,186.0,172.0,218.0,292.0,196.0,196.0,292.0,,-19,8341634
3.0806,2019-09-08 18:20:43.079039,316.0,186.0,172.0,218.0,292.0,166.0,292.0,206.0,,-19,8341859
3.0951,2019-09-08 18:20:43.095913,316.0,186.0,172.0,218.0,290.0,166.0,292.0,206.0,,-19,8342368
3.1119,2019-09-08 18:20:43.115485,316.0,186.0,172.0,218.0,290.0,206.0,196.0,290.0,,-19,8341973
3.1316,2019-09-08 18:20:43.124806,316.0,186.0,172.0,218.0,290.0,206.0,196.0,166.0,,-19,8342679
3.1409,2019-09-08 18:20:43.138235,316.0,186.0,172.0,218.0,196.0,166.0,196.0,290.0,,-19,8341710
3.1545,2019-09-08 18:20:43.166652,316.0,186.0,172.0,218.0,196.0,206.0,290.0,206.0,,-19,8341932
3.1834,2019-09-08 18:20:43.174458,316.0,186.0,172.0,218.0,196.0,166.0,196.0,166.0,,-19,8342496
3.192,2019-09-08 18:20:43.188551,316.0,186.0,172.0,218.0,166.0,290.0,206.0,198.0,,-19,8341520
3.2049,2019-09-08 18:20:43.212974,318.0,186.0,172.0,218.0,166.0,288.0,206.0,196.0,,-19,8342230
3.229,2019-09-08 18:20:43.219292,318.0,186.0,172.0,218.0,290.0,206.0,196.0,166.0,,-19,8341942
3.2353,2019-09-08 18:20:43.230615,316.0,186.0,172.0,218.0,288.0,206.0,196.0,166.0,,-19,8342209
3.2466,2019-09-08 18:20:43.246180,316.0,186.0,172.0,220.0,206.0,206.0,166.0,166.0,,-19,8341908
3.2622,2019-09-08 18:20:43.260084,318.0,186.0,172.0,220.0,288.0,206.0,196.0,166.0,,-19,8342178
3.2762,2019-09-08 18:20:43.277827,316.0,186.0,172.0,218.0,288.0,206.0,166.0,166.0,,-19,8342468
3.2938,2019-09-08 18:20:43.291026,316.0,186.0,172.0,220.0,206.0,198.0,166.0,288.0,,-19,8342409
3.3096,2019-09-08 18:20:43.319571,318.0,186.0,172.0,218.0,198.0,206.0,286.0,206.0,,-19,8342015
3.3363,2019-09-08 18:20:43.327768,318.0,186.0,172.0,218.0,166.0,206.0,196.0,166.0,,-19,8343050
3.3443,2019-09-08 18:20:43.341331,318.0,186.0,172.0,220.0,166.0,286.0,198.0,198.0,,-19,8341531
3.3578,2019-09-08 18:20:43.353001,318.0,186.0,172.0,218.0,286.0,206.0,198.0,166.0,,-19,8342191
3.3691,2019-09-08 18:20:43.376508,318.0,186.0,172.0,220.0,288.0,206.0,198.0,166.0,,-19,8341652
3.393,2019-09-08 18:20:43.387450,318.0,172.0,172.0,218.0,286.0,206.0,198.0,166.0,,-19,8342250
3.4038,2019-09-08 18:20:43.403377,318.0,186.0,172.0,220.0,196.0,166.0,286.0,206.0,,-19,8341662
3.4197,2019-09-08 18:20:43.426139,318.0,186.0,172.0,220.0,198.0,166.0,286.0,208.0,,-19,8342022
3.4427,2019-09-08 18:20:43.435049,318.0,186.0,172.0,220.0,286.0,206.0,198.0,166.0,,-19,8342361
3.4519,2019-09-08 18:20:43.446819,318.0,186.0,172.0,220.0,286.0,208.0,198.0,166.0,,-19,8342621
3.4633,2019-09-08 18:20:43.460726,318.0,188.0,172.0,220.0,208.0,208.0,286.0,208.0,,-19,8342153
3.4771,2019-09-08 18:20:43.486406,186.0,186.0,172.0,220.0,166.0,208.0,198.0,208.0,,-19,8341762
3.5041,2019-09-08 18:20:43.494762,318.0,186.0,172.0,220.0,286.0,208.0,198.0,166.0,,-19,8342143
3.5115,2019-09-08 18:20:43.518495,186.0,186.0,172.0,220.0,208.0,208.0,198.0,286.0,,-19,8342569
3.535,2019-09-08 18:20:43.525482,318.0,186.0,172.0,220.0,208.0,208.0,198.0,286.0,,-19,8342230
3.5418,2019-09-08 18:20:43.538386,318.0,186.0,172.0,220.0,286.0,208.0,166.0,198.0,,-19,8342070
3.5547,2019-09-08 18:20:43.563317,318.0,186.0,172.0,220.0,198.0,208.0,286.0,166.0,,-19,8342063
3.5805,2019-09-08 18:20:43.572149,318.0,186.0,172.0,220.0,286.0,208.0,286.0,166.0,,-19,8342063
3.5889,2019-09-08 18:20:43.583898,318.0,186.0,172.0,220.0,286.0,166.0,198.0,166.0,,-19,8342029
3.6002,2019-09-08 18:20:43.602691,318.0,186.0,172.0,220.0,166.0,286.0,198.0,166.0,,-19,8341970
3.6194,2019-09-08 18:20:43.623412,188.0,172.0,220.0,318.0,198.0,166.0,198.0,284.0,,-19,8341724
3.6399,2019-09-08 18:20:43.633688,318.0,188.0,172.0,318.0,286.0,166.0,286.0,210.0,,-19,8341973
3.6502,2019-09-08 18:20:43.649646,172.0,222.0,172.0,318.0,286.0,208.0,198.0,166.0,,-19,8341856
3.6664,2019-09-08 18:20:43.664198,318.0,188.0,172.0,318.0,166.0,286.0,208.0,198.0,,-19,8341980
3.6809,2019-09-08 18:20:43.681569,318.0,188.0,172.0,318.0,284.0,286.0,208.0,166.0,,-19,8341724
3.6984,2019-09-08 18:20:43.695909,318.0,188.0,318.0,222.0,284.0,210.0,198.0,286.0,,-19,8341925
3.7122,2019-09-08 18:20:43.711283,222.0,188.0,172.0,220.0,210.0,210.0,166.0,286.0,,-19,8341838
3.728,2019-09-08 18:20:43.726875,316.0,188.0,172.0,316.0,286.0,210.0,198.0,286.0,,-19,8342344
3.7433,2019-09-08 18:20:43.742851,316.0,188.0,172.0,222.0,284.0,198.0,166.0,210.0,,-19,8342773
3.7592,2019-09-08 18:20:43.755917,316.0,188.0,172.0,222.0,284.0,286.0,210.0,166.0,,-19,8342347
3.7726,2019-09-08 18:20:43.771607,316.0,188.0,172.0,222.0,286.0,286.0,198.0,198.0,,-19,8342254
3.7883,2019-09-08 18:20:43.791166,314.0,188.0,172.0,222.0,286.0,286.0,198.0,166.0,,-19,8341794
3.8081,2019-09-08 18:20:43.801910,314.0,188.0,314.0,222.0,284.0,210.0,198.0,166.0,,-19,8342178
3.8186,2019-09-08 18:20:43.830953,314.0,188.0,312.0,188.0,286.0,198.0,198.0,198.0,,-19,8341607
3.8473,2019-09-08 18:20:43.933672,312.0,314.0,188.0,222.0,284.0,198.0,198.0,286.0,,-19,8342323
3.9508,2019-09-08 18:20:43.941272,312.0,312.0,188.0,172.0,210.0,210.0,198.0,286.0,,-19,8341838
3.9581,2019-09-08 18:20:43.948423,310.0,188.0,172.0,224.0,286.0,198.0,198.0,284.0,,-19,8341700
3.9654,2019-09-08 18:20:43.963074,308.0,190.0,172.0,224.0,286.0,210.0,198.0,210.0,,-19,8341904
3.9791,2019-09-08 18:20:43.976315,308.0,188.0,172.0,224.0,208.0,208.0,198.0,198.0,,-19,8342655
3.9924,2019-09-08 18:20:44.074398,308.0,308.0,172.0,224.0,198.0,208.0,284.0,166.0,,-19,8341641
4.0921,2019-09-08 18:20:44.082333,306.0,190.0,172.0,306.0,284.0,198.0,198.0,284.0,,-19,8341915
4.0988,2019-09-08 18:20:44.094755,306.0,190.0,172.0,224.0,284.0,198.0,198.0,284.0,,-19,8342392
4.1108,2019-09-08 18:20:44.108345,190.0,172.0,172.0,224.0,284.0,210.0,210.0,198.0,,-19,8342233
4.1247,2019-09-08 18:20:44.155360,306.0,190.0,172.0,226.0,208.0,210.0,166.0,284.0,,-19,8342250
4.1714,2019-09-08 18:20:44.254701,306.0,190.0,224.0,224.0,284.0,208.0,284.0,208.0,,-19,8341942
4.2707,2019-09-08 18:20:44.261393,304.0,190.0,172.0,226.0,198.0,198.0,198.0,284.0,,-19,8342787
4.2774,2019-09-08 18:20:44.278541,302.0,190.0,302.0,190.0,284.0,166.0,284.0,208.0,,-19,8342603
4.2946,2019-09-08 18:20:44.385181,302.0,190.0,172.0,172.0,196.0,208.0,284.0,166.0,,-19,8341890
4.4012,2019-09-08 18:20:44.394522,302.0,302.0,172.0,226.0,196.0,208.0,284.0,166.0,,-19,8342641
4.4105,2019-09-08 18:20:44.400832,302.0,190.0,172.0,226.0,284.0,208.0,284.0,208.0,,-19,8342143
4.4168,2019-09-08 18:20:44.407154,302.0,302.0,172.0,226.0,284.0,208.0,198.0,166.0,,-19,8342119
4.4232,2019-09-08 18:20:44.422669,302.0,190.0,172.0,226.0,284.0,208.0,198.0,166.0,,-19,8342351
4.4386,2019-09-08 18:20:44.531548,302.0,302.0,172.0,190.0,284.0,208.0,196.0,284.0,,-19,8342029
4.5476,2019-09-08 18:20:44.539703,304.0,190.0,172.0,228.0,286.0,206.0,196.0,286.0,,-19,8343406
4.5568,2019-09-08 18:20:44.547539,304.0,190.0,172.0,228.0,286.0,206.0,206.0,166.0,,-19,8341794
4.5636,2019-09-08 18:20:44.559444,304.0,190.0,304.0,228.0,286.0,206.0,196.0,196.0,,-19,8342105
4.5755,2019-09-08 18:20:44.571987,304.0,190.0,172.0,228.0,286.0,206.0,196.0,288.0,,-19,8342191
4.5901,2019-09-08 18:20:44.584311,304.0,190.0,172.0,228.0,166.0,206.0,196.0,166.0,,-19,8341935
4.6016,2019-09-08 18:20:44.601000,304.0,190.0,172.0,228.0,288.0,206.0,196.0,166.0,,-19,8341534
4.6177,2019-09-08 18:20:44.614046,306.0,190.0,172.0,228.0,286.0,206.0,288.0,166.0,,-19,8342541
4.6314,2019-09-08 18:20:44.646790,306.0,190.0,306.0,190.0,286.0,206.0,196.0,166.0,,-19,8341095
4.6637,2019-09-08 18:20:44.654154,306.0,190.0,172.0,228.0,288.0,206.0,196.0,166.0,,-19,8342119
4.6705,2019-09-08 18:20:44.661644,306.0,306.0,172.0,228.0,206.0,206.0,166.0,286.0,,-19,8341697
4.6784,2019-09-08 18:20:44.676999,306.0,306.0,172.0,228.0,288.0,208.0,288.0,166.0,,-19,8342022
4.6934,2019-09-08 18:20:44.691618,306.0,190.0,172.0,228.0,288.0,206.0,196.0,166.0,,-19,8341977
4.7086,2019-09-08 18:20:44.708605,306.0,306.0,172.0,228.0,288.0,206.0,196.0,166.0,,-19,8342406
4.7248,2019-09-08 18:20:44.723239,308.0,306.0,172.0,228.0,196.0,196.0,196.0,288.0,,-19,8343074
4.7393,2019-09-08 18:20:44.748980,308.0,308.0,192.0,172.0,196.0,206.0,288.0,206.0,,-19,8341582
4.7668,2019-09-08 18:20:44.757148,308.0,192.0,172.0,230.0,196.0,206.0,290.0,206.0,,-19,8342413
4.7743,2019-09-08 18:20:44.774778,308.0,308.0,192.0,308.0,196.0,166.0,288.0,166.0,,-19,8341922
4.7908,2019-09-08 18:20:44.788829,308.0,308.0,194.0,308.0,196.0,166.0,288.0,208.0,,-19,8342018
4.8049,2019-09-08 18:20:44.806326,308.0,308.0,172.0,170.0,166.0,290.0,208.0,166.0,,-19,8342088
4.8224,2019-09-08 18:20:44.818297,308.0,194.0,170.0,308.0,290.0,290.0,196.0,166.0,,-19,8342520
4.8344,2019-09-08 18:20:44.852499,308.0,308.0,196.0,230.0,290.0,290.0,196.0,166.0,,-19,8341641
4.8686,2019-09-08 18:20:44.866162,308.0,196.0,170.0,230.0,292.0,206.0,196.0,166.0,,-19,8341524
4.8822,2019-09-08 18:20:44.882926,308.0,198.0,170.0,230.0,166.0,206.0,206.0,166.0,,-19,8341638
4.8992,2019-09-08 18:20:44.899849,308.0,308.0,198.0,230.0,292.0,206.0,196.0,166.0,,-19,8341582
4.9161,2019-09-08 18:20:44.953789,308.0,308.0,198.0,170.0,292.0,206.0,194.0,292.0,,-19,8342392
4.9701,2019-09-08 18:20:44.961147,308.0,198.0,172.0,230.0,206.0,196.0,166.0,166.0,,-19,8342209
4.9775,2019-09-08 18:20:44.969708,308.0,200.0,230.0,230.0,292.0,166.0,292.0,292.0,,-19,8342164
4.9858,2019-09-08 18:20:44.983348,200.0,200.0,170.0,230.0,196.0,206.0,196.0,206.0,,-19,8342316
5.0003,2019-09-08 18:20:44.994813,308.0,200.0,308.0,200.0,292.0,166.0,292.0,166.0,,-19,8342022
5.0113,2019-09-08 18:20:45.011088,308.0,310.0,170.0,228.0,196.0,206.0,292.0,206.0,,-19,8341800
5.0287,2019-09-08 18:20:45.030249,170.0,308.0,170.0,228.0,166.0,206.0,206.0,166.0,,-19,8341752
5.0469,2019-09-08 18:20:45.051708,310.0,200.0,170.0,228.0,292.0,206.0,196.0,166.0,,-19,8342821
5.0684,2019-09-08 18:20:45.062371,310.0,200.0,172.0,226.0,292.0,206.0,196.0,166.0,,-19,8341095
5.0784,2019-09-08 18:20:45.076086,310.0,200.0,170.0,228.0,292.0,206.0,196.0,292.0,,-19,8342146
5.0921,2019-09-08 18:20:45.091208,310.0,198.0,170.0,228.0,206.0,194.0,194.0,292.0,,-19,8341479
5.1072,2019-09-08 18:20:45.104099,310.0,198.0,170.0,228.0,206.0,196.0,166.0,206.0,,-19,8341517
5.1201,2019-09-08 18:20:45.120269,310.0,198.0,172.0,228.0,292.0,166.0,196.0,292.0,,-19,8341510
5.1364,2019-09-08 18:20:45.139564,310.0,170.0,170.0,228.0,294.0,206.0,292.0,206.0,,-19,8341973
5.1556,2019-09-08 18:20:45.165738,310.0,170.0,172.0,228.0,292.0,206.0,292.0,206.0,,-19,8342683
5.1817,2019-09-08 18:20:45.174335,310.0,196.0,170.0,228.0,292.0,206.0,294.0,206.0,,-19,8342095
5.1904,2019-09-08 18:20:45.185664,310.0,194.0,170.0,228.0,166.0,292.0,194.0,292.0,,-19,8342136
5.2017,2019-09-08 18:20:45.198420,310.0,194.0,172.0,228.0,194.0,292.0,194.0,166.0,,-19,8342364
5.2144,2019-09-08 18:20:45.221457,310.0,172.0,172.0,228.0,292.0,206.0,292.0,166.0,,-19,8341835
5.2375,2019-09-08 18:20:45.230453,310.0,194.0,172.0,228.0,292.0,196.0,292.0,292.0,,-19,8342185
5.2465,2019-09-08 18:20:45.246112,310.0,192.0,170.0,228.0,196.0,206.0,292.0,166.0,,-19,8341378
5.2621,2019-09-08 18:20:45.261525,310.0,192.0,172.0,228.0,206.0,206.0,292.0,206.0,,-19,8341603
5.2775,2019-09-08 18:20:45.274489,310.0,192.0,172.0,228.0,196.0,194.0,196.0,292.0,,-19,8342949
5.2905,2019-09-08 18:20:45.288911,310.0,192.0,172.0,228.0,206.0,166.0,166.0,166.0,,-19,8341845
5.3049,2019-09-08 18:20:45.304724,310.0,172.0,172.0,228.0,290.0,166.0,196.0,206.0,,-19,8342285
5.3207,2019-09-08 18:20:45.319941,192.0,192.0,172.0,228.0,166.0,290.0,196.0,166.0,,-19,8342427
5.3361,2019-09-08 18:20:45.336611,192.0,192.0,172.0,226.0,290.0,290.0,196.0,196.0,,-19,8342780
5.3526,2019-09-08 18:20:45.384267,312.0,192.0,172.0,226.0,166.0,206.0,196.0,166.0,,-19,8343081
5.4003,2019-09-08 18:20:45.410130,314.0,172.0,172.0,226.0,290.0,206.0,196.0,166.0,,-19,8341669
5.4262,2019-09-08 18:20:45.417228,314.0,192.0,172.0,226.0,290.0,206.0,196.0,166.0,,-19,8342403
5.4351,2019-09-08 18:20:45.431944,316.0,192.0,172.0,226.0,290.0,196.0,166.0,290.0,,-19,8342849
5.4487,2019-09-08 18:20:45.447025,316.0,192.0,172.0,226.0,288.0,166.0,196.0,206.0,,-19,8342136
5.4638,2019-09-08 18:20:45.471346,314.0,192.0,172.0,226.0,206.0,206.0,166.0,290.0,,-19,8342534
5.4877,2019-09-08 18:20:45.481895,316.0,192.0,172.0,226.0,290.0,290.0,206.0,206.0,,-19,8341631
5.4983,2019-09-08 18:20:45.494774,314.0,190.0,172.0,226.0,290.0,288.0,196.0,166.0,,-19,8341890
5.5112,2019-09-08 18:20:45.505688,316.0,192.0,172.0,226.0,288.0,206.0,196.0,166.0,,-19,8342185
5.5223,2019-09-08 18:20:45.519891,316.0,190.0,172.0,226.0,288.0,206.0,288.0,206.0,,-19,8341576
5.5365,2019-09-08 18:20:45.535852,316.0,190.0,172.0,226.0,166.0,288.0,288.0,166.0,,-19,8342160
5.5525,2019-09-08 18:20:45.558678,316.0,190.0,172.0,226.0,288.0,206.0,196.0,166.0,,-19,8341883
5.5751,2019-09-08 18:20:45.595896,316.0,190.0,172.0,226.0,288.0,196.0,196.0,290.0,,-19,8341928
5.6124,2019-09-08 18:20:45.605519,314.0,190.0,172.0,226.0,166.0,206.0,288.0,288.0,,-19,8342489
5.6218,2019-09-08 18:20:45.618763,314.0,192.0,172.0,226.0,288.0,206.0,196.0,166.0,,-19,8341922
5.6352,2019-09-08 18:20:45.630631,316.0,192.0,172.0,226.0,288.0,196.0,166.0,288.0,,-19,8342261
5.6473,2019-09-08 18:20:45.643707,316.0,192.0,172.0,226.0,288.0,196.0,196.0,288.0,,-19,8342942
5.6598,2019-09-08 18:20:45.670176,192.0,172.0,226.0,226.0,288.0,206.0,196.0,166.0,,-19,8342541
5.6875,2019-09-08 18:20:45.677836,316.0,172.0,226.0,226.0,288.0,206.0,196.0,166.0,,-19,8342167
5.6943,2019-09-08 18:20:45.691494,314.0,192.0,172.0,226.0,288.0,196.0,166.0,196.0,,-19,8341790
5.708,2019-09-08 18:20:45.716006,314.0,194.0,170.0,226.0,288.0,206.0,196.0,166.0,,-19,8342396
5.7324,2019-09-08 18:20:45.734258,316.0,194.0,172.0,226.0,288.0,206.0,166.0,286.0,,-19,8342084
5.7506,2019-09-08 18:20:45.743512,170.0,226.0,172.0,226.0,286.0,206.0,196.0,288.0,,-19,8342648
5.7601,2019-09-08 18:20:45.763699,316.0,196.0,170.0,226.0,196.0,166.0,196.0,166.0,,-19,8342254
5.7804,2019-09-08 18:20:45.777041,226.0,198.0,170.0,226.0,286.0,206.0,206.0,206.0,,-19,8342461
5.7934,2019-09-08 18:20:45.786054,314.0,198.0,170.0,226.0,196.0,206.0,196.0,206.0,,-19,8341991
5.8024,2019-09-08 18:20:45.802366,314.0,200.0,314.0,200.0,196.0,206.0,286.0,166.0,,-19,8342146
5.8191,2019-09-08 18:20:45.815956,314.0,198.0,170.0,226.0,286.0,206.0,196.0,166.0,,-19,8342191
5.8326,2019-09-08 18:20:45.836214,314.0,200.0,170.0,228.0,286.0,206.0,196.0,166.0,,-19,8342236
5.8526,2019-09-08 18:20:45.850157,314.0,202.0,170.0,228.0,286.0,206.0,196.0,286.0,,-19,8342205
5.8666,2019-09-08 18:20:45.877102,314.0,200.0,170.0,226.0,286.0,206.0,286.0,206.0,,-19,8341278
5.8937,2019-09-08 18:20:45.884089,314.0,202.0,170.0,226.0,286.0,286.0,196.0,166.0,,-19,8342015
5.9005,2019-09-08 18:20:45.895268,314.0,202.0,202.0,226.0,286.0,206.0,196.0,166.0,,-19,8342721
5.9116,2019-09-08 18:20:45.910182,314.0,312.0,202.0,170.0,206.0,206.0,288.0,166.0,,-19,8342489
5.9273,2019-09-08 18:20:45.933030,312.0,312.0,202.0,170.0,286.0,206.0,196.0,166.0,,-19,8342126
5.9495,2019-09-08 18:20:45.941959,312.0,202.0,172.0,228.0,288.0,206.0,196.0,166.0,,-19,8342126
5.9589,2019-09-08 18:20:45.985634,312.0,204.0,172.0,228.0,288.0,206.0,196.0,166.0,,-19,8341409
6.002,2019-09-08 18:20:45.993615,312.0,204.0,170.0,228.0,166.0,288.0,196.0,166.0,,-19,8342804
6.0102,2019-09-08 18:20:46.004862,310.0,312.0,170.0,228.0,288.0,206.0,196.0,288.0,,-19,8342704
6.0212,2019-09-08 18:20:46.020113,310.0,310.0,172.0,228.0,288.0,206.0,196.0,206.0,,-19,8342548
6.0367,2019-09-08 18:20:46.034606,310.0,204.0,172.0,228.0,288.0,288.0,206.0,196.0,,-19,8341991
6.0513,2019-09-08 18:20:46.050802,310.0,310.0,170.0,228.0,288.0,288.0,196.0,196.0,,-19,8341226
6.0671,2019-09-08 18:20:46.134190,310.0,310.0,170.0,228.0,288.0,196.0,196.0,288.0,,-19,8341787
6.1507,2019-09-08 18:20:46.144252,308.0,200.0,308.0,308.0,166.0,288.0,196.0,196.0,,-19,8342119
6.1607,2019-09-08 18:20:46.167467,308.0,198.0,308.0,228.0,288.0,206.0,206.0,166.0,,-19,8341780
6.1842,2019-09-08 18:20:46.180917,308.0,196.0,170.0,196.0,166.0,206.0,196.0,194.0,,-19,8342171
6.1973,2019-09-08 18:20:46.190501,308.0,196.0,172.0,308.0,290.0,290.0,196.0,166.0,,-19,8342160
6.2069,2019-09-08 18:20:46.209732,308.0,196.0,172.0,308.0,290.0,290.0,196.0,206.0,,-19,8342281
6.2258,2019-09-08 18:20:46.216065,306.0,194.0,306.0,230.0,206.0,206.0,196.0,290.0,,-19,8342672
6.2321,2019-09-08 18:20:46.224998,306.0,194.0,170.0,228.0,166.0,196.0,206.0,166.0,,-19,8342077
6.2413,2019-09-08 18:20:46.239102,306.0,194.0,172.0,306.0,166.0,290.0,166.0,290.0,,-19,8341883
6.2554,2019-09-08 18:20:46.296871,306.0,194.0,172.0,228.0,290.0,194.0,196.0,290.0,,-19,8342655
6.3132,2019-09-08 18:20:46.305666,306.0,192.0,172.0,226.0,290.0,206.0,196.0,166.0,,-19,8341624
6.3222,2019-09-08 18:20:46.318179,306.0,192.0,172.0,228.0,290.0,206.0,206.0,290.0,,-19,8342697
6.3345,2019-09-08 18:20:46.332462,306.0,192.0,172.0,226.0,206.0,206.0,166.0,166.0,,-19,8342323
6.3492,2019-09-08 18:20:46.347187,306.0,192.0,172.0,226.0,290.0,194.0,196.0,166.0,,-19,8342081
6.3641,2019-09-08 18:20:46.361612,308.0,192.0,172.0,226.0,206.0,206.0,166.0,290.0,,-19,8341669
6.3783,2019-09-08 18:20:46.391163,306.0,192.0,172.0,226.0,206.0,194.0,196.0,292.0,,-19,8342351
6.4076,2019-09-08 18:20:46.420032,306.0,190.0,172.0,226.0,292.0,166.0,196.0,206.0,,-19,8342198
6.4363,2019-09-08 18:20:46.430354,308.0,192.0,172.0,226.0,290.0,206.0,194.0,166.0,,-19,8342406
6.4475,2019-09-08 18:20:46.447509,308.0,192.0,172.0,226.0,206.0,194.0,166.0,292.0,,-19,8341704
6.4649,2019-09-08 18:20:46.456236,306.0,192.0,172.0,228.0,292.0,166.0,196.0,206.0,,-19,8342870
6.4726,2019-09-08 18:20:46.503613,306.0,190.0,172.0,226.0,166.0,292.0,206.0,194.0,,-19,8341472
6.5196,2019-09-08 18:20:46.509990,306.0,190.0,172.0,226.0,292.0,166.0,194.0,206.0,,-19,8342447
6.5265,2019-09-08 18:20:46.519009,308.0,190.0,172.0,228.0,292.0,166.0,292.0,166.0,,-19,8341544
6.5355,2019-09-08 18:20:46.531495,308.0,192.0,172.0,226.0,196.0,206.0,292.0,206.0,,-19,8342558
6.548,2019-09-08 18:20:46.547596,308.0,190.0,172.0,226.0,166.0,206.0,194.0,166.0,,-19,8342527
6.564,2019-09-08 18:20:46.561222,308.0,190.0,172.0,226.0,292.0,194.0,194.0,166.0,,-19,8342233
6.5779,2019-09-08 18:20:46.576353,308.0,190.0,172.0,226.0,292.0,206.0,194.0,292.0,,-19,8342077
6.5928,2019-09-08 18:20:46.597082,308.0,190.0,172.0,226.0,166.0,204.0,292.0,194.0,,-19,8342333
6.6143,2019-09-08 18:20:46.609414,308.0,190.0,172.0,226.0,292.0,204.0,194.0,292.0,,-19,8342226
6.6271,2019-09-08 18:20:46.620455,308.0,192.0,172.0,226.0,292.0,204.0,194.0,292.0,,-19,8342039
6.6377,2019-09-08 18:20:46.636830,310.0,190.0,172.0,226.0,292.0,204.0,194.0,166.0,,-19,8342008
6.6537,2019-09-08 18:20:46.651920,308.0,190.0,172.0,226.0,166.0,292.0,204.0,292.0,,-19,8342513
6.6684,2019-09-08 18:20:46.668027,310.0,190.0,172.0,226.0,292.0,204.0,204.0,166.0,,-19,8342524
6.6849,2019-09-08 18:20:46.689932,310.0,192.0,172.0,226.0,204.0,292.0,194.0,194.0,,-19,8341551
6.7061,2019-09-08 18:20:46.708570,310.0,190.0,172.0,226.0,292.0,292.0,204.0,166.0,,-19,8342281
6.7276,2019-09-08 18:20:46.718725,226.0,190.0,172.0,226.0,292.0,204.0,194.0,166.0,,-19,8342216
6.7357,2019-09-08 18:20:46.732849,310.0,190.0,172.0,226.0,294.0,166.0,194.0,204.0,,-19,8342056
6.75,2019-09-08 18:20:46.748464,310.0,190.0,172.0,226.0,292.0,166.0,292.0,204.0,,-19,8342247
6.7653,2019-09-08 18:20:46.761412,226.0,190.0,172.0,226.0,166.0,204.0,204.0,194.0,,-19,8342309
6.7782,2019-09-08 18:20:46.777265,310.0,190.0,172.0,224.0,294.0,204.0,194.0,166.0,,-19,8342212
6.794,2019-09-08 18:20:46.799202,312.0,190.0,172.0,226.0,294.0,204.0,166.0,166.0,,-19,8341309
6.8161,2019-09-08 18:20:46.812622,314.0,192.0,172.0,226.0,294.0,204.0,194.0,164.0,,-19,8341721
6.8294,2019-09-08 18:20:46.825423,312.0,190.0,172.0,226.0,194.0,166.0,292.0,204.0,,-19,8341364
6.8426,2019-09-08 18:20:46.839182,314.0,190.0,172.0,224.0,294.0,294.0,194.0,194.0,,-19,8341655
6.8555,2019-09-08 18:20:46.855761,314.0,190.0,172.0,226.0,294.0,294.0,192.0,166.0,,-19,8342056
6.8726,2019-09-08 18:20:46.871302,314.0,190.0,172.0,226.0,294.0,204.0,194.0,166.0,,-19,8342354
6.8873,2019-09-08 18:20:46.898907,226.0,190.0,172.0,226.0,294.0,194.0,194.0,294.0,,-19,8342264
6.9158,2019-09-08 18:20:46.906174,314.0,190.0,172.0,226.0,194.0,166.0,294.0,204.0,,-19,8341645
6.9227,2019-09-08 18:20:46.917733,314.0,192.0,172.0,226.0,292.0,204.0,192.0,204.0,,-19,8342326
6.9355,2019-09-08 18:20:46.931693,314.0,190.0,172.0,226.0,294.0,204.0,194.0,292.0,,-19,8342358
6.9493,2019-09-08 18:20:46.948266,314.0,190.0,172.0,226.0,294.0,194.0,204.0,194.0,,-19,8341998
6.9646,2019-09-08 18:20:46.962354,316.0,190.0,172.0,226.0,294.0,166.0,194.0,166.0,,-19,8342787
6.9784,2019-09-08 18:20:46.978254,316.0,190.0,172.0,226.0,204.0,194.0,192.0,194.0,,-19,8342489
6.9943,2019-09-08 18:20:47.004887,316.0,226.0,172.0,226.0,294.0,204.0,194.0,166.0,,-19,8342409
7.0212,2019-09-08 18:20:47.015500,314.0,190.0,172.0,226.0,292.0,292.0,194.0,294.0,,-19,8342240
7.0317,2019-09-08 18:20:47.026125,314.0,190.0,172.0,226.0,294.0,204.0,194.0,164.0,,-19,8342157
7.0421,2019-09-08 18:20:47.038342,314.0,172.0,226.0,224.0,292.0,204.0,294.0,204.0,,-19,8342022
7.0544,2019-09-08 18:20:47.058946,316.0,190.0,172.0,226.0,294.0,204.0,194.0,164.0,,-19,8342904
7.075,2019-09-08 18:20:47.071666,316.0,224.0,172.0,224.0,194.0,164.0,292.0,204.0,,-19,8342340
7.0881,2019-09-08 18:20:47.089468,314.0,190.0,172.0,224.0,292.0,292.0,204.0,204.0,,-19,8342375
7.1056,2019-09-08 18:20:47.107813,314.0,190.0,172.0,224.0,292.0,292.0,204.0,292.0,,-19,8341607
7.124,2019-09-08 18:20:47.119194,316.0,190.0,172.0,224.0,204.0,204.0,166.0,292.0,,-19,8342309
7.1353,2019-09-08 18:20:47.132909,316.0,190.0,172.0,226.0,292.0,204.0,166.0,194.0,,-19,8342897
7.15,2019-09-08 18:20:47.147325,316.0,190.0,172.0,224.0,194.0,166.0,294.0,166.0,,-19,8341686
7.1643,2019-09-08 18:20:47.166491,316.0,190.0,172.0,224.0,292.0,166.0,292.0,166.0,,-19,8342458
7.1825,2019-09-08 18:20:47.179336,316.0,172.0,224.0,224.0,292.0,164.0,292.0,204.0,,-19,8341659
7.1954,2019-09-08 18:20:47.201546,190.0,172.0,224.0,224.0,292.0,166.0,292.0,204.0,,-19,8342330
7.2181,2019-09-08 18:20:47.218634,190.0,172.0,224.0,224.0,166.0,292.0,166.0,292.0,,-19,8342243
7.2349,2019-09-08 18:20:47.229793,172.0,190.0,172.0,224.0,292.0,204.0,192.0,166.0,,-19,8342039
7.2458,2019-09-08 18:20:47.240714,172.0,224.0,172.0,224.0,294.0,202.0,194.0,292.0,,-19,8342274
7.2568,2019-09-08 18:20:47.255497,316.0,190.0,172.0,224.0,194.0,194.0,292.0,292.0,,-19,8342005
7.2725,2019-09-08 18:20:47.271907,314.0,190.0,172.0,224.0,166.0,194.0,164.0,292.0,,-19,8342101
7.2882,2019-09-08 18:20:47.286061,316.0,172.0,224.0,224.0,166.0,204.0,294.0,204.0,,-19,8342101
7.3022,2019-09-08 18:20:47.311261,190.0,172.0,224.0,224.0,204.0,294.0,292.0,166.0,,-19,8342160
7.3274,2019-09-08 18:20:47.321490,190.0,172.0,224.0,224.0,292.0,204.0,164.0,292.0,,-19,8342752
7.3376,2019-09-08 18:20:47.334927,314.0,172.0,226.0,224.0,204.0,194.0,204.0,292.0,,-19,8342738
7.3514,2019-09-08 18:20:47.347406,190.0,172.0,224.0,224.0,202.0,204.0,166.0,294.0,,-19,8341375
7.3636,2019-09-08 18:20:47.362698,190.0,172.0,224.0,224.0,194.0,194.0,294.0,292.0,,-19,8341787
7.3788,2019-09-08 18:20:47.378539,190.0,172.0,224.0,224.0,292.0,204.0,194.0,166.0,,-19,8342527
7.3946,2019-09-08 18:20:47.412511,314.0,190.0,172.0,224.0,292.0,204.0,194.0,166.0,,-19,8342447
7.429,2019-09-08 18:20:47.433164,314.0,190.0,172.0,224.0,294.0,204.0,194.0,166.0,,-19,8341780
7.4495,2019-09-08 18:20:47.439703,314.0,190.0,172.0,226.0,194.0,194.0,192.0,292.0,,-19,8341780
7.4557,2019-09-08 18:20:47.455524,314.0,172.0,172.0,224.0,292.0,166.0,292.0,166.0,,-19,8341842
7.4718,2019-09-08 18:20:47.473320,314.0,190.0,172.0,224.0,292.0,204.0,192.0,166.0,,-19,8342178
7.4896,2019-09-08 18:20:47.486610,314.0,190.0,172.0,224.0,292.0,292.0,194.0,166.0,,-19,8342178
7.5029,2019-09-08 18:20:47.518519,312.0,190.0,172.0,226.0,294.0,194.0,164.0,166.0,,-19,8342749
7.5348,2019-09-08 18:20:47.532817,314.0,190.0,172.0,224.0,294.0,204.0,292.0,204.0,,-19,8342437
7.5491,2019-09-08 18:20:47.548752,312.0,190.0,172.0,224.0,292.0,204.0,194.0,166.0,,-19,8341576
7.565,2019-09-08 18:20:47.568633,312.0,190.0,172.0,226.0,166.0,194.0,204.0,194.0,,-19,8342361
7.5849,2019-09-08 18:20:47.578284,312.0,190.0,172.0,224.0,292.0,292.0,204.0,194.0,,-19,8342084
7.5946,2019-09-08 18:20:47.593593,312.0,190.0,172.0,224.0,204.0,194.0,194.0,166.0,,-19,8341800
7.6099,2019-09-08 18:20:47.612981,312.0,190.0,172.0,224.0,294.0,204.0,194.0,166.0,,-19,8342326
7.629,2019-09-08 18:20:47.625570,312.0,190.0,172.0,226.0,294.0,204.0,194.0,164.0,,-19,8341382
7.6419,2019-09-08 18:20:47.642309,312.0,190.0,172.0,224.0,294.0,204.0,194.0,166.0,,-19,8342586
7.6586,2019-09-08 18:20:47.656073,312.0,190.0,172.0,224.0,294.0,204.0,194.0,166.0,,-19,8342070
7.6722,2019-09-08 18:20:47.671903,312.0,190.0,172.0,224.0,194.0,166.0,194.0,294.0,,-19,8342375
7.6889,2019-09-08 18:20:47.691487,312.0,190.0,172.0,224.0,292.0,166.0,194.0,166.0,,-19,8342717
7.7076,2019-09-08 18:20:47.716099,190.0,190.0,172.0,312.0,194.0,166.0,294.0,204.0,,-19,8342700
7.734,2019-09-08 18:20:47.724804,312.0,172.0,172.0,224.0,194.0,166.0,294.0,204.0,,-19,8341652
7.7409,2019-09-08 18:20:47.736720,190.0,172.0,172.0,224.0,294.0,294.0,204.0,164.0,,-19,8341973
7.7528,2019-09-08 18:20:47.751866,312.0,224.0,172.0,224.0,194.0,194.0,194.0,294.0,,-19,8341707
7.7683,2019-09-08 18:20:47.769006,312.0,312.0,172.0,224.0,294.0,204.0,164.0,294.0,,-19,8342984
7.785,2019-09-08 18:20:47.783583,312.0,190.0,172.0,224.0,294.0,166.0,194.0,294.0,,-19,8342645
7.8002,2019-09-08 18:20:47.798271,312.0,312.0,190.0,172.0,294.0,194.0,166.0,294.0,,-19,8341638
7.8146,2019-09-08 18:20:47.828739,314.0,190.0,172.0,224.0,294.0,204.0,294.0,204.0,,-19,8342236
7.8467,2019-09-08 18:20:47.837243,312.0,190.0,172.0,224.0,294.0,204.0,204.0,166.0,,-19,8342153
7.8547,2019-09-08 18:20:47.853002,312.0,190.0,172.0,224.0,294.0,206.0,194.0,166.0,,-19,8341984
7.8703,2019-09-08 18:20:47.870834,312.0,190.0,172.0,224.0,166.0,206.0,194.0,166.0,,-19,8342406
7.8881,2019-09-08 18:20:47.882920,312.0,190.0,172.0,224.0,294.0,204.0,194.0,166.0,,-19,8342306
7.8997,2019-09-08 18:20:47.894214,312.0,190.0,172.0,224.0,294.0,194.0,194.0,166.0,,-19,8341894
7.9109,2019-09-08 18:20:47.909431,312.0,190.0,172.0,224.0,294.0,206.0,194.0,294.0,,-19,8341866
7.9258,2019-09-08 18:20:47.927887,312.0,190.0,172.0,224.0,294.0,206.0,194.0,166.0,,-19,8342527
7.9447,2019-09-08 18:20:47.942620,312.0,190.0,172.0,224.0,194.0,194.0,194.0,294.0,,-19,8341790
7.9591,2019-09-08 18:20:47.958597,312.0,190.0,172.0,224.0,292.0,166.0,292.0,206.0,,-19,8341551
7.9754,2019-09-08 18:20:47.977264,312.0,190.0,172.0,224.0,294.0,294.0,194.0,194.0,,-19,8342416
7.9942,2019-09-08 18:20:47.988461,312.0,190.0,172.0,224.0,194.0,164.0,294.0,166.0,,-19,8342385
8.005,2019-09-08 18:20:48.002995,312.0,190.0,172.0,224.0,194.0,194.0,166.0,166.0,,-19,8342828
8.0197,2019-09-08 18:20:48.027761,312.0,190.0,172.0,224.0,292.0,204.0,194.0,292.0,,-19,8341364
8.0446,2019-09-08 18:20:48.036476,312.0,190.0,172.0,224.0,292.0,206.0,194.0,292.0,,-19,8341364
8.0531,2019-09-08 18:20:48.053537,190.0,190.0,172.0,224.0,194.0,206.0,194.0,166.0,,-19,8342313
8.0696,2019-09-08 18:20:48.065854,312.0,190.0,172.0,224.0,166.0,292.0,194.0,166.0,,-19,8341659
8.0822,2019-09-08 18:20:48.080639,314.0,190.0,172.0,224.0,206.0,292.0,166.0,292.0,,-19,8342195
8.0974,2019-09-08 18:20:48.098896,314.0,190.0,172.0,224.0,206.0,194.0,194.0,194.0,,-19,8342437
8.1157,2019-09-08 18:20:48.123804,190.0,190.0,172.0,224.0,292.0,194.0,194.0,292.0,,-19,8341669
8.1406,2019-09-08 18:20:48.131001,314.0,190.0,172.0,224.0,206.0,206.0,194.0,166.0,,-19,8341437
8.1475,2019-09-08 18:20:48.145011,316.0,190.0,172.0,224.0,194.0,206.0,292.0,206.0,,-19,8342389
8.1612,2019-09-08 18:20:48.168694,316.0,172.0,224.0,224.0,294.0,166.0,194.0,206.0,,-19,8341939
8.1852,2019-09-08 18:20:48.183101,316.0,190.0,172.0,318.0,194.0,206.0,166.0,206.0,,-19,8342582
8.1991,2019-09-08 18:20:48.193772,318.0,190.0,172.0,318.0,166.0,292.0,194.0,166.0,,-19,8342669
8.2098,2019-09-08 18:20:48.205723,318.0,190.0,172.0,318.0,166.0,206.0,206.0,166.0,,-19,8342603
8.2217,2019-09-08 18:20:48.230825,172.0,224.0,172.0,222.0,292.0,292.0,194.0,194.0,,-19,8342081
8.2468,2019-09-08 18:20:48.253620,320.0,190.0,172.0,320.0,292.0,292.0,194.0,166.0,,-19,8341565
8.2698,2019-09-08 18:20:48.260079,322.0,190.0,172.0,322.0,294.0,194.0,166.0,292.0,,-19,8341818
8.2762,2019-09-08 18:20:48.280997,224.0,190.0,172.0,190.0,294.0,166.0,294.0,166.0,,-19,8342233
8.297,2019-09-08 18:20:48.312811,322.0,190.0,172.0,224.0,194.0,166.0,194.0,294.0,,-19,8341600
8.329,2019-09-08 18:20:48.360072,322.0,190.0,322.0,190.0,294.0,166.0,194.0,294.0,,-19,8342766
8.3765,2019-09-08 18:20:48.367075,322.0,190.0,172.0,224.0,294.0,206.0,194.0,166.0,,-19,8342108
8.3836,2019-09-08 18:20:48.378938,322.0,190.0,172.0,224.0,294.0,206.0,166.0,294.0,,-19,8342254
8.395,2019-09-08 18:20:48.402067,322.0,190.0,172.0,224.0,294.0,166.0,166.0,166.0,,-19,8342496
8.4183,2019-09-08 18:20:48.411123,322.0,190.0,172.0,224.0,206.0,206.0,294.0,294.0,,-19,8341589
8.4273,2019-09-08 18:20:48.433086,322.0,190.0,172.0,224.0,294.0,206.0,194.0,166.0,,-19,8342344
8.4502,2019-09-08 18:20:48.441880,322.0,190.0,172.0,224.0,294.0,206.0,194.0,166.0,,-19,8343122
8.4582,2019-09-08 18:20:48.455682,322.0,190.0,172.0,224.0,206.0,194.0,166.0,294.0,,-19,8342638
8.4718,2019-09-08 18:20:48.496651,322.0,190.0,172.0,224.0,294.0,206.0,194.0,166.0,,-19,8342451
8.5127,2019-09-08 18:20:48.506552,322.0,190.0,172.0,224.0,294.0,294.0,194.0,194.0,,-19,8342281
8.5226,2019-09-08 18:20:48.536750,320.0,190.0,172.0,224.0,294.0,206.0,294.0,206.0,,-19,8342555
8.5529,2019-09-08 18:20:48.543890,322.0,190.0,172.0,226.0,296.0,206.0,194.0,166.0,,-19,8342316
8.5599,2019-09-08 18:20:48.571611,322.0,190.0,172.0,224.0,294.0,206.0,194.0,166.0,,-19,8342513
8.5876,2019-09-08 18:20:48.617781,322.0,190.0,172.0,226.0,294.0,206.0,194.0,166.0,,-19,8341856
8.6339,2019-09-08 18:20:48.632065,322.0,190.0,172.0,226.0,296.0,204.0,194.0,296.0,,-19,8342413
8.6484,2019-09-08 18:20:48.648818,320.0,192.0,172.0,226.0,296.0,194.0,194.0,296.0,,-19,8342067
8.6648,2019-09-08 18:20:48.657337,320.0,192.0,172.0,226.0,194.0,204.0,296.0,194.0,,-19,8341994
8.6735,2019-09-08 18:20:48.665677,320.0,192.0,226.0,226.0,296.0,296.0,194.0,194.0,,-19,8342140
8.6818,2019-09-08 18:20:48.684769,192.0,172.0,320.0,190.0,296.0,204.0,194.0,166.0,,-19,8342084
8.7009,2019-09-08 18:20:48.693813,320.0,192.0,172.0,226.0,296.0,204.0,166.0,166.0,,-19,8342569
8.7099,2019-09-08 18:20:48.710054,320.0,226.0,320.0,192.0,296.0,204.0,194.0,166.0,,-19,8342174
8.7263,2019-09-08 18:20:48.721242,320.0,192.0,172.0,226.0,204.0,204.0,194.0,296.0,,-19,8342454
8.7375,2019-09-08 18:20:48.740843,320.0,192.0,172.0,226.0,296.0,206.0,194.0,204.0,,-19,8341617
8.7576,2019-09-08 18:20:48.755663,320.0,192.0,172.0,192.0,194.0,166.0,194.0,166.0,,-19,8341877
8.7719,2019-09-08 18:20:48.766643,320.0,192.0,172.0,226.0,296.0,204.0,194.0,166.0,,-19,8341759
8.7829,2019-09-08 18:20:48.784351,320.0,192.0,172.0,228.0,204.0,194.0,194.0,296.0,,-19,8341814
8.8006,2019-09-08 18:20:48.802670,320.0,320.0,192.0,226.0,296.0,204.0,194.0,166.0,,-19,8341887
8.8189,2019-09-08 18:20:48.814960,318.0,192.0,172.0,228.0,296.0,166.0,194.0,204.0,,-19,8342392
8.8311,2019-09-08 18:20:48.884622,318.0,318.0,192.0,172.0,296.0,204.0,194.0,166.0,,-19,8341562
8.9013,2019-09-08 18:20:48.896020,316.0,192.0,172.0,228.0,296.0,204.0,192.0,164.0,,-19,8341648
8.9121,2019-09-08 18:20:48.909327,316.0,192.0,172.0,228.0,296.0,204.0,194.0,166.0,,-19,8341949
8.9254,2019-09-08 18:20:48.918011,314.0,192.0,172.0,228.0,204.0,204.0,166.0,166.0,,-19,8342309
8.9341,2019-09-08 18:20:48.940222,314.0,192.0,172.0,228.0,296.0,204.0,296.0,204.0,,-19,8342513
8.9566,2019-09-08 18:20:48.947300,314.0,192.0,172.0,228.0,298.0,204.0,296.0,204.0,,-19,8342537
8.9637,2019-09-08 18:20:48.960029,314.0,192.0,228.0,228.0,296.0,298.0,192.0,166.0,,-19,8342223
8.9768,2019-09-08 18:20:48.981865,314.0,192.0,172.0,228.0,298.0,204.0,194.0,298.0,,-19,8341766
8.9982,2019-09-08 18:20:48.988482,314.0,192.0,172.0,230.0,204.0,194.0,204.0,204.0,,-19,8341416
9.0051,2019-09-08 18:20:49.004121,312.0,192.0,172.0,230.0,194.0,204.0,194.0,166.0,,-19,8342091
9.0205,2019-09-08 18:20:49.018415,310.0,192.0,172.0,230.0,298.0,192.0,194.0,298.0,,-19,8342043
9.0348,2019-09-08 18:20:49.071606,312.0,194.0,172.0,230.0,298.0,204.0,194.0,166.0,,-19,8341769
9.0876,2019-09-08 18:20:49.078155,172.0,230.0,310.0,192.0,296.0,204.0,192.0,296.0,,-19,8342209
9.0944,2019-09-08 18:20:49.118927,310.0,192.0,172.0,172.0,296.0,298.0,192.0,192.0,,-19,8342084
9.1354,2019-09-08 18:20:49.125662,310.0,192.0,172.0,228.0,166.0,298.0,204.0,296.0,,-19,8341818
9.1419,2019-09-08 18:20:49.135452,310.0,192.0,172.0,228.0,298.0,204.0,194.0,204.0,,-19,8341624
9.1518,2019-09-08 18:20:49.153178,310.0,192.0,172.0,228.0,204.0,204.0,164.0,298.0,,-19,8342188
9.1694,2019-09-08 18:20:49.167456,310.0,192.0,172.0,228.0,166.0,298.0,192.0,298.0,,-19,8342261
9.1837,2019-09-08 18:20:49.181250,310.0,192.0,172.0,228.0,192.0,204.0,194.0,298.0,,-19,8341973
9.1978,2019-09-08 18:20:49.194772,310.0,192.0,172.0,228.0,192.0,204.0,192.0,164.0,,-19,8342053
9.2112,2019-09-08 18:20:49.212278,310.0,192.0,172.0,228.0,298.0,204.0,204.0,164.0,,-19,8341143
9.2283,2019-09-08 18:20:49.226460,310.0,192.0,172.0,228.0,166.0,298.0,166.0,194.0,,-19,8341794
9.2428,2019-09-08 18:20:49.273974,312.0,192.0,172.0,228.0,298.0,194.0,166.0,296.0,,-19,8342140
9.2905,2019-09-08 18:20:49.282339,310.0,192.0,172.0,312.0,298.0,166.0,298.0,204.0,,-19,8341572
9.2986,2019-09-08 18:20:49.296004,310.0,192.0,172.0,228.0,298.0,204.0,192.0,166.0,,-19,8342316
9.3123,2019-09-08 18:20:49.332170,192.0,172.0,312.0,226.0,298.0,204.0,192.0,166.0,,-19,8341994
9.349,2019-09-08 18:20:49.349496,310.0,172.0,172.0,226.0,298.0,204.0,192.0,164.0,,-19,8342226
9.3658,2019-09-08 18:20:49.359285,312.0,192.0,172.0,226.0,298.0,204.0,194.0,166.0,,-19,8342811
9.3758,2019-09-08 18:20:49.366110,312.0,192.0,172.0,226.0,204.0,204.0,166.0,298.0,,-19,8342392
9.3824,2019-09-08 18:20:49.374553,312.0,190.0,172.0,226.0,166.0,298.0,192.0,298.0,,-19,8341378
9.3908,2019-09-08 18:20:49.386218,312.0,312.0,190.0,172.0,166.0,298.0,192.0,192.0,,-19,8341541
9.4023,2019-09-08 18:20:49.403898,312.0,190.0,172.0,226.0,298.0,202.0,192.0,166.0,,-19,8342188
9.4202,2019-09-08 18:20:49.416031,312.0,192.0,172.0,226.0,298.0,204.0,192.0,166.0,,-19,8342053
9.4323,2019-09-08 18:20:49.433627,312.0,190.0,172.0,226.0,192.0,192.0,192.0,166.0,,-19,8342420
9.4499,2019-09-08 18:20:49.459772,312.0,192.0,172.0,226.0,192.0,164.0,298.0,204.0,,-19,8341693
9.4765,2019-09-08 18:20:49.466727,312.0,190.0,172.0,226.0,166.0,300.0,192.0,164.0,,-19,8341659
9.483,2019-09-08 18:20:49.482102,312.0,192.0,172.0,226.0,298.0,204.0,192.0,166.0,,-19,8342665
9.4985,2019-09-08 18:20:49.494068,314.0,190.0,172.0,226.0,300.0,204.0,166.0,298.0,,-19,8341925
9.5104,2019-09-08 18:20:49.529196,314.0,190.0,172.0,226.0,300.0,166.0,298.0,204.0,,-19,8341807
9.5468,2019-09-08 18:20:49.555513,314.0,190.0,172.0,226.0,300.0,202.0,192.0,166.0,,-19,8341742
9.5715,2019-09-08 18:20:49.562040,314.0,190.0,172.0,226.0,204.0,192.0,192.0,298.0,,-19,8341797
9.5791,2019-09-08 18:20:49.572318,314.0,192.0,172.0,226.0,298.0,164.0,300.0,298.0,,-19,8342447
9.5883,2019-09-08 18:20:49.590185,314.0,190.0,172.0,226.0,166.0,300.0,192.0,298.0,,-19,8341863
9.6067,2019-09-08 18:20:49.604889,314.0,190.0,172.0,226.0,166.0,298.0,204.0,192.0,,-19,8341475
9.6209,2019-09-08 18:20:49.618859,314.0,190.0,172.0,226.0,192.0,164.0,192.0,192.0,,-19,8341119
9.6357,2019-09-08 18:20:49.637399,314.0,190.0,172.0,226.0,300.0,204.0,204.0,164.0,,-19,8341607
9.6534,2019-09-08 18:20:49.661924,190.0,190.0,172.0,226.0,298.0,192.0,166.0,300.0,,-19,8341759
9.6782,2019-09-08 18:20:49.668777,190.0,172.0,226.0,314.0,300.0,300.0,202.0,192.0,,-19,8342465
9.685,2019-09-08 18:20:49.683674,314.0,190.0,172.0,226.0,300.0,298.0,192.0,192.0,,-19,8341565
9.7005,2019-09-08 18:20:49.696476,314.0,226.0,172.0,226.0,166.0,300.0,202.0,192.0,,-19,8342901
9.7128,2019-09-08 18:20:49.714593,314.0,190.0,314.0,190.0,300.0,300.0,202.0,300.0,,-19,8341904
9.7312,2019-09-08 18:20:49.733845,312.0,190.0,172.0,226.0,204.0,192.0,204.0,298.0,,-19,8341842
9.7508,2019-09-08 18:20:49.748834,314.0,190.0,172.0,226.0,192.0,298.0,192.0,192.0,,-19,8341686
9.7654,2019-09-08 18:20:49.769189,312.0,314.0,190.0,172.0,298.0,204.0,192.0,164.0,,-19,8341991
9.7865,2019-09-08 18:20:49.784430,314.0,190.0,172.0,226.0,202.0,298.0,192.0,192.0,,-19,8342278
9.8007,2019-09-08 18:20:49.791563,312.0,190.0,172.0,226.0,166.0,298.0,202.0,166.0,,-19,8342517
9.808,2019-09-08 18:20:49.807026,312.0,192.0,172.0,226.0,298.0,192.0,192.0,164.0,,-19,8342243
9.8238,2019-09-08 18:20:49.822237,312.0,190.0,172.0,226.0,298.0,204.0,192.0,166.0,,-19,8342461
9.8382,2019-09-08 18:20:49.838332,312.0,190.0,172.0,226.0,192.0,204.0,192.0,204.0,,-19,8341849
9.8543,2019-09-08 18:20:49.863096,312.0,192.0,172.0,226.0,204.0,192.0,204.0,166.0,,-19,8341877
9.8791,2019-09-08 18:20:49.891613,312.0,190.0,172.0,226.0,298.0,204.0,192.0,298.0,,-19,8341551
9.9076,2019-09-08 18:20:49.897950,312.0,192.0,172.0,226.0,298.0,202.0,192.0,164.0,,-19,8341790
9.9142,2019-09-08 18:20:49.906125,312.0,192.0,172.0,226.0,298.0,204.0,204.0,164.0,,-19,8342299
9.9221,2019-09-08 18:20:49.920368,310.0,190.0,172.0,226.0,164.0,298.0,192.0,300.0,,-19,8342063
9.9365,2019-09-08 18:20:49.934519,312.0,192.0,172.0,226.0,298.0,204.0,192.0,166.0,,-19,8340987
9.9507,2019-09-08 18:20:49.946183,192.0,190.0,172.0,226.0,192.0,192.0,298.0,300.0,,-19,8341877
9.9625,2019-09-08 18:20:49.967819,310.0,190.0,172.0,226.0,300.0,204.0,298.0,204.0,,-19,8341745
9.9842,2019-09-08 18:20:49.978381,310.0,192.0,172.0,226.0,164.0,204.0,192.0,298.0,,-19,8341281
9.9944,2019-09-08 18:20:49.993580,310.0,190.0,172.0,226.0,300.0,204.0,192.0,164.0,,-19,8342316
10.0101,2019-09-08 18:20:50.007011,310.0,190.0,172.0,226.0,298.0,192.0,192.0,164.0,,-19,8341984
10.023,2019-09-08 18:20:50.039301,312.0,192.0,172.0,226.0,166.0,204.0,204.0,166.0,,-19,8341596
10.0553,2019-09-08 18:20:50.045692,310.0,192.0,172.0,226.0,300.0,204.0,298.0,192.0,,-19,8342641
10.0617,2019-09-08 18:20:50.104451,310.0,190.0,172.0,226.0,300.0,204.0,192.0,166.0,,-19,8341375
10.1204,2019-09-08 18:20:50.110758,192.0,192.0,172.0,226.0,300.0,204.0,166.0,300.0,,-19,8342309
10.1275,2019-09-08 18:20:50.120259,310.0,192.0,172.0,226.0,204.0,204.0,166.0,166.0,,-19,8342486
10.1364,2019-09-08 18:20:50.134167,310.0,192.0,172.0,226.0,166.0,204.0,204.0,166.0,,-19,8341527
10.1503,2019-09-08 18:20:50.146599,310.0,192.0,172.0,226.0,300.0,204.0,204.0,300.0,,-19,8342489
10.1629,2019-09-08 18:20:50.177646,310.0,192.0,172.0,226.0,300.0,204.0,192.0,166.0,,-19,8342025
10.1937,2019-09-08 18:20:50.184019,310.0,192.0,172.0,226.0,300.0,204.0,192.0,300.0,,-19,8341634
10.2,2019-09-08 18:20:50.201883,310.0,190.0,172.0,226.0,192.0,300.0,204.0,204.0,,-19,8341780
10.218,2019-09-08 18:20:50.211263,310.0,190.0,172.0,226.0,300.0,204.0,192.0,166.0,,-19,8341600
10.2274,2019-09-08 18:20:50.229970,312.0,192.0,172.0,226.0,204.0,204.0,166.0,300.0,,-19,8342766
10.2462,2019-09-08 18:20:50.240884,312.0,190.0,172.0,226.0,302.0,204.0,194.0,300.0,,-19,8342755
10.257,2019-09-08 18:20:50.255234,310.0,190.0,172.0,226.0,192.0,166.0,300.0,204.0,,-19,8342112
10.2716,2019-09-08 18:20:50.286925,312.0,190.0,172.0,226.0,192.0,204.0,302.0,192.0,,-19,8342790
10.3036,2019-09-08 18:20:50.294358,312.0,190.0,172.0,226.0,194.0,204.0,300.0,166.0,,-19,8341866
10.3107,2019-09-08 18:20:50.302834,310.0,190.0,172.0,226.0,302.0,204.0,192.0,166.0,,-19,8342174
10.3197,2019-09-08 18:20:50.315569,312.0,190.0,172.0,226.0,166.0,300.0,192.0,192.0,,-19,8342191
10.3323,2019-09-08 18:20:50.366707,310.0,190.0,172.0,226.0,302.0,302.0,192.0,192.0,,-19,8341665
10.3836,2019-09-08 18:20:50.386385,190.0,192.0,172.0,226.0,192.0,166.0,302.0,204.0,,-19,8342264
10.4032,2019-09-08 18:20:50.398732,312.0,190.0,172.0,226.0,302.0,204.0,192.0,166.0,,-19,8341735
10.4163,2019-09-08 18:20:50.417076,312.0,172.0,226.0,226.0,302.0,204.0,302.0,204.0,,-19,8342074
10.4338,2019-09-08 18:20:50.429242,312.0,190.0,172.0,192.0,302.0,206.0,166.0,302.0,,-19,8342150
10.4454,2019-09-08 18:20:50.441161,312.0,226.0,312.0,190.0,302.0,204.0,166.0,164.0,,-19,8342081
10.4572,2019-09-08 18:20:50.456289,312.0,192.0,172.0,226.0,302.0,192.0,206.0,302.0,,-19,8343067
10.4723,2019-09-08 18:20:50.486933,312.0,312.0,172.0,226.0,302.0,302.0,194.0,166.0,,-19,8342043
10.503,2019-09-08 18:20:50.498301,172.0,192.0,172.0,226.0,300.0,204.0,192.0,166.0,,-19,8342281
10.5145,2019-09-08 18:20:50.521079,312.0,190.0,172.0,226.0,302.0,194.0,164.0,166.0,,-19,8341268
10.5372,2019-09-08 18:20:50.528639,314.0,190.0,172.0,226.0,206.0,206.0,166.0,302.0,,-19,8341949
10.5449,2019-09-08 18:20:50.543610,314.0,190.0,172.0,226.0,302.0,206.0,192.0,300.0,,-19,8342219
10.5597,2019-09-08 18:20:50.556228,314.0,190.0,172.0,226.0,300.0,204.0,192.0,204.0,,-19,8341963
10.5725,2019-09-08 18:20:50.573448,314.0,190.0,172.0,226.0,166.0,206.0,194.0,192.0,,-19,8341918
10.5894,2019-09-08 18:20:50.591452,314.0,190.0,172.0,226.0,300.0,204.0,192.0,166.0,,-19,8341444
10.6074,2019-09-08 18:20:50.600754,314.0,190.0,172.0,226.0,300.0,192.0,194.0,166.0,,-19,8341070
10.6168,2019-09-08 18:20:50.615070,314.0,190.0,172.0,226.0,194.0,166.0,300.0,206.0,,-19,8341648
10.6311,2019-09-08 18:20:50.632258,314.0,190.0,172.0,224.0,166.0,300.0,194.0,166.0,,-19,8341901
10.6483,2019-09-08 18:20:50.646772,314.0,190.0,172.0,226.0,206.0,192.0,194.0,300.0,,-19,8341416
10.6627,2019-09-08 18:20:50.662086,190.0,190.0,172.0,226.0,192.0,166.0,194.0,300.0,,-19,8342077
10.6782,2019-09-08 18:20:50.684752,314.0,190.0,172.0,224.0,206.0,194.0,194.0,164.0,,-19,8341174
10.7008,2019-09-08 18:20:50.694932,316.0,190.0,172.0,224.0,194.0,206.0,300.0,206.0,,-19,8341890
10.7109,2019-09-08 18:20:50.715470,316.0,190.0,172.0,224.0,166.0,300.0,206.0,206.0,,-19,8341742
10.7316,2019-09-08 18:20:50.722205,316.0,190.0,172.0,226.0,300.0,166.0,206.0,206.0,,-19,8341430
10.7383,2019-09-08 18:20:50.737282,316.0,190.0,172.0,224.0,300.0,300.0,206.0,206.0,,-19,8341904
10.7533,2019-09-08 18:20:50.754490,316.0,190.0,172.0,224.0,300.0,206.0,192.0,166.0,,-19,8341198
10.7705,2019-09-08 18:20:50.770990,316.0,190.0,172.0,224.0,192.0,206.0,194.0,300.0,,-19,8341589
10.787,2019-09-08 18:20:50.795569,190.0,172.0,224.0,224.0,206.0,206.0,166.0,300.0,,-19,8340977
10.8116,2019-09-08 18:20:50.805438,190.0,172.0,224.0,224.0,300.0,206.0,192.0,206.0,,-19,8341890
10.8216,2019-09-08 18:20:50.817755,190.0,172.0,172.0,226.0,194.0,166.0,300.0,206.0,,-19,8341735
10.8338,2019-09-08 18:20:50.833943,316.0,190.0,172.0,224.0,194.0,166.0,300.0,164.0,,-19,8341856
10.8499,2019-09-08 18:20:50.849470,316.0,190.0,172.0,224.0,302.0,300.0,206.0,300.0,,-19,8341544
10.8657,2019-09-08 18:20:50.863469,316.0,190.0,172.0,224.0,300.0,300.0,206.0,166.0,,-19,8342133
10.8795,2019-09-08 18:20:50.878842,316.0,190.0,172.0,224.0,300.0,166.0,300.0,166.0,,-19,8341811
10.8949,2019-09-08 18:20:50.895185,316.0,190.0,172.0,226.0,300.0,166.0,194.0,166.0,,-19,8341925
10.9141,2019-09-08 18:20:50.913768,190.0,190.0,172.0,226.0,194.0,166.0,194.0,166.0,,-19,8342178
10.9301,2019-09-08 18:20:50.928131,316.0,172.0,172.0,224.0,300.0,300.0,194.0,166.0,,-19,8342022
10.9448,2019-09-08 18:20:50.942741,316.0,190.0,172.0,224.0,300.0,166.0,194.0,166.0,,-19,8342302
10.9592,2019-09-08 18:20:50.997598,190.0,190.0,172.0,224.0,194.0,166.0,300.0,166.0,,-19,8341185
11.0141,2019-09-08 18:20:51.006928,316.0,190.0,172.0,224.0,194.0,166.0,194.0,206.0,,-19,8341413
11.0237,2019-09-08 18:20:51.015426,316.0,190.0,172.0,224.0,300.0,166.0,166.0,300.0,,-19,8341977
11.032,2019-09-08 18:20:51.026914,316.0,190.0,316.0,190.0,206.0,194.0,166.0,300.0,,-19,8342479
11.0442,2019-09-08 18:20:51.039359,224.0,316.0,172.0,224.0,194.0,206.0,300.0,300.0,,-19,8342274
11.057,2019-09-08 18:20:51.055809,316.0,190.0,172.0,224.0,300.0,206.0,300.0,206.0,,-19,8342319
11.0727,2019-09-08 18:20:51.072267,316.0,316.0,190.0,172.0,300.0,166.0,206.0,166.0,,-19,8341441
11.0886,2019-09-08 18:20:51.092044,316.0,316.0,190.0,172.0,300.0,206.0,194.0,166.0,,-19,8342036
11.1086,2019-09-08 18:20:51.105357,316.0,190.0,172.0,224.0,300.0,206.0,194.0,166.0,,-19,8341849
11.1222,2019-09-08 18:20:51.114770,316.0,190.0,172.0,224.0,194.0,166.0,300.0,206.0,,-19,8341655
11.1312,2019-09-08 18:20:51.129181,316.0,190.0,172.0,224.0,300.0,206.0,194.0,300.0,,-19,8341610
11.1452,2019-09-08 18:20:51.146273,316.0,190.0,224.0,224.0,300.0,206.0,194.0,166.0,,-19,8341901
11.1623,2019-09-08 18:20:51.167786,316.0,190.0,172.0,224.0,300.0,300.0,194.0,194.0,,-19,8341662
11.1841,2019-09-08 18:20:51.179608,316.0,190.0,172.0,224.0,194.0,206.0,194.0,166.0,,-19,8341676
11.1966,2019-09-08 18:20:51.216302,316.0,190.0,172.0,224.0,300.0,206.0,194.0,166.0,,-19,8342005
11.233,2019-09-08 18:20:51.224243,316.0,190.0,172.0,224.0,300.0,206.0,194.0,166.0,,-19,8342115
11.2406,2019-09-08 18:20:51.242985,316.0,190.0,172.0,316.0,194.0,206.0,300.0,206.0,,-19,8342126
11.2601,2019-09-08 18:20:51.263199,316.0,190.0,172.0,316.0,194.0,166.0,194.0,206.0,,-19,8342614
11.2795,2019-09-08 18:20:51.275516,316.0,190.0,318.0,190.0,300.0,206.0,300.0,206.0,,-19,8342174
11.2921,2019-09-08 18:20:51.302803,318.0,224.0,172.0,224.0,194.0,206.0,300.0,206.0,,-19,8342541
11.3205,2019-09-08 18:20:51.310877,172.0,224.0,318.0,224.0,300.0,204.0,194.0,166.0,,-19,8342534
11.3278,2019-09-08 18:20:51.320233,318.0,318.0,172.0,224.0,206.0,194.0,166.0,166.0,,-19,8342095
11.3369,2019-09-08 18:20:51.337250,318.0,190.0,172.0,224.0,300.0,204.0,192.0,166.0,,-19,8341880
11.3533,2019-09-08 18:20:51.350271,318.0,190.0,172.0,224.0,300.0,206.0,192.0,166.0,,-19,8341915
11.3667,2019-09-08 18:20:51.367370,318.0,190.0,172.0,224.0,204.0,204.0,166.0,192.0,,-19,8342437
11.3837,2019-09-08 18:20:51.385171,318.0,318.0,172.0,224.0,300.0,166.0,302.0,166.0,,-19,8342693
11.4028,2019-09-08 18:20:51.404504,318.0,318.0,190.0,172.0,302.0,204.0,194.0,166.0,,-19,8341918
11.421,2019-09-08 18:20:51.413694,318.0,190.0,172.0,224.0,300.0,204.0,302.0,204.0,,-19,8342022
11.4302,2019-09-08 18:20:51.433247,318.0,190.0,172.0,224.0,300.0,204.0,192.0,166.0,,-19,8341967
11.4494,2019-09-08 18:20:51.445944,318.0,190.0,172.0,222.0,300.0,204.0,192.0,166.0,,-19,8341742
11.4623,2019-09-08 18:20:51.463454,318.0,190.0,172.0,224.0,300.0,206.0,300.0,204.0,,-19,8341299
11.4801,2019-09-08 18:20:51.477847,318.0,190.0,172.0,224.0,300.0,302.0,204.0,166.0,,-19,8341721
11.4945,2019-09-08 18:20:51.503446,320.0,190.0,172.0,224.0,300.0,302.0,204.0,192.0,,-19,8341814
11.52,2019-09-08 18:20:51.510450,318.0,190.0,172.0,224.0,302.0,206.0,192.0,166.0,,-19,8341873
11.527,2019-09-08 18:20:51.520859,320.0,190.0,172.0,224.0,300.0,204.0,192.0,166.0,,-19,8342191
11.5376,2019-09-08 18:20:51.535910,318.0,190.0,172.0,222.0,204.0,192.0,166.0,166.0,,-19,8342427
11.5524,2019-09-08 18:20:51.550177,320.0,190.0,172.0,224.0,204.0,192.0,192.0,166.0,,-19,8342998
11.5665,2019-09-08 18:20:51.566299,320.0,190.0,172.0,224.0,192.0,166.0,302.0,204.0,,-19,8342399
11.5831,2019-09-08 18:20:51.581717,320.0,190.0,172.0,224.0,302.0,204.0,192.0,204.0,,-19,8341672
11.5985,2019-09-08 18:20:51.614815,320.0,190.0,172.0,224.0,204.0,204.0,192.0,302.0,,-19,8341562
11.6311,2019-09-08 18:20:51.621357,320.0,190.0,172.0,224.0,204.0,204.0,164.0,166.0,,-19,8341866
11.6383,2019-09-08 18:20:51.649034,320.0,190.0,172.0,222.0,302.0,204.0,192.0,166.0,,-19,8341814
11.6661,2019-09-08 18:20:51.661384,188.0,190.0,172.0,224.0,302.0,204.0,204.0,166.0,,-19,8341558
11.6776,2019-09-08 18:20:51.672115,320.0,190.0,172.0,222.0,302.0,302.0,164.0,302.0,,-19,8341665
11.6881,2019-09-08 18:20:51.683811,322.0,188.0,172.0,222.0,302.0,204.0,192.0,166.0,,-19,8341762
11.6998,2019-09-08 18:20:51.695359,324.0,190.0,172.0,224.0,302.0,302.0,192.0,302.0,,-19,8341998
11.7113,2019-09-08 18:20:51.716056,324.0,190.0,172.0,224.0,302.0,302.0,166.0,166.0,,-19,8342880
11.732,2019-09-08 18:20:51.722793,190.0,190.0,172.0,222.0,302.0,204.0,192.0,166.0,,-19,8341769
11.7388,2019-09-08 18:20:51.740160,324.0,190.0,172.0,222.0,304.0,204.0,192.0,166.0,,-19,8342050
11.7564,2019-09-08 18:20:51.755258,322.0,188.0,172.0,222.0,304.0,204.0,192.0,164.0,,-19,8341326
11.7713,2019-09-08 18:20:51.770339,322.0,188.0,172.0,222.0,302.0,166.0,192.0,202.0,,-19,8342223
11.7864,2019-09-08 18:20:51.784097,322.0,188.0,172.0,222.0,192.0,166.0,302.0,204.0,,-19,8341167
11.8002,2019-09-08 18:20:51.808970,320.0,188.0,172.0,222.0,192.0,166.0,302.0,202.0,,-19,8342496
11.825,2019-09-08 18:20:51.815661,320.0,188.0,172.0,222.0,166.0,204.0,302.0,192.0,,-19,8342136
11.8317,2019-09-08 18:20:51.918985,320.0,188.0,172.0,222.0,166.0,302.0,204.0,166.0,,-19,8341392
11.935,2019-09-08 18:20:51.925374,322.0,188.0,172.0,222.0,302.0,204.0,192.0,166.0,,-19,8341392
11.9414,2019-09-08 18:20:51.983161,324.0,188.0,324.0,188.0,302.0,204.0,192.0,204.0,,-19,8342029
11.9993,2019-09-08 18:20:51.989637,324.0,188.0,172.0,222.0,304.0,302.0,192.0,166.0,,-19,8341368
12.0056,2019-09-08 18:20:52.018816,172.0,324.0,172.0,222.0,302.0,204.0,192.0,166.0,,-19,8342181
12.0348,2019-09-08 18:20:52.032232,324.0,188.0,172.0,222.0,302.0,302.0,204.0,166.0,,-19,8341510
12.0482,2019-09-08 18:20:52.044555,324.0,324.0,188.0,222.0,302.0,204.0,192.0,164.0,,-19,8342949
12.0606,2019-09-08 18:20:52.053445,324.0,324.0,188.0,222.0,302.0,192.0,166.0,166.0,,-19,8343022
12.0694,2019-09-08 18:20:52.068284,324.0,188.0,172.0,220.0,192.0,164.0,302.0,204.0,,-19,8342313
12.0845,2019-09-08 18:20:52.138372,324.0,188.0,172.0,220.0,302.0,204.0,192.0,204.0,,-19,8342056
12.1544,2019-09-08 18:20:52.146471,324.0,188.0,172.0,220.0,302.0,204.0,192.0,302.0,,-19,8342313
12.1626,2019-09-08 18:20:52.163210,322.0,188.0,172.0,220.0,302.0,166.0,192.0,204.0,,-19,8342364
12.1792,2019-09-08 18:20:52.169578,322.0,188.0,172.0,220.0,302.0,204.0,192.0,166.0,,-19,8341513
12.1855,2019-09-08 18:20:52.181818,322.0,188.0,172.0,218.0,204.0,204.0,192.0,302.0,,-19,8341690
12.1978,2019-09-08 18:20:52.191734,320.0,188.0,172.0,218.0,302.0,302.0,204.0,166.0,,-19,8342140
12.2077,2019-09-08 18:20:52.218142,316.0,188.0,172.0,218.0,302.0,204.0,192.0,166.0,,-19,8342095
12.2343,2019-09-08 18:20:52.224755,316.0,188.0,172.0,218.0,302.0,204.0,192.0,166.0,,-19,8342050
12.2409,2019-09-08 18:20:52.238101,318.0,188.0,172.0,218.0,302.0,204.0,192.0,204.0,,-19,8341776
12.2542,2019-09-08 18:20:52.261513,320.0,188.0,172.0,218.0,302.0,302.0,204.0,194.0,,-19,8342219
12.2775,2019-09-08 18:20:52.269500,320.0,188.0,172.0,218.0,302.0,302.0,192.0,192.0,,-19,8342482
12.2855,2019-09-08 18:20:52.286982,320.0,188.0,218.0,218.0,302.0,302.0,192.0,192.0,,-19,8342403
12.303,2019-09-08 18:20:52.301550,316.0,172.0,218.0,218.0,302.0,164.0,204.0,204.0,,-19,8341672
12.3175,2019-09-08 18:20:52.333920,316.0,186.0,172.0,218.0,302.0,204.0,204.0,166.0,,-19,8342005
12.3499,2019-09-08 18:20:52.343622,186.0,172.0,218.0,218.0,302.0,302.0,192.0,166.0,,-19,8342046
12.3596,2019-09-08 18:20:52.349923,186.0,186.0,172.0,320.0,302.0,302.0,192.0,166.0,,-19,8341973
12.366,2019-09-08 18:20:52.365799,322.0,186.0,172.0,324.0,204.0,192.0,166.0,302.0,,-19,8341461
12.3818,2019-09-08 18:20:52.380905,326.0,186.0,172.0,328.0,302.0,192.0,204.0,302.0,,-19,8342527
12.3971,2019-09-08 18:20:52.392563,332.0,186.0,172.0,218.0,192.0,166.0,166.0,302.0,,-19,8341140
12.4086,2019-09-08 18:20:52.413271,336.0,186.0,172.0,218.0,302.0,204.0,166.0,302.0,,-19,8342039
12.4293,2019-09-08 18:20:52.433118,186.0,172.0,172.0,220.0,194.0,204.0,302.0,166.0,,-19,8341513
12.4492,2019-09-08 18:20:52.443125,342.0,172.0,344.0,218.0,192.0,166.0,194.0,302.0,,-19,8341873
12.4592,2019-09-08 18:20:52.457593,346.0,186.0,172.0,220.0,192.0,206.0,194.0,166.0,,-19,8342451
12.4737,2019-09-08 18:20:52.474236,172.0,186.0,172.0,220.0,302.0,302.0,194.0,166.0,,-19,8342247
12.4903,2019-09-08 18:20:52.490148,350.0,188.0,172.0,220.0,302.0,194.0,194.0,166.0,,-19,8341787
12.507,2019-09-08 18:20:52.505349,348.0,186.0,172.0,220.0,302.0,206.0,194.0,194.0,,-19,8341901
12.5214,2019-09-08 18:20:52.535018,346.0,346.0,172.0,218.0,302.0,206.0,166.0,302.0,,-19,8341717
12.5511,2019-09-08 18:20:52.543117,218.0,186.0,172.0,218.0,300.0,206.0,194.0,166.0,,-19,8342337
12.5596,2019-09-08 18:20:52.553886,336.0,186.0,172.0,172.0,194.0,206.0,194.0,206.0,,-19,8342645
12.5703,2019-09-08 18:20:52.567844,334.0,186.0,172.0,216.0,300.0,166.0,300.0,206.0,,-19,8342797
12.5849,2019-09-08 18:20:52.587431,332.0,186.0,172.0,218.0,194.0,206.0,166.0,206.0,,-19,8341787
12.6049,2019-09-08 18:20:52.599389,330.0,186.0,172.0,216.0,194.0,206.0,300.0,206.0,,-19,8342119
12.617,2019-09-08 18:20:52.615069,328.0,188.0,172.0,216.0,194.0,206.0,300.0,166.0,,-19,8342638
12.6316,2019-09-08 18:20:52.631112,324.0,186.0,172.0,216.0,166.0,166.0,300.0,206.0,,-19,8342344
12.6476,2019-09-08 18:20:52.679418,324.0,186.0,172.0,216.0,166.0,206.0,302.0,194.0,,-19,8341683
12.6959,2019-09-08 18:20:52.704733,326.0,186.0,172.0,216.0,166.0,300.0,194.0,194.0,,-19,8342140
12.7216,2019-09-08 18:20:52.722426,186.0,172.0,172.0,216.0,206.0,194.0,194.0,166.0,,-19,8342067
12.7394,2019-09-08 18:20:52.735272,332.0,186.0,172.0,216.0,302.0,206.0,206.0,166.0,,-19,8342458
12.7535,2019-09-08 18:20:52.756630,332.0,186.0,172.0,216.0,302.0,194.0,166.0,166.0,,-19,8341863
12.7738,2019-09-08 18:20:52.771179,184.0,186.0,172.0,216.0,302.0,206.0,166.0,302.0,,-19,8342839
12.7877,2019-09-08 18:20:52.779035,334.0,184.0,172.0,216.0,302.0,166.0,166.0,206.0,,-19,8342185
12.7954,2019-09-08 18:20:52.790163,336.0,184.0,172.0,216.0,302.0,166.0,302.0,166.0,,-19,8342212
12.8073,2019-09-08 18:20:52.805051,340.0,186.0,172.0,216.0,302.0,194.0,206.0,194.0,,-19,8342119
12.8216,2019-09-08 18:20:52.820231,186.0,186.0,172.0,218.0,166.0,302.0,206.0,194.0,,-19,8342499
12.8365,2019-09-08 18:20:52.833812,186.0,172.0,218.0,218.0,302.0,206.0,302.0,194.0,,-19,8342247
12.8501,2019-09-08 18:20:52.847755,348.0,186.0,218.0,216.0,194.0,206.0,302.0,166.0,,-19,8342274
12.8643,2019-09-08 18:20:52.866668,344.0,186.0,172.0,216.0,194.0,206.0,194.0,166.0,,-19,8341752
12.8827,2019-09-08 18:20:52.878957,340.0,186.0,172.0,216.0,302.0,206.0,194.0,166.0,,-19,8342039
12.895,2019-09-08 18:20:52.955325,336.0,184.0,172.0,216.0,302.0,206.0,166.0,166.0,,-19,8341534
12.9714,2019-09-08 18:20:52.982613,216.0,186.0,172.0,216.0,304.0,302.0,206.0,166.0,,-19,8342261
12.9987,2019-09-08 18:20:53.016434,324.0,186.0,172.0,326.0,302.0,302.0,206.0,166.0,,-19,8342385
13.033,2019-09-08 18:20:53.023969,330.0,186.0,172.0,216.0,304.0,206.0,194.0,166.0,,-19,8342288
13.04,2019-09-08 18:20:53.082322,328.0,188.0,172.0,216.0,304.0,206.0,194.0,166.0,,-19,8342150
13.0984,2019-09-08 18:20:53.088858,328.0,186.0,172.0,214.0,304.0,206.0,166.0,304.0,,-19,8342150
13.1058,2019-09-08 18:20:53.112243,336.0,186.0,172.0,336.0,194.0,194.0,194.0,304.0,,-19,8342486
13.1283,2019-09-08 18:20:53.152542,336.0,186.0,334.0,216.0,304.0,206.0,304.0,194.0,,-19,8342492
13.1688,2019-09-08 18:20:53.162183,334.0,186.0,334.0,184.0,166.0,304.0,194.0,166.0,,-19,8342492
13.1783,2019-09-08 18:20:53.169429,332.0,184.0,172.0,214.0,304.0,206.0,194.0,166.0,,-19,8342278
13.1858,2019-09-08 18:20:53.201709,336.0,336.0,172.0,214.0,166.0,304.0,194.0,194.0,,-19,8342008
13.2177,2019-09-08 18:20:53.211829,342.0,184.0,172.0,214.0,304.0,206.0,206.0,166.0,,-19,8342814
13.2278,2019-09-08 18:20:53.219922,342.0,184.0,172.0,214.0,304.0,206.0,194.0,304.0,,-19,8342399
13.236,2019-09-08 18:20:53.242836,342.0,184.0,172.0,216.0,206.0,206.0,194.0,304.0,,-19,8341437
13.2588,2019-09-08 18:20:53.250044,342.0,184.0,172.0,216.0,304.0,206.0,166.0,304.0,,-19,8342569
13.2662,2019-09-08 18:20:53.272093,344.0,186.0,172.0,216.0,194.0,206.0,304.0,206.0,,-19,8341998
13.2881,2019-09-08 18:20:53.282848,344.0,184.0,172.0,342.0,304.0,204.0,304.0,166.0,,-19,8341856
13.299,2019-09-08 18:20:53.308420,342.0,186.0,172.0,342.0,194.0,206.0,166.0,204.0,,-19,8342022
13.3246,2019-09-08 18:20:53.314810,342.0,186.0,172.0,344.0,304.0,166.0,194.0,206.0,,-19,8342524
13.3307,2019-09-08 18:20:53.348972,346.0,186.0,172.0,216.0,304.0,304.0,194.0,166.0,,-19,8341980
13.365,2019-09-08 18:20:53.355284,348.0,186.0,172.0,218.0,304.0,204.0,194.0,166.0,,-19,8341700
13.3713,2019-09-08 18:20:53.363426,348.0,186.0,172.0,218.0,304.0,204.0,194.0,166.0,,-19,8341700
13.3794,2019-09-08 18:20:53.378666,346.0,186.0,172.0,216.0,304.0,204.0,194.0,164.0,,-19,8342877
13.3947,2019-09-08 18:20:53.397817,344.0,186.0,172.0,216.0,206.0,194.0,194.0,166.0,,-19,8341960
13.4138,2019-09-08 18:20:53.407736,344.0,186.0,172.0,218.0,204.0,194.0,194.0,304.0,,-19,8342447
13.4237,2019-09-08 18:20:53.423593,346.0,186.0,174.0,218.0,204.0,164.0,304.0,204.0,,-19,8342832
13.4397,2019-09-08 18:20:53.439618,346.0,186.0,172.0,344.0,204.0,304.0,204.0,194.0,,-19,8342202
13.4556,2019-09-08 18:20:53.563637,346.0,186.0,172.0,216.0,166.0,304.0,194.0,304.0,,-19,8342513
13.5798,2019-09-08 18:20:53.570220,348.0,218.0,172.0,350.0,166.0,304.0,194.0,194.0,,-19,8342527
13.5865,2019-09-08 18:20:53.579576,350.0,186.0,172.0,218.0,304.0,166.0,304.0,204.0,,-19,8342562
13.5956,2019-09-08 18:20:53.592089,172.0,218.0,172.0,216.0,204.0,192.0,304.0,204.0,,-19,8342133
13.6083,2019-09-08 18:20:53.610990,348.0,218.0,172.0,218.0,166.0,304.0,204.0,194.0,,-19,8341427
13.627,2019-09-08 18:20:53.625289,348.0,184.0,172.0,350.0,192.0,166.0,194.0,166.0,,-19,8341579
13.6415,2019-09-08 18:20:53.652720,172.0,218.0,172.0,216.0,192.0,204.0,166.0,166.0,,-19,8341901
13.6689,2019-09-08 18:20:53.659243,350.0,186.0,172.0,350.0,304.0,306.0,194.0,192.0,,-19,8341838
13.6753,2019-09-08 18:20:53.674908,350.0,186.0,172.0,350.0,192.0,204.0,306.0,166.0,,-19,8342185
13.6909,2019-09-08 18:20:53.687672,350.0,186.0,348.0,216.0,304.0,306.0,192.0,166.0,,-19,8342119
13.7037,2019-09-08 18:20:53.701621,348.0,184.0,172.0,216.0,306.0,204.0,194.0,304.0,,-19,8341870
13.7176,2019-09-08 18:20:53.721283,216.0,186.0,346.0,186.0,306.0,204.0,306.0,204.0,,-19,8341056
13.7373,2019-09-08 18:20:53.734963,348.0,184.0,348.0,186.0,306.0,306.0,204.0,166.0,,-19,8341358
13.751,2019-09-08 18:20:53.768866,348.0,348.0,172.0,218.0,192.0,166.0,192.0,306.0,,-19,8341946
13.785,2019-09-08 18:20:53.779820,350.0,186.0,172.0,218.0,204.0,192.0,204.0,192.0,,-19,8343018
13.7961,2019-09-08 18:20:53.786306,350.0,186.0,172.0,218.0,166.0,306.0,192.0,306.0,,-19,8341468
13.8024,2019-09-08 18:20:53.802142,350.0,186.0,172.0,218.0,306.0,204.0,192.0,166.0,,-19,8342178
13.8182,2019-09-08 18:20:53.816672,354.0,354.0,172.0,218.0,306.0,204.0,202.0,166.0,,-19,8342157
13.8327,2019-09-08 18:20:53.834788,354.0,354.0,186.0,172.0,306.0,306.0,192.0,192.0,,-19,8342406
13.8511,2019-09-08 18:20:53.841405,356.0,186.0,172.0,218.0,202.0,204.0,192.0,164.0,,-19,8341977
13.8575,2019-09-08 18:20:53.858503,358.0,188.0,172.0,218.0,306.0,204.0,166.0,306.0,,-19,8342790
13.8747,2019-09-08 18:20:53.879478,356.0,186.0,172.0,218.0,202.0,166.0,192.0,166.0,,-19,8341036
13.8955,2019-09-08 18:20:53.892758,356.0,186.0,172.0,218.0,204.0,202.0,166.0,306.0,,-19,8341963
13.9088,2019-09-08 18:20:53.907068,356.0,186.0,172.0,218.0,306.0,202.0,306.0,202.0,,-19,8341883
13.9233,2019-09-08 18:20:53.921982,354.0,186.0,172.0,218.0,192.0,204.0,306.0,166.0,,-19,8341773
13.938,2019-09-08 18:20:53.935003,354.0,186.0,172.0,218.0,306.0,204.0,306.0,192.0,,-19,8341665
13.951,2019-09-08 18:20:53.964611,354.0,186.0,172.0,218.0,306.0,204.0,192.0,166.0,,-19,8342444
13.9808,2019-09-08 18:20:53.971040,354.0,186.0,172.0,218.0,306.0,202.0,192.0,166.0,,-19,8342319
13.987,2019-09-08 18:20:53.981406,186.0,186.0,172.0,218.0,192.0,166.0,192.0,306.0,,-19,8342112
13.9976,2019-09-08 18:20:53.996598,352.0,186.0,172.0,218.0,192.0,204.0,306.0,166.0,,-19,8341717
14.0126,2019-09-08 18:20:54.011525,352.0,186.0,172.0,352.0,166.0,166.0,306.0,166.0,,-19,8341804
14.0275,2019-09-08 18:20:54.028475,186.0,172.0,218.0,218.0,306.0,192.0,166.0,306.0,,-19,8342001
14.0445,2019-09-08 18:20:54.042326,186.0,172.0,218.0,218.0,306.0,204.0,306.0,164.0,,-19,8342721
14.0585,2019-09-08 18:20:54.066921,354.0,172.0,218.0,218.0,306.0,192.0,306.0,202.0,,-19,8342126
14.0831,2019-09-08 18:20:54.089368,354.0,186.0,172.0,218.0,166.0,202.0,306.0,164.0,,-19,8342012
14.1055,2019-09-08 18:20:54.095886,356.0,186.0,172.0,218.0,306.0,204.0,192.0,166.0,,-19,8342447
14.1119,2019-09-08 18:20:54.105050,356.0,218.0,174.0,218.0,202.0,192.0,192.0,166.0,,-19,8342015
14.1211,2019-09-08 18:20:54.122535,356.0,186.0,354.0,186.0,306.0,166.0,202.0,166.0,,-19,8341987
14.1385,2019-09-08 18:20:54.141893,354.0,186.0,354.0,218.0,306.0,202.0,192.0,166.0,,-19,8341655
14.1579,2019-09-08 18:20:54.169828,356.0,186.0,356.0,218.0,306.0,202.0,164.0,166.0,,-19,8342465
14.1858,2019-09-08 18:20:54.176322,358.0,186.0,172.0,218.0,202.0,192.0,166.0,306.0,,-19,8341240
14.1923,2019-09-08 18:20:54.187121,356.0,186.0,172.0,218.0,192.0,202.0,306.0,164.0,,-19,8342236
14.2031,2019-09-08 18:20:54.198765,354.0,186.0,354.0,186.0,166.0,306.0,202.0,192.0,,-19,8342710
14.2148,2019-09-08 18:20:54.214548,354.0,186.0,172.0,218.0,192.0,166.0,202.0,204.0,,-19,8341922
14.2305,2019-09-08 18:20:54.238681,354.0,184.0,172.0,218.0,306.0,202.0,306.0,166.0,,-19,8342254
14.2548,2019-09-08 18:20:54.248548,356.0,356.0,172.0,216.0,306.0,202.0,306.0,166.0,,-19,8341859
14.2646,2019-09-08 18:20:54.273863,358.0,186.0,172.0,218.0,192.0,202.0,306.0,202.0,,-19,8342036
14.29,2019-09-08 18:20:54.284513,358.0,186.0,172.0,216.0,166.0,306.0,202.0,166.0,,-19,8342129
14.301,2019-09-08 18:20:54.296430,360.0,360.0,172.0,216.0,306.0,202.0,192.0,166.0,,-19,8342406
14.3129,2019-09-08 18:20:54.307775,362.0,186.0,172.0,216.0,202.0,202.0,166.0,306.0,,-19,8341586
14.3246,2019-09-08 18:20:54.329495,362.0,362.0,172.0,216.0,192.0,202.0,166.0,202.0,,-19,8341790
14.3456,2019-09-08 18:20:54.341937,360.0,186.0,172.0,216.0,192.0,166.0,306.0,202.0,,-19,8343001
14.358,2019-09-08 18:20:54.365669,360.0,186.0,172.0,216.0,306.0,306.0,202.0,192.0,,-19,8341700
14.3817,2019-09-08 18:20:54.415355,358.0,186.0,172.0,218.0,166.0,192.0,192.0,306.0,,-19,8342399
14.4315,2019-09-08 18:20:54.426539,358.0,186.0,172.0,218.0,306.0,202.0,304.0,166.0,,-19,8341800
14.4426,2019-09-08 18:20:54.440974,356.0,186.0,172.0,218.0,306.0,166.0,192.0,164.0,,-19,8342226
14.4571,2019-09-08 18:20:54.455441,356.0,186.0,172.0,218.0,166.0,306.0,192.0,306.0,,-19,8341942
14.4715,2019-09-08 18:20:54.478179,356.0,186.0,172.0,218.0,306.0,304.0,192.0,192.0,,-19,8342582
14.4943,2019-09-08 18:20:54.532982,356.0,186.0,172.0,218.0,306.0,164.0,306.0,202.0,,-19,8342880
14.5491,2019-09-08 18:20:54.539427,356.0,186.0,172.0,216.0,304.0,202.0,192.0,164.0,,-19,8341285
14.5565,2019-09-08 18:20:54.581676,356.0,186.0,172.0,216.0,306.0,204.0,192.0,166.0,,-19,8341620
14.5978,2019-09-08 18:20:54.588436,354.0,186.0,172.0,216.0,306.0,204.0,192.0,166.0,,-19,8342205
14.6046,2019-09-08 18:20:54.595231,186.0,186.0,172.0,354.0,202.0,192.0,192.0,166.0,,-19,8341994
14.6133,2019-09-08 18:20:54.613223,354.0,186.0,172.0,216.0,304.0,202.0,166.0,166.0,,-19,8341679
14.6315,2019-09-08 18:20:54.638347,352.0,186.0,172.0,186.0,304.0,204.0,192.0,166.0,,-19,8342056
14.6561,2019-09-08 18:20:54.647552,352.0,186.0,172.0,216.0,304.0,202.0,192.0,166.0,,-19,8341662
14.6638,2019-09-08 18:20:54.654355,172.0,216.0,172.0,218.0,202.0,192.0,166.0,304.0,,-19,8341662
14.6711,2019-09-08 18:20:54.677754,172.0,218.0,352.0,216.0,204.0,166.0,192.0,304.0,,-19,8342607
14.6958,2019-09-08 18:20:54.687458,352.0,216.0,172.0,216.0,166.0,304.0,192.0,192.0,,-19,8342136
14.704,2019-09-08 18:20:54.700951,172.0,186.0,172.0,186.0,304.0,304.0,204.0,166.0,,-19,8342143
14.7177,2019-09-08 18:20:54.716819,172.0,216.0,172.0,216.0,304.0,304.0,204.0,194.0,,-19,8342005
14.7337,2019-09-08 18:20:54.731450,356.0,354.0,172.0,216.0,204.0,192.0,192.0,166.0,,-19,8341731
14.7496,2019-09-08 18:20:54.747276,354.0,186.0,172.0,216.0,304.0,192.0,166.0,166.0,,-19,8341818
14.7642,2019-09-08 18:20:54.791418,352.0,354.0,186.0,172.0,304.0,304.0,204.0,166.0,,-19,8341402
14.8083,2019-09-08 18:20:54.805254,350.0,186.0,172.0,216.0,304.0,204.0,194.0,166.0,,-19,8342043
14.8216,2019-09-08 18:20:54.812316,350.0,186.0,172.0,216.0,304.0,204.0,194.0,304.0,,-19,8342133
14.8305,2019-09-08 18:20:54.826233,350.0,186.0,172.0,216.0,194.0,166.0,204.0,166.0,,-19,8341870
14.8432,2019-09-08 18:20:54.842570,350.0,186.0,172.0,216.0,304.0,304.0,194.0,192.0,,-19,8342005
14.859,2019-09-08 18:20:54.860024,186.0,186.0,172.0,218.0,304.0,204.0,192.0,304.0,,-19,8342084
14.8766,2019-09-08 18:20:54.873398,348.0,186.0,172.0,218.0,204.0,194.0,166.0,304.0,,-19,8342358
14.8898,2019-09-08 18:20:54.890193,348.0,172.0,216.0,216.0,194.0,194.0,194.0,304.0,,-19,8342160
14.9067,2019-09-08 18:20:54.904473,348.0,186.0,172.0,348.0,304.0,204.0,192.0,166.0,,-19,8342223
14.9209,2019-09-08 18:20:54.918331,348.0,186.0,172.0,348.0,204.0,194.0,166.0,304.0,,-19,8342070
14.9348,2019-09-08 18:20:54.940464,348.0,186.0,348.0,216.0,194.0,204.0,304.0,166.0,,-19,8342389
14.9571,2019-09-08 18:20:54.950783,348.0,184.0,172.0,216.0,204.0,164.0,304.0,166.0,,-19,8342849
14.9671,2019-09-08 18:20:54.989154,348.0,184.0,172.0,184.0,166.0,304.0,194.0,194.0,,-19,8343129
15.0066,2019-09-08 18:20:55.000112,348.0,186.0,348.0,216.0,166.0,304.0,204.0,166.0,,-19,8342302
15.0166,2019-09-08 18:20:55.009631,348.0,184.0,172.0,184.0,304.0,204.0,194.0,166.0,,-19,8341389
15.0257,2019-09-08 18:20:55.020627,348.0,348.0,172.0,216.0,304.0,204.0,194.0,166.0,,-19,8341762
15.0368,2019-09-08 18:20:55.042979,346.0,186.0,172.0,216.0,194.0,204.0,304.0,166.0,,-19,8342012
15.059,2019-09-08 18:20:55.061359,344.0,184.0,172.0,216.0,304.0,204.0,194.0,194.0,,-19,8342665
15.0777,2019-09-08 18:20:55.067957,344.0,184.0,172.0,216.0,304.0,204.0,194.0,166.0,,-19,8341299
15.0843,2019-09-08 18:20:55.093744,186.0,186.0,172.0,216.0,304.0,304.0,194.0,166.0,,-19,8342399
15.1107,2019-09-08 18:20:55.163823,344.0,186.0,172.0,216.0,204.0,204.0,166.0,166.0,,-19,8342364
15.1802,2019-09-08 18:20:55.170926,346.0,184.0,172.0,346.0,304.0,194.0,194.0,304.0,,-19,8341928
15.1869,2019-09-08 18:20:55.188832,346.0,184.0,216.0,346.0,304.0,166.0,304.0,206.0,,-19,8342167
15.2049,2019-09-08 18:20:55.195212,348.0,172.0,346.0,184.0,304.0,166.0,206.0,166.0,,-19,8341769
15.2116,2019-09-08 18:20:55.205688,346.0,184.0,216.0,216.0,306.0,304.0,194.0,206.0,,-19,8341489
15.2236,2019-09-08 18:20:55.224731,184.0,172.0,172.0,216.0,304.0,206.0,194.0,166.0,,-19,8341967
15.2426,2019-09-08 18:20:55.238966,346.0,346.0,172.0,216.0,194.0,206.0,304.0,166.0,,-19,8341863
15.2559,2019-09-08 18:20:55.256527,346.0,184.0,172.0,214.0,304.0,304.0,204.0,194.0,,-19,8342091
15.2736,2019-09-08 18:20:55.270468,344.0,214.0,172.0,216.0,304.0,206.0,206.0,166.0,,-19,8341742
15.2887,2019-09-08 18:20:55.292602,346.0,184.0,172.0,214.0,166.0,306.0,194.0,194.0,,-19,8341735
15.3088,2019-09-08 18:20:55.304143,348.0,184.0,172.0,216.0,304.0,206.0,204.0,166.0,,-19,8341302
15.3209,2019-09-08 18:20:55.317061,348.0,348.0,186.0,172.0,166.0,304.0,204.0,304.0,,-19,8342288
15.3341,2019-09-08 18:20:55.331737,348.0,348.0,184.0,172.0,306.0,306.0,194.0,194.0,,-19,8341499
15.3481,2019-09-08 18:20:55.346656,348.0,348.0,184.0,172.0,304.0,306.0,166.0,194.0,,-19,8341987
15.3631,2019-09-08 18:20:55.364829,348.0,186.0,172.0,216.0,306.0,204.0,194.0,306.0,,-19,8342396
15.3818,2019-09-08 18:20:55.386468,348.0,184.0,172.0,216.0,194.0,166.0,306.0,206.0,,-19,8342171
15.4029,2019-09-08 18:20:55.400829,350.0,184.0,172.0,216.0,194.0,206.0,166.0,204.0,,-19,8342458
15.417,2019-09-08 18:20:55.410164,350.0,184.0,172.0,214.0,306.0,206.0,306.0,166.0,,-19,8341890
15.4274,2019-09-08 18:20:55.425605,350.0,186.0,172.0,216.0,304.0,204.0,194.0,204.0,,-19,8341842
15.4421,2019-09-08 18:20:55.439630,350.0,184.0,172.0,216.0,306.0,204.0,166.0,304.0,,-19,8341659
15.4566,2019-09-08 18:20:55.459254,348.0,186.0,172.0,216.0,304.0,204.0,194.0,166.0,,-19,8341558
15.4771,2019-09-08 18:20:55.472953,348.0,184.0,172.0,216.0,306.0,206.0,194.0,166.0,,-19,8341877
15.4894,2019-09-08 18:20:55.547514,350.0,184.0,172.0,216.0,306.0,166.0,194.0,166.0,,-19,8342008
15.5645,2019-09-08 18:20:55.557866,352.0,186.0,172.0,216.0,306.0,304.0,194.0,194.0,,-19,8342520
15.5752,2019-09-08 18:20:55.608587,352.0,184.0,172.0,218.0,306.0,306.0,204.0,166.0,,-19,8341693
15.6255,2019-09-08 18:20:55.620726,186.0,186.0,172.0,216.0,204.0,194.0,194.0,166.0,,-19,8341811
15.6376,2019-09-08 18:20:55.631867,352.0,186.0,172.0,216.0,204.0,306.0,204.0,194.0,,-19,8342302
15.6488,2019-09-08 18:20:55.665468,352.0,186.0,172.0,216.0,306.0,204.0,204.0,306.0,,-19,8341652
15.6823,2019-09-08 18:20:55.675313,354.0,186.0,172.0,216.0,306.0,194.0,194.0,304.0,,-19,8342212
15.6918,2019-09-08 18:20:55.683251,184.0,186.0,172.0,216.0,306.0,204.0,194.0,306.0,,-19,8341949
15.7001,2019-09-08 18:20:55.707909,352.0,186.0,172.0,216.0,306.0,204.0,194.0,166.0,,-19,8341897
15.7249,2019-09-08 18:20:55.715472,354.0,186.0,172.0,216.0,306.0,192.0,204.0,166.0,,-19,8342164
15.7322,2019-09-08 18:20:55.723006,356.0,186.0,354.0,218.0,306.0,204.0,306.0,166.0,,-19,8341932
15.7393,2019-09-08 18:20:55.742831,172.0,218.0,172.0,218.0,166.0,204.0,194.0,166.0,,-19,8342309
15.76,2019-09-08 18:20:55.755769,356.0,186.0,354.0,218.0,306.0,204.0,192.0,192.0,,-19,8342230
15.7723,2019-09-08 18:20:55.770820,356.0,186.0,174.0,218.0,306.0,204.0,194.0,306.0,,-19,8341693
15.7877,2019-09-08 18:20:55.784212,356.0,186.0,356.0,186.0,306.0,204.0,192.0,194.0,,-19,8342223
15.801,2019-09-08 18:20:55.804396,356.0,356.0,172.0,216.0,166.0,192.0,166.0,306.0,,-19,8341392
15.8217,2019-09-08 18:20:55.817751,356.0,356.0,186.0,172.0,166.0,306.0,192.0,204.0,,-19,8341074
15.8344,2019-09-08 18:20:55.834346,356.0,186.0,172.0,216.0,306.0,204.0,306.0,166.0,,-19,8341610
15.8507,2019-09-08 18:20:55.848366,356.0,186.0,172.0,216.0,306.0,204.0,204.0,166.0,,-19,8342025
15.8647,2019-09-08 18:20:55.872257,358.0,184.0,172.0,216.0,192.0,306.0,204.0,204.0,,-19,8340856
15.8891,2019-09-08 18:20:55.886315,356.0,186.0,172.0,216.0,306.0,166.0,192.0,166.0,,-19,8341679
15.9034,2019-09-08 18:20:55.918272,186.0,172.0,172.0,218.0,306.0,204.0,194.0,204.0,,-19,8341953
15.9348,2019-09-08 18:20:55.927489,360.0,186.0,172.0,218.0,204.0,204.0,194.0,306.0,,-19,8342358
15.9443,2019-09-08 18:20:55.941985,360.0,186.0,172.0,218.0,306.0,306.0,194.0,194.0,,-19,8341011
15.9583,2019-09-08 18:20:55.958196,360.0,172.0,172.0,218.0,166.0,306.0,194.0,192.0,,-19,8342084
15.9746,2019-09-08 18:20:55.973992,358.0,186.0,172.0,218.0,306.0,306.0,204.0,166.0,,-19,8341790
15.9906,2019-09-08 18:20:55.989017,358.0,186.0,172.0,218.0,306.0,204.0,192.0,166.0,,-19,8341842
16.0057,2019-09-08 18:20:56.010071,360.0,186.0,172.0,218.0,306.0,204.0,194.0,166.0,,-19,8342268
16.027,2019-09-08 18:20:56.048062,358.0,186.0,172.0,218.0,306.0,204.0,192.0,166.0,,-19,8342735
16.0648,2019-09-08 18:20:56.055102,360.0,186.0,172.0,216.0,306.0,204.0,306.0,204.0,,-19,8341091
16.0714,2019-09-08 18:20:56.070312,360.0,186.0,172.0,216.0,306.0,306.0,204.0,166.0,,-19,8342980
16.0865,2019-09-08 18:20:56.085343,360.0,186.0,172.0,218.0,306.0,306.0,204.0,194.0,,-19,8341551
16.1018,2019-09-08 18:20:56.117796,360.0,186.0,358.0,186.0,306.0,204.0,192.0,166.0,,-19,8342150
16.1341,2019-09-08 18:20:56.125806,358.0,186.0,172.0,216.0,306.0,204.0,192.0,306.0,,-19,8342150
16.1422,2019-09-08 18:20:56.135279,360.0,186.0,172.0,216.0,192.0,204.0,306.0,166.0,,-19,8341807
16.1521,2019-09-08 18:20:56.151665,360.0,186.0,172.0,216.0,192.0,166.0,194.0,306.0,,-19,8341638
16.1683,2019-09-08 18:20:56.171493,360.0,186.0,172.0,218.0,306.0,166.0,306.0,204.0,,-19,8341752
16.1879,2019-09-08 18:20:56.189242,360.0,186.0,172.0,218.0,306.0,204.0,194.0,166.0,,-19,8342454
16.2062,2019-09-08 18:20:56.196463,360.0,186.0,172.0,218.0,306.0,204.0,192.0,166.0,,-19,8341731
16.2131,2019-09-08 18:20:56.254970,360.0,186.0,172.0,218.0,306.0,204.0,194.0,166.0,,-19,8342043
16.2718,2019-09-08 18:20:56.264578,362.0,186.0,172.0,216.0,204.0,306.0,166.0,166.0,,-19,8341396
16.2814,2019-09-08 18:20:56.280703,362.0,186.0,172.0,216.0,306.0,166.0,192.0,204.0,,-19,8341337
16.2973,2019-09-08 18:20:56.307022,186.0,186.0,174.0,216.0,306.0,194.0,192.0,192.0,,-19,8341980
16.3238,2019-09-08 18:20:56.321216,362.0,186.0,172.0,216.0,306.0,194.0,192.0,306.0,,-19,8342226
16.3379,2019-09-08 18:20:56.338698,362.0,186.0,172.0,216.0,306.0,166.0,306.0,204.0,,-19,8342146
16.3553,2019-09-08 18:20:56.363387,186.0,186.0,172.0,216.0,166.0,204.0,192.0,306.0,,-19,8342347
16.3804,2019-09-08 18:20:56.373768,186.0,172.0,216.0,216.0,166.0,306.0,192.0,192.0,,-19,8341503
16.3906,2019-09-08 18:20:56.393335,186.0,186.0,172.0,218.0,306.0,194.0,166.0,306.0,,-19,8341032
16.4102,2019-09-08 18:20:56.407969,186.0,172.0,216.0,216.0,306.0,306.0,166.0,306.0,,-19,8342444
16.4251,2019-09-08 18:20:56.426872,364.0,172.0,218.0,218.0,306.0,306.0,192.0,192.0,,-19,8341679
16.4435,2019-09-08 18:20:56.437181,364.0,186.0,172.0,366.0,166.0,306.0,192.0,166.0,,-19,8341704
16.4537,2019-09-08 18:20:56.446806,366.0,186.0,172.0,366.0,166.0,192.0,166.0,306.0,,-19,8341915
16.4637,2019-09-08 18:20:56.459254,368.0,186.0,172.0,218.0,166.0,306.0,192.0,194.0,,-19,8341953
16.4756,2019-09-08 18:20:56.482514,368.0,186.0,368.0,218.0,306.0,204.0,192.0,166.0,,-19,8342403
16.4996,2019-09-08 18:20:56.491277,172.0,216.0,368.0,186.0,204.0,204.0,166.0,166.0,,-19,8342043
16.5078,2019-09-08 18:20:56.511176,368.0,186.0,172.0,218.0,306.0,204.0,192.0,166.0,,-19,8342354
16.5276,2019-09-08 18:20:56.547829,218.0,186.0,172.0,218.0,306.0,204.0,306.0,166.0,,-19,8342437
16.565,2019-09-08 18:20:56.555480,368.0,368.0,172.0,218.0,304.0,204.0,192.0,166.0,,-19,8342115
16.5725,2019-09-08 18:20:56.564158,368.0,368.0,186.0,172.0,304.0,192.0,192.0,304.0,,-19,8342015
16.581,2019-09-08 18:20:56.571722,368.0,186.0,172.0,216.0,304.0,204.0,192.0,166.0,,-19,8341852
16.5887,2019-09-08 18:20:56.589524,368.0,186.0,172.0,218.0,304.0,202.0,192.0,166.0,,-19,8341842
16.6066,2019-09-08 18:20:56.616340,366.0,186.0,172.0,218.0,304.0,204.0,194.0,166.0,,-19,8342060
16.6334,2019-09-08 18:20:56.635209,368.0,186.0,172.0,218.0,304.0,194.0,166.0,304.0,,-19,8342870
16.652,2019-09-08 18:20:56.642257,366.0,186.0,172.0,218.0,192.0,166.0,192.0,304.0,,-19,8341555
16.6587,2019-09-08 18:20:56.650704,368.0,186.0,172.0,218.0,192.0,166.0,192.0,166.0,,-19,8341766
16.6675,2019-09-08 18:20:56.665914,368.0,172.0,172.0,218.0,166.0,302.0,192.0,192.0,,-19,8341558
16.6827,2019-09-08 18:20:56.683892,370.0,186.0,172.0,218.0,302.0,302.0,202.0,192.0,,-19,8342209
16.7008,2019-09-08 18:20:56.694248,370.0,186.0,172.0,218.0,302.0,202.0,192.0,164.0,,-19,8341146
16.711,2019-09-08 18:20:56.710150,372.0,186.0,172.0,218.0,202.0,202.0,192.0,302.0,,-19,8341942
16.7273,2019-09-08 18:20:56.742210,186.0,186.0,172.0,220.0,166.0,192.0,166.0,302.0,,-19,8343243
16.759,2019-09-08 18:20:56.753700,372.0,186.0,172.0,218.0,302.0,166.0,302.0,166.0,,-19,8341749
16.7705,2019-09-08 18:20:56.762708,372.0,186.0,174.0,218.0,302.0,302.0,202.0,166.0,,-19,8342472
16.779,2019-09-08 18:20:56.773225,372.0,186.0,172.0,218.0,192.0,202.0,302.0,164.0,,-19,8341752
16.79,2019-09-08 18:20:56.793464,372.0,186.0,172.0,218.0,302.0,302.0,202.0,166.0,,-19,8342492
16.8103,2019-09-08 18:20:56.807290,372.0,186.0,172.0,218.0,302.0,202.0,192.0,166.0,,-19,8342264
16.8237,2019-09-08 18:20:56.828433,186.0,172.0,218.0,218.0,302.0,202.0,166.0,302.0,,-19,8342728
16.8445,2019-09-08 18:20:56.838940,186.0,172.0,218.0,218.0,302.0,302.0,166.0,166.0,,-19,8342458
16.8554,2019-09-08 18:20:56.850679,186.0,172.0,218.0,218.0,302.0,166.0,302.0,166.0,,-19,8342105
16.8668,2019-09-08 18:20:56.865694,372.0,172.0,218.0,218.0,302.0,302.0,192.0,192.0,,-19,8342126
16.8818,2019-09-08 18:20:56.886515,372.0,172.0,218.0,218.0,302.0,202.0,192.0,166.0,,-19,8341513
16.903,2019-09-08 18:20:56.896087,186.0,172.0,172.0,216.0,302.0,202.0,192.0,166.0,,-19,8342157
16.9122,2019-09-08 18:20:56.910286,372.0,186.0,172.0,218.0,202.0,202.0,166.0,302.0,,-19,8341797
16.9265,2019-09-08 18:20:56.938405,372.0,186.0,172.0,218.0,302.0,302.0,202.0,164.0,,-19,8342835
16.9545,2019-09-08 18:20:56.947109,374.0,186.0,172.0,218.0,166.0,302.0,192.0,166.0,,-19,8342202
16.9635,2019-09-08 18:20:56.959428,374.0,186.0,172.0,216.0,304.0,204.0,192.0,166.0,,-19,8341402
16.9756,2019-09-08 18:20:56.974292,376.0,186.0,174.0,216.0,192.0,202.0,306.0,166.0,,-19,8342337
16.9904,2019-09-08 18:20:57.002799,376.0,186.0,218.0,218.0,306.0,202.0,192.0,306.0,,-19,8342070
17.0188,2019-09-08 18:20:57.039683,186.0,172.0,216.0,216.0,166.0,204.0,192.0,306.0,,-19,8341894
17.0557,2019-09-08 18:20:57.046024,172.0,216.0,172.0,378.0,166.0,308.0,192.0,166.0,,-19,8341662
17.0621,2019-09-08 18:20:57.056400,378.0,186.0,172.0,378.0,166.0,308.0,204.0,308.0,,-19,8341299
17.0725,2019-09-08 18:20:57.069669,376.0,186.0,172.0,216.0,308.0,202.0,192.0,166.0,,-19,8342105
17.0871,2019-09-08 18:20:57.083914,376.0,186.0,172.0,216.0,308.0,204.0,310.0,166.0,,-19,8342160
17.1,2019-09-08 18:20:57.097066,374.0,184.0,172.0,216.0,310.0,204.0,310.0,204.0,,-19,8341928
17.1134,2019-09-08 18:20:57.115769,216.0,370.0,172.0,216.0,310.0,166.0,310.0,166.0,,-19,8342157
17.1318,2019-09-08 18:20:57.146468,370.0,370.0,172.0,216.0,194.0,166.0,312.0,204.0,,-19,8342565
17.1631,2019-09-08 18:20:57.153573,368.0,368.0,172.0,216.0,312.0,204.0,312.0,204.0,,-19,8342389
17.1696,2019-09-08 18:20:57.170053,368.0,186.0,186.0,172.0,204.0,204.0,166.0,312.0,,-19,8341967
17.1862,2019-09-08 18:20:57.181198,366.0,186.0,172.0,216.0,312.0,312.0,204.0,166.0,,-19,8341731
17.1975,2019-09-08 18:20:57.202910,364.0,186.0,172.0,216.0,314.0,204.0,194.0,164.0,,-19,8342143
17.219,2019-09-08 18:20:57.212459,362.0,184.0,172.0,216.0,166.0,204.0,204.0,166.0,,-19,8342095
17.2293,2019-09-08 18:20:57.237780,186.0,186.0,172.0,214.0,316.0,316.0,204.0,166.0,,-19,8341894
17.254,2019-09-08 18:20:57.244556,358.0,184.0,172.0,214.0,318.0,204.0,194.0,166.0,,-19,8342198
17.2614,2019-09-08 18:20:57.257588,356.0,186.0,172.0,216.0,318.0,194.0,194.0,166.0,,-19,8341987
17.274,2019-09-08 18:20:57.270767,356.0,184.0,172.0,214.0,320.0,194.0,166.0,320.0,,-19,8342492
17.2869,2019-09-08 18:20:57.286743,358.0,186.0,172.0,216.0,194.0,166.0,322.0,204.0,,-19,8342319
17.3028,2019-09-08 18:20:57.302441,356.0,184.0,172.0,214.0,322.0,204.0,322.0,166.0,,-19,8341510
17.3185,2019-09-08 18:20:57.318447,356.0,184.0,172.0,214.0,324.0,204.0,204.0,324.0,,-19,8341963
17.3345,2019-09-08 18:20:57.346608,358.0,186.0,172.0,214.0,328.0,328.0,204.0,204.0,,-19,8341541
17.3629,2019-09-08 18:20:57.361006,360.0,186.0,172.0,360.0,328.0,166.0,328.0,204.0,,-19,8341541
17.3773,2019-09-08 18:20:57.368697,360.0,186.0,172.0,360.0,330.0,204.0,204.0,330.0,,-19,8342070
17.3848,2019-09-08 18:20:57.383018,362.0,186.0,174.0,216.0,332.0,204.0,332.0,204.0,,-18,8342226
17.3991,2019-09-08 18:20:57.402376,216.0,186.0,172.0,216.0,336.0,334.0,194.0,196.0,,-18,8341804
17.4185,2019-09-08 18:20:57.413876,360.0,186.0,172.0,186.0,338.0,204.0,166.0,338.0,,-18,8342005
17.4305,2019-09-08 18:20:57.433359,362.0,360.0,172.0,214.0,204.0,340.0,194.0,196.0,,-18,8341946
17.4494,2019-09-08 18:20:57.487290,360.0,184.0,184.0,214.0,166.0,340.0,204.0,166.0,,-18,8341506
17.5034,2019-09-08 18:20:57.494349,356.0,184.0,172.0,214.0,166.0,346.0,194.0,194.0,,-18,8343063
17.5106,2019-09-08 18:20:57.506290,354.0,184.0,184.0,172.0,346.0,204.0,194.0,166.0,,-18,8342420
17.5223,2019-09-08 18:20:57.521799,352.0,186.0,172.0,214.0,202.0,194.0,194.0,346.0,,-18,8342416
17.5381,2019-09-08 18:20:57.558880,352.0,186.0,172.0,214.0,346.0,346.0,346.0,166.0,,-18,8342423
17.5752,2019-09-08 18:20:57.565734,350.0,184.0,172.0,214.0,346.0,202.0,346.0,202.0,,-18,8342423
17.5821,2019-09-08 18:20:57.578726,350.0,186.0,172.0,214.0,346.0,166.0,346.0,200.0,,-18,8341935
17.5948,2019-09-08 18:20:57.588166,352.0,186.0,172.0,214.0,346.0,202.0,200.0,194.0,,-18,8342427
17.6044,2019-09-08 18:20:57.608455,352.0,186.0,172.0,214.0,194.0,166.0,196.0,194.0,,-18,8342596
17.6245,2019-09-08 18:20:57.618016,350.0,186.0,172.0,214.0,344.0,344.0,194.0,194.0,,-18,8342541
17.634,2019-09-08 18:20:57.653927,352.0,186.0,172.0,354.0,344.0,200.0,342.0,166.0,,-17,8342638
17.67,2019-09-08 18:20:57.673350,356.0,172.0,216.0,356.0,344.0,164.0,194.0,166.0,,-17,8342043
17.6894,2019-09-08 18:20:57.683822,172.0,184.0,360.0,184.0,198.0,198.0,166.0,164.0,,-17,8342856
17.6999,2019-09-08 18:20:57.694984,360.0,360.0,172.0,216.0,332.0,164.0,192.0,166.0,,-17,8343074
17.711,2019-09-08 18:20:57.705208,360.0,360.0,172.0,216.0,164.0,330.0,196.0,164.0,,-17,8342558
17.7212,2019-09-08 18:20:57.724487,358.0,184.0,172.0,214.0,196.0,192.0,164.0,320.0,,-17,8343236
17.7405,2019-09-08 18:20:57.730772,360.0,360.0,172.0,214.0,320.0,194.0,192.0,164.0,,-17,8342503
17.7468,2019-09-08 18:20:57.756084,360.0,184.0,172.0,214.0,164.0,314.0,192.0,192.0,,-17,8342963
17.7721,2019-09-08 18:20:57.762399,364.0,184.0,172.0,214.0,164.0,312.0,190.0,192.0,,-17,8342901
17.7784,2019-09-08 18:20:57.774056,364.0,364.0,172.0,214.0,308.0,306.0,192.0,304.0,,-16,8342873
17.7901,2019-09-08 18:20:57.789078,366.0,366.0,184.0,172.0,302.0,190.0,190.0,164.0,,-16,8342991
17.8052,2019-09-08 18:20:57.804531,366.0,184.0,184.0,172.0,298.0,164.0,296.0,190.0,,-16,8342998
17.8206,2019-09-08 18:20:57.822963,368.0,186.0,172.0,216.0,164.0,284.0,190.0,190.0,,-16,8343437
17.8391,2019-09-08 18:20:57.836001,372.0,184.0,172.0,216.0,284.0,284.0,188.0,188.0,,-16,8343610
17.852,2019-09-08 18:20:57.860064,376.0,186.0,172.0,216.0,272.0,186.0,164.0,162.0,,-15,8343624
17.8763,2019-09-08 18:20:57.866884,382.0,186.0,172.0,216.0,188.0,184.0,256.0,188.0,,-15,8343323
17.8829,2019-09-08 18:20:57.884993,390.0,186.0,172.0,218.0,250.0,184.0,186.0,162.0,,-15,8344126
17.901,2019-09-08 18:20:57.899284,398.0,186.0,172.0,218.0,240.0,182.0,186.0,162.0,,-14,8343562
17.9157,2019-09-08 18:20:57.921593,406.0,186.0,172.0,218.0,186.0,180.0,222.0,162.0,,-14,8343683
17.9377,2019-09-08 18:20:57.933512,412.0,186.0,172.0,218.0,220.0,180.0,218.0,184.0,,-14,8344067
17.9496,2019-09-08 18:20:58.077907,416.0,186.0,172.0,218.0,162.0,196.0,176.0,180.0,,-13,8346769
18.0939,2019-09-08 18:20:58.086200,418.0,184.0,172.0,214.0,198.0,180.0,180.0,196.0,,-13,8346994
18.1022,2019-09-08 18:20:58.092655,378.0,182.0,172.0,210.0,196.0,180.0,162.0,196.0,,-13,8347496
18.1087,2019-09-08 18:20:58.130385,346.0,182.0,172.0,206.0,196.0,180.0,162.0,196.0,,-13,8347697
18.1465,2019-09-08 18:20:58.136747,276.0,178.0,172.0,200.0,176.0,180.0,182.0,196.0,,-12,8347413
18.1528,2019-09-08 18:20:58.166363,246.0,178.0,170.0,196.0,176.0,174.0,162.0,194.0,,-12,8348205
18.1824,2019-09-08 18:20:58.172830,220.0,178.0,170.0,196.0,194.0,176.0,182.0,176.0,,-11,8347970
18.1888,2019-09-08 18:20:58.179739,202.0,176.0,170.0,194.0,192.0,174.0,182.0,192.0,,-11,8347804
18.1957,2019-09-08 18:20:58.234275,190.0,176.0,170.0,192.0,190.0,176.0,192.0,174.0,,-10,8347849
18.2504,2019-09-08 18:20:58.240997,176.0,176.0,170.0,188.0,184.0,180.0,180.0,182.0,,-9,8347077
18.257,2019-09-08 18:20:58.271277,186.0,176.0,170.0,188.0,180.0,172.0,180.0,182.0,,-8,8344717
18.2874,2019-09-08 18:20:58.288226,184.0,176.0,170.0,188.0,180.0,170.0,180.0,162.0,,-7,8343669
18.3047,2019-09-08 18:20:58.303441,184.0,174.0,170.0,188.0,170.0,170.0,178.0,180.0,,-7,8341880
18.3196,2019-09-08 18:20:58.316457,184.0,170.0,188.0,182.0,178.0,178.0,170.0,178.0,,-6,8342468
18.3325,2019-09-08 18:20:58.336182,182.0,170.0,188.0,188.0,178.0,170.0,178.0,178.0,,-6,8342749
18.3522,2019-09-08 18:20:58.347440,182.0,176.0,182.0,188.0,170.0,176.0,170.0,176.0,,-5,8342070
18.3636,2019-09-08 18:20:58.370285,182.0,174.0,182.0,176.0,176.0,168.0,174.0,160.0,,-5,8341686
18.3867,2019-09-08 18:20:58.389203,170.0,188.0,182.0,174.0,174.0,160.0,174.0,168.0,,-5,8342025
18.4053,2019-09-08 18:20:58.401942,182.0,174.0,182.0,188.0,172.0,168.0,172.0,174.0,,-5,8341288
18.4185,2019-09-08 18:20:58.412702,180.0,176.0,182.0,174.0,172.0,168.0,172.0,162.0,,-5,8341873
18.4288,2019-09-08 18:20:58.426451,180.0,174.0,182.0,174.0,172.0,168.0,170.0,162.0,,-5,8340942
18.4424,2019-09-08 18:20:58.440946,180.0,176.0,180.0,176.0,160.0,172.0,172.0,170.0,,-6,8340915
18.4569,2019-09-08 18:20:58.515838,180.0,174.0,170.0,188.0,166.0,168.0,172.0,168.0,,-7,8342447
18.5319,2019-09-08 18:20:58.525228,180.0,176.0,170.0,188.0,172.0,166.0,168.0,168.0,,-8,8342839
18.5412,2019-09-08 18:20:58.532009,180.0,174.0,170.0,188.0,170.0,166.0,168.0,168.0,,-8,8341371
18.5482,2019-09-08 18:20:58.538404,180.0,174.0,170.0,188.0,166.0,168.0,172.0,160.0,,-8,8342358
18.5544,2019-09-08 18:20:58.554587,182.0,180.0,174.0,170.0,166.0,166.0,160.0,166.0,,-8,8341894
18.5706,2019-09-08 18:20:58.687492,180.0,176.0,170.0,188.0,166.0,172.0,160.0,166.0,,-11,8340783
18.7035,2019-09-08 18:20:58.693821,176.0,174.0,188.0,188.0,162.0,166.0,172.0,160.0,,-11,8341849
18.7099,2019-09-08 18:20:58.716032,180.0,174.0,170.0,188.0,168.0,172.0,172.0,160.0,,-11,8341593
18.7324,2019-09-08 18:20:58.722837,176.0,170.0,188.0,180.0,162.0,168.0,160.0,162.0,,-11,8341569
18.7389,2019-09-08 18:20:58.746050,180.0,176.0,170.0,188.0,164.0,172.0,172.0,164.0,,-11,8342219
18.7621,2019-09-08 18:20:58.755322,180.0,174.0,170.0,188.0,162.0,166.0,172.0,162.0,,-11,8341766
18.7714,2019-09-08 18:20:58.810753,176.0,170.0,188.0,180.0,162.0,168.0,172.0,160.0,,-12,8341634
18.8269,2019-09-08 18:20:58.820744,180.0,174.0,180.0,188.0,162.0,168.0,172.0,164.0,,-12,8341482
18.8371,2019-09-08 18:20:58.832468,180.0,174.0,170.0,188.0,172.0,160.0,162.0,168.0,,-12,8341482
18.8502,2019-09-08 18:20:58.841981,180.0,188.0,180.0,176.0,164.0,164.0,172.0,160.0,,-12,8342261
18.8581,2019-09-08 18:20:58.854414,180.0,174.0,170.0,188.0,164.0,168.0,172.0,164.0,,-12,8342067
18.8705,2019-09-08 18:20:58.866641,178.0,180.0,170.0,188.0,160.0,164.0,172.0,164.0,,-12,8341375
18.8834,2019-09-08 18:20:58.891632,184.0,176.0,170.0,188.0,160.0,168.0,168.0,160.0,,-12,8342468
18.9077,2019-09-08 18:20:58.900788,186.0,174.0,170.0,188.0,160.0,166.0,168.0,160.0,,-12,8342306
18.9169,2019-09-08 18:20:58.911507,190.0,176.0,170.0,188.0,166.0,168.0,172.0,160.0,,-11,8341364
18.9275,2019-09-08 18:20:58.940804,194.0,174.0,170.0,188.0,166.0,166.0,172.0,166.0,,-11,8342250
18.9569,2019-09-08 18:20:58.947324,206.0,174.0,170.0,190.0,172.0,160.0,170.0,168.0,,-11,8342012
18.9634,2019-09-08 18:20:58.961716,216.0,176.0,170.0,188.0,172.0,160.0,170.0,168.0,,-11,8341652
18.9778,2019-09-08 18:20:58.985472,234.0,174.0,170.0,190.0,174.0,162.0,174.0,168.0,,-10,8341693
19.0015,2019-09-08 18:20:58.991857,250.0,176.0,170.0,188.0,178.0,166.0,180.0,180.0,,-10,8342337
19.0079,2019-09-08 18:20:59.010223,278.0,176.0,170.0,190.0,184.0,166.0,172.0,160.0,,-10,8342198
19.0265,2019-09-08 18:20:59.023814,312.0,176.0,170.0,190.0,192.0,166.0,172.0,160.0,,-10,8341185
19.0399,2019-09-08 18:20:59.039356,348.0,176.0,170.0,194.0,206.0,168.0,172.0,160.0,,-9,8341146
19.0554,2019-09-08 18:20:59.065254,402.0,176.0,170.0,198.0,224.0,172.0,172.0,226.0,,-9,8341928
19.0812,2019-09-08 18:20:59.085725,452.0,178.0,172.0,202.0,228.0,168.0,172.0,160.0,,-9,8341461
19.1018,2019-09-08 18:20:59.092033,494.0,178.0,172.0,206.0,240.0,172.0,160.0,242.0,,-8,8341922
19.108,2019-09-08 18:20:59.098613,526.0,180.0,172.0,210.0,160.0,172.0,172.0,160.0,,-8,8341430
19.1146,2019-09-08 18:20:59.114963,546.0,180.0,172.0,212.0,248.0,174.0,248.0,174.0,,-8,8341468
19.1312,2019-09-08 18:20:59.134239,564.0,180.0,172.0,214.0,254.0,254.0,174.0,160.0,,-7,8342233
19.1503,2019-09-08 18:20:59.144663,182.0,182.0,172.0,216.0,256.0,178.0,174.0,160.0,,-7,8341475
19.1611,2019-09-08 18:20:59.166932,184.0,172.0,218.0,218.0,268.0,178.0,176.0,162.0,,-7,8341883
19.183,2019-09-08 18:20:59.195099,584.0,172.0,220.0,222.0,178.0,176.0,176.0,162.0,,-7,8342316
19.2112,2019-09-08 18:20:59.290174,172.0,222.0,582.0,186.0,278.0,178.0,178.0,162.0,,-7,8342029
19.3068,2019-09-08 18:20:59.305024,526.0,524.0,176.0,240.0,176.0,178.0,176.0,344.0,,-7,8341510
19.3213,2019-09-08 18:20:59.521269,498.0,206.0,180.0,246.0,184.0,198.0,502.0,196.0,,-10,8342223
19.5376,2019-09-08 18:20:59.532854,464.0,218.0,184.0,266.0,162.0,500.0,196.0,184.0,,-11,8341856
19.549,2019-09-08 18:20:59.539484,376.0,224.0,186.0,264.0,496.0,496.0,184.0,162.0,,-11,8342326
19.5563,2019-09-08 18:20:59.567581,336.0,220.0,184.0,258.0,162.0,496.0,182.0,182.0,,-11,8342133
19.5837,2019-09-08 18:20:59.574083,278.0,216.0,182.0,252.0,498.0,196.0,182.0,182.0,,-11,8341537
19.5901,2019-09-08 18:20:59.595039,228.0,210.0,180.0,244.0,498.0,194.0,182.0,162.0,,-12,8342330
19.6111,2019-09-08 18:20:59.604799,192.0,206.0,180.0,238.0,500.0,182.0,182.0,500.0,,-12,8341520
19.6208,2019-09-08 18:20:59.627445,186.0,200.0,178.0,230.0,500.0,196.0,182.0,500.0,,-12,8341984
19.6436,2019-09-08 18:20:59.633970,184.0,194.0,178.0,220.0,182.0,196.0,498.0,196.0,,-13,8341762
19.6502,2019-09-08 18:20:59.640478,182.0,188.0,188.0,176.0,498.0,196.0,498.0,196.0,,-13,8341648
19.6566,2019-09-08 18:20:59.659196,182.0,182.0,182.0,174.0,494.0,196.0,182.0,182.0,,-14,8341904
19.6752,2019-09-08 18:20:59.672907,182.0,182.0,178.0,174.0,196.0,196.0,182.0,480.0,,-14,8342724
19.6891,2019-09-08 18:20:59.696055,182.0,176.0,172.0,182.0,194.0,184.0,182.0,458.0,,-14,8341987
19.7121,2019-09-08 18:20:59.704535,182.0,182.0,176.0,190.0,440.0,192.0,162.0,426.0,,-14,8342140
19.7205,2019-09-08 18:20:59.726265,182.0,174.0,170.0,188.0,376.0,188.0,360.0,186.0,,-13,8343084
19.7424,2019-09-08 18:20:59.740302,182.0,182.0,182.0,174.0,322.0,184.0,314.0,184.0,,-13,8342845
19.7566,2019-09-08 18:20:59.754310,182.0,182.0,170.0,188.0,300.0,182.0,182.0,184.0,,-13,8342939
19.7704,2019-09-08 18:20:59.769498,182.0,182.0,182.0,188.0,234.0,178.0,184.0,162.0,,-11,8343375
19.7855,2019-09-08 18:20:59.857622,182.0,182.0,170.0,188.0,168.0,168.0,176.0,160.0,,-4,8349551
19.8736,2019-09-08 18:20:59.863961,178.0,174.0,170.0,188.0,178.0,174.0,176.0,178.0,,-3,8349361
19.88,2019-09-08 18:20:59.871726,178.0,174.0,170.0,188.0,178.0,160.0,174.0,168.0,,-2,8348628
19.8879,2019-09-08 18:20:59.889958,178.0,174.0,170.0,188.0,172.0,160.0,172.0,168.0,,-1,8348257
19.9061,2019-09-08 18:20:59.904381,178.0,174.0,170.0,188.0,176.0,160.0,174.0,160.0,,1,8348032
19.9207,2019-09-08 18:20:59.920007,178.0,174.0,170.0,188.0,174.0,168.0,168.0,172.0,,2,8346614
19.9363,2019-09-08 18:20:59.935687,174.0,170.0,188.0,188.0,172.0,168.0,172.0,160.0,,2,8343700
19.9518,2019-09-08 18:20:59.960387,174.0,174.0,170.0,188.0,172.0,166.0,170.0,160.0,,3,8341935
19.9765,2019-09-08 18:20:59.971025,174.0,174.0,170.0,188.0,170.0,160.0,170.0,160.0,,3,8341856
19.9871,2019-09-08 18:20:59.991187,178.0,170.0,170.0,188.0,170.0,170.0,166.0,160.0,,3,8341672
20.0072,2019-09-08 18:21:00.012713,174.0,174.0,170.0,188.0,168.0,168.0,166.0,160.0,,2,8341371
20.0287,2019-09-08 18:21:00.028500,176.0,174.0,170.0,188.0,168.0,166.0,170.0,172.0,,1,8340918
20.0447,2019-09-08 18:21:00.039373,176.0,170.0,186.0,188.0,168.0,168.0,172.0,160.0,,0,8341576
20.0554,2019-09-08 18:21:00.073313,176.0,170.0,188.0,188.0,166.0,166.0,170.0,166.0,,-3,8342060
20.0894,2019-09-08 18:21:00.084454,176.0,174.0,170.0,188.0,166.0,166.0,172.0,166.0,,-4,8341821
20.1004,2019-09-08 18:21:00.103334,176.0,170.0,170.0,188.0,166.0,172.0,172.0,166.0,,-5,8342392
20.1194,2019-09-08 18:21:00.109650,174.0,174.0,170.0,188.0,168.0,166.0,172.0,160.0,,-5,8341669
20.1258,2019-09-08 18:21:00.125002,174.0,174.0,170.0,188.0,166.0,160.0,166.0,160.0,,-6,8342389
20.141,2019-09-08 18:21:00.137610,174.0,174.0,170.0,188.0,168.0,168.0,160.0,164.0,,-7,8341627
20.1538,2019-09-08 18:21:00.151957,174.0,170.0,188.0,188.0,164.0,160.0,160.0,166.0,,-7,8341918
20.168,2019-09-08 18:21:00.169919,174.0,174.0,170.0,188.0,164.0,168.0,172.0,172.0,,-8,8342008
20.1859,2019-09-08 18:21:00.182971,174.0,174.0,170.0,186.0,160.0,164.0,168.0,172.0,,-9,8341458
20.1991,2019-09-08 18:21:00.209710,170.0,188.0,170.0,188.0,164.0,164.0,172.0,172.0,,-9,8341904
20.2257,2019-09-08 18:21:00.246594,174.0,174.0,170.0,188.0,172.0,160.0,170.0,160.0,,-9,8342839
20.2627,2019-09-08 18:21:00.253022,174.0,176.0,170.0,186.0,166.0,168.0,172.0,168.0,,-9,8342119
20.269,2019-09-08 18:21:00.281813,174.0,174.0,170.0,188.0,172.0,160.0,172.0,168.0,,-8,8341804
20.2978,2019-09-08 18:21:00.288278,170.0,176.0,170.0,188.0,172.0,168.0,170.0,168.0,,-8,8342735
20.3043,2019-09-08 18:21:00.308858,170.0,188.0,170.0,188.0,170.0,160.0,172.0,168.0,,-8,8343188
20.3249,2019-09-08 18:21:00.317560,176.0,176.0,188.0,188.0,172.0,160.0,172.0,160.0,,-7,8342873
20.3337,2019-09-08 18:21:00.329467,174.0,176.0,170.0,188.0,160.0,172.0,160.0,172.0,,-6,8343319
20.3455,2019-09-08 18:21:00.348508,174.0,176.0,170.0,188.0,168.0,168.0,160.0,176.0,,-6,8342652
20.3656,2019-09-08 18:21:00.373641,174.0,176.0,170.0,188.0,178.0,166.0,172.0,160.0,,-5,8343392
20.3908,2019-09-08 18:21:00.381394,174.0,176.0,170.0,188.0,178.0,168.0,172.0,160.0,,-5,8343461
20.3983,2019-09-08 18:21:00.411318,178.0,176.0,170.0,188.0,160.0,172.0,160.0,196.0,,-4,8345015
20.4283,2019-09-08 18:21:00.418627,192.0,176.0,190.0,188.0,196.0,172.0,172.0,172.0,,-4,8344638
20.4347,2019-09-08 18:21:00.428223,188.0,170.0,170.0,188.0,212.0,168.0,160.0,218.0,,-4,8344655
20.4452,2019-09-08 18:21:00.443453,284.0,174.0,170.0,190.0,234.0,170.0,160.0,160.0,,-4,8344932
20.4595,2019-09-08 18:21:00.460044,354.0,170.0,190.0,190.0,176.0,176.0,160.0,276.0,,-4,8344063
20.4763,2019-09-08 18:21:00.475345,440.0,170.0,192.0,194.0,312.0,160.0,178.0,162.0,,-4,8344818
20.4914,2019-09-08 18:21:00.489395,520.0,170.0,172.0,204.0,334.0,186.0,180.0,342.0,,-4,8344541
20.5055,2019-09-08 18:21:00.512651,550.0,178.0,172.0,210.0,182.0,190.0,184.0,192.0,,-5,8345098
20.5287,2019-09-08 18:21:00.528254,556.0,180.0,172.0,216.0,184.0,162.0,376.0,162.0,,-5,8343686
20.5443,2019-09-08 18:21:00.554913,180.0,172.0,222.0,222.0,186.0,162.0,386.0,194.0,,-5,8343686
20.5709,2019-09-08 18:21:00.561245,568.0,186.0,174.0,226.0,442.0,446.0,186.0,162.0,,-5,8344600
20.5773,2019-09-08 18:21:00.578631,572.0,174.0,230.0,232.0,162.0,454.0,202.0,164.0,,-6,8344195
20.5946,2019-09-08 18:21:00.588608,564.0,176.0,236.0,236.0,162.0,464.0,186.0,186.0,,-6,8343866
20.6047,2019-09-08 18:21:00.603048,194.0,194.0,176.0,240.0,484.0,162.0,486.0,164.0,,-6,8342780
20.6192,2019-09-08 18:21:00.621154,526.0,196.0,178.0,242.0,490.0,202.0,186.0,162.0,,-6,8344171
20.6373,2019-09-08 18:21:00.642108,198.0,178.0,244.0,244.0,186.0,202.0,184.0,200.0,,-7,8344223
20.6583,2019-09-08 18:21:00.648655,200.0,178.0,248.0,248.0,184.0,186.0,162.0,490.0,,-7,8343877
20.665,2019-09-08 18:21:00.660798,202.0,180.0,252.0,252.0,200.0,200.0,490.0,162.0,,-7,8344984
20.6776,2019-09-08 18:21:00.676168,454.0,206.0,180.0,256.0,488.0,200.0,184.0,488.0,,-7,8344053
20.6922,2019-09-08 18:21:00.691804,182.0,260.0,182.0,262.0,488.0,200.0,200.0,162.0,,-8,8344804
20.7078,2019-09-08 18:21:00.724049,184.0,268.0,184.0,410.0,200.0,182.0,182.0,486.0,,-8,8344828
20.7401,2019-09-08 18:21:00.731520,390.0,228.0,188.0,280.0,484.0,200.0,182.0,162.0,,-9,8346119
20.7476,2019-09-08 18:21:00.790697,362.0,240.0,192.0,354.0,182.0,200.0,486.0,200.0,,-11,8351005
20.8067,2019-09-08 18:21:00.797725,290.0,270.0,286.0,274.0,184.0,184.0,184.0,484.0,,-12,8351292
20.8137,2019-09-08 18:21:00.808350,270.0,282.0,210.0,324.0,482.0,184.0,162.0,478.0,,-12,8351728
20.8244,2019-09-08 18:21:00.839428,252.0,294.0,218.0,298.0,436.0,200.0,430.0,162.0,,-13,8354565
20.8562,2019-09-08 18:21:00.865338,234.0,230.0,224.0,338.0,186.0,162.0,196.0,186.0,,-13,8355206
20.8814,2019-09-08 18:21:00.871664,202.0,334.0,238.0,348.0,352.0,194.0,186.0,162.0,,-13,8356140
20.8877,2019-09-08 18:21:00.880900,194.0,342.0,244.0,350.0,328.0,192.0,186.0,162.0,,-13,8356458
20.897,2019-09-08 18:21:00.898044,190.0,350.0,250.0,348.0,162.0,234.0,184.0,162.0,,-12,8357015
20.9141,2019-09-08 18:21:00.922778,188.0,354.0,256.0,342.0,182.0,176.0,186.0,182.0,,-10,8356659
20.9389,2019-09-08 18:21:00.932777,186.0,356.0,356.0,262.0,186.0,162.0,180.0,174.0,,-8,8357216
20.9491,2019-09-08 18:21:00.941666,184.0,184.0,354.0,264.0,180.0,174.0,186.0,184.0,,-7,8356894
20.9578,2019-09-08 18:21:00.957218,182.0,182.0,350.0,182.0,162.0,180.0,172.0,178.0,,-5,8355690
20.9735,2019-09-08 18:21:00.972536,180.0,342.0,264.0,180.0,178.0,170.0,176.0,162.0,,-3,8354728
20.9887,2019-09-08 18:21:00.989300,180.0,328.0,260.0,178.0,168.0,172.0,174.0,174.0,,-2,8352219
21.0054,2019-09-08 18:21:01.005843,178.0,306.0,178.0,276.0,172.0,168.0,172.0,160.0,,-1,8350174
21.0228,2019-09-08 18:21:01.025974,176.0,276.0,178.0,270.0,168.0,168.0,172.0,174.0,,1,8347541
21.0422,2019-09-08 18:21:01.044536,176.0,174.0,240.0,230.0,174.0,168.0,172.0,162.0,,2,8345621
21.0606,2019-09-08 18:21:01.057341,220.0,210.0,216.0,222.0,174.0,168.0,172.0,160.0,,2,8344915
21.0734,2019-09-08 18:21:01.076967,174.0,194.0,198.0,210.0,172.0,168.0,172.0,160.0,,2,8344939
21.093,2019-09-08 18:21:01.098303,202.0,182.0,180.0,202.0,170.0,168.0,170.0,170.0,,1,8347832
21.1144,2019-09-08 18:21:01.105796,174.0,180.0,174.0,198.0,168.0,168.0,160.0,168.0,,0,8348171
21.1219,2019-09-08 18:21:01.120034,176.0,176.0,170.0,194.0,170.0,168.0,172.0,172.0,,0,8349375
21.1362,2019-09-08 18:21:01.136220,176.0,174.0,168.0,190.0,170.0,168.0,166.0,160.0,,-1,8351288
21.1523,2019-09-08 18:21:01.170649,176.0,170.0,190.0,190.0,160.0,160.0,172.0,160.0,,-2,8355735
21.1866,2019-09-08 18:21:01.190765,174.0,170.0,190.0,190.0,160.0,164.0,166.0,170.0,,-2,8356974
21.2068,2019-09-08 18:21:01.197056,174.0,170.0,190.0,190.0,164.0,160.0,164.0,160.0,,-3,8356974
21.2131,2019-09-08 18:21:01.203466,174.0,168.0,190.0,190.0,164.0,164.0,168.0,172.0,,-3,8356590
21.2194,2019-09-08 18:21:01.220654,174.0,168.0,190.0,190.0,162.0,166.0,170.0,160.0,,-4,8356091
21.2367,2019-09-08 18:21:01.239255,174.0,170.0,190.0,190.0,172.0,172.0,172.0,160.0,,-5,8354451
21.2553,2019-09-08 18:21:01.246116,174.0,170.0,190.0,190.0,172.0,168.0,162.0,160.0,,-5,8353894
21.2624,2019-09-08 18:21:01.271422,174.0,174.0,170.0,188.0,164.0,168.0,172.0,160.0,,-6,8349382
21.2877,2019-09-08 18:21:01.278036,174.0,174.0,170.0,188.0,166.0,168.0,172.0,166.0,,-6,8347593
21.294,2019-09-08 18:21:01.304912,174.0,174.0,170.0,188.0,168.0,172.0,160.0,170.0,,-7,8342991
21.3209,2019-09-08 18:21:01.313517,174.0,174.0,170.0,188.0,168.0,172.0,172.0,170.0,,-7,8343897
21.3298,2019-09-08 18:21:01.324751,174.0,174.0,170.0,188.0,170.0,168.0,172.0,168.0,,-7,8342596
21.3409,2019-09-08 18:21:01.361086,174.0,174.0,170.0,188.0,178.0,168.0,172.0,160.0,,-7,8342949
21.3774,2019-09-08 18:21:01.367694,174.0,174.0,170.0,188.0,168.0,174.0,160.0,160.0,,-7,8342700
21.3837,2019-09-08 18:21:01.435437,174.0,174.0,170.0,188.0,192.0,192.0,174.0,174.0,,-5,8342340
21.4517,2019-09-08 18:21:01.450721,174.0,176.0,170.0,188.0,160.0,168.0,174.0,160.0,,-5,8343046
21.4671,2019-09-08 18:21:01.457385,174.0,174.0,170.0,188.0,276.0,186.0,172.0,186.0,,-4,8343050
21.4734,2019-09-08 18:21:01.464894,176.0,170.0,188.0,188.0,172.0,186.0,312.0,318.0,,-3,8345008
21.4811,2019-09-08 18:21:01.489475,174.0,170.0,190.0,188.0,162.0,192.0,182.0,182.0,,-3,8346859
21.5057,2019-09-08 18:21:01.496009,172.0,170.0,188.0,188.0,374.0,198.0,186.0,164.0,,-2,8348811
21.5123,2019-09-08 18:21:01.505421,176.0,170.0,190.0,188.0,384.0,200.0,188.0,164.0,,-2,8353022
21.5217,2019-09-08 18:21:01.520406,176.0,170.0,188.0,188.0,402.0,204.0,194.0,406.0,,-2,8356998
21.5368,2019-09-08 18:21:01.541592,172.0,176.0,170.0,188.0,166.0,426.0,196.0,164.0,,-2,8361112
21.5579,2019-09-08 18:21:01.556027,172.0,176.0,170.0,190.0,428.0,430.0,194.0,212.0,,-3,8366939
21.5723,2019-09-08 18:21:01.569214,172.0,176.0,170.0,190.0,432.0,216.0,194.0,166.0,,-3,8371870
21.5855,2019-09-08 18:21:01.583509,172.0,176.0,170.0,190.0,164.0,430.0,218.0,164.0,,-3,8373379
21.5998,2019-09-08 18:21:01.596755,176.0,176.0,188.0,188.0,218.0,194.0,194.0,166.0,,-3,8373105
21.613,2019-09-08 18:21:01.612129,188.0,176.0,170.0,190.0,164.0,426.0,194.0,164.0,,-4,8377936
21.6281,2019-09-08 18:21:01.641277,210.0,190.0,170.0,190.0,164.0,424.0,194.0,164.0,,-5,8378265
21.6576,2019-09-08 18:21:01.649289,234.0,174.0,170.0,188.0,422.0,422.0,194.0,422.0,,-6,8376946
21.6656,2019-09-08 18:21:01.661146,256.0,190.0,170.0,190.0,194.0,216.0,420.0,216.0,,-6,8378915
21.6775,2019-09-08 18:21:01.676672,170.0,190.0,170.0,190.0,420.0,420.0,192.0,164.0,,-6,8382490
21.6931,2019-09-08 18:21:01.708777,170.0,176.0,170.0,190.0,416.0,416.0,218.0,164.0,,-7,8381324
21.725,2019-09-08 18:21:01.715308,170.0,190.0,170.0,356.0,414.0,218.0,194.0,164.0,,-8,8383251
21.7318,2019-09-08 18:21:01.809312,378.0,192.0,170.0,192.0,412.0,216.0,196.0,164.0,,-8,8378116
21.8258,2019-09-08 18:21:01.819144,480.0,176.0,172.0,200.0,164.0,164.0,218.0,198.0,,-7,8376528
21.8354,2019-09-08 18:21:01.877729,516.0,178.0,172.0,204.0,176.0,172.0,180.0,162.0,,1,8361275
21.8941,2019-09-08 18:21:01.888091,574.0,184.0,178.0,230.0,176.0,172.0,176.0,162.0,,3,8361275
21.9044,2019-09-08 18:21:01.902055,544.0,188.0,180.0,234.0,174.0,172.0,174.0,174.0,,4,8357448
21.9183,2019-09-08 18:21:01.910383,528.0,190.0,180.0,236.0,174.0,174.0,172.0,160.0,,5,8351264
21.9265,2019-09-08 18:21:01.920837,510.0,508.0,192.0,180.0,174.0,174.0,172.0,160.0,,6,8348749
21.9371,2019-09-08 18:21:01.947676,492.0,194.0,180.0,238.0,174.0,168.0,172.0,160.0,,6,8342558
21.964,2019-09-08 18:21:01.954485,476.0,196.0,182.0,238.0,174.0,168.0,172.0,160.0,,6,8342558
21.9708,2019-09-08 18:21:01.969946,464.0,198.0,182.0,238.0,172.0,172.0,172.0,172.0,,6,8341749
21.9865,2019-09-08 18:21:01.983148,460.0,198.0,182.0,240.0,172.0,168.0,172.0,160.0,,5,8342714
21.9995,2019-09-08 18:21:02.007209,452.0,200.0,184.0,242.0,172.0,168.0,172.0,160.0,,5,8344053
22.0235,2019-09-08 18:21:02.014572,436.0,200.0,184.0,246.0,170.0,172.0,172.0,160.0,,4,8344053
22.0309,2019-09-08 18:21:02.039313,410.0,408.0,202.0,182.0,168.0,168.0,172.0,160.0,,3,8346953
22.0556,2019-09-08 18:21:02.055186,370.0,202.0,182.0,244.0,168.0,168.0,160.0,172.0,,3,8351126
22.0715,2019-09-08 18:21:02.071698,336.0,202.0,182.0,240.0,160.0,172.0,168.0,168.0,,2,8364431
22.0881,2019-09-08 18:21:02.078632,288.0,204.0,180.0,238.0,168.0,168.0,160.0,166.0,,2,8365572
22.0951,2019-09-08 18:21:02.094865,220.0,204.0,178.0,234.0,166.0,160.0,166.0,160.0,,1,8365874
22.1109,2019-09-08 18:21:02.109047,190.0,200.0,176.0,226.0,166.0,166.0,172.0,160.0,,0,8372621
22.1255,2019-09-08 18:21:02.126252,186.0,194.0,176.0,214.0,160.0,166.0,168.0,160.0,,-1,8385313
22.1426,2019-09-08 18:21:02.142555,184.0,188.0,174.0,206.0,164.0,168.0,172.0,160.0,,-1,8382237
22.1589,2019-09-08 18:21:02.211862,182.0,180.0,172.0,200.0,166.0,172.0,172.0,164.0,,-2,8373998
22.2281,2019-09-08 18:21:02.218423,180.0,174.0,180.0,174.0,162.0,168.0,172.0,160.0,,-2,8373998
22.2349,2019-09-08 18:21:02.228930,174.0,170.0,180.0,192.0,162.0,166.0,172.0,160.0,,-2,8372254
22.2453,2019-09-08 18:21:02.240476,174.0,178.0,170.0,192.0,164.0,172.0,160.0,164.0,,-2,8366649
22.257,2019-09-08 18:21:02.255895,174.0,174.0,170.0,192.0,168.0,168.0,160.0,166.0,,-2,8356372
22.2722,2019-09-08 18:21:02.272052,174.0,170.0,168.0,190.0,168.0,160.0,172.0,168.0,,-2,8350745
22.2881,2019-09-08 18:21:02.284290,176.0,174.0,178.0,174.0,170.0,168.0,172.0,168.0,,-3,8346081
22.3006,2019-09-08 18:21:02.303239,170.0,176.0,170.0,188.0,160.0,168.0,178.0,174.0,,-3,8342967
22.3195,2019-09-08 18:21:02.325383,176.0,174.0,170.0,188.0,212.0,178.0,176.0,162.0,,-3,8340195
22.3417,2019-09-08 18:21:02.334037,176.0,174.0,170.0,188.0,218.0,176.0,160.0,160.0,,-2,8341482
22.3503,2019-09-08 18:21:02.388816,176.0,174.0,170.0,188.0,178.0,178.0,178.0,240.0,,-2,8345399
22.4051,2019-09-08 18:21:02.395336,176.0,174.0,170.0,188.0,356.0,196.0,362.0,196.0,,-2,8345191
22.4115,2019-09-08 18:21:02.405584,174.0,174.0,170.0,188.0,386.0,202.0,200.0,164.0,,-2,8344970
22.422,2019-09-08 18:21:02.422648,174.0,174.0,170.0,188.0,206.0,202.0,204.0,414.0,,-3,8342641
22.4389,2019-09-08 18:21:02.458661,174.0,174.0,170.0,188.0,414.0,164.0,204.0,208.0,,-2,8349330
22.4749,2019-09-08 18:21:02.524527,174.0,174.0,170.0,188.0,418.0,208.0,420.0,164.0,,-4,8394694
22.541,2019-09-08 18:21:02.531245,172.0,176.0,170.0,188.0,372.0,372.0,202.0,164.0,,-4,8394922
22.5476,2019-09-08 18:21:02.562813,172.0,176.0,170.0,188.0,208.0,208.0,358.0,200.0,,-4,8419847
22.5793,2019-09-08 18:21:02.569606,178.0,176.0,170.0,188.0,352.0,350.0,200.0,210.0,,-4,8421279
22.5856,2019-09-08 18:21:02.577943,190.0,176.0,170.0,190.0,164.0,338.0,210.0,334.0,,-4,8418110
22.5945,2019-09-08 18:21:02.592765,210.0,176.0,170.0,188.0,284.0,276.0,210.0,268.0,,-3,8419681
22.6091,2019-09-08 18:21:02.605859,258.0,174.0,170.0,188.0,260.0,164.0,244.0,164.0,,-3,8419518
22.6219,2019-09-08 18:21:02.622692,294.0,176.0,170.0,188.0,164.0,190.0,188.0,208.0,,-3,8414407
22.6391,2019-09-08 18:21:02.639816,330.0,176.0,170.0,190.0,164.0,184.0,200.0,200.0,,-2,8410919
22.6562,2019-09-08 18:21:02.659363,378.0,176.0,170.0,194.0,182.0,176.0,194.0,162.0,,-2,8409075
22.6756,2019-09-08 18:21:02.690356,440.0,176.0,172.0,200.0,172.0,178.0,178.0,160.0,,1,8381403
22.7066,2019-09-08 18:21:02.701504,488.0,178.0,172.0,210.0,172.0,170.0,162.0,174.0,,2,8375140
22.7176,2019-09-08 18:21:02.708734,510.0,180.0,174.0,218.0,170.0,160.0,174.0,168.0,,2,8366552
22.7248,2019-09-08 18:21:02.724958,522.0,182.0,176.0,226.0,170.0,160.0,174.0,168.0,,2,8354617
22.7411,2019-09-08 18:21:02.731694,534.0,186.0,178.0,232.0,174.0,160.0,170.0,170.0,,2,8350932
22.749,2019-09-08 18:21:02.750182,538.0,188.0,180.0,238.0,172.0,168.0,170.0,168.0,,2,8341679
22.7663,2019-09-08 18:21:02.773792,528.0,192.0,180.0,240.0,170.0,160.0,170.0,160.0,,1,8341337
22.7899,2019-09-08 18:21:02.784881,514.0,194.0,182.0,240.0,172.0,168.0,172.0,160.0,,1,8341838
22.8037,2019-09-08 18:21:02.796136,498.0,196.0,182.0,242.0,170.0,168.0,172.0,160.0,,0,8341887
22.8123,2019-09-08 18:21:02.810008,484.0,198.0,184.0,242.0,170.0,168.0,172.0,160.0,,0,8343278
22.8262,2019-09-08 18:21:02.829582,466.0,204.0,464.0,204.0,168.0,168.0,172.0,170.0,,-1,8335766
22.8457,2019-09-08 18:21:02.844226,452.0,188.0,450.0,208.0,170.0,168.0,168.0,168.0,,-1,8335613
22.861,2019-09-08 18:21:02.864321,444.0,190.0,442.0,212.0,172.0,168.0,172.0,160.0,,-1,8339842
22.8803,2019-09-08 18:21:02.877437,440.0,214.0,250.0,250.0,168.0,168.0,172.0,172.0,,-1,8340873
22.8936,2019-09-08 18:21:02.895476,438.0,192.0,250.0,250.0,166.0,168.0,172.0,172.0,,-1,8341915
22.9116,2019-09-08 18:21:02.911516,216.0,214.0,192.0,250.0,168.0,168.0,172.0,160.0,,-2,8342935
22.9285,2019-09-08 18:21:02.947185,214.0,192.0,190.0,248.0,166.0,172.0,172.0,162.0,,-2,8351506
22.964,2019-09-08 18:21:02.954299,404.0,402.0,210.0,244.0,166.0,168.0,168.0,166.0,,-2,8353666
22.9707,2019-09-08 18:21:02.976442,376.0,372.0,206.0,240.0,166.0,166.0,172.0,160.0,,-2,8362095
22.9927,2019-09-08 18:21:02.986737,336.0,184.0,236.0,236.0,166.0,160.0,166.0,160.0,,-3,8364164
23.0028,2019-09-08 18:21:02.993540,272.0,202.0,180.0,228.0,160.0,168.0,172.0,172.0,,-3,8372164
23.0098,2019-09-08 18:21:03.010705,198.0,196.0,176.0,220.0,168.0,168.0,172.0,168.0,,-3,8382068
23.027,2019-09-08 18:21:03.024152,190.0,190.0,174.0,208.0,168.0,170.0,168.0,172.0,,-3,8392268
23.0405,2019-09-08 18:21:03.043041,184.0,172.0,172.0,200.0,170.0,168.0,172.0,160.0,,-3,8394926
23.0596,2019-09-08 18:21:03.075399,184.0,178.0,170.0,196.0,172.0,168.0,174.0,160.0,,-3,8396711
23.0917,2019-09-08 18:21:03.084846,176.0,170.0,194.0,194.0,160.0,166.0,168.0,172.0,,-2,8396175
23.1012,2019-09-08 18:21:03.092877,174.0,170.0,170.0,190.0,176.0,168.0,160.0,178.0,,-2,8390002
23.1092,2019-09-08 18:21:03.106793,174.0,168.0,190.0,190.0,186.0,160.0,174.0,190.0,,-2,8379043
23.1232,2019-09-08 18:21:03.123981,170.0,190.0,168.0,192.0,174.0,172.0,204.0,160.0,,-2,8375071
23.1403,2019-09-08 18:21:03.145133,170.0,192.0,170.0,190.0,238.0,160.0,246.0,176.0,,-1,8355936
23.1615,2019-09-08 18:21:03.182402,170.0,190.0,170.0,190.0,268.0,186.0,180.0,162.0,,-1,8342724
23.1989,2019-09-08 18:21:03.226054,180.0,174.0,170.0,188.0,194.0,206.0,164.0,164.0,,-3,8341707
23.2426,2019-09-08 18:21:03.240374,178.0,170.0,170.0,188.0,382.0,194.0,194.0,164.0,,-3,8339094
23.2569,2019-09-08 18:21:03.248198,178.0,174.0,170.0,188.0,210.0,164.0,196.0,210.0,,-3,8338437
23.2645,2019-09-08 18:21:03.276553,178.0,174.0,170.0,188.0,196.0,164.0,402.0,210.0,,-3,8338101
23.293,2019-09-08 18:21:03.283260,176.0,174.0,170.0,188.0,196.0,210.0,164.0,212.0,,-4,8336679
23.2997,2019-09-08 18:21:03.296548,176.0,174.0,170.0,188.0,406.0,164.0,198.0,212.0,,-4,8339088
23.313,2019-09-08 18:21:03.303259,178.0,170.0,188.0,188.0,406.0,214.0,198.0,164.0,,-4,8341167
23.3197,2019-09-08 18:21:03.360385,178.0,174.0,170.0,188.0,406.0,200.0,200.0,164.0,,-5,8341268
23.377,2019-09-08 18:21:03.384231,174.0,170.0,188.0,188.0,200.0,164.0,402.0,164.0,,-4,8341617
23.4005,2019-09-08 18:21:03.408285,176.0,170.0,188.0,188.0,218.0,200.0,200.0,380.0,,-4,8371185
23.4245,2019-09-08 18:21:03.417633,174.0,174.0,170.0,188.0,200.0,218.0,164.0,200.0,,-5,8371642
23.4341,2019-09-08 18:21:03.424411,174.0,176.0,170.0,188.0,164.0,218.0,218.0,164.0,,-5,8370382
23.4407,2019-09-08 18:21:03.528515,174.0,176.0,188.0,188.0,182.0,192.0,206.0,192.0,,-2,8394777
23.5448,2019-09-08 18:21:03.554385,174.0,176.0,170.0,188.0,204.0,190.0,182.0,164.0,,-1,8394078
23.5707,2019-09-08 18:21:03.561022,178.0,174.0,170.0,188.0,180.0,180.0,186.0,184.0,,-1,8390556
23.5773,2019-09-08 18:21:03.584862,190.0,176.0,170.0,188.0,178.0,176.0,178.0,176.0,,2,8371787
23.6015,2019-09-08 18:21:03.596354,214.0,174.0,170.0,188.0,174.0,172.0,172.0,160.0,,3,8363188
23.6126,2019-09-08 18:21:03.604086,246.0,174.0,168.0,188.0,174.0,172.0,172.0,172.0,,4,8358524
23.6204,2019-09-08 18:21:03.610716,288.0,176.0,200.0,198.0,174.0,170.0,172.0,160.0,,4,8355451
23.6271,2019-09-08 18:21:03.644636,180.0,172.0,202.0,202.0,172.0,170.0,172.0,160.0,,3,8342143
23.661,2019-09-08 18:21:03.653120,186.0,174.0,208.0,208.0,172.0,170.0,172.0,160.0,,3,8339530
23.6704,2019-09-08 18:21:03.660829,190.0,176.0,216.0,218.0,172.0,170.0,172.0,160.0,,3,8342081
23.6775,2019-09-08 18:21:03.674181,498.0,194.0,180.0,228.0,172.0,170.0,172.0,160.0,,2,8342202
23.6911,2019-09-08 18:21:03.700943,514.0,198.0,182.0,238.0,170.0,172.0,160.0,172.0,,2,8341790
23.7176,2019-09-08 18:21:03.711999,520.0,204.0,186.0,246.0,160.0,174.0,160.0,172.0,,1,8338524
23.7286,2019-09-08 18:21:03.718880,520.0,208.0,188.0,252.0,162.0,170.0,172.0,162.0,,1,8337247
23.7357,2019-09-08 18:21:03.729996,508.0,212.0,190.0,256.0,170.0,172.0,172.0,160.0,,1,8341987
23.7466,2019-09-08 18:21:03.757945,484.0,216.0,192.0,256.0,170.0,170.0,174.0,162.0,,1,8342167
23.7748,2019-09-08 18:21:03.770797,456.0,220.0,192.0,258.0,174.0,168.0,172.0,160.0,,1,8342492
23.7871,2019-09-08 18:21:03.786722,428.0,222.0,194.0,258.0,174.0,170.0,172.0,160.0,,1,8342572
23.8031,2019-09-08 18:21:03.856795,406.0,224.0,194.0,260.0,172.0,168.0,172.0,162.0,,2,8379026
23.8735,2019-09-08 18:21:03.864321,384.0,232.0,198.0,258.0,170.0,170.0,168.0,172.0,,2,8385604
23.8806,2019-09-08 18:21:03.883102,392.0,232.0,198.0,256.0,170.0,168.0,172.0,160.0,,1,8394576
23.9,2019-09-08 18:21:03.904339,402.0,230.0,196.0,250.0,172.0,160.0,172.0,172.0,,1,8400736
23.9213,2019-09-08 18:21:03.917714,392.0,230.0,196.0,246.0,172.0,160.0,160.0,172.0,,1,8406580
23.934,2019-09-08 18:21:03.929777,364.0,230.0,194.0,242.0,174.0,166.0,174.0,168.0,,1,8417964
23.9462,2019-09-08 18:21:04.026273,312.0,226.0,190.0,238.0,216.0,172.0,218.0,160.0,,2,8387469
24.0425,2019-09-08 18:21:04.035050,182.0,178.0,172.0,194.0,220.0,220.0,174.0,172.0,,2,8382677
24.0515,2019-09-08 18:21:04.047072,182.0,176.0,170.0,192.0,224.0,176.0,172.0,160.0,,2,8372607
24.0634,2019-09-08 18:21:04.058145,174.0,174.0,170.0,192.0,180.0,172.0,160.0,160.0,,2,8363662
24.0744,2019-09-08 18:21:04.072980,180.0,174.0,170.0,192.0,240.0,174.0,176.0,246.0,,2,8352673
24.089,2019-09-08 18:21:04.096902,174.0,168.0,192.0,174.0,176.0,188.0,262.0,262.0,,1,8341174
24.1132,2019-09-08 18:21:04.112213,180.0,176.0,170.0,174.0,304.0,194.0,194.0,194.0,,0,8337821
24.1294,2019-09-08 18:21:04.120304,180.0,174.0,170.0,190.0,180.0,194.0,324.0,196.0,,0,8342108
24.1372,2019-09-08 18:21:04.134398,178.0,176.0,170.0,188.0,164.0,362.0,200.0,184.0,,-1,8343364
24.1512,2019-09-08 18:21:04.152517,176.0,174.0,170.0,188.0,162.0,204.0,186.0,164.0,,-2,8340572
24.1689,2019-09-08 18:21:04.168611,176.0,174.0,176.0,176.0,190.0,164.0,416.0,208.0,,-2,8338146
24.1857,2019-09-08 18:21:04.182003,188.0,176.0,170.0,188.0,418.0,208.0,190.0,208.0,,-3,8340378
24.1988,2019-09-08 18:21:04.232253,176.0,176.0,170.0,188.0,424.0,424.0,426.0,164.0,,-4,8340773
24.249,2019-09-08 18:21:04.244766,188.0,176.0,176.0,176.0,432.0,214.0,432.0,164.0,,-4,8341185
24.2618,2019-09-08 18:21:04.257326,176.0,176.0,170.0,188.0,430.0,432.0,196.0,196.0,,-5,8340575
24.2741,2019-09-08 18:21:04.266243,176.0,176.0,170.0,188.0,164.0,432.0,196.0,196.0,,-5,8341925
24.2831,2019-09-08 18:21:04.279377,174.0,176.0,170.0,188.0,432.0,212.0,196.0,164.0,,-6,8341306
24.2957,2019-09-08 18:21:04.303013,174.0,176.0,170.0,188.0,434.0,198.0,198.0,164.0,,-6,8340935
24.3201,2019-09-08 18:21:04.310860,174.0,174.0,170.0,188.0,210.0,210.0,164.0,164.0,,-7,8344032
24.3278,2019-09-08 18:21:04.321619,174.0,174.0,170.0,170.0,434.0,196.0,198.0,164.0,,-7,8345337
24.338,2019-09-08 18:21:04.334958,174.0,174.0,170.0,188.0,198.0,208.0,164.0,198.0,,-7,8349154
24.3522,2019-09-08 18:21:04.377206,174.0,174.0,170.0,188.0,402.0,204.0,200.0,164.0,,-8,8354538
24.3937,2019-09-08 18:21:04.385004,174.0,174.0,170.0,188.0,204.0,200.0,200.0,384.0,,-8,8354569
24.4017,2019-09-08 18:21:04.411883,174.0,174.0,170.0,188.0,334.0,198.0,200.0,322.0,,-8,8359427
24.4282,2019-09-08 18:21:04.420033,174.0,174.0,170.0,188.0,316.0,196.0,164.0,298.0,,-7,8363358
24.4371,2019-09-08 18:21:04.428953,184.0,176.0,170.0,188.0,200.0,194.0,164.0,260.0,,-7,8362804
24.4458,2019-09-08 18:21:04.443873,216.0,176.0,170.0,188.0,218.0,202.0,162.0,206.0,,-7,8359164
24.4607,2019-09-08 18:21:04.459294,288.0,176.0,170.0,190.0,188.0,204.0,164.0,186.0,,-6,8357167
24.4766,2019-09-08 18:21:04.474737,372.0,182.0,172.0,200.0,182.0,182.0,182.0,182.0,,-5,8360185
24.4915,2019-09-08 18:21:04.497401,428.0,184.0,174.0,204.0,180.0,180.0,178.0,164.0,,-4,8356486
24.5144,2019-09-08 18:21:04.517377,460.0,186.0,174.0,208.0,178.0,176.0,196.0,164.0,,-2,8348077
24.5337,2019-09-08 18:21:04.527099,500.0,188.0,176.0,212.0,176.0,174.0,190.0,164.0,,-1,8346679
24.5431,2019-09-08 18:21:04.538403,548.0,190.0,176.0,214.0,176.0,174.0,184.0,162.0,,0,8344361
24.5547,2019-09-08 18:21:04.552261,580.0,190.0,178.0,216.0,174.0,172.0,174.0,174.0,,2,8342330
24.5683,2019-09-08 18:21:04.572223,602.0,190.0,178.0,604.0,172.0,170.0,176.0,172.0,,2,8341942
24.5886,2019-09-08 18:21:04.584846,608.0,190.0,178.0,606.0,176.0,162.0,170.0,162.0,,3,8342385
24.6011,2019-09-08 18:21:04.652529,598.0,188.0,178.0,594.0,172.0,170.0,170.0,160.0,,6,8341347
24.6688,2019-09-08 18:21:04.665825,560.0,190.0,178.0,556.0,168.0,170.0,172.0,172.0,,6,8340503
24.6821,2019-09-08 18:21:04.672397,548.0,190.0,178.0,544.0,170.0,170.0,172.0,168.0,,6,8340935
24.6887,2019-09-08 18:21:04.682242,540.0,190.0,178.0,220.0,168.0,160.0,172.0,168.0,,6,8340790
24.6985,2019-09-08 18:21:04.695034,190.0,178.0,546.0,222.0,160.0,168.0,168.0,168.0,,5,8340430
24.7113,2019-09-08 18:21:04.713416,556.0,192.0,558.0,224.0,168.0,168.0,160.0,168.0,,5,8342870
24.7297,2019-09-08 18:21:04.725548,566.0,190.0,568.0,226.0,168.0,168.0,172.0,168.0,,4,8341745
24.7419,2019-09-08 18:21:04.740230,578.0,190.0,178.0,230.0,168.0,168.0,168.0,168.0,,4,8342423
24.7566,2019-09-08 18:21:04.757649,586.0,190.0,590.0,230.0,166.0,160.0,172.0,168.0,,3,8342212
24.774,2019-09-08 18:21:04.772646,592.0,230.0,176.0,230.0,166.0,168.0,166.0,160.0,,3,8342783
24.7889,2019-09-08 18:21:04.790760,582.0,192.0,578.0,230.0,160.0,172.0,172.0,166.0,,2,8343475
24.8072,2019-09-08 18:21:04.813373,560.0,192.0,176.0,228.0,170.0,160.0,172.0,160.0,,2,8348496
24.8305,2019-09-08 18:21:04.824042,522.0,194.0,176.0,228.0,172.0,168.0,160.0,162.0,,2,8353192
24.8405,2019-09-08 18:21:04.835435,474.0,194.0,176.0,226.0,168.0,168.0,172.0,160.0,,2,8356472
24.8522,2019-09-08 18:21:04.860702,404.0,194.0,174.0,224.0,170.0,168.0,160.0,170.0,,1,8358597
24.8776,2019-09-08 18:21:04.877743,308.0,192.0,174.0,220.0,170.0,168.0,170.0,170.0,,1,8362344
24.8945,2019-09-08 18:21:04.889596,216.0,192.0,210.0,214.0,172.0,168.0,172.0,168.0,,1,8369278
24.9076,2019-09-08 18:21:04.897983,188.0,190.0,188.0,208.0,160.0,168.0,168.0,174.0,,1,8375638
24.9149,2019-09-08 18:21:04.922699,188.0,188.0,172.0,200.0,160.0,168.0,168.0,160.0,,1,8365756
24.939,2019-09-08 18:21:04.929328,184.0,182.0,184.0,196.0,176.0,168.0,174.0,160.0,,1,8364915
24.9457,2019-09-08 18:21:04.943497,184.0,178.0,182.0,194.0,186.0,168.0,160.0,190.0,,0,8368694
24.9606,2019-09-08 18:21:04.957594,182.0,176.0,182.0,174.0,174.0,172.0,160.0,208.0,,0,8365832
24.9748,2019-09-08 18:21:04.976968,182.0,174.0,168.0,190.0,174.0,176.0,172.0,176.0,,0,8351835
24.994,2019-09-08 18:21:04.986853,180.0,174.0,182.0,190.0,174.0,178.0,254.0,160.0,,0,8350427
25.0036,2019-09-08 18:21:05.002246,180.0,174.0,170.0,188.0,182.0,176.0,184.0,178.0,,1,8348399
25.0191,2019-09-08 18:21:05.024453,180.0,180.0,170.0,188.0,334.0,336.0,188.0,188.0,,0,8342953
25.0417,2019-09-08 18:21:05.041971,180.0,180.0,174.0,170.0,364.0,190.0,184.0,162.0,,0,8342361
25.0588,2019-09-08 18:21:05.056611,180.0,180.0,174.0,188.0,380.0,186.0,162.0,162.0,,0,8342800
25.0737,2019-09-08 18:21:05.070253,178.0,174.0,170.0,188.0,394.0,194.0,162.0,162.0,,0,8342911
25.0864,2019-09-08 18:21:05.096539,178.0,178.0,176.0,170.0,422.0,198.0,198.0,188.0,,-1,8342565
25.1126,2019-09-08 18:21:05.105023,176.0,174.0,170.0,188.0,426.0,426.0,198.0,162.0,,-1,8343354
25.1211,2019-09-08 18:21:05.116805,176.0,176.0,170.0,188.0,430.0,200.0,186.0,162.0,,-1,8343143
25.1331,2019-09-08 18:21:05.127459,176.0,174.0,170.0,188.0,434.0,200.0,186.0,162.0,,-1,8343676
25.1437,2019-09-08 18:21:05.141881,176.0,174.0,170.0,188.0,442.0,202.0,188.0,444.0,,-2,8343537
25.158,2019-09-08 18:21:05.165533,176.0,176.0,170.0,188.0,450.0,450.0,452.0,202.0,,-3,8342012
25.1816,2019-09-08 18:21:05.183642,176.0,176.0,170.0,188.0,456.0,202.0,458.0,164.0,,-3,8342704
25.1998,2019-09-08 18:21:05.193051,176.0,176.0,170.0,188.0,462.0,462.0,202.0,164.0,,-3,8341759
25.2091,2019-09-08 18:21:05.207150,176.0,176.0,170.0,188.0,464.0,162.0,466.0,164.0,,-4,8342520
25.2232,2019-09-08 18:21:05.227582,176.0,176.0,170.0,188.0,192.0,164.0,466.0,162.0,,-4,8342236
25.2436,2019-09-08 18:21:05.256958,176.0,174.0,170.0,188.0,204.0,204.0,192.0,466.0,,-4,8345050
25.273,2019-09-08 18:21:05.276882,176.0,174.0,170.0,188.0,164.0,464.0,192.0,164.0,,-4,8349482
25.293,2019-09-08 18:21:05.286575,174.0,176.0,170.0,188.0,464.0,462.0,202.0,192.0,,-5,8351925
25.3026,2019-09-08 18:21:05.313170,176.0,174.0,170.0,188.0,462.0,460.0,192.0,460.0,,-5,8350389
25.3296,2019-09-08 18:21:05.337291,174.0,176.0,170.0,188.0,454.0,456.0,192.0,454.0,,-5,8355590
25.3533,2019-09-08 18:21:05.343727,174.0,176.0,170.0,188.0,454.0,454.0,194.0,194.0,,-5,8364358
25.3598,2019-09-08 18:21:05.352382,174.0,174.0,170.0,188.0,194.0,204.0,194.0,164.0,,-5,8366590
25.3686,2019-09-08 18:21:05.362553,176.0,170.0,188.0,188.0,452.0,206.0,196.0,164.0,,-5,8368943
25.3786,2019-09-08 18:21:05.377803,174.0,176.0,174.0,188.0,198.0,164.0,450.0,164.0,,-5,8367607
25.3938,2019-09-08 18:21:05.392016,170.0,188.0,170.0,188.0,450.0,198.0,164.0,200.0,,-8,8372548
25.4083,2019-09-08 18:21:05.410666,188.0,176.0,170.0,188.0,438.0,206.0,202.0,164.0,,-8,8379196
25.4268,2019-09-08 18:21:05.430064,174.0,174.0,170.0,188.0,436.0,206.0,202.0,164.0,,-8,8375545
25.4464,2019-09-08 18:21:05.440784,174.0,176.0,170.0,188.0,424.0,204.0,204.0,164.0,,-8,8376043
25.4568,2019-09-08 18:21:05.452961,174.0,176.0,170.0,188.0,204.0,204.0,204.0,204.0,,-8,8380891
25.4691,2019-09-08 18:21:05.474727,188.0,176.0,170.0,188.0,386.0,206.0,200.0,204.0,,-8,8374811
25.4908,2019-09-08 18:21:05.485680,174.0,176.0,170.0,188.0,198.0,198.0,206.0,310.0,,-8,8373386
25.5021,2019-09-08 18:21:05.564496,174.0,176.0,170.0,188.0,178.0,174.0,176.0,188.0,,-5,8355430
25.5807,2019-09-08 18:21:05.572030,238.0,186.0,174.0,198.0,162.0,178.0,174.0,162.0,,-4,8352320
25.5882,2019-09-08 18:21:05.588886,286.0,190.0,176.0,204.0,176.0,176.0,182.0,182.0,,-4,8350302
25.605,2019-09-08 18:21:05.706499,298.0,194.0,180.0,208.0,160.0,170.0,168.0,160.0,,-1,8340288
25.7225,2019-09-08 18:21:05.712764,300.0,196.0,182.0,212.0,170.0,170.0,168.0,160.0,,-1,8339953
25.7288,2019-09-08 18:21:05.728204,308.0,200.0,184.0,216.0,168.0,172.0,172.0,170.0,,-2,8339039
25.7443,2019-09-08 18:21:05.739622,366.0,228.0,198.0,240.0,172.0,168.0,170.0,160.0,,-2,8338870
25.7557,2019-09-08 18:21:05.745977,398.0,254.0,212.0,258.0,170.0,168.0,172.0,168.0,,-2,8337281
25.762,2019-09-08 18:21:05.761424,364.0,260.0,218.0,260.0,168.0,170.0,172.0,172.0,,-2,8335219
25.7774,2019-09-08 18:21:05.775312,350.0,262.0,218.0,258.0,168.0,168.0,172.0,160.0,,-2,8335164
25.7913,2019-09-08 18:21:05.781581,344.0,262.0,218.0,260.0,168.0,168.0,172.0,160.0,,-2,8332517
25.7977,2019-09-08 18:21:05.799276,344.0,262.0,218.0,262.0,168.0,168.0,160.0,168.0,,-2,8329987
25.8153,2019-09-08 18:21:05.812341,350.0,262.0,216.0,264.0,168.0,172.0,160.0,168.0,,-2,8330856
25.8284,2019-09-08 18:21:05.842691,258.0,256.0,214.0,264.0,168.0,168.0,168.0,160.0,,-2,8337368
25.8587,2019-09-08 18:21:05.856601,368.0,250.0,210.0,262.0,168.0,168.0,166.0,168.0,,-3,8340146
25.8726,2019-09-08 18:21:05.862884,370.0,242.0,206.0,256.0,160.0,166.0,166.0,172.0,,-3,8343738
25.8789,2019-09-08 18:21:05.874450,368.0,232.0,200.0,252.0,166.0,168.0,172.0,172.0,,-3,8345084
25.8905,2019-09-08 18:21:05.889589,362.0,224.0,194.0,248.0,166.0,168.0,162.0,160.0,,-3,8353071
25.9056,2019-09-08 18:21:05.901833,352.0,218.0,190.0,242.0,168.0,168.0,172.0,166.0,,-2,8361174
25.9179,2019-09-08 18:21:05.918590,306.0,210.0,186.0,234.0,166.0,168.0,172.0,166.0,,-2,8363330
25.9353,2019-09-08 18:21:05.943888,240.0,206.0,182.0,226.0,160.0,164.0,168.0,172.0,,-1,8376957
25.96,2019-09-08 18:21:05.957358,198.0,202.0,178.0,218.0,164.0,164.0,168.0,168.0,,-1,8384739
25.9734,2019-09-08 18:21:05.969850,190.0,198.0,176.0,210.0,164.0,168.0,164.0,160.0,,-1,8389552
25.9858,2019-09-08 18:21:05.981042,188.0,194.0,176.0,206.0,164.0,166.0,164.0,162.0,,-1,8389147
25.9972,2019-09-08 18:21:06.004360,186.0,192.0,174.0,202.0,172.0,172.0,172.0,164.0,,-1,8397545
26.0204,2019-09-08 18:21:06.013681,184.0,188.0,174.0,184.0,162.0,164.0,172.0,162.0,,-1,8397127
26.0297,2019-09-08 18:21:06.026922,186.0,184.0,172.0,182.0,164.0,166.0,164.0,160.0,,-1,8394480
26.043,2019-09-08 18:21:06.046064,182.0,182.0,182.0,196.0,164.0,162.0,172.0,160.0,,-1,8395459
26.0621,2019-09-08 18:21:06.058072,180.0,178.0,172.0,194.0,166.0,168.0,172.0,166.0,,0,8392867
26.0741,2019-09-08 18:21:06.078289,180.0,176.0,180.0,176.0,168.0,168.0,168.0,166.0,,0,8385459
26.0943,2019-09-08 18:21:06.092207,180.0,176.0,170.0,192.0,172.0,166.0,172.0,168.0,,0,8376403
26.1085,2019-09-08 18:21:06.110749,180.0,180.0,170.0,190.0,160.0,172.0,174.0,172.0,,1,8363901
26.1271,2019-09-08 18:21:06.123338,180.0,174.0,170.0,192.0,172.0,160.0,172.0,160.0,,1,8361700
26.1394,2019-09-08 18:21:06.146214,180.0,176.0,170.0,190.0,170.0,170.0,174.0,182.0,,1,8351991
26.1625,2019-09-08 18:21:06.166934,180.0,174.0,170.0,190.0,188.0,172.0,190.0,174.0,,2,8345050
26.183,2019-09-08 18:21:06.176402,180.0,174.0,170.0,190.0,190.0,174.0,176.0,160.0,,2,8343008
26.1926,2019-09-08 18:21:06.185817,180.0,174.0,170.0,190.0,160.0,174.0,194.0,160.0,,2,8340240
26.2018,2019-09-08 18:21:06.275850,180.0,174.0,170.0,190.0,196.0,176.0,178.0,160.0,,-1,8307738
26.2919,2019-09-08 18:21:06.282572,178.0,176.0,170.0,190.0,162.0,354.0,354.0,194.0,,-1,8305862
26.2987,2019-09-08 18:21:06.294934,176.0,176.0,170.0,190.0,164.0,196.0,196.0,164.0,,-1,8314963
26.311,2019-09-08 18:21:06.311443,176.0,176.0,170.0,190.0,202.0,198.0,198.0,408.0,,-2,8318772
26.3275,2019-09-08 18:21:06.327456,184.0,176.0,170.0,188.0,206.0,200.0,200.0,424.0,,-2,8319084
26.3436,2019-09-08 18:21:06.346267,196.0,176.0,170.0,188.0,200.0,200.0,200.0,164.0,,-2,8320848
26.3624,2019-09-08 18:21:06.358763,220.0,176.0,170.0,190.0,208.0,202.0,202.0,432.0,,-3,8318579
26.3748,2019-09-08 18:21:06.372415,244.0,174.0,168.0,188.0,432.0,202.0,202.0,434.0,,-3,8316866
26.3885,2019-09-08 18:21:06.390120,248.0,176.0,170.0,192.0,212.0,210.0,164.0,434.0,,-4,8315883
26.4067,2019-09-08 18:21:06.406023,240.0,176.0,170.0,236.0,164.0,434.0,210.0,164.0,,-4,8313672
26.4221,2019-09-08 18:21:06.431804,176.0,170.0,170.0,194.0,432.0,210.0,208.0,164.0,,-5,8317502
26.4478,2019-09-08 18:21:06.442096,176.0,170.0,170.0,176.0,430.0,210.0,208.0,166.0,,-5,8317592
26.4582,2019-09-08 18:21:06.477170,170.0,176.0,170.0,190.0,430.0,208.0,208.0,164.0,,-7,8324973
26.4933,2019-09-08 18:21:06.487892,190.0,178.0,170.0,190.0,424.0,422.0,208.0,164.0,,-7,8326907
26.5039,2019-09-08 18:21:06.498599,234.0,178.0,172.0,192.0,420.0,206.0,208.0,166.0,,-7,8326624
26.5147,2019-09-08 18:21:06.515787,266.0,180.0,172.0,194.0,204.0,204.0,208.0,404.0,,-8,8327807
26.5318,2019-09-08 18:21:06.530703,322.0,182.0,172.0,200.0,164.0,204.0,394.0,164.0,,-8,8327333
26.5469,2019-09-08 18:21:06.547205,398.0,184.0,174.0,206.0,164.0,376.0,202.0,164.0,,-8,8327620
26.5634,2019-09-08 18:21:06.575970,210.0,188.0,176.0,212.0,294.0,206.0,206.0,206.0,,-7,8327226
26.5921,2019-09-08 18:21:06.591678,562.0,190.0,176.0,216.0,260.0,206.0,164.0,248.0,,-7,8328773
26.6077,2019-09-08 18:21:06.604823,596.0,192.0,178.0,602.0,230.0,192.0,204.0,164.0,,-7,8330773
26.6209,2019-09-08 18:21:06.675327,610.0,194.0,178.0,606.0,218.0,192.0,204.0,210.0,,-7,8338472
26.6916,2019-09-08 18:21:06.682029,562.0,556.0,176.0,218.0,200.0,178.0,178.0,178.0,,-7,8339139
26.6985,2019-09-08 18:21:06.694961,514.0,194.0,174.0,216.0,176.0,174.0,176.0,164.0,,-7,8339856
26.711,2019-09-08 18:21:06.708494,174.0,194.0,174.0,216.0,174.0,174.0,194.0,174.0,,-7,8340264
26.7246,2019-09-08 18:21:06.722763,440.0,212.0,172.0,210.0,162.0,174.0,162.0,192.0,,-7,8339877
26.7389,2019-09-08 18:21:06.735028,170.0,202.0,170.0,198.0,172.0,172.0,172.0,190.0,,-7,8340973
26.7512,2019-09-08 18:21:06.749816,202.0,180.0,170.0,194.0,188.0,162.0,172.0,162.0,,-6,8341257
26.7658,2019-09-08 18:21:06.767335,192.0,192.0,170.0,190.0,172.0,172.0,186.0,162.0,,-6,8341873
26.7834,2019-09-08 18:21:06.783620,192.0,192.0,170.0,190.0,172.0,172.0,184.0,172.0,,-5,8341240
26.7998,2019-09-08 18:21:06.798295,190.0,174.0,170.0,188.0,162.0,182.0,172.0,182.0,,-5,8341441
26.8143,2019-09-08 18:21:06.812262,188.0,188.0,170.0,188.0,170.0,170.0,182.0,162.0,,-4,8341641
26.8283,2019-09-08 18:21:06.831612,188.0,188.0,174.0,170.0,170.0,170.0,160.0,170.0,,-3,8341503
26.8477,2019-09-08 18:21:06.843823,188.0,174.0,170.0,188.0,170.0,170.0,170.0,162.0,,-2,8341828
26.8599,2019-09-08 18:21:06.866243,186.0,174.0,170.0,188.0,170.0,160.0,170.0,160.0,,-1,8341288
26.8823,2019-09-08 18:21:06.927227,186.0,176.0,170.0,188.0,168.0,168.0,160.0,168.0,,1,8341655
26.9444,2019-09-08 18:21:06.934708,182.0,176.0,170.0,188.0,168.0,174.0,174.0,168.0,,1,8342005
26.9507,2019-09-08 18:21:06.943190,182.0,176.0,170.0,188.0,174.0,168.0,172.0,168.0,,1,8342621
26.9592,2019-09-08 18:21:06.957159,182.0,174.0,170.0,188.0,174.0,168.0,172.0,160.0,,2,8342614
26.9732,2019-09-08 18:21:06.971495,180.0,174.0,170.0,188.0,168.0,160.0,168.0,160.0,,2,8342610
26.9876,2019-09-08 18:21:06.999543,180.0,174.0,170.0,188.0,168.0,160.0,172.0,168.0,,2,8342223
27.0156,2019-09-08 18:21:07.008014,180.0,174.0,170.0,188.0,168.0,168.0,160.0,162.0,,2,8341700
27.0241,2019-09-08 18:21:07.021209,180.0,174.0,168.0,188.0,172.0,168.0,172.0,168.0,,2,8342188
27.0375,2019-09-08 18:21:07.037388,180.0,176.0,170.0,188.0,172.0,168.0,166.0,168.0,,2,8342496
27.0534,2019-09-08 18:21:07.047728,178.0,176.0,170.0,188.0,168.0,168.0,166.0,172.0,,1,8341375
27.0644,2019-09-08 18:21:07.072181,176.0,176.0,170.0,188.0,160.0,168.0,172.0,162.0,,1,8342136
27.0882,2019-09-08 18:21:07.082980,178.0,176.0,170.0,188.0,160.0,168.0,166.0,160.0,,1,8342018
27.099,2019-09-08 18:21:07.092364,178.0,170.0,190.0,178.0,160.0,168.0,166.0,172.0,,0,8341890
27.1087,2019-09-08 18:21:07.106990,178.0,174.0,170.0,188.0,168.0,168.0,162.0,160.0,,0,8342527
27.1231,2019-09-08 18:21:07.126733,178.0,174.0,170.0,188.0,168.0,172.0,162.0,160.0,,0,8342043
27.1428,2019-09-08 18:21:07.141896,176.0,170.0,190.0,188.0,166.0,168.0,172.0,160.0,,-1,8341845
27.1579,2019-09-08 18:21:07.174858,178.0,176.0,170.0,188.0,166.0,166.0,168.0,160.0,,-2,8342911
27.191,2019-09-08 18:21:07.187919,180.0,174.0,170.0,188.0,168.0,166.0,168.0,160.0,,-2,8342219
27.2043,2019-09-08 18:21:07.195222,180.0,176.0,180.0,176.0,168.0,168.0,168.0,162.0,,-2,8342842
27.2112,2019-09-08 18:21:07.207408,184.0,174.0,170.0,188.0,168.0,168.0,172.0,162.0,,-3,8342063
27.2235,2019-09-08 18:21:07.221723,170.0,190.0,170.0,188.0,166.0,168.0,172.0,172.0,,-3,8343617
27.2378,2019-09-08 18:21:07.237472,198.0,176.0,170.0,188.0,166.0,172.0,168.0,166.0,,-3,8343534
27.2538,2019-09-08 18:21:07.249442,214.0,174.0,170.0,188.0,168.0,170.0,160.0,168.0,,-3,8344223
27.2655,2019-09-08 18:21:07.279397,190.0,174.0,170.0,190.0,172.0,160.0,168.0,160.0,,-3,8344261
27.2955,2019-09-08 18:21:07.290097,342.0,176.0,170.0,196.0,166.0,166.0,172.0,172.0,,-3,8344171
27.3069,2019-09-08 18:21:07.299925,440.0,176.0,170.0,202.0,166.0,164.0,172.0,162.0,,-4,8344707
27.3168,2019-09-08 18:21:07.315740,504.0,180.0,172.0,208.0,166.0,168.0,172.0,160.0,,-4,8345174
27.3318,2019-09-08 18:21:07.336671,180.0,180.0,172.0,210.0,168.0,172.0,172.0,162.0,,-4,8344164
27.3528,2019-09-08 18:21:07.347641,556.0,182.0,172.0,214.0,162.0,166.0,172.0,172.0,,-4,8346243
27.3644,2019-09-08 18:21:07.365540,568.0,184.0,172.0,216.0,160.0,166.0,168.0,160.0,,-4,8348759
27.3817,2019-09-08 18:21:07.382539,574.0,184.0,172.0,220.0,168.0,168.0,172.0,162.0,,-4,8353922
27.3986,2019-09-08 18:21:07.392985,574.0,186.0,224.0,224.0,172.0,168.0,172.0,160.0,,-4,8355472
27.4094,2019-09-08 18:21:07.407139,574.0,188.0,174.0,226.0,170.0,168.0,170.0,168.0,,-4,8354510
27.4232,2019-09-08 18:21:07.421191,572.0,190.0,174.0,230.0,172.0,160.0,172.0,160.0,,-4,8356527
27.4372,2019-09-08 18:21:07.438034,566.0,190.0,174.0,232.0,174.0,168.0,172.0,162.0,,-4,8358932
27.4542,2019-09-08 18:21:07.490810,556.0,190.0,174.0,234.0,174.0,174.0,168.0,176.0,,-2,8360209
27.5068,2019-09-08 18:21:07.497085,526.0,192.0,174.0,240.0,172.0,160.0,194.0,160.0,,-2,8360880
27.5131,2019-09-08 18:21:07.504243,504.0,196.0,176.0,246.0,196.0,168.0,196.0,198.0,,-2,8361891
27.5202,2019-09-08 18:21:07.516558,488.0,198.0,178.0,250.0,198.0,168.0,172.0,160.0,,-1,8362995
27.5326,2019-09-08 18:21:07.632045,462.0,202.0,180.0,260.0,260.0,172.0,174.0,160.0,,0,8369545
27.6481,2019-09-08 18:21:07.639225,448.0,182.0,278.0,210.0,160.0,174.0,174.0,160.0,,-1,8370368
27.6552,2019-09-08 18:21:07.649347,184.0,210.0,182.0,278.0,160.0,172.0,174.0,286.0,,-1,8370275
27.6654,2019-09-08 18:21:07.661659,456.0,210.0,184.0,212.0,294.0,174.0,160.0,300.0,,-1,8370067
27.6777,2019-09-08 18:21:07.683115,452.0,454.0,184.0,274.0,184.0,330.0,186.0,162.0,,-2,8370618
27.6991,2019-09-08 18:21:07.691329,446.0,214.0,184.0,272.0,336.0,338.0,186.0,162.0,,-2,8371043
27.7078,2019-09-08 18:21:07.704260,436.0,184.0,270.0,268.0,354.0,358.0,190.0,176.0,,-3,8370977
27.7205,2019-09-08 18:21:07.720927,422.0,218.0,184.0,266.0,392.0,194.0,178.0,162.0,,-3,8369628
27.7375,2019-09-08 18:21:07.736409,408.0,220.0,184.0,264.0,178.0,196.0,180.0,162.0,,-4,8368624
27.7524,2019-09-08 18:21:07.755292,390.0,220.0,184.0,260.0,180.0,180.0,162.0,444.0,,-5,8367742
27.7715,2019-09-08 18:21:07.784124,366.0,220.0,184.0,256.0,486.0,162.0,488.0,162.0,,-5,8365680
27.8006,2019-09-08 18:21:07.791596,322.0,220.0,182.0,252.0,184.0,202.0,492.0,202.0,,-5,8363354
27.8078,2019-09-08 18:21:07.801617,254.0,246.0,182.0,244.0,498.0,184.0,162.0,162.0,,-6,8362759
27.8176,2019-09-08 18:21:07.818590,202.0,212.0,180.0,236.0,162.0,496.0,184.0,202.0,,-6,8358970
27.8346,2019-09-08 18:21:07.832712,186.0,206.0,178.0,224.0,492.0,202.0,184.0,162.0,,-6,8356884
27.8487,2019-09-08 18:21:07.853527,178.0,198.0,178.0,210.0,202.0,202.0,182.0,162.0,,-7,8352839
27.8695,2019-09-08 18:21:07.866019,180.0,192.0,176.0,204.0,182.0,202.0,482.0,200.0,,-7,8350513
27.882,2019-09-08 18:21:07.915911,186.0,186.0,174.0,198.0,162.0,480.0,480.0,200.0,,-8,8344839
27.9319,2019-09-08 18:21:07.922216,178.0,178.0,172.0,192.0,200.0,182.0,182.0,476.0,,-9,8345461
27.9382,2019-09-08 18:21:07.932402,190.0,176.0,170.0,190.0,476.0,198.0,184.0,476.0,,-9,8344351
27.9484,2019-09-08 18:21:07.947443,190.0,176.0,170.0,190.0,476.0,476.0,184.0,162.0,,-9,8344510
27.9635,2019-09-08 18:21:07.961323,178.0,176.0,170.0,190.0,476.0,198.0,184.0,162.0,,-9,8344146
27.9773,2019-09-08 18:21:07.981116,178.0,174.0,170.0,190.0,474.0,198.0,474.0,162.0,,-10,8343281
27.9971,2019-09-08 18:21:07.997572,178.0,176.0,170.0,190.0,466.0,200.0,186.0,162.0,,-10,8343811
28.0136,2019-09-08 18:21:08.009954,178.0,176.0,170.0,188.0,452.0,186.0,162.0,440.0,,-10,8342901
28.026,2019-09-08 18:21:08.026168,176.0,174.0,170.0,188.0,162.0,194.0,186.0,398.0,,-10,8343385
28.0422,2019-09-08 18:21:08.040758,176.0,176.0,170.0,188.0,162.0,350.0,186.0,186.0,,-9,8343070
28.0568,2019-09-08 18:21:08.061684,178.0,176.0,170.0,188.0,186.0,162.0,304.0,162.0,,-8,8343032
28.0777,2019-09-08 18:21:08.072894,176.0,176.0,170.0,188.0,212.0,182.0,204.0,182.0,,-7,8343202
28.0891,2019-09-08 18:21:08.093553,176.0,174.0,170.0,188.0,162.0,184.0,186.0,180.0,,-5,8344164
28.1096,2019-09-08 18:21:08.105656,176.0,176.0,170.0,188.0,180.0,174.0,184.0,174.0,,-4,8342776
28.1217,2019-09-08 18:21:08.117042,176.0,174.0,168.0,188.0,178.0,178.0,172.0,180.0,,-3,8344077
28.1331,2019-09-08 18:21:08.132345,178.0,176.0,170.0,188.0,176.0,170.0,176.0,176.0,,-2,8342427
28.1484,2019-09-08 18:21:08.150180,178.0,176.0,170.0,188.0,176.0,170.0,160.0,174.0,,0,8343589
28.1663,2019-09-08 18:21:08.168289,176.0,176.0,170.0,188.0,174.0,168.0,174.0,162.0,,0,8343780
28.1844,2019-09-08 18:21:08.179629,176.0,174.0,170.0,188.0,174.0,168.0,172.0,168.0,,0,8344541
28.1957,2019-09-08 18:21:08.205777,176.0,176.0,170.0,188.0,172.0,168.0,168.0,160.0,,1,8346164
28.2218,2019-09-08 18:21:08.213167,176.0,176.0,170.0,188.0,172.0,172.0,168.0,172.0,,1,8347365
28.2292,2019-09-08 18:21:08.226623,176.0,176.0,174.0,178.0,168.0,168.0,160.0,170.0,,1,8350001
28.2426,2019-09-08 18:21:08.241916,176.0,176.0,176.0,188.0,168.0,168.0,162.0,160.0,,0,8350690
28.2579,2019-09-08 18:21:08.258765,176.0,176.0,170.0,176.0,170.0,168.0,170.0,172.0,,0,8350880
28.2748,2019-09-08 18:21:08.276410,176.0,176.0,170.0,176.0,160.0,170.0,168.0,172.0,,0,8350174
28.2924,2019-09-08 18:21:08.309238,176.0,176.0,170.0,188.0,168.0,168.0,172.0,162.0,,-1,8347946
28.3253,2019-09-08 18:21:08.318999,176.0,176.0,176.0,176.0,168.0,168.0,172.0,160.0,,-1,8346991
28.335,2019-09-08 18:21:08.330651,176.0,174.0,176.0,176.0,166.0,168.0,160.0,168.0,,-1,8346472
28.3467,2019-09-08 18:21:08.341757,176.0,176.0,176.0,188.0,166.0,166.0,160.0,162.0,,-1,8345060
28.3578,2019-09-08 18:21:08.359899,176.0,176.0,170.0,176.0,168.0,172.0,172.0,166.0,,-1,8343880
28.3761,2019-09-08 18:21:08.473461,174.0,176.0,170.0,188.0,166.0,168.0,172.0,162.0,,0,8343319
28.4895,2019-09-08 18:21:08.488395,174.0,176.0,176.0,170.0,162.0,172.0,162.0,166.0,,0,8342486
28.5044,2019-09-08 18:21:08.571023,174.0,174.0,176.0,188.0,164.0,172.0,160.0,164.0,,-1,8343015
28.587,2019-09-08 18:21:08.582758,178.0,176.0,170.0,190.0,160.0,172.0,160.0,160.0,,-1,8342548
28.5988,2019-09-08 18:21:08.650398,182.0,176.0,170.0,188.0,164.0,168.0,172.0,164.0,,-3,8343230
28.6665,2019-09-08 18:21:08.656738,252.0,174.0,170.0,190.0,164.0,172.0,162.0,164.0,,-3,8342195
28.6727,2019-09-08 18:21:08.688917,458.0,178.0,172.0,204.0,164.0,168.0,168.0,172.0,,-3,8342856
28.7049,2019-09-08 18:21:08.705080,490.0,180.0,172.0,210.0,164.0,168.0,166.0,160.0,,-3,8343129
28.7211,2019-09-08 18:21:08.759515,524.0,184.0,172.0,212.0,164.0,168.0,168.0,160.0,,-3,8342963
28.7755,2019-09-08 18:21:08.765784,564.0,192.0,174.0,224.0,166.0,168.0,172.0,160.0,,-2,8343520
28.7819,2019-09-08 18:21:08.783407,564.0,194.0,174.0,228.0,166.0,168.0,172.0,160.0,,-2,8343870
28.7998,2019-09-08 18:21:08.810410,560.0,196.0,174.0,232.0,168.0,168.0,172.0,160.0,,-1,8344167
28.8269,2019-09-08 18:21:08.820875,174.0,232.0,176.0,232.0,172.0,168.0,172.0,172.0,,-1,8344167
28.8373,2019-09-08 18:21:08.828625,540.0,174.0,234.0,234.0,168.0,168.0,162.0,174.0,,-1,8344119
28.8446,2019-09-08 18:21:08.860216,526.0,176.0,176.0,236.0,168.0,172.0,160.0,168.0,,-1,8344057
28.8764,2019-09-08 18:21:08.871594,238.0,198.0,176.0,238.0,210.0,160.0,216.0,174.0,,-1,8344264
28.8887,2019-09-08 18:21:08.879166,504.0,198.0,176.0,242.0,234.0,170.0,240.0,174.0,,-2,8344572
28.8953,2019-09-08 18:21:08.888746,496.0,200.0,176.0,246.0,160.0,252.0,170.0,160.0,,-2,8345887
28.9048,2019-09-08 18:21:08.938480,492.0,200.0,176.0,250.0,182.0,176.0,162.0,332.0,,-2,8346828
28.9545,2019-09-08 18:21:08.944755,486.0,204.0,176.0,258.0,334.0,176.0,176.0,342.0,,-2,8346320
28.9608,2019-09-08 18:21:08.954294,484.0,206.0,176.0,260.0,178.0,162.0,354.0,162.0,,-2,8346939
28.9703,2019-09-08 18:21:09.027691,484.0,208.0,178.0,264.0,364.0,186.0,178.0,160.0,,-2,8346531
29.0439,2019-09-08 18:21:09.035605,448.0,222.0,180.0,282.0,184.0,198.0,486.0,162.0,,-3,8346679
29.0518,2019-09-08 18:21:09.051470,440.0,226.0,182.0,284.0,494.0,162.0,184.0,162.0,,-3,8346309
29.0675,2019-09-08 18:21:09.057918,428.0,230.0,182.0,288.0,500.0,200.0,184.0,162.0,,-3,8347119
29.0745,2019-09-08 18:21:09.074890,414.0,412.0,182.0,230.0,508.0,200.0,184.0,162.0,,-3,8347292
29.0912,2019-09-08 18:21:09.086706,392.0,390.0,182.0,294.0,510.0,200.0,186.0,162.0,,-3,8347306
29.1029,2019-09-08 18:21:09.138051,358.0,354.0,240.0,184.0,508.0,196.0,196.0,162.0,,-5,8347108
29.1541,2019-09-08 18:21:09.144727,256.0,248.0,186.0,298.0,162.0,196.0,182.0,506.0,,-5,8346371
29.1615,2019-09-08 18:21:09.173622,210.0,246.0,186.0,294.0,506.0,162.0,182.0,196.0,,-5,8346859
29.1897,2019-09-08 18:21:09.188520,188.0,240.0,184.0,286.0,162.0,502.0,162.0,502.0,,-5,8347659
29.2048,2019-09-08 18:21:09.195256,184.0,230.0,184.0,266.0,502.0,196.0,162.0,502.0,,-6,8346783
29.2115,2019-09-08 18:21:09.202758,180.0,216.0,182.0,246.0,502.0,196.0,180.0,502.0,,-7,8345977
29.2192,2019-09-08 18:21:09.209727,178.0,204.0,182.0,228.0,196.0,180.0,180.0,502.0,,-7,8345738
29.226,2019-09-08 18:21:09.230354,178.0,192.0,180.0,214.0,180.0,180.0,502.0,196.0,,-8,8346666
29.2472,2019-09-08 18:21:09.247259,176.0,186.0,178.0,206.0,196.0,196.0,502.0,162.0,,-8,8346828
29.2639,2019-09-08 18:21:09.257049,176.0,180.0,174.0,200.0,162.0,196.0,196.0,162.0,,-8,8348039
29.2741,2019-09-08 18:21:09.272127,176.0,178.0,172.0,198.0,162.0,196.0,196.0,162.0,,-9,8350150
29.2882,2019-09-08 18:21:09.290802,176.0,178.0,172.0,194.0,494.0,196.0,180.0,162.0,,-9,8353143
29.3069,2019-09-08 18:21:09.306642,174.0,176.0,170.0,192.0,198.0,180.0,162.0,486.0,,-10,8354842
29.3233,2019-09-08 18:21:09.333678,174.0,176.0,170.0,192.0,198.0,198.0,180.0,162.0,,-10,8357372
29.35,2019-09-08 18:21:09.344164,174.0,176.0,170.0,192.0,448.0,198.0,182.0,438.0,,-10,8358226
29.3612,2019-09-08 18:21:09.351436,174.0,176.0,170.0,192.0,182.0,162.0,182.0,422.0,,-10,8358545
29.3679,2019-09-08 18:21:09.368415,174.0,176.0,170.0,190.0,366.0,194.0,184.0,184.0,,-9,8360600
29.3844,2019-09-08 18:21:09.395060,174.0,176.0,170.0,190.0,338.0,192.0,162.0,162.0,,-7,8363071
29.4122,2019-09-08 18:21:09.404307,174.0,176.0,170.0,190.0,226.0,220.0,186.0,162.0,,-6,8363676
29.4203,2019-09-08 18:21:09.429013,174.0,176.0,170.0,190.0,162.0,190.0,186.0,188.0,,-4,8365434
29.4451,2019-09-08 18:21:09.439850,174.0,174.0,170.0,190.0,182.0,182.0,180.0,180.0,,-3,8366341
29.456,2019-09-08 18:21:09.451694,174.0,176.0,170.0,190.0,188.0,180.0,188.0,162.0,,-3,8368299
29.4677,2019-09-08 18:21:09.459080,174.0,176.0,170.0,188.0,182.0,184.0,184.0,162.0,,-2,8369050
29.4755,2019-09-08 18:21:09.470487,174.0,176.0,170.0,188.0,180.0,174.0,180.0,180.0,,-1,8369652
29.4867,2019-09-08 18:21:09.537812,174.0,174.0,176.0,170.0,174.0,170.0,172.0,172.0,,1,8369898
29.554,2019-09-08 18:21:09.546803,174.0,176.0,170.0,174.0,170.0,172.0,172.0,174.0,,1,8369898
29.5631,2019-09-08 18:21:09.560331,174.0,176.0,170.0,188.0,172.0,168.0,172.0,160.0,,1,8369223
29.5767,2019-09-08 18:21:09.581210,174.0,176.0,170.0,188.0,172.0,168.0,172.0,168.0,,1,8367611
29.5975,2019-09-08 18:21:09.593509,174.0,176.0,170.0,188.0,172.0,170.0,172.0,160.0,,0,8364576
29.6104,2019-09-08 18:21:09.600965,174.0,176.0,170.0,188.0,160.0,172.0,168.0,172.0,,0,8363420
29.6178,2019-09-08 18:21:09.643808,174.0,176.0,174.0,188.0,168.0,172.0,162.0,172.0,,0,8356424
29.6605,2019-09-08 18:21:09.651119,174.0,170.0,188.0,188.0,170.0,170.0,174.0,170.0,,0,8355911
29.668,2019-09-08 18:21:09.671730,174.0,176.0,174.0,188.0,170.0,168.0,170.0,162.0,,-1,8354579
29.6894,2019-09-08 18:21:09.683250,174.0,174.0,176.0,170.0,168.0,168.0,160.0,160.0,,-1,8353735
29.7,2019-09-08 18:21:09.698232,174.0,174.0,188.0,188.0,168.0,168.0,172.0,162.0,,-1,8352839
29.715,2019-09-08 18:21:09.714917,176.0,174.0,170.0,188.0,168.0,168.0,160.0,168.0,,-2,8353648
29.7309,2019-09-08 18:21:09.743542,170.0,174.0,170.0,190.0,160.0,168.0,172.0,172.0,,-2,8354150
29.7599,2019-09-08 18:21:09.821175,174.0,176.0,170.0,188.0,168.0,168.0,172.0,172.0,,-3,8355977
29.8372,2019-09-08 18:21:09.831568,174.0,176.0,170.0,190.0,168.0,168.0,172.0,172.0,,-3,8355437
29.8479,2019-09-08 18:21:09.838300,174.0,176.0,170.0,190.0,164.0,168.0,172.0,160.0,,-3,8355507
29.8551,2019-09-08 18:21:09.858745,174.0,176.0,170.0,188.0,160.0,162.0,168.0,172.0,,-4,8351939
29.8748,2019-09-08 18:21:09.866139,174.0,176.0,170.0,190.0,172.0,172.0,172.0,162.0,,-4,8351828
29.8825,2019-09-08 18:21:10.001632,174.0,176.0,170.0,190.0,166.0,168.0,166.0,162.0,,-6,8341838
30.0178,2019-09-08 18:21:10.008523,314.0,176.0,170.0,190.0,170.0,170.0,168.0,162.0,,-6,8341499
30.0246,2019-09-08 18:21:10.123166,380.0,176.0,170.0,192.0,324.0,172.0,174.0,160.0,,-4,8341596
30.1392,2019-09-08 18:21:10.139061,612.0,192.0,176.0,220.0,336.0,172.0,174.0,160.0,,-3,8341025
30.1552,2019-09-08 18:21:10.166376,560.0,206.0,180.0,238.0,174.0,174.0,370.0,182.0,,-3,8341800
30.1824,2019-09-08 18:21:10.172629,544.0,210.0,182.0,240.0,182.0,182.0,160.0,376.0,,-3,8341361
30.1887,2019-09-08 18:21:10.182027,524.0,216.0,182.0,242.0,162.0,188.0,188.0,160.0,,-3,8341319
30.1981,2019-09-08 18:21:10.226128,486.0,228.0,186.0,250.0,162.0,446.0,176.0,162.0,,-3,8342067
30.2422,2019-09-08 18:21:10.238672,468.0,234.0,188.0,254.0,452.0,194.0,178.0,162.0,,-4,8342067
30.2547,2019-09-08 18:21:10.254125,452.0,240.0,190.0,260.0,474.0,178.0,178.0,478.0,,-4,8341852
30.2702,2019-09-08 18:21:10.264090,436.0,248.0,192.0,264.0,178.0,162.0,178.0,482.0,,-4,8340607
30.2802,2019-09-08 18:21:10.276104,420.0,254.0,196.0,270.0,178.0,162.0,162.0,486.0,,-5,8341728
30.2922,2019-09-08 18:21:10.292668,400.0,262.0,198.0,278.0,494.0,198.0,178.0,162.0,,-5,8341427
30.3088,2019-09-08 18:21:10.316784,272.0,202.0,284.0,286.0,502.0,178.0,178.0,502.0,,-6,8341392
30.3332,2019-09-08 18:21:10.323499,282.0,206.0,290.0,292.0,178.0,162.0,502.0,198.0,,-6,8342022
30.3398,2019-09-08 18:21:10.343774,290.0,210.0,298.0,298.0,178.0,162.0,178.0,502.0,,-6,8340659
30.3601,2019-09-08 18:21:10.350371,298.0,214.0,302.0,302.0,178.0,198.0,502.0,162.0,,-6,8341586
30.3672,2019-09-08 18:21:10.362609,306.0,218.0,306.0,306.0,162.0,502.0,198.0,162.0,,-7,8341970
30.3786,2019-09-08 18:21:10.379534,314.0,222.0,310.0,312.0,162.0,198.0,180.0,162.0,,-7,8341655
30.3956,2019-09-08 18:21:10.393916,320.0,320.0,316.0,316.0,498.0,178.0,178.0,162.0,,-8,8342181
30.4099,2019-09-08 18:21:10.408788,326.0,326.0,230.0,318.0,198.0,198.0,162.0,162.0,,-8,8341499
30.4249,2019-09-08 18:21:10.421992,210.0,330.0,232.0,318.0,200.0,200.0,180.0,492.0,,-8,8341537
30.438,2019-09-08 18:21:10.459549,198.0,332.0,234.0,314.0,180.0,164.0,180.0,492.0,,-9,8342354
30.4758,2019-09-08 18:21:10.513215,192.0,328.0,232.0,304.0,496.0,202.0,186.0,164.0,,-10,8342012
30.5292,2019-09-08 18:21:10.525024,180.0,250.0,212.0,250.0,202.0,186.0,186.0,496.0,,-10,8342018
30.5411,2019-09-08 18:21:10.532602,178.0,224.0,204.0,234.0,494.0,200.0,188.0,202.0,,-11,8341991
30.5487,2019-09-08 18:21:10.551400,178.0,198.0,222.0,220.0,188.0,202.0,164.0,202.0,,-11,8343063
30.5678,2019-09-08 18:21:10.564756,194.0,190.0,212.0,210.0,482.0,164.0,190.0,202.0,,-11,8344835
30.5809,2019-09-08 18:21:10.577208,186.0,182.0,180.0,204.0,470.0,200.0,468.0,190.0,,-11,8346794
30.5933,2019-09-08 18:21:10.593930,176.0,184.0,178.0,200.0,448.0,446.0,190.0,164.0,,-12,8352714
30.6102,2019-09-08 18:21:10.612671,176.0,180.0,174.0,196.0,414.0,198.0,192.0,162.0,,-12,8365974
30.6288,2019-09-08 18:21:10.624194,174.0,178.0,172.0,194.0,400.0,198.0,190.0,164.0,,-11,8372005
30.6405,2019-09-08 18:21:10.656351,174.0,176.0,170.0,192.0,282.0,194.0,190.0,264.0,,-11,8378877
30.6725,2019-09-08 18:21:10.662788,174.0,176.0,170.0,190.0,190.0,194.0,238.0,230.0,,-10,8387123
30.6789,2019-09-08 18:21:10.679057,174.0,176.0,170.0,174.0,190.0,162.0,184.0,162.0,,-7,8393898
30.6952,2019-09-08 18:21:10.691624,174.0,176.0,170.0,174.0,184.0,184.0,188.0,188.0,,-6,8392999
30.7078,2019-09-08 18:21:10.701921,174.0,174.0,170.0,190.0,182.0,182.0,162.0,182.0,,-5,8394030
30.718,2019-09-08 18:21:10.715554,174.0,176.0,170.0,170.0,182.0,178.0,180.0,180.0,,-4,8399455
30.7316,2019-09-08 18:21:10.732202,174.0,176.0,170.0,190.0,178.0,174.0,176.0,174.0,,-1,8394788
30.7484,2019-09-08 18:21:10.755249,174.0,176.0,170.0,190.0,176.0,176.0,172.0,162.0,,0,8390853
30.7714,2019-09-08 18:21:10.763223,174.0,176.0,170.0,190.0,174.0,170.0,174.0,162.0,,1,8389165
30.7792,2019-09-08 18:21:10.796759,174.0,176.0,170.0,188.0,160.0,174.0,172.0,174.0,,0,8368877
30.8128,2019-09-08 18:21:10.815119,174.0,176.0,170.0,188.0,172.0,170.0,172.0,174.0,,0,8366600
30.8313,2019-09-08 18:21:10.821821,174.0,174.0,170.0,188.0,172.0,170.0,172.0,172.0,,0,8355347
30.8379,2019-09-08 18:21:10.836811,174.0,176.0,176.0,170.0,172.0,162.0,172.0,162.0,,0,8347423
30.8529,2019-09-08 18:21:10.853845,176.0,176.0,174.0,170.0,162.0,170.0,172.0,172.0,,-1,8347423
30.8703,2019-09-08 18:21:10.861085,176.0,174.0,170.0,188.0,162.0,168.0,162.0,172.0,,-1,8341510
30.8774,2019-09-08 18:21:10.873076,176.0,174.0,170.0,188.0,172.0,162.0,168.0,168.0,,-1,8342112
30.8891,2019-09-08 18:21:10.889117,176.0,176.0,170.0,188.0,160.0,168.0,168.0,160.0,,-2,8340496
30.9051,2019-09-08 18:21:10.901604,176.0,176.0,170.0,188.0,162.0,168.0,172.0,168.0,,-2,8339555
30.9177,2019-09-08 18:21:10.920921,176.0,174.0,170.0,188.0,168.0,168.0,168.0,162.0,,-3,8341413
30.937,2019-09-08 18:21:10.968092,176.0,176.0,170.0,188.0,168.0,172.0,172.0,172.0,,-6,8341527
30.9842,2019-09-08 18:21:10.974409,174.0,176.0,170.0,188.0,172.0,168.0,164.0,168.0,,-6,8340973
30.9905,2019-09-08 18:21:10.999173,176.0,176.0,170.0,188.0,164.0,160.0,164.0,162.0,,-7,8341240
31.0152,2019-09-08 18:21:11.034720,174.0,176.0,170.0,188.0,164.0,160.0,164.0,160.0,,-8,8341932
31.0508,2019-09-08 18:21:11.049645,176.0,170.0,188.0,188.0,164.0,168.0,164.0,162.0,,-9,8342579
31.0662,2019-09-08 18:21:11.072009,174.0,176.0,190.0,188.0,172.0,162.0,164.0,160.0,,-9,8341513
31.0882,2019-09-08 18:21:11.082093,174.0,176.0,190.0,176.0,164.0,170.0,172.0,166.0,,-10,8341634
31.0982,2019-09-08 18:21:11.096863,176.0,176.0,176.0,170.0,160.0,160.0,174.0,162.0,,-10,8342358
31.1131,2019-09-08 18:21:11.115600,176.0,190.0,170.0,190.0,166.0,170.0,174.0,168.0,,-10,8341409
31.1316,2019-09-08 18:21:11.139586,174.0,176.0,170.0,190.0,168.0,170.0,170.0,168.0,,-10,8341520
31.1556,2019-09-08 18:21:11.163986,192.0,176.0,170.0,190.0,176.0,170.0,174.0,160.0,,-10,8341877
31.18,2019-09-08 18:21:11.170591,174.0,176.0,172.0,192.0,186.0,170.0,174.0,160.0,,-9,8341901
31.1873,2019-09-08 18:21:11.193350,226.0,174.0,170.0,192.0,198.0,170.0,174.0,200.0,,-8,8341973
31.2094,2019-09-08 18:21:11.211031,300.0,176.0,170.0,192.0,202.0,204.0,170.0,174.0,,-7,8342510
31.2272,2019-09-08 18:21:11.226203,380.0,176.0,170.0,192.0,256.0,170.0,174.0,160.0,,-7,8341475
31.2423,2019-09-08 18:21:11.274523,608.0,176.0,170.0,196.0,368.0,190.0,180.0,162.0,,-5,8341510
31.2911,2019-09-08 18:21:11.282070,630.0,178.0,172.0,202.0,376.0,192.0,182.0,162.0,,-4,8341721
31.2987,2019-09-08 18:21:11.297891,632.0,176.0,172.0,204.0,200.0,188.0,188.0,164.0,,-4,8341531
31.3142,2019-09-08 18:21:11.351545,640.0,178.0,172.0,204.0,408.0,200.0,190.0,164.0,,-3,8341399
31.368,2019-09-08 18:21:11.368766,654.0,178.0,172.0,206.0,462.0,210.0,464.0,212.0,,-3,8341236
31.3851,2019-09-08 18:21:11.375387,662.0,178.0,172.0,206.0,166.0,166.0,466.0,212.0,,-3,8341181
31.3916,2019-09-08 18:21:11.384405,668.0,178.0,172.0,206.0,466.0,212.0,214.0,166.0,,-4,8341492
31.4012,2019-09-08 18:21:11.393248,672.0,178.0,172.0,206.0,466.0,212.0,200.0,166.0,,-4,8341216
31.4097,2019-09-08 18:21:11.407908,668.0,176.0,172.0,206.0,464.0,214.0,200.0,166.0,,-4,8341157
31.4244,2019-09-08 18:21:11.486002,662.0,178.0,172.0,206.0,464.0,212.0,200.0,166.0,,-7,8341063
31.5024,2019-09-08 18:21:11.504106,634.0,178.0,172.0,206.0,166.0,464.0,200.0,200.0,,-7,8341385
31.5208,2019-09-08 18:21:11.516373,630.0,178.0,172.0,208.0,208.0,164.0,166.0,208.0,,-8,8341662
31.5328,2019-09-08 18:21:11.607198,626.0,178.0,172.0,210.0,382.0,164.0,198.0,164.0,,-9,8341742
31.6237,2019-09-08 18:21:11.635257,580.0,194.0,174.0,230.0,194.0,194.0,162.0,164.0,,-7,8340835
31.652,2019-09-08 18:21:11.644011,554.0,204.0,176.0,242.0,188.0,188.0,164.0,164.0,,-6,8342074
31.66,2019-09-08 18:21:11.658001,534.0,208.0,176.0,250.0,162.0,186.0,206.0,184.0,,-6,8342046
31.674,2019-09-08 18:21:11.683193,510.0,212.0,178.0,258.0,182.0,182.0,178.0,162.0,,-3,8341101
31.6992,2019-09-08 18:21:11.693810,480.0,220.0,180.0,268.0,180.0,176.0,188.0,174.0,,-2,8341344
31.7099,2019-09-08 18:21:11.701383,450.0,228.0,182.0,280.0,180.0,174.0,186.0,162.0,,-1,8342056
31.7182,2019-09-08 18:21:11.723694,416.0,238.0,184.0,290.0,178.0,172.0,180.0,162.0,,-1,8342146
31.7407,2019-09-08 18:21:11.745946,384.0,246.0,186.0,302.0,172.0,172.0,162.0,162.0,,0,8341780
31.7624,2019-09-08 18:21:11.752925,252.0,252.0,186.0,312.0,174.0,170.0,162.0,162.0,,0,8341056
31.7697,2019-09-08 18:21:11.763247,326.0,258.0,188.0,320.0,172.0,162.0,172.0,162.0,,0,8341873
31.7793,2019-09-08 18:21:11.789924,296.0,264.0,190.0,326.0,162.0,172.0,170.0,172.0,,-1,8341167
31.8063,2019-09-08 18:21:11.797823,270.0,270.0,192.0,330.0,172.0,170.0,172.0,162.0,,-1,8340506
31.8146,2019-09-08 18:21:11.811483,244.0,276.0,194.0,334.0,172.0,168.0,172.0,162.0,,-2,8341704
31.8277,2019-09-08 18:21:11.914076,200.0,284.0,196.0,340.0,170.0,172.0,162.0,170.0,,-6,8358514
31.9302,2019-09-08 18:21:11.920842,178.0,220.0,190.0,250.0,162.0,170.0,172.0,162.0,,-6,8358950
31.9372,2019-09-08 18:21:11.940779,176.0,200.0,186.0,230.0,160.0,170.0,174.0,172.0,,-6,8357212
31.9568,2019-09-08 18:21:11.951445,176.0,188.0,180.0,214.0,162.0,174.0,174.0,168.0,,-6,8358828
31.9676,2019-09-08 18:21:11.964409,176.0,182.0,174.0,206.0,168.0,172.0,170.0,172.0,,-6,8358967
31.9805,2019-09-08 18:21:11.987572,176.0,178.0,172.0,200.0,166.0,170.0,172.0,162.0,,-6,8362527
32.0036,2019-09-08 18:21:11.997121,176.0,176.0,172.0,196.0,164.0,170.0,174.0,164.0,,-6,8362399
32.0131,2019-09-08 18:21:12.011432,176.0,176.0,170.0,194.0,164.0,170.0,172.0,164.0,,-6,8360129
32.0275,2019-09-08 18:21:12.028629,174.0,176.0,170.0,192.0,172.0,168.0,172.0,170.0,,-6,8360835
32.0447,2019-09-08 18:21:12.045226,176.0,176.0,170.0,194.0,164.0,170.0,168.0,168.0,,-6,8359963
32.0613,2019-09-08 18:21:12.056868,176.0,176.0,170.0,192.0,164.0,170.0,164.0,172.0,,-6,8357472
32.0729,2019-09-08 18:21:12.086317,176.0,176.0,170.0,192.0,162.0,166.0,172.0,162.0,,-7,8352967
32.1031,2019-09-08 18:21:12.094151,176.0,176.0,170.0,192.0,166.0,170.0,172.0,166.0,,-7,8347299
32.1106,2019-09-08 18:21:12.136074,174.0,176.0,170.0,192.0,162.0,170.0,162.0,166.0,,-8,8342378
32.1522,2019-09-08 18:21:12.148356,176.0,176.0,170.0,190.0,166.0,168.0,174.0,174.0,,-9,8341970
32.1645,2019-09-08 18:21:12.167916,176.0,176.0,170.0,190.0,162.0,174.0,170.0,162.0,,-9,8342468
32.1839,2019-09-08 18:21:12.184474,174.0,176.0,170.0,190.0,174.0,176.0,174.0,174.0,,-9,8342164
32.2005,2019-09-08 18:21:12.193894,176.0,176.0,170.0,190.0,172.0,172.0,174.0,162.0,,-10,8342541
32.2099,2019-09-08 18:21:12.206730,176.0,176.0,170.0,190.0,186.0,172.0,174.0,160.0,,-10,8342956
32.2229,2019-09-08 18:21:12.213172,174.0,176.0,170.0,190.0,160.0,172.0,176.0,176.0,,-11,8342794
32.2291,2019-09-08 18:21:12.225821,174.0,176.0,170.0,190.0,174.0,178.0,176.0,176.0,,-11,8343005
32.2418,2019-09-08 18:21:12.247384,174.0,176.0,170.0,190.0,416.0,162.0,444.0,162.0,,-11,8342579
32.2634,2019-09-08 18:21:12.257572,174.0,176.0,170.0,190.0,488.0,204.0,182.0,204.0,,-12,8342084
32.2736,2019-09-08 18:21:12.272951,174.0,170.0,170.0,190.0,502.0,206.0,206.0,164.0,,-11,8341569
32.289,2019-09-08 18:21:12.293756,174.0,176.0,170.0,190.0,208.0,190.0,190.0,190.0,,-9,8342589
32.3098,2019-09-08 18:21:12.306647,174.0,176.0,170.0,190.0,496.0,212.0,194.0,166.0,,-9,8341818
32.3226,2019-09-08 18:21:12.320259,174.0,176.0,170.0,190.0,502.0,214.0,196.0,166.0,,-8,8341576
32.3364,2019-09-08 18:21:12.334242,174.0,176.0,170.0,190.0,166.0,512.0,214.0,166.0,,-8,8343624
32.3502,2019-09-08 18:21:12.354859,174.0,176.0,170.0,190.0,194.0,214.0,516.0,164.0,,-9,8349129
32.3711,2019-09-08 18:21:12.369803,174.0,176.0,170.0,190.0,194.0,194.0,514.0,214.0,,-9,8363739
32.3858,2019-09-08 18:21:12.487328,174.0,176.0,170.0,190.0,164.0,506.0,194.0,194.0,,-9,8373881
32.5033,2019-09-08 18:21:12.593801,258.0,174.0,170.0,190.0,504.0,192.0,212.0,502.0,,-10,8417037
32.6098,2019-09-08 18:21:12.600097,480.0,188.0,176.0,220.0,278.0,188.0,200.0,164.0,,-8,8401355
32.6162,2019-09-08 18:21:12.631058,224.0,194.0,180.0,226.0,198.0,176.0,184.0,176.0,,-5,8386296
32.6473,2019-09-08 18:21:12.637491,478.0,208.0,186.0,246.0,162.0,182.0,182.0,188.0,,-3,8380116
32.6535,2019-09-08 18:21:12.665100,466.0,216.0,190.0,252.0,180.0,170.0,176.0,170.0,,0,8356500
32.6815,2019-09-08 18:21:12.731860,450.0,222.0,192.0,258.0,172.0,168.0,172.0,172.0,,-1,8342641
32.7484,2019-09-08 18:21:12.738885,352.0,252.0,252.0,212.0,172.0,162.0,172.0,162.0,,-1,8341617
32.7554,2019-09-08 18:21:12.746625,342.0,256.0,212.0,278.0,172.0,168.0,172.0,162.0,,-2,8342039
32.7627,2019-09-08 18:21:12.780341,332.0,258.0,214.0,280.0,162.0,178.0,168.0,162.0,,-4,8342859
32.7965,2019-09-08 18:21:12.798055,324.0,260.0,216.0,284.0,180.0,182.0,170.0,174.0,,-5,8340441
32.8142,2019-09-08 18:21:12.807804,316.0,264.0,218.0,286.0,182.0,168.0,174.0,162.0,,-5,8338579
32.8239,2019-09-08 18:21:12.822627,308.0,266.0,220.0,290.0,170.0,168.0,162.0,174.0,,-5,8344520
32.839,2019-09-08 18:21:12.829290,300.0,270.0,222.0,290.0,160.0,174.0,172.0,172.0,,-5,8344216
32.8454,2019-09-08 18:21:12.842095,292.0,270.0,224.0,288.0,170.0,172.0,174.0,170.0,,-6,8344195
32.8582,2019-09-08 18:21:12.856650,282.0,272.0,224.0,286.0,168.0,168.0,172.0,172.0,,-6,8349323
32.8727,2019-09-08 18:21:12.870107,276.0,270.0,222.0,282.0,168.0,168.0,168.0,168.0,,-6,8360687
32.8863,2019-09-08 18:21:12.884983,270.0,268.0,220.0,274.0,168.0,168.0,168.0,160.0,,-6,8367815
32.9017,2019-09-08 18:21:12.928149,264.0,264.0,218.0,266.0,162.0,174.0,162.0,162.0,,-6,8400708
32.9442,2019-09-08 18:21:12.934619,254.0,252.0,246.0,252.0,170.0,168.0,170.0,162.0,,-6,8405324
32.9512,2019-09-08 18:21:12.949247,248.0,242.0,200.0,240.0,170.0,162.0,172.0,168.0,,-5,8412203
32.9654,2019-09-08 18:21:12.966059,190.0,230.0,196.0,234.0,172.0,168.0,174.0,162.0,,-5,8423864
32.9822,2019-09-08 18:21:12.979683,188.0,218.0,190.0,224.0,176.0,168.0,174.0,162.0,,-5,8429484
32.9958,2019-09-08 18:21:13.014066,184.0,206.0,186.0,214.0,182.0,168.0,160.0,184.0,,-4,8428504
33.0301,2019-09-08 18:21:13.034598,184.0,194.0,184.0,206.0,186.0,168.0,174.0,160.0,,-3,8421137
33.0506,2019-09-08 18:21:13.041190,182.0,186.0,178.0,202.0,222.0,162.0,226.0,176.0,,-3,8416016
33.0572,2019-09-08 18:21:13.049762,182.0,180.0,176.0,198.0,228.0,230.0,174.0,174.0,,-2,8412162
33.0658,2019-09-08 18:21:13.065322,182.0,178.0,172.0,194.0,162.0,174.0,162.0,250.0,,-1,8401023
33.0813,2019-09-08 18:21:13.075281,180.0,176.0,172.0,194.0,178.0,192.0,178.0,164.0,,-1,8395583
33.0915,2019-09-08 18:21:13.090501,180.0,180.0,170.0,192.0,292.0,198.0,298.0,164.0,,-1,8377632
33.1067,2019-09-08 18:21:13.114339,180.0,176.0,170.0,192.0,184.0,204.0,184.0,204.0,,-2,8362527
33.1304,2019-09-08 18:21:13.120977,180.0,176.0,170.0,192.0,186.0,204.0,186.0,204.0,,-3,8353361
33.137,2019-09-08 18:21:13.136843,180.0,176.0,170.0,190.0,186.0,204.0,188.0,206.0,,-4,8342672
33.153,2019-09-08 18:21:13.147451,180.0,176.0,170.0,190.0,186.0,204.0,380.0,164.0,,-5,8342780
33.1634,2019-09-08 18:21:13.170439,180.0,174.0,170.0,190.0,404.0,206.0,408.0,206.0,,-1,8341185
33.1865,2019-09-08 18:21:13.183575,180.0,176.0,170.0,190.0,418.0,420.0,208.0,188.0,,2,8341202
33.1996,2019-09-08 18:21:13.202310,180.0,174.0,170.0,190.0,420.0,208.0,190.0,190.0,,-7,8340617
33.2183,2019-09-08 18:21:13.218729,180.0,176.0,170.0,190.0,406.0,164.0,404.0,164.0,,-6,8335025
33.2347,2019-09-08 18:21:13.233499,180.0,176.0,170.0,190.0,404.0,212.0,164.0,188.0,,-5,8326375
33.2495,2019-09-08 18:21:13.244089,182.0,178.0,180.0,192.0,400.0,400.0,222.0,188.0,,-7,8327247
33.2601,2019-09-08 18:21:13.277578,184.0,178.0,176.0,194.0,220.0,220.0,190.0,164.0,,-5,8328568
33.2936,2019-09-08 18:21:13.286291,182.0,176.0,174.0,192.0,190.0,164.0,382.0,216.0,,-5,8330651
33.3023,2019-09-08 18:21:13.323342,180.0,176.0,172.0,190.0,376.0,194.0,164.0,374.0,,-4,8339181
33.3394,2019-09-08 18:21:13.332556,182.0,176.0,172.0,190.0,226.0,196.0,196.0,370.0,,-3,8339866
33.3486,2019-09-08 18:21:13.342825,182.0,176.0,172.0,190.0,362.0,234.0,198.0,164.0,,-2,8342524
33.3588,2019-09-08 18:21:13.353669,180.0,174.0,170.0,190.0,164.0,232.0,198.0,164.0,,0,8342299
33.3697,2019-09-08 18:21:13.364200,180.0,174.0,170.0,188.0,302.0,198.0,198.0,164.0,,1,8341015
33.3802,2019-09-08 18:21:13.379401,180.0,174.0,170.0,188.0,278.0,198.0,198.0,164.0,,2,8341098
33.3955,2019-09-08 18:21:13.425224,178.0,174.0,170.0,188.0,196.0,194.0,234.0,194.0,,6,8341112
33.4414,2019-09-08 18:21:13.431732,180.0,174.0,170.0,188.0,192.0,186.0,192.0,162.0,,6,8341589
33.4479,2019-09-08 18:21:13.569161,180.0,176.0,170.0,188.0,172.0,170.0,174.0,160.0,,1,8359050
33.5852,2019-09-08 18:21:13.578050,178.0,176.0,170.0,188.0,172.0,170.0,174.0,162.0,,0,8359583
33.5941,2019-09-08 18:21:13.592024,178.0,178.0,176.0,188.0,172.0,170.0,160.0,172.0,,-1,8365898
33.608,2019-09-08 18:21:13.603706,178.0,174.0,170.0,178.0,168.0,162.0,170.0,162.0,,-1,8373393
33.6197,2019-09-08 18:21:13.628141,178.0,176.0,170.0,178.0,170.0,170.0,172.0,170.0,,-2,8384642
33.6441,2019-09-08 18:21:13.641043,178.0,176.0,178.0,188.0,170.0,170.0,170.0,170.0,,-3,8387940
33.6572,2019-09-08 18:21:13.657904,178.0,176.0,170.0,176.0,170.0,170.0,172.0,162.0,,-3,8387023
33.6742,2019-09-08 18:21:13.684180,184.0,176.0,170.0,188.0,170.0,174.0,172.0,168.0,,-3,8385687
33.7003,2019-09-08 18:21:13.707600,192.0,176.0,170.0,190.0,170.0,170.0,162.0,168.0,,-4,8376313
33.7236,2019-09-08 18:21:13.713823,198.0,176.0,172.0,190.0,174.0,162.0,170.0,162.0,,-4,8373946
33.7298,2019-09-08 18:21:13.739267,202.0,176.0,170.0,188.0,168.0,170.0,172.0,160.0,,-4,8359787
33.7553,2019-09-08 18:21:13.745551,216.0,176.0,170.0,192.0,166.0,170.0,162.0,166.0,,-4,8355451
33.7616,2019-09-08 18:21:13.765733,258.0,176.0,170.0,196.0,168.0,170.0,172.0,162.0,,-4,8353583
33.7817,2019-09-08 18:21:13.773049,342.0,182.0,172.0,202.0,166.0,170.0,172.0,162.0,,-4,8345434
33.7891,2019-09-08 18:21:13.874967,424.0,192.0,176.0,210.0,166.0,170.0,172.0,166.0,,-4,8340897
33.891,2019-09-08 18:21:13.881399,500.0,216.0,188.0,258.0,166.0,170.0,174.0,162.0,,-4,8340683
33.8974,2019-09-08 18:21:13.897499,486.0,222.0,192.0,262.0,166.0,170.0,174.0,162.0,,-4,8339603
33.9135,2019-09-08 18:21:13.903796,450.0,230.0,196.0,268.0,174.0,170.0,172.0,164.0,,-4,8338693
33.9198,2019-09-08 18:21:13.920105,428.0,234.0,198.0,270.0,162.0,162.0,164.0,162.0,,-4,8339198
33.9362,2019-09-08 18:21:13.936091,404.0,240.0,200.0,274.0,164.0,168.0,164.0,162.0,,-5,8340503
33.9521,2019-09-08 18:21:13.970309,382.0,244.0,204.0,278.0,164.0,170.0,170.0,162.0,,-5,8339261
33.9864,2019-09-08 18:21:13.979925,362.0,250.0,206.0,282.0,164.0,170.0,174.0,162.0,,-5,8339672
33.9962,2019-09-08 18:21:13.991502,346.0,256.0,210.0,286.0,164.0,170.0,174.0,162.0,,-5,8338472
34.0076,2019-09-08 18:21:14.001314,334.0,264.0,212.0,292.0,164.0,168.0,164.0,162.0,,-5,8337454
34.0182,2019-09-08 18:21:14.036362,322.0,270.0,216.0,298.0,172.0,162.0,168.0,162.0,,-5,8338385
34.0524,2019-09-08 18:21:14.045277,310.0,278.0,220.0,302.0,164.0,170.0,174.0,162.0,,-5,8338544
34.0613,2019-09-08 18:21:14.055275,298.0,282.0,224.0,306.0,164.0,170.0,172.0,162.0,,-5,8333748
34.0713,2019-09-08 18:21:14.063435,284.0,288.0,226.0,308.0,164.0,168.0,172.0,162.0,,-5,8332551
34.0796,2019-09-08 18:21:14.075227,274.0,290.0,228.0,310.0,164.0,170.0,174.0,162.0,,-5,8336555
34.0912,2019-09-08 18:21:14.102107,266.0,294.0,230.0,310.0,160.0,168.0,170.0,162.0,,-5,8334036
34.1181,2019-09-08 18:21:14.108889,260.0,296.0,232.0,312.0,162.0,162.0,168.0,172.0,,-5,8333759
34.1249,2019-09-08 18:21:14.129247,258.0,296.0,232.0,312.0,162.0,168.0,172.0,162.0,,-5,8335056
34.1453,2019-09-08 18:21:14.146470,260.0,296.0,232.0,312.0,168.0,170.0,174.0,162.0,,-6,8335136
34.1625,2019-09-08 18:21:14.163558,262.0,294.0,232.0,310.0,174.0,170.0,172.0,164.0,,-6,8339243
34.1796,2019-09-08 18:21:14.169886,264.0,290.0,230.0,308.0,174.0,170.0,164.0,170.0,,-6,8337676
34.1861,2019-09-08 18:21:14.181871,262.0,284.0,228.0,300.0,164.0,170.0,164.0,162.0,,-6,8330423
34.1979,2019-09-08 18:21:14.233542,254.0,278.0,224.0,290.0,164.0,164.0,162.0,162.0,,-6,8334468
34.2495,2019-09-08 18:21:14.239822,240.0,270.0,220.0,282.0,164.0,170.0,174.0,164.0,,-6,8333814
34.2561,2019-09-08 18:21:14.253328,220.0,262.0,216.0,272.0,164.0,170.0,172.0,162.0,,-6,8333600
34.2693,2019-09-08 18:21:14.282885,198.0,252.0,212.0,262.0,168.0,174.0,174.0,160.0,,-6,8332233
34.2989,2019-09-08 18:21:14.289130,188.0,242.0,208.0,250.0,164.0,170.0,164.0,170.0,,-6,8333804
34.3054,2019-09-08 18:21:14.295837,186.0,232.0,204.0,236.0,164.0,170.0,174.0,162.0,,-6,8334271
34.3119,2019-09-08 18:21:14.303687,184.0,222.0,200.0,226.0,166.0,170.0,174.0,160.0,,-6,8334461
34.3197,2019-09-08 18:21:14.312337,182.0,214.0,196.0,216.0,166.0,170.0,170.0,160.0,,-6,8334385
34.3286,2019-09-08 18:21:14.336818,182.0,206.0,194.0,208.0,162.0,166.0,170.0,162.0,,-6,8334171
34.353,2019-09-08 18:21:14.352554,180.0,200.0,192.0,202.0,166.0,170.0,172.0,160.0,,-6,8336222
34.3687,2019-09-08 18:21:14.361127,200.0,194.0,190.0,198.0,170.0,168.0,174.0,162.0,,-5,8336859
34.3771,2019-09-08 18:21:14.371633,196.0,190.0,186.0,194.0,170.0,170.0,174.0,162.0,,-5,8338164
34.3876,2019-09-08 18:21:14.383474,192.0,186.0,184.0,192.0,174.0,170.0,174.0,162.0,,-5,8338126
34.3995,2019-09-08 18:21:14.399161,180.0,184.0,180.0,192.0,170.0,174.0,172.0,160.0,,-5,8338143
34.4152,2019-09-08 18:21:14.557769,180.0,180.0,176.0,190.0,170.0,174.0,162.0,178.0,,-3,8341579
34.5738,2019-09-08 18:21:14.564087,190.0,176.0,170.0,188.0,340.0,194.0,182.0,162.0,,-3,8342662
34.5801,2019-09-08 18:21:14.572172,178.0,176.0,170.0,190.0,382.0,202.0,186.0,164.0,,-3,8342489
34.5885,2019-09-08 18:21:14.582199,178.0,174.0,170.0,190.0,390.0,206.0,164.0,164.0,,-3,8342527
34.5983,2019-09-08 18:21:14.595370,180.0,176.0,170.0,190.0,210.0,210.0,164.0,406.0,,-2,8342614
34.6114,2019-09-08 18:21:14.610217,188.0,176.0,170.0,188.0,416.0,186.0,188.0,164.0,,-2,8343046
34.6266,2019-09-08 18:21:14.625398,180.0,176.0,170.0,190.0,426.0,218.0,188.0,164.0,,-2,8342821
34.6415,2019-09-08 18:21:14.646013,180.0,188.0,170.0,188.0,434.0,164.0,436.0,220.0,,-2,8341980
34.662,2019-09-08 18:21:14.656254,170.0,188.0,170.0,188.0,192.0,220.0,444.0,220.0,,-2,8343167
34.6724,2019-09-08 18:21:14.680096,180.0,174.0,170.0,190.0,454.0,222.0,164.0,456.0,,-2,8343309
34.6962,2019-09-08 18:21:14.688798,180.0,176.0,170.0,188.0,456.0,222.0,192.0,456.0,,-2,8343852
34.7048,2019-09-08 18:21:14.701294,170.0,190.0,170.0,188.0,192.0,192.0,456.0,164.0,,-3,8347842
34.7173,2019-09-08 18:21:14.725403,170.0,188.0,170.0,190.0,194.0,166.0,458.0,222.0,,-3,8358178
34.7416,2019-09-08 18:21:14.767684,178.0,188.0,170.0,190.0,456.0,192.0,222.0,192.0,,-4,8374528
34.7837,2019-09-08 18:21:14.776475,178.0,188.0,170.0,190.0,442.0,222.0,440.0,220.0,,-4,8378967
34.7926,2019-09-08 18:21:14.782965,170.0,188.0,170.0,190.0,438.0,220.0,192.0,164.0,,-5,8384016
34.799,2019-09-08 18:21:14.790712,178.0,190.0,170.0,188.0,436.0,220.0,192.0,164.0,,-5,8391050
34.8068,2019-09-08 18:21:14.813045,170.0,188.0,170.0,190.0,430.0,220.0,194.0,164.0,,-5,8392486
34.8291,2019-09-08 18:21:14.821309,170.0,188.0,170.0,188.0,164.0,220.0,194.0,164.0,,-5,8395410
34.8373,2019-09-08 18:21:14.851970,176.0,176.0,170.0,188.0,164.0,420.0,194.0,194.0,,-6,8404276
34.868,2019-09-08 18:21:14.871879,176.0,176.0,170.0,188.0,164.0,418.0,218.0,412.0,,-6,8405314
34.8879,2019-09-08 18:21:14.878165,188.0,176.0,170.0,188.0,364.0,214.0,196.0,356.0,,-6,8407210
34.8942,2019-09-08 18:21:14.898598,176.0,176.0,170.0,188.0,210.0,320.0,210.0,164.0,,-5,8402262
34.9146,2019-09-08 18:21:14.911433,176.0,176.0,170.0,188.0,310.0,208.0,196.0,164.0,,-5,8399836
34.9276,2019-09-08 18:21:14.923826,174.0,176.0,170.0,188.0,282.0,278.0,204.0,164.0,,-5,8398186
34.9398,2019-09-08 18:21:14.937836,176.0,176.0,170.0,188.0,164.0,254.0,194.0,164.0,,-5,8395511
34.9538,2019-09-08 18:21:14.958002,176.0,176.0,170.0,188.0,164.0,192.0,192.0,224.0,,-5,8384618
34.9742,2019-09-08 18:21:15.019587,176.0,188.0,172.0,188.0,178.0,180.0,178.0,186.0,,-4,8365929
35.0357,2019-09-08 18:21:15.026821,178.0,192.0,176.0,198.0,178.0,178.0,184.0,162.0,,-4,8365929
35.0429,2019-09-08 18:21:15.042892,178.0,196.0,178.0,200.0,162.0,176.0,182.0,176.0,,-3,8361067
35.0589,2019-09-08 18:21:15.071442,184.0,200.0,178.0,186.0,176.0,174.0,180.0,162.0,,-2,8351846
35.0876,2019-09-08 18:21:15.078466,202.0,202.0,180.0,202.0,174.0,162.0,174.0,162.0,,-2,8348230
35.0946,2019-09-08 18:21:15.097122,194.0,202.0,180.0,204.0,174.0,174.0,172.0,172.0,,-2,8342742
35.1133,2019-09-08 18:21:15.103667,198.0,202.0,182.0,200.0,172.0,162.0,172.0,162.0,,-1,8342614
35.1205,2019-09-08 18:21:15.119101,204.0,202.0,182.0,204.0,172.0,172.0,172.0,162.0,,-1,8342084
35.1352,2019-09-08 18:21:15.131822,208.0,204.0,184.0,208.0,170.0,172.0,172.0,162.0,,-1,8343326
35.1479,2019-09-08 18:21:15.149540,208.0,204.0,184.0,210.0,170.0,172.0,174.0,170.0,,-1,8341531
35.1661,2019-09-08 18:21:15.168555,210.0,206.0,212.0,206.0,170.0,170.0,172.0,162.0,,-2,8341316
35.1846,2019-09-08 18:21:15.181823,214.0,208.0,186.0,212.0,170.0,170.0,172.0,162.0,,-2,8341025
35.1982,2019-09-08 18:21:15.266375,220.0,210.0,222.0,214.0,170.0,170.0,162.0,162.0,,-4,8339043
35.2827,2019-09-08 18:21:15.277910,234.0,216.0,192.0,218.0,166.0,166.0,170.0,174.0,,-4,8338600
35.2947,2019-09-08 18:21:15.352998,240.0,218.0,192.0,220.0,170.0,172.0,174.0,174.0,,-5,8338589
35.3695,2019-09-08 18:21:15.363366,286.0,286.0,216.0,192.0,170.0,170.0,174.0,162.0,,-6,8337876
35.38,2019-09-08 18:21:15.429657,300.0,216.0,190.0,216.0,166.0,170.0,174.0,162.0,,-6,8338776
35.446,2019-09-08 18:21:15.446139,290.0,238.0,200.0,232.0,164.0,170.0,164.0,162.0,,-7,8338292
35.4625,2019-09-08 18:21:15.470073,244.0,200.0,236.0,236.0,164.0,164.0,164.0,172.0,,-7,8340205
35.4865,2019-09-08 18:21:15.476812,250.0,204.0,238.0,238.0,164.0,164.0,174.0,174.0,,-7,8340008
35.4932,2019-09-08 18:21:15.488041,254.0,206.0,242.0,242.0,164.0,170.0,174.0,162.0,,-7,8341095
35.5043,2019-09-08 18:21:15.687235,252.0,260.0,210.0,246.0,164.0,170.0,172.0,162.0,,-9,8341569
35.7037,2019-09-08 18:21:15.694016,306.0,314.0,242.0,308.0,162.0,164.0,172.0,162.0,,-9,8342268
35.7104,2019-09-08 18:21:15.707188,230.0,316.0,244.0,230.0,164.0,170.0,162.0,162.0,,-9,8342226
35.7236,2019-09-08 18:21:15.721978,230.0,318.0,246.0,310.0,164.0,162.0,164.0,162.0,,-9,8343095
35.7385,2019-09-08 18:21:15.734397,230.0,320.0,246.0,310.0,164.0,174.0,162.0,164.0,,-9,8343354
35.7509,2019-09-08 18:21:15.747718,228.0,322.0,246.0,312.0,164.0,164.0,170.0,170.0,,-9,8342347
35.7641,2019-09-08 18:21:15.770660,226.0,324.0,248.0,312.0,162.0,170.0,172.0,162.0,,-9,8341977
35.7873,2019-09-08 18:21:15.784105,224.0,324.0,224.0,312.0,164.0,170.0,174.0,162.0,,-9,8342648
35.8004,2019-09-08 18:21:15.795375,224.0,324.0,248.0,312.0,162.0,174.0,174.0,164.0,,-9,8341915
35.8121,2019-09-08 18:21:15.811024,226.0,324.0,248.0,312.0,162.0,170.0,174.0,162.0,,-9,8343022
35.8278,2019-09-08 18:21:15.825960,228.0,324.0,248.0,312.0,162.0,170.0,174.0,162.0,,-10,8341811
35.8423,2019-09-08 18:21:15.848226,230.0,326.0,230.0,326.0,162.0,174.0,174.0,162.0,,-10,8341897
35.8651,2019-09-08 18:21:15.921346,230.0,230.0,250.0,312.0,162.0,170.0,174.0,162.0,,-10,8341572
35.9381,2019-09-08 18:21:15.954030,224.0,326.0,250.0,306.0,162.0,170.0,174.0,162.0,,-10,8342973
35.9709,2019-09-08 18:21:15.969494,222.0,314.0,246.0,300.0,162.0,172.0,174.0,162.0,,-10,8341973
35.9855,2019-09-08 18:21:15.987681,216.0,306.0,242.0,292.0,162.0,174.0,174.0,162.0,,-10,8342112
36.0037,2019-09-08 18:21:15.994115,206.0,292.0,236.0,280.0,162.0,162.0,162.0,162.0,,-10,8341814
36.0102,2019-09-08 18:21:16.000668,196.0,196.0,228.0,262.0,162.0,162.0,172.0,172.0,,-10,8342991
36.0168,2019-09-08 18:21:16.050151,190.0,188.0,222.0,248.0,162.0,162.0,174.0,172.0,,-10,8343493
36.0667,2019-09-08 18:21:16.057208,184.0,248.0,250.0,236.0,174.0,172.0,162.0,170.0,,-10,8343493
36.0733,2019-09-08 18:21:16.103485,184.0,246.0,218.0,230.0,170.0,170.0,160.0,162.0,,-10,8342863
36.1197,2019-09-08 18:21:16.115291,182.0,242.0,242.0,216.0,162.0,162.0,174.0,174.0,,-10,8342942
36.1325,2019-09-08 18:21:16.215347,180.0,236.0,216.0,218.0,162.0,162.0,162.0,162.0,,-10,8344247
36.2315,2019-09-08 18:21:16.227813,182.0,232.0,216.0,212.0,174.0,162.0,162.0,170.0,,-10,8343472
36.2442,2019-09-08 18:21:16.234432,180.0,228.0,218.0,226.0,170.0,170.0,174.0,164.0,,-10,8343212
36.251,2019-09-08 18:21:16.244926,180.0,226.0,218.0,206.0,162.0,162.0,170.0,162.0,,-10,8343091
36.2609,2019-09-08 18:21:16.292636,180.0,222.0,206.0,206.0,162.0,170.0,170.0,162.0,,-9,8343001
36.3087,2019-09-08 18:21:16.299139,178.0,178.0,220.0,204.0,174.0,170.0,164.0,170.0,,-9,8341897
36.3152,2019-09-08 18:21:16.311740,178.0,218.0,218.0,202.0,164.0,164.0,172.0,160.0,,-9,8342745
36.3278,2019-09-08 18:21:16.322926,178.0,214.0,214.0,200.0,164.0,172.0,174.0,162.0,,-9,8343077
36.3389,2019-09-08 18:21:16.335301,178.0,214.0,218.0,200.0,162.0,170.0,174.0,162.0,,-9,8342313
36.3513,2019-09-08 18:21:16.348528,178.0,212.0,218.0,200.0,170.0,170.0,162.0,162.0,,-9,8343219
36.3646,2019-09-08 18:21:16.369625,178.0,214.0,218.0,200.0,164.0,170.0,162.0,162.0,,-9,8342306
36.3856,2019-09-08 18:21:16.458411,178.0,212.0,218.0,198.0,170.0,174.0,174.0,162.0,,-8,8342313
36.4744,2019-09-08 18:21:16.464669,178.0,198.0,208.0,196.0,170.0,170.0,174.0,162.0,,-8,8342953
36.4807,2019-09-08 18:21:16.517202,178.0,196.0,204.0,194.0,168.0,170.0,172.0,160.0,,-8,8342115
36.5332,2019-09-08 18:21:16.524273,178.0,186.0,190.0,192.0,174.0,172.0,172.0,178.0,,-7,8342908
36.5405,2019-09-08 18:21:16.533025,178.0,184.0,192.0,192.0,172.0,160.0,162.0,180.0,,-7,8342399
36.5492,2019-09-08 18:21:16.551584,178.0,180.0,178.0,190.0,174.0,162.0,174.0,180.0,,-7,8342527
36.5676,2019-09-08 18:21:16.564609,174.0,178.0,174.0,190.0,186.0,172.0,174.0,162.0,,-7,8342586
36.5808,2019-09-08 18:21:16.576762,190.0,178.0,172.0,190.0,186.0,172.0,174.0,162.0,,-6,8341880
36.5929,2019-09-08 18:21:16.598356,190.0,176.0,172.0,190.0,186.0,174.0,174.0,162.0,,-6,8341402
36.6143,2019-09-08 18:21:16.667539,190.0,178.0,172.0,190.0,188.0,174.0,174.0,162.0,,-5,8343178
36.6836,2019-09-08 18:21:16.680178,180.0,176.0,170.0,188.0,242.0,180.0,180.0,182.0,,-5,8343448
36.6963,2019-09-08 18:21:16.702943,178.0,176.0,170.0,188.0,258.0,188.0,162.0,268.0,,-4,8344780
36.7189,2019-09-08 18:21:16.710157,178.0,176.0,170.0,188.0,292.0,194.0,164.0,300.0,,-4,8344084
36.7262,2019-09-08 18:21:16.717670,178.0,176.0,170.0,188.0,302.0,196.0,186.0,310.0,,-4,8345614
36.7338,2019-09-08 18:21:16.743724,178.0,176.0,170.0,188.0,332.0,202.0,164.0,338.0,,-4,8349614
36.7598,2019-09-08 18:21:16.750160,170.0,188.0,170.0,188.0,346.0,348.0,164.0,164.0,,-4,8349614
36.7663,2019-09-08 18:21:16.769405,178.0,176.0,172.0,188.0,370.0,212.0,190.0,374.0,,-5,8359392
36.7854,2019-09-08 18:21:16.781609,178.0,176.0,172.0,188.0,378.0,214.0,164.0,164.0,,-5,8361652
36.7978,2019-09-08 18:21:16.807087,178.0,176.0,170.0,188.0,392.0,218.0,398.0,218.0,,-5,8366441
36.8231,2019-09-08 18:21:16.845387,176.0,176.0,172.0,188.0,400.0,220.0,404.0,164.0,,-6,8383282
36.8614,2019-09-08 18:21:16.856959,170.0,190.0,170.0,188.0,192.0,224.0,430.0,224.0,,-6,8382632
36.8732,2019-09-08 18:21:16.903461,176.0,190.0,170.0,188.0,432.0,432.0,432.0,190.0,,-6,8389701
36.9194,2019-09-08 18:21:16.912562,176.0,176.0,172.0,190.0,430.0,228.0,190.0,164.0,,-6,8390061
36.9286,2019-09-08 18:21:16.925549,176.0,176.0,170.0,188.0,430.0,228.0,190.0,164.0,,-6,8390351
36.9415,2019-09-08 18:21:16.933730,176.0,176.0,170.0,190.0,430.0,228.0,190.0,164.0,,-6,8391099
36.9497,2019-09-08 18:21:16.946802,188.0,176.0,170.0,188.0,190.0,228.0,432.0,228.0,,-6,8389535
36.9628,2019-09-08 18:21:16.959367,176.0,178.0,170.0,192.0,434.0,434.0,190.0,190.0,,-6,8386372
36.9754,2019-09-08 18:21:16.973994,176.0,178.0,170.0,190.0,164.0,438.0,192.0,192.0,,-6,8383258
36.99,2019-09-08 18:21:16.980894,170.0,192.0,170.0,192.0,440.0,440.0,192.0,192.0,,-6,8380140
36.9969,2019-09-08 18:21:17.004698,180.0,178.0,172.0,192.0,442.0,226.0,192.0,164.0,,-6,8375448
37.0208,2019-09-08 18:21:17.016850,186.0,178.0,170.0,192.0,444.0,226.0,192.0,166.0,,-6,8374483
37.0329,2019-09-08 18:21:17.023755,188.0,180.0,172.0,194.0,442.0,194.0,442.0,164.0,,-6,8375638
37.0399,2019-09-08 18:21:17.042007,192.0,180.0,172.0,194.0,196.0,222.0,166.0,222.0,,-6,8373234
37.058,2019-09-08 18:21:17.055137,196.0,180.0,172.0,196.0,430.0,428.0,220.0,166.0,,-6,8372839
37.0711,2019-09-08 18:21:17.071509,202.0,194.0,172.0,196.0,426.0,196.0,164.0,422.0,,-5,8372998
37.0885,2019-09-08 18:21:17.108527,208.0,180.0,172.0,196.0,420.0,220.0,164.0,218.0,,-5,8368413
37.1246,2019-09-08 18:21:17.117564,214.0,182.0,172.0,196.0,366.0,362.0,212.0,164.0,,-4,8367455
37.1336,2019-09-08 18:21:17.126677,220.0,180.0,172.0,196.0,164.0,332.0,194.0,194.0,,-4,8365756
37.1428,2019-09-08 18:21:17.137841,226.0,182.0,172.0,198.0,320.0,208.0,192.0,164.0,,-4,8365687
37.1544,2019-09-08 18:21:17.150646,232.0,182.0,172.0,198.0,288.0,206.0,192.0,276.0,,-4,8364271
37.1668,2019-09-08 18:21:17.167709,242.0,182.0,174.0,198.0,202.0,190.0,190.0,240.0,,-3,8362642
37.1838,2019-09-08 18:21:17.181419,250.0,184.0,174.0,198.0,238.0,236.0,190.0,164.0,,-3,8361621
37.1983,2019-09-08 18:21:17.209785,260.0,184.0,174.0,200.0,190.0,164.0,202.0,164.0,,-3,8361199
37.2274,2019-09-08 18:21:17.217750,276.0,186.0,174.0,202.0,190.0,192.0,190.0,164.0,,-2,8360503
37.234,2019-09-08 18:21:17.227492,294.0,186.0,174.0,206.0,190.0,190.0,190.0,184.0,,-2,8358991
37.2437,2019-09-08 18:21:17.237498,306.0,210.0,176.0,212.0,190.0,190.0,162.0,182.0,,-2,8358842
37.2536,2019-09-08 18:21:17.256500,322.0,214.0,178.0,216.0,180.0,186.0,188.0,164.0,,-1,8356624
37.2725,2019-09-08 18:21:17.269026,178.0,220.0,178.0,220.0,180.0,178.0,186.0,162.0,,-1,8354379
37.2851,2019-09-08 18:21:17.283208,372.0,198.0,180.0,226.0,178.0,184.0,184.0,162.0,,0,8352316
37.2994,2019-09-08 18:21:17.310106,392.0,202.0,180.0,232.0,180.0,180.0,182.0,176.0,,1,8350493
37.3268,2019-09-08 18:21:17.317398,404.0,206.0,184.0,236.0,176.0,178.0,180.0,176.0,,1,8348468
37.3335,2019-09-08 18:21:17.337594,184.0,242.0,184.0,242.0,180.0,178.0,180.0,176.0,,2,8346963
37.3536,2019-09-08 18:21:17.348065,186.0,246.0,186.0,246.0,178.0,176.0,174.0,176.0,,2,8344773
37.3641,2019-09-08 18:21:17.366732,426.0,216.0,188.0,250.0,162.0,176.0,176.0,162.0,,3,8343562
37.3827,2019-09-08 18:21:17.377978,426.0,222.0,188.0,254.0,172.0,174.0,176.0,162.0,,3,8343368
37.3939,2019-09-08 18:21:17.410808,424.0,226.0,190.0,256.0,174.0,174.0,176.0,164.0,,4,8341935
37.427,2019-09-08 18:21:17.417394,418.0,230.0,192.0,260.0,174.0,174.0,172.0,162.0,,4,8342243
37.4334,2019-09-08 18:21:17.453720,414.0,234.0,192.0,262.0,176.0,174.0,162.0,174.0,,4,8341510
37.4697,2019-09-08 18:21:17.466160,266.0,240.0,196.0,268.0,172.0,174.0,162.0,170.0,,4,8342461
37.4822,2019-09-08 18:21:17.476137,392.0,246.0,196.0,268.0,172.0,172.0,174.0,172.0,,4,8340731
37.4923,2019-09-08 18:21:17.485039,382.0,250.0,198.0,270.0,174.0,174.0,174.0,170.0,,4,8342043
37.5011,2019-09-08 18:21:17.518156,374.0,256.0,200.0,272.0,174.0,162.0,170.0,162.0,,4,8341863
37.5342,2019-09-08 18:21:17.526572,368.0,260.0,202.0,274.0,170.0,172.0,162.0,162.0,,4,8341679
37.5426,2019-09-08 18:21:17.534976,366.0,264.0,202.0,276.0,162.0,172.0,162.0,170.0,,4,8341679
37.551,2019-09-08 18:21:17.545876,362.0,266.0,204.0,276.0,170.0,162.0,174.0,162.0,,4,8340513
37.5621,2019-09-08 18:21:17.564068,360.0,268.0,204.0,278.0,162.0,170.0,174.0,162.0,,4,8340302
37.58,2019-09-08 18:21:17.580361,360.0,268.0,206.0,276.0,168.0,170.0,174.0,162.0,,4,8340524
37.5965,2019-09-08 18:21:17.592573,356.0,268.0,356.0,268.0,168.0,170.0,174.0,174.0,,4,8340056
37.6086,2019-09-08 18:21:17.616112,354.0,266.0,204.0,272.0,174.0,170.0,172.0,162.0,,3,8338025
37.6321,2019-09-08 18:21:17.628691,352.0,264.0,204.0,270.0,174.0,170.0,162.0,166.0,,3,8340299
37.6447,2019-09-08 18:21:17.644505,348.0,260.0,202.0,266.0,174.0,170.0,166.0,170.0,,3,8341887
37.6605,2019-09-08 18:21:17.656262,338.0,254.0,254.0,200.0,162.0,166.0,170.0,172.0,,3,8341001
37.6723,2019-09-08 18:21:17.675678,320.0,248.0,198.0,258.0,170.0,170.0,174.0,162.0,,2,8341870
37.6917,2019-09-08 18:21:17.687481,286.0,242.0,196.0,250.0,170.0,170.0,174.0,166.0,,2,8337652
37.7035,2019-09-08 18:21:17.733352,246.0,234.0,192.0,242.0,166.0,170.0,166.0,162.0,,1,8341236
37.7495,2019-09-08 18:21:17.740660,198.0,220.0,188.0,230.0,174.0,170.0,166.0,170.0,,0,8341036
37.7567,2019-09-08 18:21:17.752083,190.0,186.0,224.0,190.0,166.0,170.0,166.0,170.0,,0,8341461
37.7681,2019-09-08 18:21:17.766400,188.0,210.0,188.0,216.0,166.0,172.0,170.0,174.0,,0,8342665
37.7824,2019-09-08 18:21:17.794422,184.0,210.0,184.0,210.0,168.0,170.0,174.0,162.0,,-1,8342717
37.8107,2019-09-08 18:21:17.801383,186.0,202.0,186.0,204.0,170.0,170.0,162.0,162.0,,-1,8343167
37.8173,2019-09-08 18:21:17.853063,186.0,202.0,184.0,204.0,166.0,174.0,174.0,166.0,,-1,8344236
37.8691,2019-09-08 18:21:17.860772,184.0,206.0,186.0,204.0,172.0,174.0,172.0,166.0,,-1,8344008
37.877,2019-09-08 18:21:17.875461,184.0,206.0,188.0,202.0,166.0,170.0,174.0,166.0,,-1,8344025
37.8915,2019-09-08 18:21:17.885989,182.0,206.0,188.0,202.0,166.0,162.0,174.0,170.0,,-2,8344634
37.902,2019-09-08 18:21:17.898873,182.0,204.0,190.0,200.0,166.0,162.0,166.0,170.0,,-2,8346050
37.915,2019-09-08 18:21:17.928763,182.0,202.0,190.0,198.0,166.0,170.0,174.0,162.0,,-2,8345524
37.9448,2019-09-08 18:21:17.935501,182.0,200.0,190.0,198.0,166.0,170.0,174.0,162.0,,-2,8345461
37.9516,2019-09-08 18:21:17.947351,180.0,198.0,188.0,196.0,168.0,170.0,174.0,162.0,,-2,8345551
37.9634,2019-09-08 18:21:17.954647,180.0,194.0,188.0,194.0,168.0,162.0,170.0,162.0,,-2,8345458
37.971,2019-09-08 18:21:17.971147,180.0,190.0,186.0,192.0,174.0,162.0,168.0,162.0,,-2,8344935
37.9876,2019-09-08 18:21:17.988959,180.0,186.0,182.0,192.0,170.0,170.0,170.0,162.0,,-2,8345517
38.005,2019-09-08 18:21:18.004173,180.0,184.0,180.0,190.0,174.0,170.0,172.0,170.0,,-2,8345645
38.0203,2019-09-08 18:21:18.024469,180.0,182.0,178.0,190.0,172.0,170.0,172.0,170.0,,-2,8345724
38.0406,2019-09-08 18:21:18.037115,180.0,180.0,176.0,190.0,162.0,170.0,174.0,162.0,,-2,8346043
38.054,2019-09-08 18:21:18.049832,180.0,178.0,174.0,190.0,176.0,176.0,170.0,162.0,,-2,8344973
38.066,2019-09-08 18:21:18.064770,180.0,178.0,172.0,190.0,178.0,178.0,174.0,162.0,,-2,8344548
38.081,2019-09-08 18:21:18.077498,180.0,178.0,172.0,190.0,182.0,182.0,174.0,174.0,,-1,8343991
38.0936,2019-09-08 18:21:18.095770,178.0,176.0,172.0,188.0,188.0,172.0,174.0,162.0,,-1,8343866
38.1119,2019-09-08 18:21:18.109096,180.0,176.0,170.0,180.0,174.0,174.0,198.0,162.0,,-1,8342742
38.1253,2019-09-08 18:21:18.134937,180.0,176.0,170.0,188.0,162.0,174.0,162.0,212.0,,-1,8343084
38.1511,2019-09-08 18:21:18.144025,180.0,176.0,170.0,180.0,162.0,178.0,174.0,218.0,,-1,8343084
38.1601,2019-09-08 18:21:18.166544,180.0,176.0,170.0,188.0,240.0,186.0,244.0,188.0,,-1,8343441
38.1826,2019-09-08 18:21:18.186482,180.0,176.0,170.0,188.0,162.0,252.0,190.0,162.0,,-1,8343209
38.2025,2019-09-08 18:21:18.192797,180.0,176.0,170.0,188.0,258.0,192.0,262.0,162.0,,-1,8342216
38.2095,2019-09-08 18:21:18.210286,180.0,176.0,170.0,188.0,162.0,268.0,274.0,164.0,,-1,8342686
38.2264,2019-09-08 18:21:18.231706,180.0,176.0,170.0,188.0,186.0,206.0,326.0,164.0,,-1,8341887
38.2479,2019-09-08 18:21:18.268720,180.0,176.0,188.0,188.0,330.0,208.0,186.0,164.0,,-2,8341413
38.2847,2019-09-08 18:21:18.275183,182.0,180.0,176.0,190.0,382.0,220.0,190.0,166.0,,-2,8341800
38.2912,2019-09-08 18:21:18.289388,180.0,176.0,170.0,188.0,404.0,226.0,192.0,166.0,,-2,8341638
38.3054,2019-09-08 18:21:18.301936,180.0,176.0,170.0,190.0,418.0,230.0,420.0,166.0,,-2,8342039
38.318,2019-09-08 18:21:18.317576,180.0,176.0,170.0,190.0,428.0,192.0,192.0,432.0,,-3,8341856
38.3336,2019-09-08 18:21:18.342567,180.0,176.0,170.0,190.0,442.0,232.0,194.0,442.0,,-3,8341742
38.3586,2019-09-08 18:21:18.356161,180.0,176.0,170.0,190.0,232.0,232.0,166.0,166.0,,-4,8341883
38.3722,2019-09-08 18:21:18.370259,180.0,180.0,170.0,190.0,232.0,194.0,192.0,442.0,,-4,8342396
38.3865,2019-09-08 18:21:18.381869,190.0,180.0,170.0,190.0,442.0,192.0,192.0,194.0,,-5,8342479
38.3979,2019-09-08 18:21:18.405125,180.0,176.0,170.0,190.0,442.0,194.0,166.0,442.0,,-5,8342095
38.4211,2019-09-08 18:21:18.765490,182.0,184.0,170.0,190.0,164.0,180.0,162.0,162.0,,-4,8351195
38.7815,2019-09-08 18:21:18.774210,242.0,180.0,172.0,198.0,162.0,182.0,162.0,182.0,,-3,8351472
38.7902,2019-09-08 18:21:18.785896,196.0,178.0,172.0,200.0,180.0,180.0,180.0,162.0,,-3,8350887
38.8023,2019-09-08 18:21:18.801888,178.0,178.0,172.0,198.0,180.0,178.0,178.0,162.0,,-2,8352368
38.8181,2019-09-08 18:21:18.810134,194.0,170.0,198.0,198.0,178.0,178.0,180.0,178.0,,-2,8351275
38.8264,2019-09-08 18:21:18.816725,194.0,172.0,198.0,198.0,178.0,176.0,178.0,162.0,,-1,8351212
38.8327,2019-09-08 18:21:19.503241,402.0,180.0,232.0,234.0,400.0,204.0,404.0,178.0,,-2,8343326
39.5192,2019-09-08 18:21:19.530336,186.0,176.0,170.0,192.0,426.0,210.0,180.0,164.0,,-2,8342361
39.5465,2019-09-08 18:21:19.539332,186.0,176.0,170.0,192.0,440.0,212.0,180.0,164.0,,-2,8342119
39.5553,2019-09-08 18:21:19.557490,186.0,176.0,170.0,194.0,446.0,214.0,182.0,164.0,,-2,8342070
39.5735,2019-09-08 18:21:19.563813,186.0,176.0,170.0,194.0,460.0,216.0,182.0,462.0,,-2,8342119
39.58,2019-09-08 18:21:19.576526,186.0,176.0,170.0,192.0,216.0,218.0,182.0,466.0,,-2,8341984
39.5925,2019-09-08 18:21:19.591532,176.0,176.0,170.0,184.0,218.0,182.0,164.0,470.0,,-2,8342219
39.6077,2019-09-08 18:21:19.603722,182.0,176.0,192.0,192.0,164.0,472.0,220.0,164.0,,-2,8341980
39.6197,2019-09-08 18:21:19.621883,180.0,172.0,192.0,182.0,472.0,220.0,220.0,164.0,,-2,8341202
39.6379,2019-09-08 18:21:19.673223,180.0,172.0,190.0,180.0,470.0,222.0,164.0,470.0,,-3,8342890
39.6892,2019-09-08 18:21:19.679486,180.0,190.0,180.0,178.0,470.0,164.0,470.0,470.0,,-3,8341973
39.6955,2019-09-08 18:21:19.686099,190.0,176.0,190.0,178.0,470.0,164.0,182.0,218.0,,-3,8342586
39.7026,2019-09-08 18:21:19.700297,196.0,176.0,170.0,190.0,470.0,218.0,470.0,164.0,,-4,8343223
39.7169,2019-09-08 18:21:19.712640,204.0,178.0,170.0,192.0,470.0,218.0,468.0,182.0,,-4,8343074
39.7292,2019-09-08 18:21:19.733898,216.0,218.0,172.0,194.0,164.0,218.0,182.0,218.0,,-5,8342842
39.7507,2019-09-08 18:21:19.746760,226.0,182.0,172.0,196.0,468.0,468.0,216.0,182.0,,-5,8342233
39.7644,2019-09-08 18:21:19.766938,230.0,232.0,172.0,198.0,164.0,468.0,182.0,182.0,,-6,8342122
39.7835,2019-09-08 18:21:19.786444,236.0,186.0,172.0,200.0,466.0,466.0,218.0,164.0,,-6,8342070
39.8032,2019-09-08 18:21:19.801060,248.0,186.0,174.0,200.0,464.0,464.0,216.0,164.0,,-6,8342621
39.8174,2019-09-08 18:21:19.813533,264.0,188.0,174.0,202.0,442.0,440.0,214.0,164.0,,-6,8342444
39.8311,2019-09-08 18:21:19.832485,294.0,190.0,174.0,204.0,430.0,428.0,180.0,164.0,,-7,8341631
39.8494,2019-09-08 18:21:19.842055,336.0,194.0,174.0,212.0,424.0,212.0,180.0,180.0,,-7,8342299
39.8586,2019-09-08 18:21:19.889165,380.0,200.0,178.0,216.0,418.0,210.0,180.0,164.0,,-7,8342364
39.9062,2019-09-08 18:21:19.933588,452.0,210.0,180.0,222.0,354.0,202.0,180.0,350.0,,-7,8341624
39.9496,2019-09-08 18:21:19.939817,552.0,226.0,226.0,226.0,316.0,196.0,180.0,162.0,,-8,8342140
39.9558,2019-09-08 18:21:19.969473,548.0,234.0,184.0,224.0,292.0,192.0,162.0,286.0,,-8,8343143
39.9859,2019-09-08 18:21:19.982643,528.0,244.0,186.0,224.0,276.0,180.0,182.0,270.0,,-8,8342669
39.9997,2019-09-08 18:21:19.995872,222.0,252.0,190.0,496.0,250.0,180.0,162.0,244.0,,-7,8341949
40.0125,2019-09-08 18:21:20.016280,474.0,260.0,192.0,220.0,224.0,222.0,184.0,162.0,,-7,8342302
40.0331,2019-09-08 18:21:20.052772,444.0,262.0,192.0,220.0,210.0,182.0,180.0,162.0,,-6,8342690
40.0706,2019-09-08 18:21:20.077456,422.0,264.0,192.0,416.0,180.0,180.0,162.0,162.0,,-5,8342918
40.094,2019-09-08 18:21:20.087083,412.0,262.0,416.0,190.0,178.0,176.0,178.0,178.0,,-5,8343212
40.1039,2019-09-08 18:21:20.103187,402.0,394.0,390.0,188.0,180.0,162.0,178.0,176.0,,-4,8342759
40.1195,2019-09-08 18:21:20.123385,316.0,232.0,302.0,228.0,178.0,178.0,176.0,162.0,,-3,8343043
40.1396,2019-09-08 18:21:20.136583,242.0,210.0,210.0,178.0,176.0,174.0,180.0,162.0,,-2,8342922
40.1527,2019-09-08 18:21:20.286976,214.0,196.0,176.0,202.0,176.0,174.0,178.0,176.0,,3,8343513
40.3031,2019-09-08 18:21:20.295148,220.0,182.0,172.0,200.0,170.0,170.0,174.0,162.0,,3,8343050
40.3117,2019-09-08 18:21:20.306858,182.0,172.0,204.0,204.0,170.0,174.0,174.0,170.0,,3,8343800
40.323,2019-09-08 18:21:20.316794,228.0,172.0,204.0,204.0,170.0,170.0,174.0,162.0,,3,8342977
40.3332,2019-09-08 18:21:20.338382,238.0,174.0,206.0,206.0,170.0,172.0,174.0,162.0,,3,8343081
40.3545,2019-09-08 18:21:20.348484,264.0,192.0,176.0,208.0,168.0,170.0,168.0,170.0,,2,8343524
40.3648,2019-09-08 18:21:20.362828,318.0,198.0,178.0,214.0,168.0,170.0,174.0,170.0,,2,8343503
40.3789,2019-09-08 18:21:20.384766,398.0,202.0,178.0,220.0,162.0,168.0,174.0,162.0,,1,8343641
40.4008,2019-09-08 18:21:20.449517,464.0,212.0,182.0,232.0,168.0,170.0,174.0,162.0,,-1,8343641
40.4656,2019-09-08 18:21:20.463218,490.0,222.0,186.0,240.0,166.0,162.0,166.0,162.0,,-1,8355610
40.4793,2019-09-08 18:21:20.512560,188.0,246.0,190.0,246.0,164.0,166.0,170.0,162.0,,-2,8362230
40.5286,2019-09-08 18:21:20.635079,250.0,196.0,260.0,260.0,164.0,164.0,174.0,174.0,,-2,8362309
40.6512,2019-09-08 18:21:20.641902,224.0,228.0,180.0,238.0,164.0,164.0,170.0,174.0,,-2,8371642
40.658,2019-09-08 18:21:20.754984,200.0,218.0,178.0,216.0,164.0,170.0,174.0,164.0,,-2,8340980
40.7711,2019-09-08 18:21:20.763963,186.0,176.0,172.0,190.0,164.0,170.0,164.0,162.0,,-2,8340313
40.7803,2019-09-08 18:21:20.786694,182.0,176.0,170.0,190.0,174.0,170.0,164.0,162.0,,-2,8341233
40.8028,2019-09-08 18:21:20.799354,180.0,178.0,170.0,190.0,164.0,162.0,162.0,164.0,,-3,8340787
40.8157,2019-09-08 18:21:20.812004,178.0,178.0,170.0,190.0,170.0,174.0,162.0,164.0,,-3,8340728
40.8284,2019-09-08 18:21:20.819725,178.0,178.0,172.0,190.0,170.0,174.0,174.0,166.0,,-3,8340811
40.8362,2019-09-08 18:21:20.834946,178.0,178.0,172.0,190.0,168.0,170.0,174.0,162.0,,-3,8339821
40.852,2019-09-08 18:21:20.998375,178.0,178.0,172.0,190.0,168.0,170.0,174.0,162.0,,-3,8340589
41.0148,2019-09-08 18:21:21.005121,190.0,190.0,174.0,210.0,208.0,170.0,162.0,162.0,,0,8340046
41.0214,2019-09-08 18:21:21.019280,402.0,194.0,174.0,216.0,216.0,170.0,162.0,218.0,,0,8339475
41.0357,2019-09-08 18:21:21.033945,404.0,200.0,176.0,224.0,224.0,172.0,226.0,174.0,,0,8339700
41.0503,2019-09-08 18:21:21.053252,402.0,206.0,178.0,232.0,172.0,174.0,174.0,174.0,,1,8340191
41.0695,2019-09-08 18:21:21.065361,400.0,214.0,180.0,238.0,240.0,174.0,174.0,244.0,,1,8340077
41.0816,2019-09-08 18:21:21.198344,402.0,220.0,182.0,242.0,244.0,174.0,162.0,248.0,,0,8340250
41.2146,2019-09-08 18:21:21.331964,354.0,282.0,202.0,286.0,174.0,174.0,174.0,162.0,,0,8340250
41.3482,2019-09-08 18:21:21.338494,214.0,354.0,234.0,320.0,504.0,506.0,174.0,174.0,,-2,8340022
41.3547,2019-09-08 18:21:21.347282,210.0,358.0,236.0,322.0,162.0,510.0,176.0,176.0,,-2,8339672
41.3635,2019-09-08 18:21:21.364316,208.0,362.0,240.0,324.0,518.0,520.0,194.0,162.0,,-2,8340029
41.3806,2019-09-08 18:21:21.377558,206.0,366.0,242.0,324.0,196.0,196.0,162.0,522.0,,-2,8340364
41.3936,2019-09-08 18:21:21.394482,202.0,370.0,246.0,326.0,524.0,176.0,162.0,162.0,,-2,8341025
41.4107,2019-09-08 18:21:21.430744,200.0,374.0,248.0,326.0,524.0,162.0,524.0,198.0,,-2,8341074
41.447,2019-09-08 18:21:21.437302,196.0,376.0,250.0,324.0,176.0,162.0,524.0,162.0,,-3,8341665
41.4535,2019-09-08 18:21:21.446281,194.0,378.0,252.0,324.0,524.0,162.0,524.0,162.0,,-3,8341475
41.4623,2019-09-08 18:21:21.466006,194.0,382.0,254.0,326.0,520.0,198.0,162.0,522.0,,-3,8341441
41.4822,2019-09-08 18:21:21.477387,192.0,384.0,256.0,326.0,520.0,198.0,520.0,162.0,,-3,8340406
41.4936,2019-09-08 18:21:21.488680,192.0,386.0,258.0,326.0,176.0,198.0,520.0,162.0,,-4,8341067
41.5049,2019-09-08 18:21:21.507275,190.0,386.0,260.0,326.0,176.0,198.0,520.0,162.0,,-4,8340998
41.5235,2019-09-08 18:21:21.517539,190.0,386.0,262.0,324.0,522.0,520.0,198.0,162.0,,-4,8341845
41.5336,2019-09-08 18:21:21.532121,188.0,382.0,262.0,320.0,162.0,520.0,176.0,176.0,,-5,8341313
41.5484,2019-09-08 18:21:21.575114,188.0,376.0,262.0,310.0,202.0,176.0,162.0,162.0,,-5,8341306
41.5916,2019-09-08 18:21:21.682162,186.0,258.0,258.0,284.0,178.0,162.0,178.0,506.0,,-7,8341662
41.6985,2019-09-08 18:21:21.693163,180.0,262.0,236.0,232.0,178.0,198.0,366.0,162.0,,-7,8342731
41.7095,2019-09-08 18:21:21.712594,178.0,222.0,220.0,216.0,356.0,198.0,178.0,164.0,,-7,8342074
41.7297,2019-09-08 18:21:21.720765,202.0,202.0,206.0,208.0,194.0,192.0,178.0,284.0,,-6,8341582
41.7374,2019-09-08 18:21:21.728117,198.0,198.0,202.0,206.0,190.0,178.0,178.0,162.0,,-6,8342839
41.7446,2019-09-08 18:21:21.740213,176.0,194.0,196.0,202.0,244.0,190.0,236.0,188.0,,-5,8342122
41.7568,2019-09-08 18:21:21.751602,176.0,192.0,194.0,202.0,230.0,188.0,222.0,162.0,,-5,8342935
41.7686,2019-09-08 18:21:21.773045,190.0,190.0,198.0,198.0,162.0,186.0,178.0,180.0,,-5,8342444
41.79,2019-09-08 18:21:21.782727,176.0,190.0,198.0,196.0,184.0,182.0,178.0,162.0,,-4,8342638
41.7992,2019-09-08 18:21:21.833761,188.0,194.0,190.0,194.0,178.0,174.0,178.0,174.0,,-2,8342828
41.8505,2019-09-08 18:21:21.843339,194.0,190.0,176.0,194.0,178.0,174.0,176.0,162.0,,-2,8342828
41.8598,2019-09-08 18:21:21.853427,174.0,188.0,188.0,194.0,162.0,176.0,172.0,176.0,,-2,8342503
41.8703,2019-09-08 18:21:21.865152,194.0,186.0,186.0,192.0,176.0,176.0,176.0,162.0,,-1,8342904
41.8812,2019-09-08 18:21:21.879087,174.0,186.0,176.0,192.0,172.0,174.0,176.0,176.0,,-1,8343236
41.8952,2019-09-08 18:21:21.975178,174.0,184.0,174.0,184.0,174.0,176.0,162.0,174.0,,-1,8342167
41.9915,2019-09-08 18:21:21.982176,176.0,176.0,172.0,190.0,170.0,170.0,170.0,172.0,,-2,8343849
41.9982,2019-09-08 18:21:21.996427,176.0,176.0,172.0,190.0,162.0,170.0,168.0,162.0,,-2,8343396
42.0124,2019-09-08 18:21:22.015200,176.0,176.0,176.0,170.0,162.0,168.0,170.0,174.0,,-3,8343060
42.0315,2019-09-08 18:21:22.029286,176.0,176.0,176.0,170.0,168.0,170.0,174.0,162.0,,-3,8341998
42.0453,2019-09-08 18:21:22.129899,176.0,176.0,172.0,190.0,162.0,170.0,170.0,172.0,,-3,8342468
42.1461,2019-09-08 18:21:22.136475,176.0,176.0,170.0,188.0,174.0,170.0,168.0,170.0,,-2,8342866
42.1525,2019-09-08 18:21:22.150295,176.0,176.0,170.0,188.0,174.0,162.0,168.0,170.0,,-2,8342389
42.1664,2019-09-08 18:21:22.167502,176.0,176.0,170.0,170.0,168.0,170.0,168.0,170.0,,-2,8341998
42.1838,2019-09-08 18:21:22.364138,176.0,176.0,170.0,190.0,162.0,168.0,168.0,170.0,,-2,8342454
42.3803,2019-09-08 18:21:22.370690,176.0,176.0,176.0,170.0,172.0,170.0,174.0,162.0,,-4,8345250
42.3867,2019-09-08 18:21:22.382677,176.0,176.0,172.0,188.0,172.0,174.0,174.0,172.0,,-4,8345825
42.3987,2019-09-08 18:21:22.388948,174.0,176.0,170.0,190.0,178.0,174.0,174.0,162.0,,-4,8346586
42.4049,2019-09-08 18:21:22.418448,174.0,176.0,172.0,190.0,172.0,174.0,174.0,162.0,,-3,8349344
42.4345,2019-09-08 18:21:22.434227,174.0,176.0,172.0,190.0,176.0,172.0,162.0,172.0,,-3,8353098
42.4502,2019-09-08 18:21:22.448382,174.0,176.0,172.0,190.0,220.0,174.0,226.0,174.0,,-2,8356648
42.4644,2019-09-08 18:21:22.458694,174.0,178.0,172.0,188.0,162.0,188.0,176.0,162.0,,-2,8359839
42.4747,2019-09-08 18:21:22.468051,174.0,178.0,172.0,174.0,326.0,326.0,176.0,162.0,,-1,8362365
42.4841,2019-09-08 18:21:22.484529,174.0,178.0,172.0,188.0,200.0,200.0,178.0,346.0,,-1,8367368
42.5005,2019-09-08 18:21:22.497284,174.0,178.0,172.0,190.0,352.0,204.0,180.0,352.0,,-1,8371846
42.5133,2019-09-08 18:21:22.515738,176.0,172.0,172.0,176.0,164.0,206.0,208.0,208.0,,0,8376275
42.5317,2019-09-08 18:21:22.532521,178.0,176.0,172.0,190.0,164.0,210.0,184.0,164.0,,0,8377403
42.5485,2019-09-08 18:21:22.615928,180.0,180.0,172.0,190.0,412.0,210.0,186.0,418.0,,-1,8377403
42.6319,2019-09-08 18:21:22.641957,222.0,176.0,172.0,190.0,214.0,188.0,188.0,466.0,,-1,8382794
42.6583,2019-09-08 18:21:22.684067,232.0,176.0,172.0,190.0,470.0,214.0,186.0,214.0,,-2,8385504
42.7001,2019-09-08 18:21:22.769158,320.0,180.0,172.0,196.0,468.0,214.0,186.0,164.0,,-2,8387998
42.7852,2019-09-08 18:21:22.775749,378.0,182.0,174.0,200.0,164.0,470.0,214.0,164.0,,-3,8386185
42.7918,2019-09-08 18:21:22.954983,556.0,190.0,178.0,222.0,266.0,196.0,164.0,254.0,,-4,8377196
42.971,2019-09-08 18:21:22.968846,530.0,200.0,180.0,238.0,250.0,194.0,198.0,164.0,,-3,8376991
42.9849,2019-09-08 18:21:23.062171,520.0,202.0,180.0,240.0,198.0,196.0,164.0,164.0,,-2,8371227
43.0804,2019-09-08 18:21:23.071002,498.0,214.0,184.0,252.0,180.0,162.0,178.0,176.0,,2,8353396
43.0875,2019-09-08 18:21:23.078068,492.0,218.0,186.0,256.0,182.0,178.0,182.0,182.0,,3,8352614
43.0949,2019-09-08 18:21:23.089887,482.0,220.0,186.0,260.0,176.0,174.0,178.0,176.0,,3,8348707
43.1067,2019-09-08 18:21:23.107533,470.0,222.0,468.0,262.0,176.0,174.0,176.0,162.0,,4,8345593
43.1246,2019-09-08 18:21:23.258163,454.0,222.0,186.0,186.0,168.0,170.0,168.0,170.0,,4,8339510
43.2742,2019-09-08 18:21:23.347788,196.0,194.0,210.0,180.0,174.0,168.0,174.0,162.0,,2,8343164
43.3645,2019-09-08 18:21:23.354965,186.0,176.0,170.0,192.0,176.0,176.0,170.0,174.0,,2,8344216
43.3716,2019-09-08 18:21:23.468243,186.0,176.0,172.0,192.0,176.0,176.0,174.0,174.0,,2,8342773
43.485,2019-09-08 18:21:23.483085,170.0,190.0,170.0,190.0,178.0,176.0,170.0,174.0,,3,8342755
43.4994,2019-09-08 18:21:23.489660,182.0,176.0,172.0,190.0,176.0,174.0,174.0,176.0,,3,8341067
43.5061,2019-09-08 18:21:23.502958,182.0,176.0,170.0,190.0,176.0,162.0,170.0,170.0,,3,8341973
43.5196,2019-09-08 18:21:23.519298,182.0,176.0,170.0,190.0,162.0,176.0,170.0,174.0,,3,8341991
43.5373,2019-09-08 18:21:23.535322,182.0,176.0,172.0,190.0,178.0,172.0,162.0,180.0,,3,8342413
43.5522,2019-09-08 18:21:23.634248,182.0,176.0,170.0,190.0,182.0,162.0,182.0,162.0,,3,8342361
43.6504,2019-09-08 18:21:23.640801,190.0,176.0,170.0,190.0,204.0,206.0,176.0,162.0,,3,8342454
43.6568,2019-09-08 18:21:23.647377,180.0,176.0,172.0,190.0,208.0,178.0,176.0,162.0,,4,8341105
43.6634,2019-09-08 18:21:23.665723,180.0,176.0,170.0,190.0,182.0,184.0,176.0,220.0,,4,8341773
43.6817,2019-09-08 18:21:23.675943,180.0,176.0,170.0,190.0,178.0,188.0,180.0,190.0,,5,8342167
43.692,2019-09-08 18:21:23.810934,190.0,176.0,170.0,190.0,178.0,236.0,190.0,180.0,,3,8342167
43.827,2019-09-08 18:21:23.818591,178.0,176.0,172.0,190.0,406.0,408.0,228.0,198.0,,3,8394147
43.8347,2019-09-08 18:21:23.829889,180.0,176.0,170.0,190.0,414.0,228.0,198.0,166.0,,3,8401154
43.8461,2019-09-08 18:21:23.889705,186.0,176.0,170.0,190.0,416.0,228.0,198.0,166.0,,2,8402992
43.9058,2019-09-08 18:21:23.969923,210.0,176.0,172.0,190.0,424.0,230.0,200.0,424.0,,1,8407310
43.9861,2019-09-08 18:21:23.976628,192.0,178.0,174.0,192.0,166.0,426.0,228.0,166.0,,0,8409113
43.9927,2019-09-08 18:21:23.982960,264.0,180.0,172.0,192.0,426.0,228.0,166.0,426.0,,0,8408407
43.999,2019-09-08 18:21:23.996606,268.0,180.0,174.0,192.0,426.0,426.0,228.0,166.0,,0,8406975
44.0128,2019-09-08 18:21:24.011282,272.0,184.0,174.0,196.0,428.0,228.0,202.0,428.0,,-1,8409335
44.0276,2019-09-08 18:21:24.138797,276.0,188.0,176.0,198.0,430.0,228.0,204.0,166.0,,-1,8409175
44.1552,2019-09-08 18:21:24.145527,514.0,212.0,188.0,232.0,164.0,290.0,208.0,166.0,,-1,8401891
44.1618,2019-09-08 18:21:24.173468,526.0,214.0,190.0,236.0,252.0,248.0,194.0,166.0,,0,8400199
44.1895,2019-09-08 18:21:24.180054,516.0,214.0,190.0,240.0,234.0,200.0,194.0,166.0,,2,8394922
44.1965,2019-09-08 18:21:24.305077,500.0,214.0,190.0,242.0,216.0,214.0,194.0,164.0,,5,8345835
44.3213,2019-09-08 18:21:24.311626,478.0,224.0,192.0,244.0,174.0,174.0,174.0,162.0,,11,8344174
44.3279,2019-09-08 18:21:24.325300,244.0,228.0,194.0,246.0,174.0,174.0,174.0,174.0,,11,8342223
44.3416,2019-09-08 18:21:24.338484,476.0,232.0,196.0,246.0,174.0,172.0,174.0,174.0,,11,8342392
44.3549,2019-09-08 18:21:24.549062,468.0,236.0,198.0,248.0,174.0,172.0,174.0,162.0,,11,8341337
44.5656,2019-09-08 18:21:24.556038,188.0,178.0,172.0,192.0,170.0,170.0,174.0,162.0,,9,8344759
44.5724,2019-09-08 18:21:24.585937,188.0,176.0,170.0,190.0,170.0,172.0,174.0,162.0,,8,8344932
44.6028,2019-09-08 18:21:24.607864,188.0,176.0,170.0,190.0,172.0,172.0,174.0,162.0,,8,8345880
44.6241,2019-09-08 18:21:24.614539,188.0,176.0,170.0,192.0,172.0,170.0,174.0,162.0,,8,8345769
44.6314,2019-09-08 18:21:24.625307,186.0,176.0,170.0,190.0,170.0,172.0,162.0,172.0,,8,8346209
44.6419,2019-09-08 18:21:24.661631,186.0,176.0,170.0,190.0,162.0,172.0,172.0,174.0,,8,8343735
44.6779,2019-09-08 18:21:24.694225,186.0,176.0,170.0,190.0,172.0,170.0,174.0,172.0,,8,8342811
44.7108,2019-09-08 18:21:24.746771,184.0,176.0,170.0,190.0,172.0,172.0,174.0,162.0,,8,8342486
44.7633,2019-09-08 18:21:24.753686,182.0,176.0,170.0,190.0,172.0,172.0,174.0,172.0,,7,8342690
44.7697,2019-09-08 18:21:24.763375,190.0,176.0,170.0,190.0,174.0,174.0,172.0,174.0,,7,8342171
44.7797,2019-09-08 18:21:24.783689,190.0,176.0,170.0,190.0,174.0,174.0,174.0,174.0,,7,8342492
44.8,2019-09-08 18:21:24.843688,182.0,190.0,172.0,190.0,162.0,174.0,176.0,174.0,,7,8342749
44.86,2019-09-08 18:21:24.850268,180.0,176.0,172.0,190.0,174.0,162.0,176.0,172.0,,7,8342603
44.8667,2019-09-08 18:21:24.865751,180.0,176.0,170.0,190.0,176.0,172.0,172.0,162.0,,7,8343589
44.8826,2019-09-08 18:21:24.887520,180.0,178.0,172.0,190.0,184.0,172.0,172.0,162.0,,7,8343825
44.9046,2019-09-08 18:21:24.903104,178.0,176.0,172.0,190.0,184.0,184.0,172.0,162.0,,7,8342804
44.9197,2019-09-08 18:21:24.918853,180.0,176.0,170.0,190.0,258.0,190.0,178.0,162.0,,6,8343762
44.9356,2019-09-08 18:21:24.928952,180.0,190.0,172.0,190.0,268.0,192.0,180.0,276.0,,6,8343762
44.9453,2019-09-08 18:21:24.947330,172.0,190.0,172.0,190.0,278.0,180.0,284.0,196.0,,6,8342762
44.9636,2019-09-08 18:21:24.953871,180.0,176.0,170.0,190.0,286.0,196.0,292.0,164.0,,6,8342150
44.9702,2019-09-08 18:21:24.989910,172.0,190.0,170.0,190.0,296.0,200.0,184.0,164.0,,4,8344060
45.006,2019-09-08 18:21:25.074075,178.0,178.0,172.0,190.0,306.0,308.0,202.0,184.0,,1,8348894
45.0902,2019-09-08 18:21:25.091462,230.0,176.0,170.0,192.0,330.0,206.0,332.0,164.0,,1,8349517
45.1075,2019-09-08 18:21:25.114665,252.0,176.0,172.0,192.0,424.0,194.0,224.0,194.0,,0,8350112
45.1308,2019-09-08 18:21:25.167913,172.0,196.0,172.0,304.0,166.0,226.0,166.0,194.0,,-2,8350742
45.184,2019-09-08 18:21:25.174254,200.0,180.0,172.0,200.0,192.0,166.0,430.0,226.0,,-2,8351313
45.1903,2019-09-08 18:21:25.202044,438.0,182.0,172.0,202.0,192.0,166.0,428.0,166.0,,-3,8351808
45.2185,2019-09-08 18:21:25.216352,468.0,184.0,174.0,206.0,166.0,426.0,190.0,190.0,,-3,8351548
45.2328,2019-09-08 18:21:25.226507,492.0,186.0,174.0,206.0,166.0,426.0,224.0,166.0,,-4,8351032
45.243,2019-09-08 18:21:25.237288,510.0,186.0,174.0,208.0,166.0,222.0,190.0,166.0,,-4,8351039
45.2537,2019-09-08 18:21:25.255006,524.0,186.0,174.0,210.0,428.0,192.0,192.0,428.0,,-4,8351043
45.2713,2019-09-08 18:21:25.270438,538.0,188.0,174.0,210.0,428.0,220.0,428.0,166.0,,-4,8351828
45.2866,2019-09-08 18:21:25.298260,556.0,188.0,174.0,212.0,192.0,166.0,166.0,426.0,,-5,8351427
45.3142,2019-09-08 18:21:25.306899,578.0,188.0,174.0,212.0,422.0,218.0,420.0,166.0,,-5,8352091
45.3229,2019-09-08 18:21:25.321375,598.0,188.0,174.0,214.0,418.0,216.0,192.0,164.0,,-5,8351832
45.3374,2019-09-08 18:21:25.334350,214.0,188.0,612.0,188.0,404.0,402.0,212.0,192.0,,-5,8351070
45.3504,2019-09-08 18:21:25.356336,622.0,188.0,622.0,188.0,350.0,204.0,192.0,164.0,,-5,8349489
45.3723,2019-09-08 18:21:25.364328,626.0,188.0,174.0,216.0,332.0,202.0,192.0,164.0,,-5,8349347
45.3803,2019-09-08 18:21:25.376101,624.0,190.0,174.0,216.0,298.0,198.0,192.0,164.0,,-4,8348790
45.3921,2019-09-08 18:21:25.420606,620.0,190.0,174.0,216.0,192.0,164.0,200.0,186.0,,-3,8347001
45.4367,2019-09-08 18:21:25.429949,614.0,190.0,174.0,216.0,190.0,164.0,194.0,186.0,,-2,8347579
45.4461,2019-09-08 18:21:25.436394,608.0,188.0,174.0,216.0,190.0,188.0,188.0,164.0,,-2,8347025
45.4524,2019-09-08 18:21:25.444473,602.0,190.0,174.0,216.0,186.0,184.0,184.0,184.0,,-1,8346956
45.4605,2019-09-08 18:21:25.457438,598.0,190.0,174.0,218.0,182.0,184.0,182.0,192.0,,-1,8346700
45.4737,2019-09-08 18:21:25.470723,594.0,594.0,174.0,218.0,164.0,180.0,190.0,190.0,,0,8347143
45.4868,2019-09-08 18:21:25.488834,594.0,594.0,174.0,218.0,164.0,178.0,190.0,188.0,,0,8346410
45.5049,2019-09-08 18:21:25.508928,594.0,192.0,174.0,220.0,178.0,178.0,178.0,188.0,,1,8346001
45.525,2019-09-08 18:21:25.519248,592.0,194.0,174.0,224.0,178.0,178.0,188.0,164.0,,2,8346510
45.5358,2019-09-08 18:21:25.539034,586.0,196.0,174.0,228.0,174.0,174.0,180.0,164.0,,4,8345683
45.5551,2019-09-08 18:21:25.550944,580.0,200.0,176.0,232.0,174.0,174.0,176.0,174.0,,4,8346115
45.567,2019-09-08 18:21:25.567895,572.0,204.0,176.0,236.0,164.0,176.0,164.0,172.0,,6,8344894
45.5839,2019-09-08 18:21:25.580218,562.0,204.0,176.0,240.0,162.0,172.0,172.0,172.0,,7,8344572
45.5964,2019-09-08 18:21:25.609304,554.0,206.0,176.0,242.0,172.0,172.0,172.0,172.0,,8,8343084
45.6253,2019-09-08 18:21:25.615586,548.0,206.0,178.0,246.0,170.0,172.0,174.0,170.0,,8,8344136
45.6316,2019-09-08 18:21:25.626413,538.0,208.0,178.0,250.0,170.0,174.0,174.0,162.0,,9,8342956
45.6424,2019-09-08 18:21:25.640397,524.0,212.0,178.0,256.0,170.0,170.0,172.0,174.0,,9,8344108
45.6565,2019-09-08 18:21:25.656206,506.0,214.0,180.0,260.0,174.0,172.0,170.0,162.0,,10,8343576
45.6722,2019-09-08 18:21:25.669322,486.0,218.0,180.0,264.0,170.0,172.0,162.0,174.0,,10,8343710
45.6853,2019-09-08 18:21:25.687063,458.0,220.0,180.0,268.0,168.0,168.0,162.0,162.0,,10,8344340
45.7031,2019-09-08 18:21:25.709072,224.0,224.0,182.0,272.0,170.0,174.0,162.0,168.0,,9,8345949
45.7251,2019-09-08 18:21:25.733511,370.0,228.0,182.0,274.0,168.0,170.0,162.0,170.0,,9,8350645
45.7495,2019-09-08 18:21:25.739832,230.0,230.0,180.0,276.0,168.0,170.0,168.0,162.0,,9,8353278
45.7558,2019-09-08 18:21:25.757313,250.0,230.0,180.0,272.0,172.0,174.0,174.0,168.0,,8,8356531
45.7733,2019-09-08 18:21:25.771050,202.0,230.0,180.0,268.0,168.0,162.0,168.0,172.0,,8,8359209
45.7871,2019-09-08 18:21:25.791339,194.0,224.0,180.0,254.0,168.0,174.0,174.0,162.0,,7,8362258
45.8075,2019-09-08 18:21:25.807519,190.0,182.0,238.0,238.0,166.0,170.0,174.0,170.0,,6,8363611
45.8235,2019-09-08 18:21:25.821295,186.0,208.0,182.0,222.0,166.0,174.0,174.0,166.0,,6,8367524
45.8373,2019-09-08 18:21:25.854069,184.0,196.0,180.0,184.0,166.0,166.0,166.0,170.0,,5,8368680
45.8701,2019-09-08 18:21:25.957105,184.0,188.0,178.0,202.0,164.0,174.0,164.0,172.0,,3,8356046
45.9731,2019-09-08 18:21:25.968765,180.0,176.0,170.0,192.0,164.0,162.0,174.0,162.0,,2,8353756
45.9848,2019-09-08 18:21:25.980704,180.0,176.0,180.0,192.0,164.0,170.0,174.0,164.0,,2,8350396
45.9967,2019-09-08 18:21:26.002119,180.0,176.0,172.0,192.0,164.0,162.0,164.0,170.0,,2,8342091
46.0181,2019-09-08 18:21:26.013175,180.0,180.0,176.0,192.0,164.0,170.0,172.0,162.0,,2,8341517
46.0292,2019-09-08 18:21:26.053834,180.0,180.0,172.0,190.0,164.0,172.0,174.0,162.0,,1,8342842
46.0699,2019-09-08 18:21:26.060240,180.0,176.0,172.0,190.0,166.0,172.0,174.0,162.0,,1,8343659
46.0768,2019-09-08 18:21:26.071241,178.0,176.0,180.0,180.0,166.0,170.0,174.0,162.0,,1,8342818
46.0876,2019-09-08 18:21:26.088357,180.0,176.0,176.0,180.0,170.0,172.0,174.0,162.0,,1,8342143
46.1046,2019-09-08 18:21:26.119146,180.0,176.0,180.0,190.0,170.0,172.0,162.0,172.0,,1,8342358
46.1355,2019-09-08 18:21:26.152152,180.0,176.0,170.0,190.0,172.0,172.0,162.0,172.0,,2,8342683
46.1691,2019-09-08 18:21:26.172591,178.0,176.0,180.0,190.0,188.0,190.0,172.0,162.0,,2,8343337
46.1894,2019-09-08 18:21:26.180437,178.0,176.0,172.0,190.0,216.0,170.0,176.0,162.0,,2,8343486
46.1975,2019-09-08 18:21:26.193925,178.0,176.0,172.0,190.0,226.0,228.0,174.0,162.0,,2,8346060
46.2108,2019-09-08 18:21:26.243604,178.0,176.0,172.0,178.0,254.0,172.0,176.0,264.0,,2,8354707
46.2605,2019-09-08 18:21:26.251981,178.0,176.0,172.0,190.0,324.0,326.0,176.0,162.0,,3,8354707
46.2693,2019-09-08 18:21:26.262907,178.0,176.0,172.0,190.0,328.0,184.0,176.0,162.0,,3,8357749
46.2797,2019-09-08 18:21:26.274293,176.0,178.0,172.0,190.0,334.0,176.0,176.0,338.0,,3,8361143
46.2915,2019-09-08 18:21:26.287612,176.0,176.0,172.0,190.0,346.0,192.0,350.0,162.0,,2,8369389
46.3048,2019-09-08 18:21:26.311193,176.0,176.0,172.0,190.0,176.0,194.0,362.0,196.0,,2,8374735
46.3281,2019-09-08 18:21:26.334211,176.0,176.0,172.0,190.0,176.0,196.0,368.0,196.0,,2,8382265
46.3506,2019-09-08 18:21:26.346777,176.0,178.0,172.0,190.0,402.0,202.0,176.0,162.0,,2,8385902
46.3639,2019-09-08 18:21:26.354827,176.0,176.0,172.0,190.0,412.0,202.0,176.0,162.0,,1,8387663
46.3716,2019-09-08 18:21:26.366515,176.0,176.0,172.0,190.0,202.0,178.0,424.0,204.0,,1,8388781
46.3834,2019-09-08 18:21:26.394761,176.0,178.0,172.0,190.0,446.0,206.0,178.0,162.0,,1,8391902
46.4117,2019-09-08 18:21:26.456327,176.0,178.0,172.0,190.0,476.0,476.0,214.0,164.0,,0,8388338
46.4727,2019-09-08 18:21:26.467206,178.0,176.0,172.0,190.0,478.0,214.0,180.0,478.0,,0,8388794
46.484,2019-09-08 18:21:26.480710,180.0,178.0,172.0,190.0,214.0,214.0,478.0,478.0,,0,8384760
46.4976,2019-09-08 18:21:26.494806,184.0,176.0,170.0,190.0,180.0,164.0,478.0,214.0,,0,8383275
46.5111,2019-09-08 18:21:26.555877,190.0,176.0,172.0,190.0,476.0,476.0,216.0,164.0,,0,8384531
46.5725,2019-09-08 18:21:26.564525,208.0,178.0,172.0,190.0,218.0,164.0,470.0,216.0,,-1,8385580
46.5809,2019-09-08 18:21:26.575376,222.0,178.0,172.0,192.0,182.0,470.0,470.0,218.0,,-1,8386452
46.5922,2019-09-08 18:21:26.592401,238.0,180.0,172.0,192.0,470.0,216.0,182.0,164.0,,-1,8388113
46.6096,2019-09-08 18:21:26.606741,248.0,180.0,172.0,192.0,216.0,216.0,182.0,164.0,,-1,8388196
46.6235,2019-09-08 18:21:26.631843,260.0,182.0,172.0,194.0,216.0,214.0,182.0,164.0,,-2,8389639
46.6486,2019-09-08 18:21:26.639948,268.0,184.0,174.0,194.0,470.0,182.0,180.0,472.0,,-2,8390933
46.6565,2019-09-08 18:21:26.656309,282.0,184.0,174.0,198.0,180.0,164.0,180.0,164.0,,-2,8390822
46.6728,2019-09-08 18:21:26.695018,308.0,186.0,174.0,200.0,180.0,164.0,474.0,214.0,,-2,8390881
46.7115,2019-09-08 18:21:26.706776,348.0,188.0,176.0,206.0,214.0,214.0,164.0,474.0,,-2,8391348
46.7233,2019-09-08 18:21:26.730750,396.0,190.0,176.0,212.0,164.0,474.0,180.0,474.0,,-3,8390178
46.7475,2019-09-08 18:21:26.805706,444.0,190.0,178.0,216.0,182.0,182.0,182.0,164.0,,-3,8385964
46.8219,2019-09-08 18:21:26.828043,568.0,196.0,178.0,238.0,462.0,164.0,460.0,222.0,,-2,8384995
46.8444,2019-09-08 18:21:26.834887,560.0,194.0,178.0,240.0,184.0,220.0,182.0,220.0,,-2,8384850
46.8512,2019-09-08 18:21:26.841446,548.0,194.0,178.0,238.0,454.0,164.0,184.0,220.0,,-2,8383978
46.858,2019-09-08 18:21:26.854231,536.0,194.0,178.0,240.0,164.0,424.0,220.0,184.0,,-2,8382742
46.8708,2019-09-08 18:21:26.874186,522.0,196.0,178.0,240.0,164.0,410.0,182.0,164.0,,-2,8381891
46.8906,2019-09-08 18:21:26.884649,508.0,198.0,180.0,244.0,214.0,182.0,164.0,164.0,,-1,8381459
46.9017,2019-09-08 18:21:26.905642,498.0,200.0,180.0,246.0,280.0,164.0,184.0,208.0,,0,8380881
46.9223,2019-09-08 18:21:26.931982,488.0,202.0,180.0,250.0,262.0,164.0,184.0,206.0,,1,8379483
46.9484,2019-09-08 18:21:26.943750,482.0,204.0,180.0,252.0,210.0,204.0,184.0,202.0,,2,8377912
46.9601,2019-09-08 18:21:27.052060,478.0,204.0,182.0,256.0,200.0,202.0,194.0,164.0,,9,8358721
47.0681,2019-09-08 18:21:27.058491,292.0,240.0,192.0,294.0,174.0,174.0,174.0,162.0,,10,8354863
47.0748,2019-09-08 18:21:27.070076,370.0,244.0,192.0,298.0,174.0,176.0,174.0,162.0,,10,8353849
47.0865,2019-09-08 18:21:27.099205,350.0,304.0,194.0,304.0,172.0,172.0,174.0,162.0,,10,8347025
47.1152,2019-09-08 18:21:27.116403,308.0,250.0,194.0,310.0,170.0,174.0,174.0,164.0,,10,8341967
47.1327,2019-09-08 18:21:27.153111,194.0,252.0,194.0,312.0,170.0,170.0,174.0,162.0,,10,8342863
47.1694,2019-09-08 18:21:27.168635,242.0,252.0,194.0,310.0,168.0,172.0,168.0,162.0,,10,8342257
47.1847,2019-09-08 18:21:27.199318,190.0,298.0,296.0,296.0,168.0,162.0,168.0,162.0,,9,8340911
47.2156,2019-09-08 18:21:27.209539,188.0,230.0,276.0,274.0,168.0,172.0,174.0,162.0,,9,8341212
47.2258,2019-09-08 18:21:27.216097,184.0,256.0,188.0,254.0,168.0,174.0,174.0,172.0,,8,8340513
47.2324,2019-09-08 18:21:27.228482,184.0,206.0,186.0,234.0,168.0,168.0,172.0,174.0,,8,8341285
47.2448,2019-09-08 18:21:27.244051,182.0,184.0,220.0,218.0,174.0,162.0,166.0,162.0,,8,8340935
47.2604,2019-09-08 18:21:27.251128,182.0,186.0,180.0,208.0,166.0,172.0,174.0,172.0,,7,8342202
47.2674,2019-09-08 18:21:27.265004,182.0,180.0,174.0,202.0,166.0,172.0,174.0,162.0,,7,8341389
47.2814,2019-09-08 18:21:27.276343,180.0,198.0,172.0,196.0,162.0,166.0,174.0,162.0,,6,8341911
47.2926,2019-09-08 18:21:27.301156,182.0,178.0,172.0,194.0,174.0,172.0,174.0,162.0,,5,8343832
47.3175,2019-09-08 18:21:27.309550,182.0,176.0,170.0,194.0,168.0,172.0,174.0,162.0,,5,8343212
47.3259,2019-09-08 18:21:27.324455,182.0,176.0,172.0,194.0,172.0,172.0,176.0,162.0,,4,8343029
47.3408,2019-09-08 18:21:27.351215,182.0,170.0,194.0,192.0,172.0,174.0,174.0,162.0,,4,8345091
47.3677,2019-09-08 18:21:27.360787,182.0,172.0,192.0,192.0,170.0,172.0,174.0,172.0,,4,8345794
47.3771,2019-09-08 18:21:27.371957,172.0,176.0,172.0,192.0,174.0,172.0,174.0,162.0,,4,8347759
47.3885,2019-09-08 18:21:27.394440,176.0,172.0,192.0,192.0,168.0,168.0,172.0,172.0,,3,8345821
47.4107,2019-09-08 18:21:27.407103,182.0,176.0,172.0,192.0,168.0,168.0,174.0,168.0,,3,8344520
47.4234,2019-09-08 18:21:27.461446,182.0,176.0,170.0,192.0,162.0,168.0,172.0,162.0,,3,8342672
47.4777,2019-09-08 18:21:27.485709,170.0,192.0,172.0,192.0,172.0,174.0,172.0,162.0,,2,8342461
47.502,2019-09-08 18:21:27.596785,180.0,172.0,192.0,192.0,174.0,172.0,162.0,172.0,,3,8342330
47.6135,2019-09-08 18:21:27.606206,176.0,170.0,172.0,192.0,176.0,162.0,176.0,172.0,,3,8342773
47.6222,2019-09-08 18:21:27.617520,178.0,178.0,172.0,190.0,174.0,172.0,176.0,176.0,,3,8343859
47.6335,2019-09-08 18:21:27.741753,178.0,176.0,172.0,190.0,162.0,172.0,172.0,162.0,,3,8377538
47.7578,2019-09-08 18:21:27.754351,178.0,172.0,192.0,192.0,260.0,260.0,188.0,162.0,,3,8379178
47.7704,2019-09-08 18:21:27.774674,188.0,178.0,172.0,190.0,372.0,376.0,188.0,164.0,,3,8377296
47.7907,2019-09-08 18:21:27.787930,178.0,172.0,190.0,190.0,384.0,216.0,164.0,390.0,,2,8380555
47.8041,2019-09-08 18:21:27.794449,176.0,172.0,190.0,190.0,218.0,188.0,166.0,404.0,,2,8381151
47.8104,2019-09-08 18:21:27.835756,176.0,172.0,172.0,190.0,422.0,222.0,190.0,222.0,,1,8382725
47.852,2019-09-08 18:21:27.843142,306.0,176.0,172.0,192.0,430.0,222.0,434.0,222.0,,1,8384306
47.8591,2019-09-08 18:21:27.868715,348.0,178.0,172.0,196.0,444.0,444.0,224.0,192.0,,1,8384912
47.8848,2019-09-08 18:21:27.881469,378.0,178.0,172.0,198.0,446.0,224.0,224.0,166.0,,0,8386573
47.8975,2019-09-08 18:21:27.887876,400.0,172.0,200.0,200.0,224.0,224.0,166.0,166.0,,0,8386864
47.904,2019-09-08 18:21:27.936357,422.0,172.0,204.0,202.0,448.0,166.0,446.0,224.0,,0,8387504
47.9524,2019-09-08 18:21:27.956821,470.0,180.0,174.0,208.0,194.0,166.0,444.0,224.0,,0,8388019
47.9729,2019-09-08 18:21:27.988371,496.0,212.0,174.0,210.0,442.0,224.0,194.0,166.0,,-1,8387787
48.0046,2019-09-08 18:21:27.999645,174.0,218.0,174.0,220.0,442.0,224.0,194.0,166.0,,-1,8387040
48.0157,2019-09-08 18:21:28.071937,576.0,222.0,174.0,222.0,442.0,224.0,194.0,166.0,,-2,8388140
48.088,2019-09-08 18:21:28.079193,564.0,192.0,176.0,232.0,166.0,194.0,166.0,450.0,,-2,8387289
48.0952,2019-09-08 18:21:28.093355,556.0,194.0,176.0,234.0,166.0,194.0,166.0,450.0,,-2,8388746
48.1096,2019-09-08 18:21:28.126735,546.0,194.0,176.0,236.0,450.0,222.0,194.0,166.0,,-3,8387767
48.1429,2019-09-08 18:21:28.133237,538.0,196.0,178.0,236.0,440.0,222.0,192.0,164.0,,-3,8387459
48.1494,2019-09-08 18:21:28.168662,528.0,198.0,178.0,238.0,436.0,222.0,192.0,432.0,,-3,8387037
48.1847,2019-09-08 18:21:28.176724,516.0,200.0,178.0,242.0,194.0,220.0,386.0,166.0,,-3,8386569
48.193,2019-09-08 18:21:28.189328,512.0,202.0,178.0,244.0,324.0,320.0,214.0,166.0,,-2,8385306
48.2053,2019-09-08 18:21:28.204638,512.0,202.0,178.0,246.0,166.0,266.0,264.0,196.0,,-2,8384725
48.221,2019-09-08 18:21:28.220909,510.0,202.0,178.0,248.0,254.0,248.0,206.0,196.0,,-1,8383694
48.2369,2019-09-08 18:21:28.228966,506.0,204.0,178.0,250.0,222.0,204.0,196.0,166.0,,-1,8383500
48.245,2019-09-08 18:21:28.248305,500.0,208.0,178.0,256.0,200.0,198.0,166.0,166.0,,0,8382023
48.2643,2019-09-08 18:21:28.277374,476.0,216.0,180.0,268.0,198.0,196.0,164.0,182.0,,2,8378469
48.2934,2019-09-08 18:21:28.289060,456.0,182.0,276.0,276.0,188.0,196.0,194.0,164.0,,2,8376396
48.3052,2019-09-08 18:21:28.303443,228.0,182.0,284.0,284.0,180.0,184.0,180.0,164.0,,3,8374140
48.3196,2019-09-08 18:21:28.324870,236.0,184.0,184.0,294.0,178.0,164.0,178.0,180.0,,5,8370801
48.3411,2019-09-08 18:21:28.336748,372.0,246.0,188.0,306.0,178.0,164.0,176.0,164.0,,6,8367137
48.3528,2019-09-08 18:21:28.372248,336.0,256.0,188.0,316.0,176.0,174.0,180.0,164.0,,8,8357856
48.3884,2019-09-08 18:21:28.378716,304.0,264.0,192.0,326.0,174.0,178.0,180.0,164.0,,8,8354842
48.3947,2019-09-08 18:21:28.389216,276.0,270.0,194.0,334.0,174.0,178.0,164.0,174.0,,9,8352057
48.4052,2019-09-08 18:21:28.399968,246.0,276.0,196.0,340.0,178.0,164.0,176.0,172.0,,9,8349001
48.4161,2019-09-08 18:21:28.418370,198.0,282.0,200.0,346.0,172.0,174.0,176.0,164.0,,10,8346174
48.4344,2019-09-08 18:21:28.638437,204.0,288.0,202.0,348.0,172.0,172.0,174.0,162.0,,4,8351302
48.6545,2019-09-08 18:21:28.648131,178.0,184.0,176.0,180.0,172.0,172.0,162.0,162.0,,4,8352095
48.6644,2019-09-08 18:21:28.664593,178.0,178.0,172.0,196.0,172.0,172.0,174.0,172.0,,3,8351949
48.6807,2019-09-08 18:21:28.681865,180.0,176.0,172.0,194.0,174.0,172.0,174.0,162.0,,3,8351500
48.6979,2019-09-08 18:21:28.690212,180.0,176.0,180.0,194.0,172.0,172.0,172.0,172.0,,3,8350648
48.7064,2019-09-08 18:21:28.699381,180.0,176.0,172.0,192.0,172.0,170.0,172.0,174.0,,3,8350347
48.7154,2019-09-08 18:21:28.712803,178.0,176.0,178.0,192.0,170.0,172.0,172.0,162.0,,3,8349877
48.729,2019-09-08 18:21:28.725264,178.0,176.0,172.0,192.0,172.0,172.0,174.0,162.0,,3,8345711
48.7413,2019-09-08 18:21:28.739038,180.0,176.0,178.0,192.0,172.0,172.0,162.0,172.0,,3,8344728
48.7552,2019-09-08 18:21:28.759203,178.0,176.0,172.0,192.0,174.0,174.0,174.0,172.0,,3,8343074
48.7752,2019-09-08 18:21:28.792088,180.0,176.0,178.0,192.0,170.0,174.0,172.0,174.0,,3,8344209
48.8082,2019-09-08 18:21:28.808012,178.0,176.0,172.0,192.0,172.0,172.0,172.0,162.0,,3,8344254
48.824,2019-09-08 18:21:28.821729,178.0,178.0,170.0,192.0,162.0,172.0,162.0,172.0,,3,8347320
48.8378,2019-09-08 18:21:28.836110,178.0,176.0,172.0,192.0,174.0,172.0,174.0,162.0,,3,8347918
48.8525,2019-09-08 18:21:28.845624,178.0,176.0,170.0,192.0,174.0,172.0,174.0,176.0,,3,8350275
48.8616,2019-09-08 18:21:28.855640,178.0,176.0,172.0,192.0,174.0,172.0,174.0,176.0,,3,8355441
48.8718,2019-09-08 18:21:28.920618,178.0,176.0,172.0,190.0,162.0,176.0,172.0,176.0,,3,8373787
48.9366,2019-09-08 18:21:28.934808,178.0,176.0,172.0,192.0,188.0,190.0,176.0,162.0,,3,8374971
48.9508,2019-09-08 18:21:28.945338,176.0,176.0,172.0,190.0,192.0,192.0,176.0,162.0,,4,8378106
48.9614,2019-09-08 18:21:28.956082,176.0,176.0,172.0,192.0,174.0,176.0,176.0,200.0,,4,8384310
48.9722,2019-09-08 18:21:28.985937,176.0,176.0,172.0,190.0,162.0,210.0,176.0,212.0,,5,8393282
49.0022,2019-09-08 18:21:28.999536,176.0,178.0,172.0,192.0,176.0,162.0,186.0,162.0,,5,8393282
49.0161,2019-09-08 18:21:29.011191,176.0,178.0,172.0,190.0,234.0,238.0,178.0,238.0,,5,8398850
49.0274,2019-09-08 18:21:29.019293,176.0,176.0,172.0,190.0,242.0,244.0,194.0,162.0,,5,8400120
49.0353,2019-09-08 18:21:29.031716,176.0,176.0,172.0,172.0,258.0,262.0,182.0,184.0,,5,8400881
49.0477,2019-09-08 18:21:29.049594,176.0,176.0,172.0,190.0,164.0,308.0,188.0,166.0,,5,8400815
49.0656,2019-09-08 18:21:29.063811,176.0,178.0,172.0,190.0,320.0,214.0,190.0,166.0,,4,8400407
49.0798,2019-09-08 18:21:29.091234,176.0,178.0,172.0,190.0,166.0,216.0,166.0,166.0,,4,8395864
49.1072,2019-09-08 18:21:29.097599,176.0,176.0,172.0,176.0,220.0,378.0,198.0,380.0,,4,8395068
49.1137,2019-09-08 18:21:29.111158,178.0,176.0,172.0,178.0,396.0,222.0,398.0,224.0,,4,8393846
49.1272,2019-09-08 18:21:29.126952,184.0,176.0,172.0,188.0,166.0,200.0,200.0,412.0,,3,8389071
49.143,2019-09-08 18:21:29.190626,196.0,176.0,172.0,202.0,168.0,434.0,226.0,166.0,,2,8388915
49.2067,2019-09-08 18:21:29.198251,252.0,178.0,172.0,192.0,432.0,434.0,226.0,166.0,,2,8389524
49.2143,2019-09-08 18:21:29.211338,194.0,180.0,182.0,194.0,168.0,202.0,202.0,432.0,,2,8389915
49.2274,2019-09-08 18:21:29.266161,276.0,184.0,186.0,196.0,430.0,430.0,168.0,430.0,,1,8390739
49.2824,2019-09-08 18:21:29.275148,298.0,210.0,186.0,216.0,416.0,224.0,204.0,166.0,,0,8392338
49.2912,2019-09-08 18:21:29.460787,324.0,220.0,190.0,224.0,184.0,166.0,184.0,166.0,,3,8382109
49.4769,2019-09-08 18:21:29.467258,390.0,270.0,218.0,270.0,184.0,196.0,184.0,194.0,,3,8379780
49.4834,2019-09-08 18:21:29.499976,302.0,298.0,232.0,272.0,180.0,186.0,166.0,178.0,,5,8374441
49.5162,2019-09-08 18:21:29.611392,302.0,302.0,236.0,274.0,172.0,162.0,172.0,172.0,,12,8342510
49.6277,2019-09-08 18:21:29.619109,302.0,298.0,236.0,280.0,174.0,172.0,172.0,172.0,,12,8342510
49.6353,2019-09-08 18:21:29.643067,222.0,252.0,208.0,252.0,174.0,172.0,172.0,172.0,,11,8342309
49.6593,2019-09-08 18:21:29.649603,194.0,236.0,200.0,240.0,170.0,172.0,174.0,162.0,,11,8342790
49.6656,2019-09-08 18:21:29.663851,222.0,222.0,194.0,190.0,170.0,172.0,174.0,162.0,,10,8340486
49.6799,2019-09-08 18:21:29.675420,190.0,188.0,188.0,216.0,162.0,174.0,162.0,170.0,,10,8340922
49.6914,2019-09-08 18:21:29.704154,188.0,194.0,188.0,192.0,172.0,172.0,162.0,168.0,,9,8341579
49.7202,2019-09-08 18:21:29.820701,188.0,184.0,178.0,200.0,170.0,170.0,176.0,162.0,,4,8343901
49.8367,2019-09-08 18:21:29.826980,188.0,176.0,170.0,192.0,170.0,168.0,172.0,162.0,,4,8343901
49.843,2019-09-08 18:21:29.881519,184.0,176.0,172.0,190.0,174.0,172.0,174.0,162.0,,4,8343669
49.8977,2019-09-08 18:21:29.895089,184.0,176.0,172.0,190.0,162.0,176.0,162.0,166.0,,3,8343669
49.9112,2019-09-08 18:21:29.930817,182.0,176.0,172.0,192.0,166.0,172.0,174.0,162.0,,3,8343690
49.9468,2019-09-08 18:21:29.937740,182.0,176.0,172.0,190.0,166.0,166.0,174.0,176.0,,3,8342555
49.9537,2019-09-08 18:21:29.946910,182.0,176.0,172.0,190.0,166.0,172.0,174.0,162.0,,3,8342472
49.9629,2019-09-08 18:21:29.960849,180.0,176.0,172.0,190.0,166.0,166.0,174.0,162.0,,3,8342752
49.9769,2019-09-08 18:21:29.972201,180.0,176.0,172.0,192.0,168.0,172.0,170.0,162.0,,3,8342783
49.9882,2019-09-08 18:21:30.033584,180.0,178.0,172.0,190.0,172.0,174.0,162.0,162.0,,2,8342887
50.0497,2019-09-08 18:21:30.052392,178.0,178.0,172.0,190.0,172.0,172.0,170.0,172.0,,1,8343212
50.0689,2019-09-08 18:21:30.062748,180.0,178.0,172.0,190.0,172.0,172.0,172.0,170.0,,1,8342652
50.0791,2019-09-08 18:21:30.070638,180.0,178.0,172.0,190.0,172.0,172.0,170.0,162.0,,1,8343309
50.0873,2019-09-08 18:21:30.079184,178.0,178.0,172.0,190.0,172.0,172.0,170.0,174.0,,1,8342340
50.0955,2019-09-08 18:21:30.135703,178.0,178.0,172.0,190.0,180.0,180.0,172.0,176.0,,1,8342582
50.1524,2019-09-08 18:21:30.149878,180.0,178.0,172.0,190.0,172.0,182.0,172.0,176.0,,2,8342935
50.1663,2019-09-08 18:21:30.173642,186.0,178.0,172.0,190.0,194.0,196.0,174.0,196.0,,2,8343486
50.19,2019-09-08 18:21:30.180199,190.0,176.0,172.0,190.0,198.0,202.0,176.0,176.0,,2,8342077
50.1968,2019-09-08 18:21:30.221684,202.0,176.0,172.0,190.0,206.0,208.0,176.0,176.0,,2,8342306
50.2383,2019-09-08 18:21:30.228851,288.0,178.0,172.0,198.0,176.0,174.0,268.0,162.0,,2,8342146
50.2455,2019-09-08 18:21:30.251635,346.0,180.0,174.0,200.0,326.0,162.0,330.0,186.0,,3,8342607
50.268,2019-09-08 18:21:30.292768,388.0,180.0,172.0,398.0,362.0,364.0,200.0,178.0,,3,8341922
50.3096,2019-09-08 18:21:30.318106,454.0,208.0,174.0,460.0,370.0,202.0,180.0,164.0,,2,8341967
50.3347,2019-09-08 18:21:30.325104,498.0,186.0,500.0,210.0,404.0,406.0,208.0,164.0,,2,8342586
50.3411,2019-09-08 18:21:30.333747,508.0,186.0,174.0,210.0,412.0,414.0,182.0,182.0,,2,8342278
50.3503,2019-09-08 18:21:30.344839,520.0,188.0,522.0,188.0,430.0,184.0,184.0,184.0,,2,8341859
50.3612,2019-09-08 18:21:30.365072,210.0,534.0,190.0,212.0,446.0,184.0,184.0,184.0,,1,8342344
50.3814,2019-09-08 18:21:30.383114,548.0,192.0,176.0,212.0,452.0,184.0,164.0,166.0,,1,8342551
50.3995,2019-09-08 18:21:30.393069,562.0,564.0,176.0,214.0,164.0,462.0,214.0,464.0,,1,8342171
50.4094,2019-09-08 18:21:30.425990,574.0,576.0,176.0,216.0,488.0,186.0,186.0,490.0,,1,8342074
50.4426,2019-09-08 18:21:30.479891,582.0,200.0,198.0,176.0,490.0,218.0,166.0,490.0,,0,8342621
50.4962,2019-09-08 18:21:30.554296,580.0,206.0,178.0,222.0,490.0,218.0,166.0,492.0,,-3,8342316
50.5703,2019-09-08 18:21:30.563449,554.0,212.0,180.0,228.0,166.0,488.0,184.0,164.0,,-3,8342292
50.5798,2019-09-08 18:21:30.577906,498.0,220.0,184.0,240.0,206.0,206.0,164.0,164.0,,-3,8342652
50.5944,2019-09-08 18:21:30.587332,484.0,222.0,184.0,242.0,488.0,206.0,182.0,182.0,,-3,8342935
50.6039,2019-09-08 18:21:30.624852,474.0,224.0,186.0,186.0,488.0,164.0,488.0,206.0,,-4,8342832
50.6412,2019-09-08 18:21:30.634203,446.0,446.0,188.0,258.0,488.0,488.0,180.0,164.0,,-4,8342264
50.6509,2019-09-08 18:21:30.646491,430.0,190.0,266.0,266.0,458.0,202.0,182.0,164.0,,-4,8342520
50.6629,2019-09-08 18:21:30.663886,246.0,192.0,192.0,272.0,180.0,164.0,180.0,164.0,,-4,8342403
50.6802,2019-09-08 18:21:30.686200,396.0,248.0,394.0,250.0,340.0,336.0,190.0,190.0,,-3,8342925
50.7025,2019-09-08 18:21:30.752131,380.0,252.0,378.0,254.0,318.0,164.0,306.0,188.0,,2,8342486
50.7686,2019-09-08 18:21:30.761131,296.0,270.0,200.0,318.0,184.0,184.0,164.0,164.0,,3,8344434
50.7776,2019-09-08 18:21:30.778380,274.0,276.0,202.0,324.0,184.0,174.0,184.0,164.0,,5,8342655
50.7951,2019-09-08 18:21:30.791196,250.0,278.0,204.0,328.0,178.0,172.0,180.0,162.0,,5,8343344
50.8077,2019-09-08 18:21:30.809126,226.0,282.0,204.0,332.0,178.0,172.0,178.0,162.0,,6,8344409
50.8254,2019-09-08 18:21:30.841085,206.0,206.0,204.0,204.0,178.0,172.0,178.0,162.0,,9,8345382
50.8574,2019-09-08 18:21:30.868162,194.0,280.0,204.0,332.0,176.0,176.0,176.0,162.0,,10,8344171
50.8847,2019-09-08 18:21:30.875010,186.0,262.0,202.0,308.0,162.0,174.0,162.0,174.0,,10,8344634
50.8914,2019-09-08 18:21:30.886108,184.0,246.0,200.0,286.0,162.0,174.0,174.0,174.0,,10,8345814
50.9028,2019-09-08 18:21:30.906338,182.0,232.0,200.0,268.0,174.0,164.0,172.0,172.0,,10,8347233
50.9228,2019-09-08 18:21:30.929521,216.0,214.0,196.0,248.0,172.0,170.0,174.0,162.0,,9,8347731
50.9461,2019-09-08 18:21:30.936486,180.0,200.0,192.0,232.0,170.0,172.0,174.0,174.0,,9,8348503
50.9533,2019-09-08 18:21:30.943611,180.0,190.0,186.0,220.0,170.0,174.0,162.0,162.0,,9,8347929
50.9602,2019-09-08 18:21:30.958808,180.0,184.0,180.0,180.0,170.0,164.0,170.0,172.0,,8,8350763
50.9752,2019-09-08 18:21:30.972626,180.0,182.0,176.0,180.0,172.0,172.0,164.0,168.0,,8,8351977
50.9892,2019-09-08 18:21:30.991064,180.0,174.0,180.0,200.0,168.0,170.0,168.0,172.0,,7,8353199
51.0074,2019-09-08 18:21:31.006883,180.0,178.0,172.0,180.0,168.0,168.0,174.0,162.0,,6,8355645
51.0233,2019-09-08 18:21:31.036760,180.0,178.0,172.0,196.0,168.0,172.0,174.0,162.0,,5,8356458
51.0531,2019-09-08 18:21:31.045066,172.0,194.0,172.0,194.0,166.0,170.0,174.0,162.0,,4,8357185
51.0614,2019-09-08 18:21:31.056626,180.0,176.0,172.0,180.0,170.0,174.0,162.0,166.0,,4,8356731
51.073,2019-09-08 18:21:31.071113,194.0,176.0,180.0,194.0,174.0,162.0,166.0,170.0,,3,8355943
51.0875,2019-09-08 18:21:31.083631,180.0,176.0,172.0,180.0,174.0,170.0,168.0,170.0,,3,8355558
51.1001,2019-09-08 18:21:31.097641,180.0,176.0,172.0,194.0,174.0,172.0,168.0,170.0,,2,8353583
51.1142,2019-09-08 18:21:31.114605,180.0,176.0,172.0,192.0,168.0,168.0,172.0,162.0,,2,8350112
51.1312,2019-09-08 18:21:31.137575,180.0,176.0,170.0,192.0,168.0,172.0,174.0,162.0,,2,8343721
51.1539,2019-09-08 18:21:31.165785,180.0,176.0,172.0,176.0,168.0,172.0,174.0,162.0,,1,8342759
51.1821,2019-09-08 18:21:31.175444,180.0,180.0,176.0,172.0,162.0,168.0,172.0,162.0,,1,8342991
51.1922,2019-09-08 18:21:31.194707,180.0,176.0,172.0,192.0,162.0,168.0,162.0,168.0,,1,8342582
51.2113,2019-09-08 18:21:31.201666,180.0,176.0,172.0,192.0,170.0,170.0,174.0,162.0,,1,8342032
51.2182,2019-09-08 18:21:31.211352,180.0,176.0,172.0,192.0,170.0,172.0,174.0,162.0,,1,8341728
51.2278,2019-09-08 18:21:31.304562,180.0,176.0,172.0,192.0,172.0,174.0,176.0,162.0,,1,8342475
51.3213,2019-09-08 18:21:31.311592,178.0,176.0,172.0,190.0,188.0,172.0,176.0,162.0,,1,8341967
51.328,2019-09-08 18:21:31.326221,176.0,178.0,172.0,190.0,194.0,172.0,176.0,198.0,,1,8342385
51.3426,2019-09-08 18:21:31.379448,178.0,178.0,172.0,190.0,252.0,176.0,174.0,162.0,,3,8342399
51.3961,2019-09-08 18:21:31.386449,178.0,178.0,172.0,192.0,258.0,178.0,176.0,266.0,,3,8342444
51.4029,2019-09-08 18:21:31.415796,180.0,178.0,172.0,192.0,296.0,190.0,162.0,304.0,,3,8343499
51.4324,2019-09-08 18:21:31.729096,182.0,178.0,172.0,192.0,488.0,200.0,180.0,490.0,,-4,8347060
51.7454,2019-09-08 18:21:31.754116,320.0,176.0,172.0,194.0,490.0,202.0,164.0,164.0,,-4,8347288
51.7707,2019-09-08 18:21:31.813242,392.0,176.0,172.0,412.0,164.0,486.0,198.0,200.0,,-5,8348157
51.8296,2019-09-08 18:21:31.819971,630.0,630.0,190.0,174.0,476.0,198.0,472.0,180.0,,-6,8348157
51.8367,2019-09-08 18:21:31.886295,624.0,192.0,176.0,216.0,312.0,306.0,302.0,182.0,,-5,8349292
51.9031,2019-09-08 18:21:31.896233,616.0,196.0,176.0,224.0,292.0,164.0,180.0,164.0,,-5,8349209
51.9126,2019-09-08 18:21:32.009926,614.0,198.0,176.0,226.0,178.0,178.0,176.0,176.0,,1,8347102
52.027,2019-09-08 18:21:32.017327,556.0,206.0,178.0,248.0,164.0,162.0,178.0,172.0,,1,8346192
52.0336,2019-09-08 18:21:32.030015,530.0,208.0,178.0,252.0,162.0,172.0,174.0,174.0,,1,8345856
52.0466,2019-09-08 18:21:32.037291,212.0,212.0,178.0,256.0,176.0,176.0,172.0,164.0,,2,8344586
52.0535,2019-09-08 18:21:32.050676,462.0,216.0,178.0,258.0,176.0,172.0,174.0,162.0,,2,8344586
52.0667,2019-09-08 18:21:32.062476,406.0,218.0,180.0,260.0,174.0,172.0,174.0,162.0,,2,8344994
52.0785,2019-09-08 18:21:32.074022,338.0,218.0,178.0,260.0,172.0,172.0,174.0,164.0,,2,8344001
52.0901,2019-09-08 18:21:32.087946,256.0,216.0,178.0,256.0,172.0,174.0,172.0,172.0,,2,8344780
52.104,2019-09-08 18:21:32.106150,202.0,214.0,178.0,252.0,162.0,174.0,164.0,172.0,,1,8345147
52.1222,2019-09-08 18:21:32.122303,192.0,208.0,176.0,242.0,164.0,172.0,174.0,174.0,,1,8344870
52.1384,2019-09-08 18:21:32.205294,186.0,184.0,176.0,210.0,168.0,168.0,172.0,162.0,,0,8347794
52.2215,2019-09-08 18:21:32.211998,184.0,184.0,174.0,174.0,168.0,172.0,174.0,168.0,,-1,8348683
52.2281,2019-09-08 18:21:32.226497,184.0,178.0,172.0,196.0,172.0,174.0,174.0,162.0,,-1,8349562
52.2426,2019-09-08 18:21:32.233072,184.0,176.0,172.0,172.0,166.0,172.0,174.0,162.0,,-1,8349178
52.2491,2019-09-08 18:21:32.256749,184.0,176.0,170.0,192.0,166.0,172.0,174.0,162.0,,-1,8350102
52.2728,2019-09-08 18:21:32.277164,184.0,176.0,172.0,192.0,174.0,174.0,162.0,166.0,,-1,8348340
52.2934,2019-09-08 18:21:32.286094,184.0,176.0,172.0,192.0,166.0,166.0,174.0,174.0,,-1,8348340
52.3021,2019-09-08 18:21:32.298146,182.0,176.0,172.0,192.0,162.0,166.0,174.0,174.0,,-1,8347586
52.3144,2019-09-08 18:21:32.308187,182.0,176.0,172.0,192.0,162.0,166.0,174.0,174.0,,-1,8344441
52.3242,2019-09-08 18:21:32.333664,184.0,176.0,172.0,192.0,164.0,164.0,174.0,174.0,,-1,8342576
52.3498,2019-09-08 18:21:32.340244,182.0,176.0,172.0,192.0,162.0,164.0,174.0,162.0,,-2,8342354
52.3564,2019-09-08 18:21:32.373070,182.0,176.0,172.0,192.0,164.0,172.0,172.0,174.0,,-2,8342205
52.3895,2019-09-08 18:21:32.385102,182.0,176.0,172.0,190.0,162.0,164.0,172.0,174.0,,-2,8343409
52.4014,2019-09-08 18:21:32.400130,182.0,176.0,172.0,192.0,174.0,172.0,164.0,164.0,,-2,8342804
52.4164,2019-09-08 18:21:32.408486,182.0,176.0,172.0,190.0,174.0,162.0,164.0,172.0,,-2,8342392
52.4246,2019-09-08 18:21:32.422116,182.0,176.0,172.0,190.0,174.0,164.0,174.0,174.0,,-2,8342056
52.4385,2019-09-08 18:21:32.429949,180.0,176.0,172.0,190.0,162.0,164.0,174.0,162.0,,-2,8342576
52.4465,2019-09-08 18:21:32.443327,180.0,176.0,172.0,192.0,162.0,172.0,166.0,174.0,,-3,8342825
52.4594,2019-09-08 18:21:32.476416,180.0,176.0,172.0,190.0,168.0,172.0,174.0,162.0,,-3,8342863
52.4925,2019-09-08 18:21:32.483972,178.0,176.0,172.0,190.0,168.0,172.0,174.0,162.0,,-3,8342825
52.5001,2019-09-08 18:21:32.492635,180.0,176.0,172.0,190.0,168.0,172.0,174.0,168.0,,-2,8343762
52.5096,2019-09-08 18:21:32.512122,178.0,178.0,172.0,190.0,174.0,162.0,170.0,174.0,,-2,8345285
52.5284,2019-09-08 18:21:32.526730,178.0,178.0,172.0,190.0,174.0,174.0,172.0,174.0,,-1,8347977
52.5427,2019-09-08 18:21:32.538559,178.0,178.0,172.0,190.0,164.0,178.0,172.0,162.0,,-1,8350984
52.5549,2019-09-08 18:21:32.555911,178.0,178.0,172.0,190.0,182.0,176.0,172.0,172.0,,0,8357403
52.5722,2019-09-08 18:21:32.573722,178.0,176.0,172.0,190.0,176.0,162.0,176.0,162.0,,0,8360645
52.59,2019-09-08 18:21:32.583423,178.0,178.0,172.0,192.0,206.0,162.0,210.0,172.0,,0,8360707
52.5996,2019-09-08 18:21:32.650761,178.0,178.0,172.0,192.0,284.0,188.0,286.0,164.0,,2,8374320
52.6668,2019-09-08 18:21:32.668954,184.0,178.0,172.0,192.0,284.0,190.0,284.0,164.0,,3,8375099
52.6853,2019-09-08 18:21:32.681907,192.0,176.0,172.0,192.0,278.0,180.0,182.0,278.0,,3,8377324
52.6983,2019-09-08 18:21:32.706624,200.0,176.0,172.0,190.0,202.0,202.0,164.0,294.0,,3,8374386
52.7229,2019-09-08 18:21:32.713752,226.0,176.0,172.0,190.0,184.0,184.0,184.0,298.0,,3,8374555
52.7298,2019-09-08 18:21:32.730485,242.0,176.0,172.0,192.0,184.0,164.0,184.0,310.0,,3,8378216
52.7467,2019-09-08 18:21:32.741969,262.0,176.0,172.0,192.0,314.0,314.0,316.0,206.0,,2,8379050
52.758,2019-09-08 18:21:32.761261,296.0,178.0,172.0,192.0,166.0,208.0,334.0,208.0,,2,8379559
52.7772,2019-09-08 18:21:32.817790,338.0,178.0,172.0,196.0,392.0,216.0,396.0,166.0,,1,8383327
52.8338,2019-09-08 18:21:32.826302,180.0,174.0,202.0,202.0,166.0,402.0,216.0,166.0,,1,8383023
52.8424,2019-09-08 18:21:32.841433,182.0,174.0,204.0,204.0,408.0,216.0,188.0,166.0,,0,8383414
52.8575,2019-09-08 18:21:32.847765,446.0,174.0,206.0,206.0,426.0,218.0,190.0,166.0,,0,8383151
52.8648,2019-09-08 18:21:32.901734,458.0,174.0,208.0,208.0,460.0,222.0,192.0,222.0,,0,8384362
52.918,2019-09-08 18:21:32.920344,506.0,192.0,178.0,220.0,222.0,222.0,166.0,462.0,,0,8384919
52.9365,2019-09-08 18:21:32.931721,524.0,194.0,178.0,528.0,166.0,462.0,192.0,166.0,,0,8384348
52.948,2019-09-08 18:21:32.942457,538.0,198.0,180.0,230.0,460.0,192.0,192.0,458.0,,0,8385102
52.9585,2019-09-08 18:21:32.954497,546.0,202.0,182.0,234.0,224.0,192.0,166.0,456.0,,-1,8386078
52.9709,2019-09-08 18:21:32.994145,236.0,204.0,182.0,236.0,454.0,224.0,192.0,166.0,,-1,8384981
53.0101,2019-09-08 18:21:33.020759,240.0,206.0,182.0,240.0,166.0,224.0,224.0,452.0,,-1,8384825
53.0368,2019-09-08 18:21:33.027017,530.0,206.0,184.0,242.0,166.0,166.0,452.0,166.0,,-2,8384656
53.043,2019-09-08 18:21:33.045069,516.0,208.0,512.0,208.0,450.0,224.0,192.0,166.0,,-2,8385085
53.0611,2019-09-08 18:21:33.057419,498.0,498.0,184.0,248.0,222.0,192.0,192.0,448.0,,-2,8384825
53.0734,2019-09-08 18:21:33.106469,486.0,210.0,184.0,250.0,440.0,438.0,166.0,166.0,,-3,8385030
53.1226,2019-09-08 18:21:33.114274,476.0,474.0,184.0,254.0,436.0,220.0,192.0,166.0,,-3,8384895
53.1303,2019-09-08 18:21:33.141724,468.0,212.0,186.0,256.0,190.0,166.0,428.0,218.0,,-3,8384064
53.1577,2019-09-08 18:21:33.186749,464.0,464.0,212.0,186.0,214.0,212.0,190.0,370.0,,-1,8383334
53.203,2019-09-08 18:21:33.193256,452.0,222.0,188.0,274.0,216.0,212.0,188.0,166.0,,0,8378967
53.2092,2019-09-08 18:21:33.207114,446.0,226.0,190.0,278.0,194.0,192.0,188.0,164.0,,2,8376275
53.2231,2019-09-08 18:21:33.274167,440.0,228.0,190.0,282.0,188.0,194.0,188.0,164.0,,5,8364756
53.2901,2019-09-08 18:21:33.430871,420.0,232.0,190.0,288.0,184.0,194.0,188.0,164.0,,8,8339458
53.447,2019-09-08 18:21:33.437240,186.0,222.0,190.0,260.0,180.0,188.0,184.0,164.0,,8,8339998
53.4534,2019-09-08 18:21:33.534717,250.0,184.0,192.0,246.0,176.0,172.0,176.0,162.0,,4,8342780
53.5509,2019-09-08 18:21:33.541204,180.0,180.0,176.0,198.0,174.0,176.0,176.0,174.0,,4,8341735
53.5573,2019-09-08 18:21:33.623272,180.0,180.0,174.0,196.0,190.0,192.0,176.0,162.0,,2,8342662
53.6398,2019-09-08 18:21:33.630073,180.0,176.0,172.0,192.0,162.0,194.0,174.0,176.0,,2,8342499
53.6463,2019-09-08 18:21:33.662411,180.0,176.0,172.0,190.0,196.0,176.0,176.0,198.0,,2,8342963
53.6789,2019-09-08 18:21:33.684146,180.0,176.0,172.0,192.0,214.0,164.0,218.0,164.0,,2,8341977
53.7002,2019-09-08 18:21:33.693324,180.0,176.0,170.0,190.0,240.0,244.0,178.0,178.0,,2,8343129
53.7094,2019-09-08 18:21:33.708968,180.0,176.0,190.0,190.0,268.0,272.0,178.0,180.0,,2,8343264
53.725,2019-09-08 18:21:33.722003,180.0,176.0,172.0,192.0,164.0,286.0,178.0,164.0,,1,8344323
53.738,2019-09-08 18:21:33.728580,176.0,176.0,172.0,192.0,180.0,200.0,314.0,202.0,,1,8346039
53.7447,2019-09-08 18:21:33.738338,180.0,176.0,172.0,190.0,330.0,202.0,182.0,164.0,,1,8349984
53.7544,2019-09-08 18:21:33.757751,176.0,176.0,172.0,190.0,182.0,164.0,368.0,164.0,,1,8365701
53.7738,2019-09-08 18:21:33.771501,176.0,176.0,172.0,192.0,380.0,206.0,184.0,184.0,,0,8375521
53.7876,2019-09-08 18:21:33.825902,180.0,176.0,172.0,190.0,432.0,210.0,186.0,166.0,,-2,8414456
53.842,2019-09-08 18:21:33.833312,180.0,176.0,172.0,192.0,436.0,212.0,186.0,440.0,,-2,8415487
53.8494,2019-09-08 18:21:33.845596,180.0,178.0,172.0,190.0,444.0,214.0,188.0,164.0,,-2,8420418
53.8616,2019-09-08 18:21:33.854062,180.0,176.0,172.0,180.0,448.0,214.0,186.0,164.0,,-2,8426072
53.8701,2019-09-08 18:21:33.871158,180.0,192.0,172.0,192.0,450.0,214.0,188.0,164.0,,-2,8437397
53.8875,2019-09-08 18:21:33.890122,180.0,190.0,172.0,190.0,166.0,214.0,456.0,166.0,,-2,8439622
53.9063,2019-09-08 18:21:33.899321,180.0,178.0,178.0,190.0,456.0,214.0,456.0,166.0,,-2,8438359
53.9154,2019-09-08 18:21:33.916400,190.0,178.0,172.0,190.0,456.0,214.0,190.0,166.0,,-2,8445429
53.933,2019-09-08 18:21:33.925739,178.0,178.0,172.0,190.0,456.0,214.0,192.0,166.0,,-2,8442730
53.9418,2019-09-08 18:21:33.940019,178.0,178.0,172.0,196.0,166.0,194.0,194.0,460.0,,-2,8444179
53.957,2019-09-08 18:21:33.956782,178.0,180.0,172.0,190.0,166.0,194.0,166.0,462.0,,-2,8443235
53.9737,2019-09-08 18:21:33.974365,184.0,180.0,172.0,194.0,196.0,214.0,468.0,196.0,,-2,8429705
53.9905,2019-09-08 18:21:33.999409,198.0,182.0,174.0,194.0,468.0,470.0,166.0,470.0,,-2,8427532
54.0155,2019-09-08 18:21:34.021989,222.0,186.0,176.0,200.0,470.0,212.0,196.0,166.0,,-3,8419435
54.0381,2019-09-08 18:21:34.028436,238.0,190.0,178.0,206.0,462.0,210.0,198.0,458.0,,-3,8419605
54.0446,2019-09-08 18:21:34.037953,236.0,194.0,180.0,208.0,458.0,210.0,196.0,166.0,,-3,8418847
54.0545,2019-09-08 18:21:34.052619,236.0,196.0,182.0,212.0,440.0,198.0,166.0,432.0,,-3,8415227
54.0692,2019-09-08 18:21:34.067768,236.0,200.0,184.0,214.0,166.0,418.0,206.0,206.0,,-2,8412995
54.084,2019-09-08 18:21:34.081556,242.0,204.0,186.0,220.0,200.0,204.0,386.0,166.0,,-2,8411061
54.0976,2019-09-08 18:21:34.132866,248.0,210.0,188.0,224.0,262.0,200.0,196.0,250.0,,0,8400975
54.149,2019-09-08 18:21:34.143643,288.0,226.0,198.0,238.0,224.0,220.0,194.0,200.0,,0,8400258
54.1597,2019-09-08 18:21:34.165363,310.0,236.0,204.0,246.0,208.0,206.0,200.0,200.0,,1,8395992
54.1817,2019-09-08 18:21:34.179584,328.0,244.0,208.0,252.0,186.0,196.0,164.0,164.0,,2,8388611
54.1957,2019-09-08 18:21:34.210460,340.0,250.0,212.0,260.0,184.0,182.0,164.0,182.0,,3,8372171
54.2266,2019-09-08 18:21:34.217632,352.0,254.0,216.0,268.0,182.0,180.0,182.0,180.0,,4,8364853
54.2338,2019-09-08 18:21:34.224099,252.0,216.0,268.0,268.0,180.0,178.0,184.0,164.0,,5,8358787
54.2402,2019-09-08 18:21:34.237707,344.0,268.0,214.0,344.0,180.0,178.0,182.0,164.0,,6,8355839
54.2538,2019-09-08 18:21:34.253806,342.0,250.0,214.0,268.0,178.0,178.0,178.0,164.0,,6,8345562
54.2699,2019-09-08 18:21:34.267758,340.0,268.0,214.0,340.0,176.0,176.0,164.0,164.0,,7,8342773
54.2838,2019-09-08 18:21:34.308809,340.0,246.0,212.0,264.0,174.0,172.0,172.0,174.0,,8,8342337
54.3249,2019-09-08 18:21:34.316951,342.0,242.0,210.0,262.0,174.0,172.0,174.0,174.0,,8,8341475
54.3339,2019-09-08 18:21:34.329238,350.0,236.0,206.0,258.0,174.0,172.0,174.0,174.0,,8,8339562
54.3454,2019-09-08 18:21:34.337395,202.0,232.0,368.0,230.0,172.0,172.0,172.0,172.0,,8,8336811
54.3535,2019-09-08 18:21:34.459896,378.0,252.0,374.0,224.0,170.0,172.0,174.0,162.0,,7,8326869
54.4765,2019-09-08 18:21:34.473319,192.0,190.0,176.0,198.0,174.0,172.0,176.0,164.0,,5,8325181
54.49,2019-09-08 18:21:34.483826,190.0,190.0,174.0,196.0,172.0,172.0,176.0,164.0,,5,8328323
54.5006,2019-09-08 18:21:34.490834,190.0,190.0,174.0,194.0,170.0,162.0,174.0,172.0,,5,8328323
54.5072,2019-09-08 18:21:34.512203,188.0,188.0,172.0,192.0,170.0,172.0,176.0,162.0,,4,8335326
54.5282,2019-09-08 18:21:34.521245,190.0,178.0,172.0,192.0,170.0,172.0,174.0,162.0,,4,8338645
54.5373,2019-09-08 18:21:34.531465,190.0,176.0,172.0,172.0,170.0,172.0,176.0,164.0,,4,8340371
54.5477,2019-09-08 18:21:34.550939,188.0,176.0,172.0,190.0,172.0,172.0,176.0,162.0,,4,8343115
54.5671,2019-09-08 18:21:34.561412,188.0,176.0,172.0,192.0,170.0,172.0,176.0,164.0,,3,8344371
54.5775,2019-09-08 18:21:34.580182,188.0,176.0,172.0,190.0,172.0,172.0,176.0,164.0,,3,8344807
54.5968,2019-09-08 18:21:34.595618,188.0,176.0,172.0,192.0,170.0,172.0,176.0,162.0,,3,8343935
54.6117,2019-09-08 18:21:34.661848,186.0,176.0,172.0,192.0,170.0,172.0,174.0,162.0,,2,8345261
54.678,2019-09-08 18:21:34.670759,186.0,176.0,172.0,190.0,176.0,172.0,168.0,172.0,,2,8344645
54.6868,2019-09-08 18:21:34.682140,186.0,176.0,172.0,192.0,168.0,172.0,168.0,172.0,,2,8344717
54.699,2019-09-08 18:21:34.693641,186.0,176.0,172.0,192.0,174.0,172.0,168.0,172.0,,2,8343631
54.7097,2019-09-08 18:21:34.717574,186.0,176.0,172.0,192.0,162.0,168.0,168.0,174.0,,1,8344077
54.7337,2019-09-08 18:21:34.727780,186.0,176.0,172.0,192.0,162.0,168.0,172.0,176.0,,1,8343254
54.7438,2019-09-08 18:21:34.740635,176.0,176.0,172.0,190.0,172.0,172.0,162.0,164.0,,1,8343607
54.7572,2019-09-08 18:21:34.752025,186.0,176.0,172.0,192.0,172.0,176.0,164.0,162.0,,0,8343420
54.768,2019-09-08 18:21:34.767019,176.0,176.0,172.0,190.0,168.0,162.0,176.0,168.0,,0,8342683
54.7831,2019-09-08 18:21:34.786917,184.0,178.0,192.0,192.0,162.0,168.0,170.0,162.0,,0,8342551
54.8029,2019-09-08 18:21:34.797281,184.0,178.0,170.0,192.0,170.0,172.0,174.0,176.0,,-1,8343091
54.8133,2019-09-08 18:21:34.823779,184.0,176.0,184.0,192.0,170.0,170.0,172.0,176.0,,-1,8343112
54.8398,2019-09-08 18:21:34.857243,184.0,176.0,172.0,192.0,172.0,172.0,174.0,162.0,,-1,8342617
54.8734,2019-09-08 18:21:34.869201,184.0,178.0,182.0,192.0,182.0,172.0,184.0,172.0,,-1,8343697
54.8852,2019-09-08 18:21:34.882466,182.0,176.0,182.0,178.0,188.0,162.0,176.0,190.0,,-1,8342759
54.8986,2019-09-08 18:21:34.891025,184.0,186.0,176.0,172.0,176.0,172.0,162.0,172.0,,-1,8342167
54.9071,2019-09-08 18:21:34.963044,188.0,176.0,172.0,192.0,200.0,172.0,178.0,206.0,,1,8342361
54.979,2019-09-08 18:21:34.969648,190.0,178.0,172.0,192.0,334.0,186.0,176.0,162.0,,2,8342441
54.9858,2019-09-08 18:21:34.990292,192.0,178.0,172.0,192.0,348.0,200.0,178.0,164.0,,2,8342849
55.0067,2019-09-08 18:21:35.117662,222.0,178.0,172.0,192.0,520.0,164.0,522.0,206.0,,1,8342074
55.1337,2019-09-08 18:21:35.133713,252.0,178.0,172.0,194.0,524.0,164.0,524.0,164.0,,0,8342991
55.1501,2019-09-08 18:21:35.148571,356.0,188.0,176.0,202.0,526.0,206.0,180.0,164.0,,0,8341894
55.1651,2019-09-08 18:21:35.169118,378.0,190.0,176.0,206.0,524.0,204.0,178.0,164.0,,0,8343029
55.1851,2019-09-08 18:21:35.177170,430.0,432.0,218.0,218.0,522.0,202.0,180.0,164.0,,-1,8342292
55.1944,2019-09-08 18:21:35.195235,446.0,204.0,182.0,220.0,520.0,202.0,178.0,164.0,,-1,8341600
55.2114,2019-09-08 18:21:35.218988,472.0,474.0,208.0,224.0,516.0,200.0,516.0,202.0,,-2,8341655
55.235,2019-09-08 18:21:35.236055,488.0,210.0,226.0,226.0,164.0,164.0,514.0,202.0,,-2,8341932
55.2522,2019-09-08 18:21:35.257107,212.0,212.0,186.0,230.0,514.0,202.0,180.0,178.0,,-3,8342105
55.2731,2019-09-08 18:21:35.268751,502.0,214.0,186.0,232.0,164.0,514.0,202.0,180.0,,-3,8342292
55.2849,2019-09-08 18:21:35.290450,214.0,216.0,186.0,234.0,164.0,512.0,200.0,180.0,,-3,8342797
55.3065,2019-09-08 18:21:35.306777,216.0,216.0,186.0,236.0,512.0,200.0,180.0,164.0,,-4,8342385
55.3229,2019-09-08 18:21:35.331033,490.0,216.0,188.0,238.0,508.0,200.0,164.0,508.0,,-4,8342600
55.347,2019-09-08 18:21:35.343279,486.0,218.0,188.0,238.0,504.0,180.0,164.0,500.0,,-4,8343046
55.3593,2019-09-08 18:21:35.356582,482.0,218.0,188.0,238.0,486.0,198.0,180.0,162.0,,-5,8342160
55.373,2019-09-08 18:21:35.370304,478.0,218.0,188.0,478.0,180.0,180.0,180.0,424.0,,-5,8343178
55.3871,2019-09-08 18:21:35.390307,478.0,218.0,188.0,478.0,164.0,394.0,190.0,164.0,,-5,8342735
55.4067,2019-09-08 18:21:35.401363,478.0,218.0,188.0,478.0,382.0,376.0,188.0,164.0,,-5,8342762
55.4175,2019-09-08 18:21:35.417627,480.0,220.0,188.0,480.0,292.0,180.0,178.0,162.0,,-4,8343396
55.4341,2019-09-08 18:21:35.440304,482.0,220.0,188.0,482.0,242.0,178.0,178.0,162.0,,-3,8342496
55.4567,2019-09-08 18:21:35.447004,482.0,222.0,482.0,250.0,214.0,162.0,178.0,176.0,,-3,8342375
55.4632,2019-09-08 18:21:35.468370,478.0,222.0,188.0,252.0,196.0,174.0,178.0,162.0,,-2,8342430
55.4848,2019-09-08 18:21:35.480028,476.0,222.0,188.0,254.0,182.0,174.0,176.0,164.0,,-1,8343489
55.4964,2019-09-08 18:21:35.497276,472.0,222.0,470.0,222.0,180.0,176.0,162.0,180.0,,0,8342409
55.5133,2019-09-08 18:21:35.512988,464.0,464.0,224.0,258.0,172.0,176.0,176.0,174.0,,0,8343399
55.5291,2019-09-08 18:21:35.543759,452.0,224.0,188.0,260.0,178.0,172.0,162.0,176.0,,2,8344250
55.5599,2019-09-08 18:21:35.560233,432.0,224.0,188.0,258.0,176.0,172.0,176.0,172.0,,3,8344593
55.5764,2019-09-08 18:21:35.572859,406.0,226.0,188.0,258.0,174.0,172.0,174.0,164.0,,3,8345326
55.5896,2019-09-08 18:21:35.585458,364.0,226.0,188.0,254.0,174.0,174.0,174.0,164.0,,3,8346479
55.6016,2019-09-08 18:21:35.597329,310.0,306.0,224.0,188.0,170.0,174.0,176.0,172.0,,3,8347288
55.6138,2019-09-08 18:21:35.605962,250.0,248.0,222.0,236.0,172.0,172.0,176.0,176.0,,4,8351880
55.6221,2019-09-08 18:21:35.638190,208.0,206.0,218.0,240.0,172.0,172.0,172.0,164.0,,4,8353731
55.6543,2019-09-08 18:21:35.651768,192.0,214.0,182.0,232.0,170.0,170.0,176.0,162.0,,3,8360313
55.6679,2019-09-08 18:21:35.664628,192.0,192.0,182.0,182.0,168.0,174.0,174.0,168.0,,3,8359815
55.6807,2019-09-08 18:21:35.671964,190.0,204.0,180.0,182.0,168.0,162.0,168.0,172.0,,3,8362157
55.6881,2019-09-08 18:21:35.689461,188.0,188.0,182.0,208.0,168.0,168.0,174.0,174.0,,2,8366202
55.7056,2019-09-08 18:21:35.712392,186.0,192.0,180.0,202.0,166.0,166.0,172.0,162.0,,2,8367313
55.7286,2019-09-08 18:21:35.720461,186.0,186.0,178.0,200.0,166.0,172.0,174.0,162.0,,1,8367925
55.7366,2019-09-08 18:21:35.746324,186.0,182.0,176.0,198.0,172.0,174.0,176.0,164.0,,1,8368676
55.7627,2019-09-08 18:21:35.937521,184.0,176.0,172.0,184.0,164.0,162.0,164.0,172.0,,-4,8342569
55.9535,2019-09-08 18:21:35.954668,182.0,176.0,172.0,192.0,164.0,172.0,164.0,172.0,,-4,8343565
55.9708,2019-09-08 18:21:35.971000,182.0,176.0,172.0,192.0,162.0,172.0,176.0,162.0,,-4,8342759
55.9872,2019-09-08 18:21:35.984859,182.0,176.0,172.0,192.0,164.0,172.0,174.0,162.0,,-5,8342423
56.0009,2019-09-08 18:21:36.004658,182.0,178.0,172.0,192.0,164.0,172.0,174.0,162.0,,-5,8342883
56.0209,2019-09-08 18:21:36.019269,182.0,176.0,172.0,192.0,162.0,174.0,176.0,162.0,,-5,8342576
56.0354,2019-09-08 18:21:36.058565,182.0,178.0,172.0,192.0,162.0,172.0,162.0,164.0,,-6,8342544
56.075,2019-09-08 18:21:36.068761,180.0,176.0,172.0,192.0,162.0,172.0,174.0,162.0,,-6,8343600
56.0848,2019-09-08 18:21:36.129283,180.0,178.0,192.0,192.0,164.0,162.0,174.0,162.0,,-6,8344873
56.1464,2019-09-08 18:21:36.136750,172.0,192.0,172.0,180.0,164.0,172.0,174.0,162.0,,-6,8345136
56.1528,2019-09-08 18:21:36.167150,180.0,192.0,172.0,180.0,166.0,172.0,172.0,174.0,,-6,8347237
56.1836,2019-09-08 18:21:36.173885,172.0,192.0,172.0,190.0,170.0,172.0,176.0,162.0,,-6,8348064
56.1899,2019-09-08 18:21:36.197166,180.0,178.0,172.0,192.0,176.0,172.0,176.0,162.0,,-5,8349147
56.2133,2019-09-08 18:21:36.220902,180.0,178.0,172.0,192.0,180.0,172.0,162.0,180.0,,-4,8350160
56.2369,2019-09-08 18:21:36.227331,184.0,184.0,178.0,172.0,172.0,174.0,162.0,182.0,,-4,8350524
56.2441,2019-09-08 18:21:36.263257,192.0,178.0,172.0,192.0,162.0,192.0,176.0,162.0,,-4,8350465
56.2793,2019-09-08 18:21:36.276915,198.0,178.0,172.0,192.0,200.0,202.0,172.0,164.0,,-3,8350545
56.293,2019-09-08 18:21:36.324392,214.0,178.0,172.0,192.0,172.0,176.0,176.0,240.0,,-3,8347057
56.3404,2019-09-08 18:21:36.341236,264.0,178.0,172.0,194.0,176.0,174.0,272.0,174.0,,-2,8346683
56.3573,2019-09-08 18:21:36.359107,304.0,178.0,172.0,198.0,290.0,174.0,174.0,162.0,,-2,8345683
56.3753,2019-09-08 18:21:36.365818,342.0,180.0,172.0,200.0,314.0,176.0,176.0,162.0,,-2,8344870
56.3827,2019-09-08 18:21:36.376916,366.0,180.0,200.0,200.0,322.0,178.0,176.0,162.0,,-2,8345036
56.3938,2019-09-08 18:21:36.451845,182.0,182.0,174.0,202.0,162.0,338.0,184.0,162.0,,-1,8343569
56.469,2019-09-08 18:21:36.516456,442.0,184.0,174.0,204.0,342.0,344.0,176.0,176.0,,-2,8342956
56.5329,2019-09-08 18:21:36.523264,516.0,186.0,174.0,186.0,368.0,192.0,178.0,164.0,,-2,8342264
56.5395,2019-09-08 18:21:36.558954,566.0,568.0,174.0,216.0,376.0,192.0,178.0,382.0,,-2,8342461
56.5751,2019-09-08 18:21:36.579370,582.0,192.0,174.0,218.0,164.0,476.0,204.0,166.0,,-3,8342437
56.5954,2019-09-08 18:21:36.595938,228.0,198.0,178.0,230.0,494.0,206.0,208.0,168.0,,-3,8341814
56.612,2019-09-08 18:21:36.610599,576.0,576.0,178.0,234.0,494.0,166.0,166.0,166.0,,-3,8342569
56.6266,2019-09-08 18:21:36.620310,566.0,564.0,206.0,238.0,494.0,208.0,494.0,168.0,,-3,8342278
56.6366,2019-09-08 18:21:36.630791,556.0,554.0,180.0,240.0,488.0,488.0,208.0,168.0,,-3,8342005
56.6469,2019-09-08 18:21:36.666855,544.0,210.0,180.0,242.0,480.0,478.0,234.0,168.0,,-3,8342742
56.6829,2019-09-08 18:21:36.692310,524.0,522.0,210.0,180.0,476.0,476.0,238.0,238.0,,-3,8342119
56.7094,2019-09-08 18:21:36.699686,514.0,212.0,180.0,244.0,170.0,256.0,170.0,170.0,,-4,8343240
56.7157,2019-09-08 18:21:36.727495,514.0,212.0,180.0,244.0,268.0,206.0,268.0,170.0,,-4,8342714
56.7437,2019-09-08 18:21:36.738950,210.0,210.0,180.0,246.0,446.0,206.0,272.0,172.0,,-4,8342818
56.755,2019-09-08 18:21:36.778655,522.0,208.0,180.0,244.0,208.0,210.0,296.0,174.0,,-4,8343053
56.7952,2019-09-08 18:21:36.786938,532.0,204.0,180.0,530.0,422.0,210.0,300.0,174.0,,-5,8343053
56.803,2019-09-08 18:21:36.799543,204.0,180.0,246.0,246.0,304.0,212.0,174.0,410.0,,-5,8343295
56.8162,2019-09-08 18:21:36.815348,532.0,204.0,178.0,248.0,176.0,406.0,176.0,212.0,,-5,8343371
56.8314,2019-09-08 18:21:36.827430,532.0,204.0,180.0,530.0,380.0,218.0,332.0,180.0,,-5,8343198
56.8437,2019-09-08 18:21:36.842769,528.0,204.0,180.0,250.0,374.0,370.0,182.0,366.0,,-6,8343403
56.8589,2019-09-08 18:21:36.868147,526.0,250.0,526.0,204.0,342.0,224.0,362.0,226.0,,-6,8342804
56.8847,2019-09-08 18:21:36.889930,252.0,204.0,522.0,204.0,300.0,196.0,392.0,196.0,,-6,8344126
56.9061,2019-09-08 18:21:36.915017,520.0,204.0,180.0,252.0,290.0,196.0,286.0,198.0,,-6,8344430
56.9311,2019-09-08 18:21:36.924346,516.0,204.0,180.0,252.0,282.0,236.0,404.0,238.0,,-6,8345904
56.9404,2019-09-08 18:21:36.930763,508.0,204.0,180.0,254.0,258.0,240.0,240.0,426.0,,-6,8344721
56.9468,2019-09-08 18:21:36.945767,490.0,206.0,180.0,256.0,240.0,244.0,436.0,210.0,,-6,8345849
56.9618,2019-09-08 18:21:36.965424,466.0,206.0,180.0,256.0,212.0,244.0,440.0,214.0,,-6,8345790
56.9815,2019-09-08 18:21:36.974492,432.0,426.0,208.0,180.0,222.0,248.0,450.0,248.0,,-6,8346721
56.9911,2019-09-08 18:21:36.984985,380.0,210.0,180.0,254.0,222.0,250.0,460.0,224.0,,-6,8348320
57.0011,2019-09-08 18:21:37.002686,324.0,210.0,180.0,254.0,188.0,188.0,248.0,230.0,,-6,8348960
57.0187,2019-09-08 18:21:37.013394,262.0,210.0,178.0,250.0,186.0,186.0,470.0,230.0,,-6,8350994
57.0296,2019-09-08 18:21:37.039325,214.0,208.0,208.0,178.0,238.0,238.0,180.0,236.0,,-5,8353122
57.0555,2019-09-08 18:21:37.052297,194.0,194.0,204.0,178.0,178.0,176.0,450.0,448.0,,-5,8354641
57.0684,2019-09-08 18:21:37.078469,192.0,202.0,178.0,236.0,174.0,238.0,174.0,240.0,,-4,8356520
57.0945,2019-09-08 18:21:37.088120,190.0,198.0,178.0,226.0,220.0,416.0,218.0,412.0,,-3,8356558
57.1043,2019-09-08 18:21:37.101434,188.0,194.0,176.0,220.0,168.0,214.0,392.0,168.0,,-3,8358022
57.1178,2019-09-08 18:21:37.111474,186.0,188.0,186.0,188.0,166.0,204.0,354.0,242.0,,-2,8358019
57.1279,2019-09-08 18:21:37.126935,186.0,184.0,176.0,210.0,166.0,202.0,340.0,242.0,,-1,8358711
57.143,2019-09-08 18:21:37.136305,184.0,182.0,184.0,180.0,164.0,196.0,196.0,238.0,,0,8359157
57.1527,2019-09-08 18:21:37.191117,184.0,180.0,174.0,180.0,162.0,206.0,206.0,204.0,,5,8358562
57.2073,2019-09-08 18:21:37.198091,184.0,178.0,184.0,184.0,160.0,202.0,200.0,160.0,,6,8357963
57.2142,2019-09-08 18:21:37.205687,184.0,178.0,172.0,178.0,180.0,180.0,194.0,162.0,,7,8357479
57.2224,2019-09-08 18:21:37.217541,184.0,176.0,184.0,176.0,162.0,192.0,190.0,160.0,,8,8356320
57.2339,2019-09-08 18:21:37.242790,184.0,184.0,182.0,178.0,162.0,180.0,182.0,162.0,,11,8355337
57.2588,2019-09-08 18:21:37.257549,184.0,184.0,176.0,192.0,162.0,176.0,170.0,162.0,,13,8354828
57.2736,2019-09-08 18:21:37.281278,184.0,176.0,176.0,172.0,162.0,178.0,178.0,168.0,,16,8353289
57.2973,2019-09-08 18:21:37.315363,182.0,182.0,176.0,190.0,174.0,178.0,178.0,168.0,,20,8351693
57.3314,2019-09-08 18:21:37.323664,184.0,182.0,172.0,192.0,162.0,172.0,162.0,172.0,,22,8351019
57.3403,2019-09-08 18:21:37.334446,182.0,176.0,172.0,192.0,176.0,162.0,172.0,162.0,,23,8350316
57.3506,2019-09-08 18:21:37.344613,182.0,176.0,172.0,192.0,164.0,172.0,176.0,164.0,,25,8349922
57.3608,2019-09-08 18:21:37.355067,182.0,178.0,172.0,192.0,162.0,170.0,176.0,164.0,,25,8349846
57.3712,2019-09-08 18:21:37.370311,182.0,178.0,172.0,192.0,162.0,176.0,176.0,162.0,,26,8349510
57.3865,2019-09-08 18:21:37.387870,176.0,172.0,192.0,192.0,176.0,170.0,164.0,162.0,,26,8349167
57.4039,2019-09-08 18:21:37.516055,176.0,172.0,172.0,192.0,164.0,164.0,172.0,176.0,,23,8348977
57.5321,2019-09-08 18:21:37.522441,180.0,178.0,172.0,190.0,164.0,164.0,176.0,172.0,,22,8348977
57.5385,2019-09-08 18:21:37.532083,180.0,178.0,172.0,192.0,172.0,170.0,164.0,162.0,,22,8349288
57.5481,2019-09-08 18:21:37.545393,180.0,178.0,172.0,190.0,164.0,162.0,176.0,164.0,,21,8349589
57.5617,2019-09-08 18:21:37.552866,178.0,172.0,172.0,190.0,162.0,176.0,176.0,164.0,,20,8349783
57.569,2019-09-08 18:21:37.563181,178.0,172.0,192.0,190.0,162.0,176.0,164.0,164.0,,19,8350109
57.5792,2019-09-08 18:21:37.647899,180.0,178.0,172.0,192.0,164.0,164.0,172.0,164.0,,13,8352202
57.6639,2019-09-08 18:21:37.703239,178.0,172.0,192.0,192.0,164.0,162.0,164.0,164.0,,7,8354669
57.7193,2019-09-08 18:21:37.709532,178.0,172.0,192.0,192.0,162.0,172.0,176.0,164.0,,6,8354673
57.7255,2019-09-08 18:21:37.716560,178.0,172.0,172.0,192.0,162.0,176.0,162.0,162.0,,5,8355012
57.7329,2019-09-08 18:21:37.740737,178.0,172.0,190.0,192.0,162.0,172.0,176.0,162.0,,4,8356645
57.7569,2019-09-08 18:21:37.747589,178.0,172.0,172.0,192.0,162.0,172.0,176.0,162.0,,3,8357953
57.7637,2019-09-08 18:21:37.778321,180.0,178.0,172.0,192.0,162.0,172.0,176.0,162.0,,1,8359894
57.7943,2019-09-08 18:21:37.791993,178.0,176.0,172.0,192.0,162.0,172.0,176.0,164.0,,0,8361642
57.8081,2019-09-08 18:21:37.798494,178.0,172.0,172.0,192.0,176.0,172.0,162.0,164.0,,0,8360984
57.8146,2019-09-08 18:21:37.864010,178.0,172.0,192.0,192.0,162.0,172.0,176.0,162.0,,-3,8364337
57.8801,2019-09-08 18:21:37.870776,178.0,178.0,172.0,192.0,162.0,160.0,162.0,162.0,,-4,8364939
57.8871,2019-09-08 18:21:37.892473,180.0,178.0,172.0,192.0,164.0,160.0,176.0,176.0,,-4,8364915
57.9087,2019-09-08 18:21:37.904099,176.0,172.0,192.0,192.0,162.0,160.0,176.0,162.0,,-4,8363908
57.9201,2019-09-08 18:21:37.911416,176.0,172.0,192.0,192.0,160.0,164.0,162.0,164.0,,-4,8364091
57.9274,2019-09-08 18:21:37.924561,204.0,178.0,172.0,192.0,162.0,172.0,174.0,164.0,,-4,8363880
57.9406,2019-09-08 18:21:37.942382,226.0,178.0,172.0,192.0,162.0,176.0,176.0,160.0,,-4,8364538
57.9584,2019-09-08 18:21:37.956693,244.0,178.0,194.0,194.0,176.0,164.0,162.0,172.0,,-5,8364787
57.9728,2019-09-08 18:21:37.977182,178.0,172.0,194.0,194.0,164.0,160.0,172.0,162.0,,-5,8365635
57.9933,2019-09-08 18:21:37.998261,178.0,172.0,194.0,194.0,160.0,160.0,172.0,176.0,,-5,8366019
58.0143,2019-09-08 18:21:38.009074,178.0,172.0,194.0,194.0,162.0,172.0,176.0,160.0,,-5,8365707
58.0251,2019-09-08 18:21:38.025017,350.0,178.0,172.0,198.0,176.0,164.0,176.0,172.0,,-5,8366406
58.041,2019-09-08 18:21:38.043687,382.0,178.0,174.0,200.0,176.0,162.0,176.0,172.0,,-5,8366472
58.0597,2019-09-08 18:21:38.064589,406.0,180.0,174.0,202.0,160.0,172.0,178.0,162.0,,-4,8367773
58.0807,2019-09-08 18:21:38.076102,174.0,206.0,174.0,206.0,166.0,172.0,176.0,162.0,,-4,8367929
58.0924,2019-09-08 18:21:38.106694,458.0,184.0,174.0,208.0,170.0,172.0,176.0,164.0,,-4,8369746
58.1227,2019-09-08 18:21:38.134343,186.0,176.0,176.0,210.0,172.0,162.0,176.0,172.0,,-4,8369649
58.1506,2019-09-08 18:21:38.140941,214.0,188.0,176.0,214.0,192.0,176.0,176.0,164.0,,-3,8370451
58.157,2019-09-08 18:21:38.167299,190.0,178.0,178.0,216.0,202.0,172.0,176.0,164.0,,-3,8371396
58.1835,2019-09-08 18:21:38.179552,544.0,192.0,178.0,218.0,204.0,172.0,176.0,164.0,,-2,8371842
58.1956,2019-09-08 18:21:38.234978,556.0,194.0,178.0,220.0,172.0,172.0,164.0,164.0,,0,8374144
58.251,2019-09-08 18:21:38.247115,540.0,204.0,182.0,238.0,164.0,214.0,176.0,214.0,,1,8374029
58.2631,2019-09-08 18:21:38.259426,524.0,206.0,184.0,242.0,216.0,218.0,176.0,220.0,,1,8374708
58.2754,2019-09-08 18:21:38.275900,508.0,186.0,246.0,246.0,254.0,174.0,264.0,162.0,,1,8376116
58.2919,2019-09-08 18:21:38.300343,212.0,214.0,186.0,252.0,306.0,312.0,184.0,164.0,,1,8377721
58.3168,2019-09-08 18:21:38.429640,482.0,188.0,256.0,256.0,304.0,202.0,306.0,204.0,,4,8388261
58.4457,2019-09-08 18:21:38.435972,194.0,194.0,302.0,302.0,300.0,270.0,312.0,204.0,,4,8387545
58.452,2019-09-08 18:21:38.446216,196.0,196.0,196.0,306.0,292.0,208.0,288.0,208.0,,4,8387697
58.4624,2019-09-08 18:21:38.464231,238.0,196.0,196.0,310.0,276.0,276.0,334.0,214.0,,4,8388407
58.4803,2019-09-08 18:21:38.475729,240.0,196.0,196.0,314.0,268.0,278.0,338.0,262.0,,4,8388088
58.4917,2019-09-08 18:21:38.509658,246.0,240.0,196.0,314.0,258.0,278.0,346.0,220.0,,3,8386805
58.5257,2019-09-08 18:21:38.519372,218.0,236.0,194.0,312.0,254.0,278.0,348.0,348.0,,3,8386286
58.5355,2019-09-08 18:21:38.525825,200.0,228.0,306.0,304.0,246.0,274.0,356.0,224.0,,3,8384486
58.5418,2019-09-08 18:21:38.543322,190.0,222.0,294.0,294.0,244.0,244.0,360.0,226.0,,2,8382708
58.5594,2019-09-08 18:21:38.558246,188.0,214.0,278.0,276.0,244.0,268.0,362.0,226.0,,2,8379151
58.5744,2019-09-08 18:21:38.577065,186.0,204.0,260.0,258.0,266.0,364.0,228.0,228.0,,1,8375019
58.5932,2019-09-08 18:21:38.607017,184.0,194.0,186.0,240.0,230.0,230.0,372.0,230.0,,1,8372469
58.6233,2019-09-08 18:21:38.622711,182.0,188.0,184.0,226.0,238.0,262.0,374.0,238.0,,1,8362548
58.6387,2019-09-08 18:21:38.629415,182.0,184.0,180.0,216.0,236.0,258.0,382.0,234.0,,1,8360102
58.6456,2019-09-08 18:21:38.641270,182.0,182.0,208.0,208.0,234.0,256.0,388.0,236.0,,0,8358406
58.6573,2019-09-08 18:21:38.655365,182.0,180.0,176.0,202.0,254.0,254.0,392.0,394.0,,0,8356749
58.6715,2019-09-08 18:21:38.672914,178.0,174.0,198.0,198.0,230.0,254.0,402.0,256.0,,0,8353271
58.689,2019-09-08 18:21:38.689233,178.0,174.0,196.0,196.0,408.0,408.0,408.0,224.0,,0,8351884
58.7054,2019-09-08 18:21:38.719208,180.0,178.0,172.0,194.0,256.0,256.0,414.0,218.0,,0,8348392
58.7353,2019-09-08 18:21:38.730632,180.0,176.0,172.0,194.0,218.0,256.0,416.0,258.0,,0,8348008
58.7468,2019-09-08 18:21:38.742001,172.0,192.0,172.0,192.0,428.0,260.0,200.0,260.0,,0,8347745
58.7581,2019-09-08 18:21:38.756348,180.0,176.0,172.0,192.0,196.0,194.0,434.0,264.0,,0,8347164
58.7729,2019-09-08 18:21:38.776864,172.0,192.0,172.0,192.0,190.0,438.0,438.0,188.0,,1,8346880
58.7934,2019-09-08 18:21:38.792948,178.0,172.0,172.0,192.0,182.0,442.0,442.0,182.0,,1,8346932
58.8091,2019-09-08 18:21:38.853512,182.0,172.0,192.0,192.0,176.0,176.0,258.0,296.0,,1,8350825
58.8696,2019-09-08 18:21:38.860012,182.0,178.0,172.0,192.0,176.0,256.0,424.0,174.0,,2,8352275
58.8766,2019-09-08 18:21:38.873017,182.0,176.0,172.0,192.0,258.0,422.0,420.0,256.0,,2,8354904
58.8899,2019-09-08 18:21:38.882149,182.0,176.0,172.0,192.0,254.0,302.0,174.0,254.0,,2,8356687
58.8983,2019-09-08 18:21:38.889813,180.0,178.0,172.0,192.0,174.0,414.0,252.0,252.0,,3,8360555
58.906,2019-09-08 18:21:38.916185,172.0,180.0,178.0,172.0,170.0,306.0,170.0,246.0,,3,8367088
58.933,2019-09-08 18:21:38.935618,180.0,180.0,172.0,192.0,168.0,246.0,366.0,308.0,,4,8373275
58.9517,2019-09-08 18:21:38.941983,180.0,192.0,172.0,192.0,166.0,246.0,348.0,306.0,,4,8376531
58.958,2019-09-08 18:21:38.955858,172.0,192.0,180.0,176.0,244.0,164.0,332.0,304.0,,5,8379407
58.9719,2019-09-08 18:21:38.966155,180.0,180.0,172.0,192.0,302.0,242.0,318.0,162.0,,5,8382203
58.9823,2019-09-08 18:21:38.981023,192.0,178.0,172.0,192.0,162.0,304.0,302.0,162.0,,6,8387954
58.9972,2019-09-08 18:21:38.998365,192.0,178.0,172.0,192.0,160.0,228.0,160.0,226.0,,8,8390407
59.0144,2019-09-08 18:21:39.020881,180.0,178.0,172.0,192.0,158.0,158.0,246.0,244.0,,11,8392718
59.0369,2019-09-08 18:21:39.031095,180.0,178.0,172.0,190.0,158.0,158.0,228.0,226.0,,12,8392718
59.0473,2019-09-08 18:21:39.043145,178.0,178.0,172.0,192.0,158.0,206.0,210.0,240.0,,14,8391815
59.0592,2019-09-08 18:21:39.058279,178.0,178.0,172.0,192.0,158.0,200.0,224.0,224.0,,15,8388812
59.0747,2019-09-08 18:21:39.077818,180.0,178.0,172.0,190.0,158.0,196.0,192.0,210.0,,19,8384448
59.0939,2019-09-08 18:21:39.090911,180.0,178.0,172.0,190.0,190.0,196.0,158.0,188.0,,20,8376832
59.1072,2019-09-08 18:21:39.104924,180.0,178.0,172.0,190.0,188.0,160.0,186.0,182.0,,22,8374625
59.1209,2019-09-08 18:21:39.128213,180.0,178.0,172.0,190.0,182.0,184.0,184.0,180.0,,29,8364662
59.1442,2019-09-08 18:21:39.140225,184.0,184.0,174.0,196.0,160.0,180.0,178.0,170.0,,32,8359687
59.1564,2019-09-08 18:21:39.153105,196.0,184.0,174.0,194.0,158.0,178.0,166.0,166.0,,34,8353375
59.1691,2019-09-08 18:21:39.170245,210.0,176.0,176.0,194.0,176.0,176.0,160.0,176.0,,37,8347773
59.1864,2019-09-08 18:21:39.187077,230.0,194.0,178.0,198.0,160.0,176.0,160.0,164.0,,40,8343160
59.2032,2019-09-08 18:21:39.198777,248.0,204.0,184.0,204.0,160.0,164.0,176.0,174.0,,41,8341984
59.2149,2019-09-08 18:21:39.250104,266.0,212.0,186.0,212.0,162.0,172.0,176.0,164.0,,45,8342780
59.2663,2019-09-08 18:21:39.259737,318.0,222.0,192.0,232.0,162.0,172.0,176.0,164.0,,45,8341686
59.2758,2019-09-08 18:21:39.269981,340.0,228.0,196.0,240.0,162.0,172.0,176.0,162.0,,45,8341738
59.2861,2019-09-08 18:21:39.284355,366.0,234.0,198.0,246.0,162.0,162.0,172.0,176.0,,44,8342994
59.3006,2019-09-08 18:21:39.294130,386.0,238.0,202.0,254.0,164.0,162.0,170.0,164.0,,43,8342870
59.3102,2019-09-08 18:21:39.309765,400.0,244.0,204.0,266.0,162.0,172.0,176.0,164.0,,42,8341396
59.3258,2019-09-08 18:21:39.331624,398.0,250.0,208.0,278.0,162.0,170.0,176.0,164.0,,40,8340908
59.3477,2019-09-08 18:21:39.340240,384.0,254.0,212.0,284.0,162.0,162.0,176.0,164.0,,38,8341451
59.357,2019-09-08 18:21:39.354553,364.0,260.0,216.0,290.0,162.0,170.0,176.0,164.0,,36,8341461
59.3708,2019-09-08 18:21:39.370454,344.0,262.0,218.0,294.0,172.0,172.0,174.0,164.0,,32,8342562
59.3869,2019-09-08 18:21:39.388442,324.0,266.0,218.0,296.0,170.0,176.0,176.0,164.0,,30,8346233
59.4045,2019-09-08 18:21:39.403783,306.0,268.0,220.0,296.0,162.0,174.0,164.0,162.0,,25,8348261
59.4199,2019-09-08 18:21:39.426953,270.0,270.0,296.0,298.0,162.0,172.0,176.0,164.0,,23,8349724
59.4434,2019-09-08 18:21:39.439288,280.0,272.0,298.0,298.0,162.0,172.0,176.0,162.0,,19,8357738
59.4554,2019-09-08 18:21:39.453915,272.0,276.0,222.0,222.0,162.0,172.0,176.0,162.0,,18,8365874
59.4699,2019-09-08 18:21:39.474769,264.0,276.0,222.0,302.0,162.0,172.0,176.0,162.0,,14,8378953
59.4912,2019-09-08 18:21:39.488373,254.0,274.0,220.0,300.0,172.0,176.0,164.0,162.0,,12,8388860
59.5044,2019-09-08 18:21:39.503658,296.0,268.0,214.0,292.0,162.0,172.0,176.0,164.0,,10,8397428
59.5199,2019-09-08 18:21:39.528608,202.0,260.0,208.0,280.0,162.0,162.0,176.0,176.0,,8,8412643
59.5447,2019-09-08 18:21:39.535644,192.0,246.0,200.0,260.0,164.0,176.0,176.0,162.0,,6,8418760
59.5516,2019-09-08 18:21:39.550922,244.0,230.0,196.0,240.0,162.0,172.0,176.0,164.0,,6,8421124
59.5671,2019-09-08 18:21:39.564207,224.0,210.0,190.0,218.0,162.0,176.0,164.0,164.0,,5,8421961
59.5804,2019-09-08 18:21:39.683213,184.0,178.0,172.0,194.0,164.0,162.0,164.0,172.0,,3,8340544
59.6992,2019-09-08 18:21:39.692816,184.0,176.0,172.0,192.0,176.0,162.0,176.0,166.0,,3,8342129
59.7091,2019-09-08 18:21:39.706401,184.0,178.0,172.0,192.0,166.0,162.0,176.0,162.0,,3,8343108
59.7226,2019-09-08 18:21:39.771952,184.0,176.0,172.0,192.0,168.0,172.0,176.0,164.0,,3,8341714
59.788,2019-09-08 18:21:39.778350,182.0,178.0,172.0,190.0,178.0,172.0,176.0,180.0,,3,8336250
59.7944,2019-09-08 18:21:39.803402,182.0,178.0,172.0,190.0,194.0,174.0,176.0,164.0,,2,8334953
59.8197,2019-09-08 18:21:39.817707,178.0,178.0,172.0,192.0,200.0,162.0,204.0,162.0,,2,8338143
59.8338,2019-09-08 18:21:39.832009,182.0,178.0,172.0,190.0,176.0,174.0,176.0,162.0,,2,8338396
59.8481,2019-09-08 18:21:39.882523,182.0,178.0,172.0,192.0,292.0,204.0,186.0,292.0,,4,8341510
59.8986,2019-09-08 18:21:39.894075,180.0,178.0,172.0,192.0,292.0,210.0,190.0,170.0,,4,8342032
59.9102,2019-09-08 18:21:39.903606,178.0,178.0,172.0,190.0,290.0,222.0,198.0,172.0,,4,8341887
59.9198,2019-09-08 18:21:39.915365,178.0,178.0,172.0,190.0,290.0,236.0,210.0,176.0,,4,8340700
59.9315,2019-09-08 18:21:39.939582,178.0,178.0,172.0,192.0,290.0,246.0,222.0,182.0,,5,8341769
59.9557,2019-09-08 18:21:39.947259,178.0,178.0,172.0,190.0,254.0,232.0,234.0,186.0,,5,8341849
59.9635,2019-09-08 18:21:39.953740,178.0,178.0,172.0,178.0,288.0,258.0,188.0,288.0,,5,8341084
59.9701,2019-09-08 18:21:39.967829,178.0,178.0,172.0,190.0,286.0,270.0,264.0,286.0,,6,8341589
59.9839,2019-09-08 18:21:39.983552,178.0,178.0,172.0,178.0,284.0,276.0,272.0,276.0,,6,8341482
59.9997,2019-09-08 18:21:40.000235,178.0,178.0,172.0,192.0,280.0,204.0,280.0,204.0,,6,8341496
60.0165,2019-09-08 18:21:40.012394,178.0,178.0,172.0,192.0,272.0,210.0,270.0,212.0,,6,8341825
60.0286,2019-09-08 18:21:40.030721,180.0,178.0,172.0,192.0,300.0,288.0,264.0,288.0,,7,8341724
60.0467,2019-09-08 18:21:40.054903,180.0,178.0,172.0,182.0,252.0,308.0,310.0,218.0,,7,8341409
60.0709,2019-09-08 18:21:40.061332,184.0,178.0,172.0,186.0,288.0,310.0,310.0,248.0,,7,8341409
60.0774,2019-09-08 18:21:40.077069,190.0,178.0,192.0,192.0,244.0,288.0,314.0,242.0,,7,8340977
60.0933,2019-09-08 18:21:40.091477,204.0,178.0,206.0,192.0,224.0,238.0,316.0,316.0,,7,8341818
60.1075,2019-09-08 18:21:40.108392,224.0,178.0,230.0,192.0,234.0,232.0,282.0,318.0,,7,8341970
60.1246,2019-09-08 18:21:40.122449,254.0,178.0,260.0,194.0,226.0,230.0,280.0,226.0,,7,8342050
60.1385,2019-09-08 18:21:40.167813,284.0,180.0,290.0,196.0,304.0,304.0,208.0,262.0,,7,8343499
60.1839,2019-09-08 18:21:40.174211,322.0,188.0,324.0,188.0,206.0,258.0,300.0,206.0,,7,8343499
60.1903,2019-09-08 18:21:40.186706,330.0,194.0,180.0,208.0,204.0,252.0,288.0,218.0,,7,8344351
60.2029,2019-09-08 18:21:40.202364,200.0,182.0,214.0,342.0,202.0,246.0,278.0,202.0,,7,8343326
60.2184,2019-09-08 18:21:40.218436,354.0,206.0,186.0,224.0,240.0,238.0,210.0,208.0,,7,8342665
60.2345,2019-09-08 18:21:40.259320,188.0,230.0,188.0,230.0,198.0,236.0,208.0,208.0,,7,8342915
60.2754,2019-09-08 18:21:40.268450,398.0,218.0,192.0,236.0,228.0,252.0,252.0,184.0,,6,8342347
60.2845,2019-09-08 18:21:40.278512,240.0,220.0,422.0,222.0,222.0,248.0,248.0,182.0,,6,8343544
60.2946,2019-09-08 18:21:40.287451,436.0,436.0,194.0,246.0,244.0,220.0,182.0,218.0,,6,8342676
60.3036,2019-09-08 18:21:40.303970,444.0,226.0,196.0,250.0,182.0,180.0,218.0,240.0,,6,8342794
60.32,2019-09-08 18:21:40.313688,440.0,438.0,200.0,254.0,180.0,216.0,236.0,196.0,,6,8343717
60.3299,2019-09-08 18:21:40.327436,430.0,428.0,238.0,202.0,216.0,234.0,234.0,180.0,,6,8343811
60.344,2019-09-08 18:21:40.364700,418.0,242.0,204.0,262.0,184.0,192.0,230.0,192.0,,6,8343880
60.3808,2019-09-08 18:21:40.374426,404.0,246.0,206.0,264.0,230.0,218.0,184.0,192.0,,6,8343230
60.3905,2019-09-08 18:21:40.384687,396.0,248.0,208.0,266.0,186.0,184.0,228.0,186.0,,6,8341721
60.4012,2019-09-08 18:21:40.396090,384.0,252.0,210.0,270.0,186.0,228.0,218.0,228.0,,6,8342593
60.4124,2019-09-08 18:21:40.414061,376.0,256.0,212.0,274.0,186.0,220.0,188.0,188.0,,6,8343489
60.4301,2019-09-08 18:21:40.422480,372.0,260.0,258.0,214.0,222.0,188.0,188.0,188.0,,6,8342416
60.4386,2019-09-08 18:21:40.440039,366.0,262.0,216.0,278.0,188.0,222.0,226.0,188.0,,6,8342603
60.4562,2019-09-08 18:21:40.456346,364.0,264.0,216.0,280.0,226.0,224.0,188.0,188.0,,6,8343319
60.4724,2019-09-08 18:21:40.467926,364.0,264.0,218.0,280.0,186.0,188.0,226.0,188.0,,6,8342506
60.484,2019-09-08 18:21:40.482014,362.0,264.0,216.0,280.0,224.0,224.0,190.0,224.0,,6,8343025
60.4981,2019-09-08 18:21:40.501911,364.0,262.0,216.0,280.0,186.0,224.0,224.0,226.0,,6,8344645
60.5179,2019-09-08 18:21:40.515018,366.0,260.0,214.0,278.0,184.0,192.0,224.0,186.0,,6,8343956
60.531,2019-09-08 18:21:40.531869,368.0,256.0,212.0,274.0,192.0,192.0,224.0,184.0,,6,8344375
60.548,2019-09-08 18:21:40.552699,368.0,250.0,210.0,268.0,192.0,224.0,184.0,184.0,,6,8344887
60.5687,2019-09-08 18:21:40.562483,360.0,242.0,206.0,258.0,224.0,222.0,222.0,192.0,,6,8344295
60.5785,2019-09-08 18:21:40.574841,340.0,232.0,202.0,334.0,192.0,224.0,222.0,192.0,,6,8345240
60.5908,2019-09-08 18:21:40.591544,314.0,222.0,196.0,306.0,222.0,224.0,192.0,222.0,,6,8344714
60.6076,2019-09-08 18:21:40.613164,286.0,212.0,232.0,212.0,194.0,224.0,220.0,182.0,,6,8345596
60.6292,2019-09-08 18:21:40.625449,262.0,206.0,226.0,224.0,196.0,220.0,220.0,196.0,,6,8345271
60.6415,2019-09-08 18:21:40.641519,244.0,200.0,184.0,184.0,224.0,222.0,182.0,180.0,,5,8345416
60.6575,2019-09-08 18:21:40.680989,232.0,182.0,182.0,180.0,218.0,222.0,198.0,180.0,,5,8346230
60.697,2019-09-08 18:21:40.687329,224.0,192.0,180.0,212.0,198.0,198.0,224.0,180.0,,5,8346551
60.7033,2019-09-08 18:21:40.694472,212.0,192.0,178.0,212.0,180.0,198.0,218.0,180.0,,5,8345648
60.7106,2019-09-08 18:21:40.706242,216.0,216.0,188.0,178.0,198.0,218.0,218.0,198.0,,5,8346223
60.7223,2019-09-08 18:21:40.720182,214.0,188.0,176.0,208.0,198.0,224.0,218.0,180.0,,5,8346275
60.7364,2019-09-08 18:21:40.734705,212.0,188.0,176.0,206.0,224.0,180.0,180.0,180.0,,5,8345929
60.751,2019-09-08 18:21:40.790766,212.0,186.0,176.0,206.0,196.0,180.0,196.0,180.0,,5,8346468
60.8068,2019-09-08 18:21:40.797141,206.0,186.0,176.0,206.0,196.0,224.0,218.0,226.0,,5,8346468
60.8132,2019-09-08 18:21:40.803918,206.0,186.0,176.0,204.0,196.0,226.0,196.0,180.0,,5,8346877
60.8207,2019-09-08 18:21:40.819813,206.0,188.0,176.0,204.0,196.0,218.0,218.0,218.0,,5,8346617
60.8361,2019-09-08 18:21:40.830921,208.0,188.0,176.0,206.0,226.0,196.0,180.0,180.0,,5,8346569
60.847,2019-09-08 18:21:40.845611,210.0,188.0,176.0,206.0,196.0,228.0,180.0,180.0,,5,8347441
60.8623,2019-09-08 18:21:40.868304,218.0,188.0,176.0,208.0,228.0,228.0,180.0,198.0,,5,8346451
60.8845,2019-09-08 18:21:40.882615,226.0,188.0,176.0,208.0,220.0,180.0,198.0,182.0,,5,8346579
60.899,2019-09-08 18:21:40.891050,238.0,188.0,176.0,210.0,198.0,198.0,230.0,182.0,,5,8346752
60.9076,2019-09-08 18:21:40.907880,248.0,188.0,176.0,210.0,200.0,220.0,182.0,200.0,,5,8346714
60.924,2019-09-08 18:21:40.923391,254.0,188.0,176.0,212.0,230.0,230.0,230.0,200.0,,5,8346544
60.9395,2019-09-08 18:21:40.938359,256.0,190.0,176.0,212.0,200.0,182.0,202.0,180.0,,5,8346278
60.9544,2019-09-08 18:21:40.954134,254.0,190.0,176.0,212.0,202.0,232.0,220.0,202.0,,5,8346057
60.9702,2019-09-08 18:21:40.973504,248.0,190.0,176.0,210.0,202.0,220.0,180.0,204.0,,5,8346679
60.9896,2019-09-08 18:21:40.986493,244.0,188.0,176.0,212.0,204.0,180.0,204.0,180.0,,5,8347347
61.0029,2019-09-08 18:21:41.001077,240.0,190.0,176.0,212.0,206.0,230.0,206.0,180.0,,5,8347804
61.0172,2019-09-08 18:21:41.016438,236.0,188.0,176.0,210.0,206.0,232.0,206.0,230.0,,5,8348119
61.0331,2019-09-08 18:21:41.031645,230.0,188.0,176.0,210.0,208.0,208.0,230.0,216.0,,5,8348147
61.0478,2019-09-08 18:21:41.056909,224.0,188.0,176.0,210.0,180.0,208.0,216.0,216.0,,5,8348607
61.0731,2019-09-08 18:21:41.073312,186.0,188.0,176.0,208.0,212.0,212.0,228.0,214.0,,5,8348074
61.0898,2019-09-08 18:21:41.089293,210.0,186.0,174.0,208.0,178.0,214.0,228.0,178.0,,5,8348282
61.1054,2019-09-08 18:21:41.098749,206.0,186.0,174.0,206.0,214.0,228.0,214.0,178.0,,5,8348745
61.1152,2019-09-08 18:21:41.111601,200.0,184.0,174.0,204.0,228.0,212.0,176.0,176.0,,5,8349015
61.1281,2019-09-08 18:21:41.126614,196.0,182.0,174.0,204.0,220.0,178.0,222.0,224.0,,5,8349918
61.1427,2019-09-08 18:21:41.174915,192.0,174.0,192.0,202.0,174.0,222.0,222.0,174.0,,5,8353742
61.191,2019-09-08 18:21:41.187792,188.0,200.0,172.0,200.0,232.0,222.0,234.0,206.0,,5,8355424
61.204,2019-09-08 18:21:41.198222,186.0,178.0,172.0,198.0,242.0,242.0,218.0,174.0,,5,8358043
61.2143,2019-09-08 18:21:41.208144,186.0,186.0,178.0,172.0,246.0,218.0,172.0,172.0,,5,8359116
61.225,2019-09-08 18:21:41.223548,186.0,178.0,172.0,194.0,216.0,200.0,200.0,200.0,,5,8361341
61.2399,2019-09-08 18:21:41.237254,186.0,178.0,172.0,192.0,200.0,200.0,172.0,256.0,,5,8364745
61.2533,2019-09-08 18:21:41.252991,186.0,178.0,172.0,192.0,172.0,258.0,198.0,198.0,,5,8366500
61.2691,2019-09-08 18:21:41.277493,184.0,178.0,172.0,192.0,260.0,216.0,198.0,198.0,,5,8370919
61.2942,2019-09-08 18:21:41.291598,184.0,178.0,172.0,192.0,262.0,170.0,262.0,214.0,,5,8370690
61.3077,2019-09-08 18:21:41.306271,184.0,178.0,172.0,192.0,272.0,214.0,212.0,194.0,,5,8370400
61.3227,2019-09-08 18:21:41.315662,184.0,178.0,172.0,192.0,272.0,170.0,272.0,214.0,,5,8370555
61.3317,2019-09-08 18:21:41.335877,178.0,178.0,172.0,192.0,170.0,212.0,192.0,170.0,,5,8369964
61.3524,2019-09-08 18:21:41.347284,184.0,178.0,172.0,192.0,276.0,212.0,212.0,170.0,,5,8367254
61.3638,2019-09-08 18:21:41.379530,184.0,178.0,172.0,192.0,190.0,210.0,278.0,210.0,,6,8364555
61.3955,2019-09-08 18:21:41.385925,184.0,178.0,172.0,192.0,168.0,278.0,210.0,190.0,,6,8363718
61.402,2019-09-08 18:21:41.394354,182.0,178.0,172.0,192.0,168.0,208.0,210.0,168.0,,6,8362687
61.4104,2019-09-08 18:21:41.409093,182.0,178.0,172.0,192.0,278.0,208.0,280.0,168.0,,6,8359911
61.4251,2019-09-08 18:21:41.424201,182.0,178.0,172.0,192.0,278.0,206.0,188.0,168.0,,6,8357109
61.4402,2019-09-08 18:21:41.438864,182.0,178.0,172.0,192.0,188.0,186.0,276.0,206.0,,6,8354448
61.455,2019-09-08 18:21:41.459324,182.0,178.0,172.0,192.0,274.0,274.0,204.0,186.0,,6,8351752
61.4754,2019-09-08 18:21:41.497278,184.0,178.0,172.0,190.0,268.0,200.0,186.0,166.0,,7,8348205
61.5146,2019-09-08 18:21:41.514443,186.0,178.0,172.0,192.0,266.0,200.0,184.0,166.0,,7,8347510
61.531,2019-09-08 18:21:41.521254,192.0,178.0,172.0,192.0,264.0,198.0,184.0,264.0,,7,8346980
61.5373,2019-09-08 18:21:41.549030,206.0,178.0,172.0,192.0,166.0,260.0,182.0,262.0,,7,8345839
61.5651,2019-09-08 18:21:41.555597,236.0,178.0,174.0,194.0,260.0,194.0,182.0,194.0,,7,8345551
61.5717,2019-09-08 18:21:41.567790,276.0,178.0,174.0,196.0,182.0,166.0,262.0,194.0,,7,8344558
61.5838,2019-09-08 18:21:41.604810,324.0,180.0,174.0,200.0,182.0,194.0,262.0,166.0,,7,8344129
61.6209,2019-09-08 18:21:41.620997,406.0,182.0,174.0,206.0,262.0,166.0,182.0,166.0,,7,8344233
61.637,2019-09-08 18:21:41.631654,436.0,184.0,176.0,206.0,282.0,194.0,186.0,166.0,,6,8343095
61.6477,2019-09-08 18:21:41.645523,462.0,186.0,176.0,208.0,290.0,194.0,186.0,166.0,,6,8342800
61.6616,2019-09-08 18:21:41.656534,484.0,188.0,176.0,210.0,320.0,196.0,168.0,168.0,,6,8342745
61.6729,2019-09-08 18:21:41.686908,504.0,188.0,176.0,212.0,346.0,198.0,192.0,168.0,,5,8342998
61.7029,2019-09-08 18:21:41.695082,522.0,188.0,176.0,216.0,384.0,388.0,200.0,170.0,,5,8342821
61.7114,2019-09-08 18:21:41.708545,540.0,190.0,176.0,218.0,420.0,202.0,194.0,428.0,,5,8343437
61.7246,2019-09-08 18:21:41.723174,560.0,190.0,178.0,220.0,204.0,202.0,196.0,170.0,,4,8343326
61.7392,2019-09-08 18:21:41.743331,578.0,190.0,178.0,222.0,466.0,196.0,172.0,170.0,,4,8342655
61.7596,2019-09-08 18:21:41.751064,590.0,192.0,178.0,224.0,474.0,204.0,172.0,172.0,,4,8343025
61.7673,2019-09-08 18:21:41.768160,600.0,192.0,178.0,226.0,206.0,206.0,172.0,172.0,,4,8343216
61.7842,2019-09-08 18:21:41.790925,604.0,192.0,178.0,226.0,508.0,206.0,194.0,172.0,,3,8342832
61.8071,2019-09-08 18:21:41.798824,602.0,190.0,228.0,228.0,172.0,194.0,194.0,514.0,,3,8343230
61.8148,2019-09-08 18:21:41.813410,600.0,190.0,178.0,600.0,194.0,206.0,194.0,172.0,,3,8343129
61.8294,2019-09-08 18:21:41.828416,188.0,178.0,228.0,596.0,204.0,192.0,204.0,172.0,,3,8344105
61.8445,2019-09-08 18:21:41.845865,592.0,188.0,178.0,592.0,530.0,530.0,204.0,202.0,,3,8343904
61.8619,2019-09-08 18:21:41.859156,588.0,188.0,588.0,226.0,190.0,202.0,190.0,530.0,,3,8345129
61.8752,2019-09-08 18:21:41.879236,178.0,226.0,176.0,226.0,528.0,528.0,188.0,188.0,,3,8346361
61.8952,2019-09-08 18:21:41.900270,584.0,188.0,584.0,226.0,524.0,186.0,186.0,522.0,,3,8346735
61.9164,2019-09-08 18:21:41.908368,582.0,186.0,582.0,228.0,518.0,196.0,170.0,518.0,,3,8347115
61.9247,2019-09-08 18:21:41.924767,582.0,186.0,176.0,228.0,182.0,508.0,182.0,194.0,,4,8347915
61.9408,2019-09-08 18:21:41.938720,580.0,580.0,186.0,176.0,506.0,194.0,502.0,168.0,,4,8347676
61.9547,2019-09-08 18:21:41.955429,566.0,186.0,176.0,224.0,482.0,480.0,180.0,166.0,,4,8348500
61.9715,2019-09-08 18:21:41.969859,526.0,184.0,176.0,220.0,460.0,190.0,178.0,166.0,,5,8349012
61.9861,2019-09-08 18:21:41.992450,480.0,184.0,174.0,218.0,430.0,186.0,178.0,166.0,,6,8349375
62.0085,2019-09-08 18:21:42.004763,184.0,182.0,174.0,214.0,380.0,184.0,164.0,166.0,,6,8350327
62.0208,2019-09-08 18:21:42.017690,368.0,182.0,174.0,210.0,176.0,166.0,178.0,182.0,,6,8349942
62.0337,2019-09-08 18:21:42.041637,320.0,180.0,174.0,208.0,164.0,164.0,330.0,180.0,,6,8351389
62.0577,2019-09-08 18:21:42.050211,278.0,180.0,174.0,206.0,320.0,178.0,176.0,164.0,,6,8351756
62.0663,2019-09-08 18:21:42.064221,246.0,180.0,172.0,202.0,308.0,178.0,176.0,164.0,,6,8353316
62.0802,2019-09-08 18:21:42.079133,222.0,180.0,172.0,200.0,292.0,176.0,164.0,284.0,,6,8353005
62.0951,2019-09-08 18:21:42.105272,206.0,178.0,172.0,200.0,258.0,164.0,252.0,164.0,,7,8352877
62.1213,2019-09-08 18:21:42.115403,196.0,178.0,172.0,196.0,248.0,176.0,176.0,164.0,,7,8353475
62.1316,2019-09-08 18:21:42.130957,194.0,178.0,172.0,196.0,176.0,164.0,176.0,164.0,,7,8353482
62.147,2019-09-08 18:21:42.148971,178.0,178.0,172.0,194.0,208.0,174.0,176.0,176.0,,7,8353994
62.165,2019-09-08 18:21:42.168726,192.0,192.0,172.0,194.0,194.0,172.0,176.0,164.0,,7,8355226
62.1848,2019-09-08 18:21:42.204545,192.0,176.0,172.0,192.0,172.0,172.0,164.0,164.0,,7,8353209
62.2213,2019-09-08 18:21:42.211807,178.0,192.0,172.0,192.0,180.0,172.0,176.0,164.0,,7,8352247
62.2278,2019-09-08 18:21:42.224206,190.0,192.0,172.0,192.0,176.0,172.0,176.0,172.0,,8,8350005
62.2402,2019-09-08 18:21:42.239650,172.0,192.0,172.0,192.0,176.0,172.0,176.0,164.0,,8,8348562
62.2557,2019-09-08 18:21:42.257330,172.0,192.0,172.0,192.0,174.0,172.0,174.0,174.0,,9,8347150
62.2736,2019-09-08 18:21:42.274095,188.0,178.0,172.0,192.0,174.0,172.0,176.0,164.0,,9,8346451
62.2904,2019-09-08 18:21:42.295957,188.0,178.0,172.0,192.0,174.0,164.0,174.0,172.0,,9,8345967
62.3119,2019-09-08 18:21:42.305448,192.0,178.0,172.0,192.0,172.0,172.0,176.0,176.0,,9,8346984
62.3215,2019-09-08 18:21:42.320370,186.0,178.0,172.0,192.0,172.0,172.0,176.0,162.0,,9,8348624
62.3365,2019-09-08 18:21:42.338818,186.0,178.0,172.0,192.0,174.0,172.0,176.0,176.0,,10,8350351
62.3548,2019-09-08 18:21:42.356415,186.0,178.0,172.0,192.0,172.0,164.0,172.0,164.0,,10,8351174
62.3724,2019-09-08 18:21:42.371923,188.0,178.0,172.0,192.0,176.0,176.0,172.0,172.0,,10,8351828
62.3879,2019-09-08 18:21:42.396304,188.0,178.0,172.0,192.0,172.0,172.0,162.0,172.0,,11,8353759
62.4124,2019-09-08 18:21:42.946808,190.0,178.0,172.0,192.0,164.0,176.0,176.0,172.0,,2,8357901
62.9628,2019-09-08 18:21:42.954558,194.0,178.0,172.0,198.0,164.0,174.0,176.0,164.0,,2,8358565
62.9706,2019-09-08 18:21:42.985997,192.0,178.0,172.0,194.0,180.0,400.0,232.0,180.0,,2,8362690
63.002,2019-09-08 18:21:43.011353,192.0,178.0,172.0,194.0,180.0,394.0,234.0,182.0,,2,8363611
63.0274,2019-09-08 18:21:43.024486,190.0,178.0,174.0,192.0,384.0,386.0,248.0,184.0,,2,8365344
63.0407,2019-09-08 18:21:43.037494,190.0,176.0,172.0,192.0,380.0,238.0,250.0,184.0,,2,8366074
63.0535,2019-09-08 18:21:43.054988,190.0,178.0,172.0,192.0,378.0,238.0,250.0,186.0,,2,8368060
63.071,2019-09-08 18:21:43.075763,190.0,178.0,172.0,192.0,374.0,240.0,186.0,374.0,,2,8367932
63.0918,2019-09-08 18:21:43.088499,188.0,178.0,172.0,192.0,240.0,374.0,250.0,250.0,,2,8366908
63.1045,2019-09-08 18:21:43.123776,188.0,178.0,172.0,192.0,374.0,250.0,250.0,372.0,,2,8367355
63.1398,2019-09-08 18:21:43.191342,188.0,176.0,172.0,192.0,372.0,238.0,186.0,372.0,,1,8365898
63.2074,2019-09-08 18:21:43.202289,186.0,178.0,172.0,192.0,366.0,232.0,240.0,182.0,,1,8365572
63.2183,2019-09-08 18:21:43.220151,186.0,178.0,172.0,192.0,224.0,230.0,230.0,230.0,,1,8365572
63.2363,2019-09-08 18:21:43.235194,186.0,178.0,172.0,192.0,336.0,216.0,220.0,178.0,,1,8364576
63.2512,2019-09-08 18:21:43.283380,186.0,178.0,172.0,192.0,332.0,214.0,218.0,178.0,,0,8364707
63.2994,2019-09-08 18:21:43.434843,204.0,178.0,186.0,202.0,200.0,174.0,172.0,198.0,,3,8357835
63.451,2019-09-08 18:21:43.445504,370.0,186.0,180.0,212.0,180.0,164.0,180.0,164.0,,3,8357029
63.4617,2019-09-08 18:21:43.452802,510.0,198.0,180.0,232.0,184.0,172.0,172.0,180.0,,4,8355036
63.4689,2019-09-08 18:21:43.459142,524.0,198.0,180.0,236.0,182.0,182.0,164.0,180.0,,4,8353949
63.4755,2019-09-08 18:21:43.484029,536.0,198.0,180.0,236.0,178.0,170.0,178.0,164.0,,4,8349527
63.5002,2019-09-08 18:21:43.491503,540.0,196.0,182.0,236.0,176.0,172.0,162.0,164.0,,4,8349527
63.5075,2019-09-08 18:21:43.504830,540.0,194.0,180.0,238.0,178.0,162.0,176.0,172.0,,4,8344683
63.5209,2019-09-08 18:21:43.532957,196.0,196.0,180.0,236.0,174.0,174.0,172.0,164.0,,5,8341821
63.549,2019-09-08 18:21:43.544357,196.0,180.0,236.0,236.0,174.0,172.0,164.0,172.0,,5,8342074
63.5604,2019-09-08 18:21:43.557317,194.0,180.0,234.0,234.0,174.0,178.0,174.0,174.0,,5,8342167
63.5734,2019-09-08 18:21:43.573228,526.0,194.0,180.0,234.0,178.0,178.0,164.0,164.0,,5,8341890
63.5892,2019-09-08 18:21:43.592568,522.0,194.0,180.0,234.0,178.0,172.0,174.0,164.0,,5,8341731
63.6086,2019-09-08 18:21:43.601317,516.0,178.0,514.0,232.0,162.0,174.0,178.0,164.0,,5,8341143
63.6174,2019-09-08 18:21:43.621591,506.0,178.0,504.0,232.0,174.0,174.0,172.0,176.0,,5,8342060
63.6376,2019-09-08 18:21:43.662832,492.0,232.0,178.0,232.0,172.0,178.0,164.0,174.0,,5,8342302
63.6789,2019-09-08 18:21:43.669172,380.0,190.0,176.0,224.0,164.0,174.0,178.0,174.0,,5,8341032
63.6851,2019-09-08 18:21:43.690668,220.0,188.0,174.0,218.0,174.0,172.0,174.0,172.0,,5,8341465
63.7067,2019-09-08 18:21:43.712500,248.0,186.0,174.0,212.0,178.0,164.0,176.0,164.0,,5,8341797
63.7285,2019-09-08 18:21:43.727172,210.0,184.0,174.0,208.0,174.0,164.0,174.0,164.0,,5,8341486
63.7433,2019-09-08 18:21:43.747830,194.0,182.0,174.0,206.0,174.0,172.0,176.0,174.0,,4,8341358
63.7638,2019-09-08 18:21:43.754199,192.0,178.0,174.0,200.0,176.0,164.0,174.0,172.0,,4,8342101
63.7702,2019-09-08 18:21:43.769651,190.0,178.0,172.0,196.0,174.0,162.0,174.0,172.0,,4,8342053
63.7857,2019-09-08 18:21:43.935954,190.0,178.0,172.0,194.0,178.0,164.0,164.0,178.0,,4,8343911
63.952,2019-09-08 18:21:43.942211,178.0,178.0,172.0,192.0,182.0,174.0,164.0,178.0,,4,8349140
63.9582,2019-09-08 18:21:43.970783,186.0,178.0,172.0,192.0,176.0,176.0,162.0,164.0,,4,8353026
63.9868,2019-09-08 18:21:44.077670,186.0,178.0,172.0,192.0,180.0,164.0,218.0,180.0,,2,8361264
64.0937,2019-09-08 18:21:44.091195,178.0,172.0,192.0,192.0,240.0,186.0,164.0,244.0,,2,8365842
64.1072,2019-09-08 18:21:44.104914,184.0,178.0,172.0,184.0,308.0,166.0,200.0,196.0,,2,8368316
64.121,2019-09-08 18:21:44.113904,184.0,178.0,172.0,178.0,166.0,318.0,200.0,166.0,,2,8367206
64.1299,2019-09-08 18:21:44.258543,186.0,178.0,172.0,192.0,322.0,202.0,202.0,166.0,,1,8367891
64.2746,2019-09-08 18:21:44.266608,186.0,178.0,172.0,192.0,198.0,168.0,198.0,386.0,,1,8367690
64.2826,2019-09-08 18:21:44.283233,198.0,178.0,172.0,192.0,206.0,170.0,418.0,224.0,,0,8367109
64.2992,2019-09-08 18:21:44.385610,276.0,186.0,176.0,200.0,416.0,226.0,4