time_index,time_stamp,L1,L2,L3,L4,R1,R2,R3,R4,Futek,ENC2
0.0006,2019-09-08 18:40:40.656792,360.0,220.0,184.0,220.0,222.0,210.0,172.0,326.0,,-89,8342316
1.0334,2019-09-08 18:40:40.671689,388.0,204.0,182.0,214.0,222.0,210.0,172.0,328.0,,-89,8342410
1.0482,2019-09-08 18:40:40.688232,388.0,214.0,206.0,214.0,210.0,170.0,170.0,220.0,,-89,8341683
1.0648,2019-09-08 18:40:40.702081,390.0,182.0,182.0,214.0,210.0,172.0,328.0,222.0,,-89,8342991
1.0789,2019-09-08 18:40:40.717107,390.0,208.0,182.0,214.0,210.0,172.0,326.0,222.0,,-89,8342430
1.0944,2019-09-08 18:40:40.736855,208.0,208.0,214.0,214.0,208.0,172.0,326.0,222.0,,-89,8342015
1.1135,2019-09-08 18:40:40.753129,386.0,208.0,208.0,182.0,208.0,172.0,326.0,222.0,,-89,8343112
1.1297,2019-09-08 18:40:40.770423,384.0,214.0,184.0,214.0,172.0,326.0,326.0,222.0,,-89,8342482
1.1472,2019-09-08 18:40:40.794358,382.0,208.0,182.0,214.0,326.0,222.0,210.0,170.0,,-89,8342742
1.1713,2019-09-08 18:40:40.805475,380.0,208.0,182.0,214.0,172.0,326.0,222.0,172.0,,-89,8342707
1.182,2019-09-08 18:40:40.819169,210.0,208.0,182.0,216.0,326.0,222.0,208.0,172.0,,-89,8341960
1.1959,2019-09-08 18:40:40.837287,210.0,182.0,184.0,216.0,172.0,222.0,208.0,172.0,,-89,8342967
1.2139,2019-09-08 18:40:40.853898,378.0,216.0,182.0,210.0,326.0,220.0,210.0,170.0,,-89,8342441
1.2305,2019-09-08 18:40:40.870414,378.0,210.0,184.0,184.0,222.0,220.0,210.0,326.0,,-89,8342005
1.2472,2019-09-08 18:40:40.893231,378.0,210.0,210.0,210.0,222.0,222.0,208.0,172.0,,-89,8342545
1.2699,2019-09-08 18:40:40.906634,376.0,376.0,376.0,210.0,328.0,172.0,326.0,222.0,,-89,8342655
1.2833,2019-09-08 18:40:40.926208,376.0,210.0,374.0,210.0,220.0,208.0,172.0,328.0,,-89,8342821
1.3029,2019-09-08 18:40:40.941881,374.0,210.0,210.0,216.0,220.0,208.0,172.0,328.0,,-89,8342368
1.3184,2019-09-08 18:40:40.960347,372.0,372.0,210.0,184.0,220.0,172.0,172.0,328.0,,-89,8342749
1.3371,2019-09-08 18:40:40.975379,370.0,210.0,182.0,216.0,220.0,172.0,172.0,328.0,,-89,8341735
1.3523,2019-09-08 18:40:40.994814,216.0,368.0,210.0,184.0,208.0,172.0,328.0,220.0,,-89,8342825
1.3715,2019-09-08 18:40:41.010033,366.0,210.0,184.0,216.0,210.0,172.0,328.0,220.0,,-89,8342071
1.3869,2019-09-08 18:40:41.026810,364.0,184.0,216.0,216.0,172.0,220.0,220.0,208.0,,-89,8342707
1.4039,2019-09-08 18:40:41.043046,364.0,210.0,184.0,214.0,172.0,328.0,220.0,210.0,,-89,8342621
1.4201,2019-09-08 18:40:41.063244,210.0,210.0,184.0,214.0,210.0,328.0,220.0,210.0,,-89,8342240
1.4399,2019-09-08 18:40:41.076926,364.0,210.0,184.0,362.0,172.0,328.0,220.0,208.0,,-89,8342583
1.4544,2019-09-08 18:40:41.099262,362.0,210.0,362.0,210.0,172.0,208.0,222.0,210.0,,-89,8342500
1.4759,2019-09-08 18:40:41.112553,362.0,210.0,362.0,214.0,328.0,328.0,208.0,172.0,,-89,8341929
1.4892,2019-09-08 18:40:41.127976,360.0,210.0,182.0,214.0,328.0,172.0,208.0,172.0,,-89,8342157
1.5046,2019-09-08 18:40:41.146116,360.0,210.0,214.0,214.0,328.0,172.0,208.0,172.0,,-89,8342396
1.5233,2019-09-08 18:40:41.163622,184.0,214.0,184.0,214.0,222.0,210.0,172.0,326.0,,-89,8342385
1.5402,2019-09-08 18:40:41.202047,360.0,214.0,360.0,210.0,328.0,210.0,210.0,328.0,,-89,8341814
1.5786,2019-09-08 18:40:41.208348,362.0,214.0,184.0,210.0,328.0,222.0,170.0,326.0,,-89,8342700
1.5849,2019-09-08 18:40:41.222650,362.0,362.0,184.0,214.0,172.0,326.0,172.0,326.0,,-89,8342731
1.5993,2019-09-08 18:40:41.236450,184.0,214.0,182.0,216.0,222.0,210.0,172.0,326.0,,-89,8343271
1.6131,2019-09-08 18:40:41.252256,184.0,216.0,184.0,216.0,222.0,210.0,172.0,326.0,,-89,8342735
1.6289,2019-09-08 18:40:41.283738,364.0,216.0,184.0,216.0,326.0,222.0,326.0,172.0,,-89,8342638
1.6606,2019-09-08 18:40:41.312066,366.0,216.0,184.0,216.0,172.0,326.0,224.0,210.0,,-89,8342500
1.6887,2019-09-08 18:40:41.318485,368.0,216.0,184.0,216.0,210.0,172.0,224.0,210.0,,-89,8342240
1.695,2019-09-08 18:40:41.332199,184.0,216.0,184.0,216.0,172.0,172.0,222.0,210.0,,-89,8342787
1.7088,2019-09-08 18:40:41.344830,370.0,214.0,184.0,216.0,172.0,326.0,224.0,210.0,,-89,8342718
1.7214,2019-09-08 18:40:41.363781,184.0,216.0,184.0,216.0,172.0,172.0,222.0,210.0,,-89,8342462
1.7406,2019-09-08 18:40:41.377333,184.0,212.0,212.0,214.0,224.0,210.0,326.0,324.0,,-89,8342669
1.7541,2019-09-08 18:40:41.396468,372.0,214.0,184.0,184.0,172.0,324.0,210.0,172.0,,-89,8342295
1.7735,2019-09-08 18:40:41.414561,184.0,214.0,184.0,372.0,324.0,324.0,224.0,224.0,,-89,8342552
1.7912,2019-09-08 18:40:41.427865,184.0,212.0,184.0,214.0,324.0,224.0,212.0,172.0,,-89,8341960
1.8045,2019-09-08 18:40:41.444438,214.0,372.0,182.0,214.0,324.0,224.0,212.0,172.0,,-89,8342448
1.8212,2019-09-08 18:40:41.461734,372.0,372.0,210.0,216.0,172.0,324.0,322.0,212.0,,-89,8342510
1.8384,2019-09-08 18:40:41.478454,372.0,184.0,214.0,214.0,322.0,224.0,212.0,172.0,,-89,8343448
1.8553,2019-09-08 18:40:41.499395,374.0,212.0,182.0,214.0,322.0,212.0,172.0,322.0,,-89,8342157
1.8761,2019-09-08 18:40:41.515445,372.0,210.0,182.0,214.0,226.0,212.0,172.0,320.0,,-89,8341790
1.8927,2019-09-08 18:40:41.530004,374.0,210.0,184.0,214.0,172.0,320.0,226.0,320.0,,-89,8342116
1.9067,2019-09-08 18:40:41.548022,184.0,216.0,184.0,376.0,212.0,172.0,320.0,320.0,,-89,8342292
1.9246,2019-09-08 18:40:41.569156,376.0,212.0,184.0,376.0,212.0,172.0,318.0,228.0,,-89,8342545
1.9457,2019-09-08 18:40:41.582643,376.0,376.0,212.0,184.0,214.0,228.0,172.0,172.0,,-89,8342178
1.9593,2019-09-08 18:40:41.597366,216.0,212.0,184.0,216.0,228.0,318.0,318.0,214.0,,-89,8342330
1.974,2019-09-08 18:40:41.617210,376.0,216.0,184.0,216.0,172.0,318.0,228.0,214.0,,-89,8342216
1.9938,2019-09-08 18:40:41.631641,376.0,216.0,184.0,376.0,172.0,318.0,228.0,318.0,,-89,8343548
2.0082,2019-09-08 18:40:41.651358,378.0,214.0,184.0,214.0,172.0,318.0,228.0,214.0,,-89,8342378
2.028,2019-09-08 18:40:41.678684,214.0,214.0,184.0,216.0,172.0,172.0,316.0,228.0,,-89,8342430
2.0553,2019-09-08 18:40:41.689723,376.0,212.0,216.0,216.0,316.0,228.0,216.0,172.0,,-89,8342579
2.0664,2019-09-08 18:40:41.710374,376.0,214.0,184.0,216.0,316.0,172.0,316.0,228.0,,-89,8342579
2.0871,2019-09-08 18:40:41.724058,376.0,214.0,184.0,218.0,316.0,228.0,214.0,172.0,,-89,8341853
2.1012,2019-09-08 18:40:41.735596,214.0,212.0,184.0,218.0,316.0,228.0,214.0,172.0,,-89,8342586
2.1122,2019-09-08 18:40:41.754205,184.0,214.0,184.0,374.0,316.0,316.0,214.0,214.0,,-89,8341697
2.1308,2019-09-08 18:40:41.773361,184.0,218.0,218.0,184.0,214.0,316.0,316.0,230.0,,-89,8342759
2.15,2019-09-08 18:40:41.789571,372.0,374.0,184.0,218.0,228.0,214.0,316.0,228.0,,-89,8342963
2.1662,2019-09-08 18:40:41.809575,372.0,214.0,184.0,216.0,214.0,228.0,172.0,316.0,,-89,8342527
2.1862,2019-09-08 18:40:41.827699,372.0,214.0,372.0,214.0,228.0,172.0,316.0,316.0,,-89,8342614
2.2043,2019-09-08 18:40:41.843189,372.0,216.0,184.0,216.0,318.0,228.0,214.0,214.0,,-89,8342046
2.2197,2019-09-08 18:40:41.859128,370.0,216.0,184.0,218.0,316.0,228.0,228.0,214.0,,-89,8342704
2.2357,2019-09-08 18:40:41.877675,184.0,214.0,184.0,216.0,214.0,172.0,316.0,228.0,,-89,8342451
2.2542,2019-09-08 18:40:41.895234,370.0,218.0,184.0,184.0,172.0,172.0,228.0,214.0,,-89,8341842
2.2718,2019-09-08 18:40:41.918022,184.0,214.0,184.0,216.0,214.0,172.0,316.0,316.0,,-89,8341901
2.2946,2019-09-08 18:40:41.934171,372.0,214.0,184.0,216.0,214.0,316.0,316.0,228.0,,-89,8342673
2.3107,2019-09-08 18:40:41.949090,372.0,372.0,372.0,372.0,228.0,214.0,172.0,316.0,,-89,8342372
2.3256,2019-09-08 18:40:41.966080,374.0,214.0,214.0,216.0,172.0,316.0,214.0,172.0,,-89,8342230
2.3426,2019-09-08 18:40:41.981432,374.0,374.0,184.0,216.0,316.0,228.0,228.0,214.0,,-89,8342437
2.358,2019-09-08 18:40:41.997071,374.0,214.0,184.0,216.0,172.0,316.0,316.0,172.0,,-89,8342389
2.3736,2019-09-08 18:40:42.019268,214.0,214.0,216.0,216.0,172.0,316.0,228.0,214.0,,-89,8343372
2.3958,2019-09-08 18:40:42.033145,184.0,216.0,216.0,216.0,228.0,214.0,316.0,316.0,,-89,8342185
2.4097,2019-09-08 18:40:42.051269,376.0,214.0,184.0,218.0,228.0,172.0,316.0,228.0,,-89,8341731
2.4278,2019-09-08 18:40:42.068607,376.0,214.0,184.0,376.0,316.0,228.0,214.0,228.0,,-89,8342351
2.4452,2019-09-08 18:40:42.085699,378.0,214.0,184.0,218.0,172.0,318.0,316.0,228.0,,-89,8342417
2.4622,2019-09-08 18:40:42.100400,378.0,214.0,184.0,216.0,214.0,316.0,316.0,226.0,,-89,8343112
2.4771,2019-09-08 18:40:42.122354,378.0,214.0,184.0,216.0,226.0,316.0,172.0,214.0,,-89,8342600
2.4989,2019-09-08 18:40:42.134164,184.0,216.0,184.0,216.0,172.0,214.0,172.0,316.0,,-89,8342098
2.511,2019-09-08 18:40:42.151121,380.0,216.0,184.0,380.0,172.0,214.0,172.0,316.0,,-89,8341946
2.5277,2019-09-08 18:40:42.166904,380.0,212.0,184.0,216.0,316.0,226.0,214.0,172.0,,-89,8341828
2.5435,2019-09-08 18:40:42.185825,184.0,212.0,378.0,216.0,316.0,228.0,316.0,226.0,,-89,8342444
2.5624,2019-09-08 18:40:42.200723,378.0,216.0,212.0,184.0,316.0,316.0,172.0,214.0,,-89,8342067
2.5773,2019-09-08 18:40:42.223080,380.0,380.0,380.0,212.0,172.0,172.0,316.0,228.0,,-89,8342199
2.5996,2019-09-08 18:40:42.236196,380.0,212.0,212.0,184.0,172.0,316.0,316.0,214.0,,-89,8342676
2.6128,2019-09-08 18:40:42.250298,382.0,212.0,212.0,184.0,172.0,316.0,172.0,314.0,,-89,8342486
2.6269,2019-09-08 18:40:42.267078,382.0,382.0,184.0,216.0,226.0,214.0,226.0,214.0,,-89,8342538
2.6436,2019-09-08 18:40:42.285275,216.0,212.0,184.0,384.0,172.0,214.0,172.0,314.0,,-89,8343071
2.6618,2019-09-08 18:40:42.299451,382.0,212.0,184.0,216.0,226.0,314.0,226.0,172.0,,-89,8342143
2.676,2019-09-08 18:40:42.319664,384.0,212.0,384.0,216.0,214.0,172.0,314.0,226.0,,-89,8342413
2.6962,2019-09-08 18:40:42.338708,184.0,184.0,212.0,184.0,214.0,172.0,314.0,172.0,,-89,8342680
2.7154,2019-09-08 18:40:42.353124,384.0,184.0,216.0,184.0,214.0,314.0,314.0,214.0,,-89,8341981
2.7303,2019-09-08 18:40:42.373573,212.0,212.0,184.0,382.0,314.0,314.0,228.0,214.0,,-89,8342790
2.7501,2019-09-08 18:40:42.392752,382.0,216.0,184.0,184.0,172.0,314.0,228.0,216.0,,-89,8342116
2.7694,2019-09-08 18:40:42.405519,382.0,212.0,184.0,216.0,172.0,216.0,172.0,314.0,,-89,8342216
2.7821,2019-09-08 18:40:42.421317,382.0,382.0,212.0,184.0,172.0,314.0,214.0,172.0,,-89,8341742
2.7979,2019-09-08 18:40:42.438919,382.0,212.0,184.0,382.0,172.0,314.0,228.0,216.0,,-89,8342254
2.8154,2019-09-08 18:40:42.454599,382.0,212.0,184.0,216.0,172.0,314.0,216.0,172.0,,-89,8342752
2.8311,2019-09-08 18:40:42.471293,382.0,212.0,184.0,212.0,314.0,228.0,214.0,172.0,,-89,8342956
2.8479,2019-09-08 18:40:42.490113,382.0,210.0,184.0,382.0,314.0,226.0,214.0,172.0,,-89,8342472
2.8671,2019-09-08 18:40:42.502224,382.0,210.0,184.0,216.0,228.0,226.0,214.0,172.0,,-89,8343271
2.8788,2019-09-08 18:40:42.518782,210.0,184.0,216.0,216.0,226.0,216.0,214.0,172.0,,-89,8342240
2.8958,2019-09-08 18:40:42.538939,184.0,210.0,184.0,216.0,314.0,226.0,172.0,314.0,,-89,8342991
2.9156,2019-09-08 18:40:42.557341,210.0,184.0,216.0,214.0,214.0,172.0,226.0,214.0,,-89,8343327
2.934,2019-09-08 18:40:42.571889,184.0,214.0,184.0,184.0,172.0,172.0,226.0,226.0,,-89,8342195
2.9486,2019-09-08 18:40:42.591970,184.0,214.0,184.0,214.0,226.0,172.0,172.0,316.0,,-89,8342434
2.9686,2019-09-08 18:40:42.608004,380.0,380.0,210.0,184.0,214.0,172.0,316.0,226.0,,-89,8342628
2.9846,2019-09-08 18:40:42.626553,380.0,380.0,184.0,378.0,214.0,172.0,318.0,224.0,,-89,8342503
3.0031,2019-09-08 18:40:42.645622,380.0,210.0,210.0,214.0,214.0,172.0,316.0,214.0,,-89,8341911
3.0222,2019-09-08 18:40:42.660910,378.0,210.0,214.0,214.0,214.0,318.0,224.0,214.0,,-89,8342638
3.0381,2019-09-08 18:40:42.675722,378.0,210.0,184.0,214.0,172.0,318.0,224.0,212.0,,-89,8342230
3.0523,2019-09-08 18:40:42.693894,210.0,184.0,184.0,214.0,172.0,318.0,212.0,172.0,,-89,8342790
3.0705,2019-09-08 18:40:42.711946,378.0,184.0,214.0,214.0,172.0,320.0,224.0,214.0,,-89,8341583
3.0886,2019-09-08 18:40:42.736533,378.0,210.0,184.0,378.0,172.0,224.0,212.0,172.0,,-89,8342448
3.1133,2019-09-08 18:40:42.750718,210.0,378.0,210.0,214.0,224.0,212.0,172.0,320.0,,-89,8342742
3.1274,2019-09-08 18:40:42.766805,376.0,376.0,376.0,214.0,320.0,224.0,212.0,172.0,,-89,8342631
3.1434,2019-09-08 18:40:42.783602,376.0,210.0,184.0,376.0,320.0,212.0,172.0,320.0,,-89,8342846
3.1602,2019-09-08 18:40:42.801219,374.0,210.0,182.0,214.0,222.0,172.0,172.0,320.0,,-89,8342378
3.1779,2019-09-08 18:40:42.814445,376.0,210.0,184.0,214.0,222.0,212.0,172.0,222.0,,-89,8342763
3.191,2019-09-08 18:40:42.831345,210.0,184.0,184.0,214.0,212.0,172.0,172.0,222.0,,-89,8342240
3.2079,2019-09-08 18:40:42.848884,374.0,374.0,210.0,214.0,222.0,212.0,320.0,222.0,,-89,8342323
3.2254,2019-09-08 18:40:42.865349,374.0,210.0,214.0,214.0,212.0,172.0,320.0,224.0,,-89,8342711
3.2421,2019-09-08 18:40:42.882530,374.0,210.0,184.0,214.0,212.0,320.0,224.0,212.0,,-89,8342368
3.2592,2019-09-08 18:40:42.901771,372.0,372.0,210.0,214.0,172.0,320.0,320.0,222.0,,-89,8342686
3.2786,2019-09-08 18:40:42.914472,372.0,184.0,216.0,372.0,172.0,320.0,212.0,172.0,,-89,8342690
3.2912,2019-09-08 18:40:42.938900,372.0,374.0,184.0,214.0,172.0,320.0,214.0,172.0,,-89,8342275
3.3154,2019-09-08 18:40:42.953567,210.0,372.0,216.0,216.0,320.0,222.0,212.0,172.0,,-89,8342818
3.3302,2019-09-08 18:40:42.965459,184.0,216.0,372.0,212.0,224.0,224.0,214.0,172.0,,-89,8342697
3.3422,2019-09-08 18:40:42.981525,216.0,212.0,184.0,214.0,224.0,212.0,172.0,320.0,,-89,8342662
3.3582,2019-09-08 18:40:43.003124,216.0,372.0,372.0,370.0,214.0,172.0,172.0,320.0,,-89,8342385
3.3797,2019-09-08 18:40:43.018889,370.0,212.0,370.0,216.0,224.0,212.0,214.0,172.0,,-89,8342368
3.3955,2019-09-08 18:40:43.031757,370.0,212.0,184.0,216.0,212.0,212.0,320.0,222.0,,-89,8342178
3.4091,2019-09-08 18:40:43.052083,370.0,212.0,370.0,212.0,224.0,172.0,172.0,320.0,,-89,8342572
3.4294,2019-09-08 18:40:43.064288,216.0,370.0,370.0,214.0,214.0,212.0,320.0,222.0,,-89,8342756
3.4415,2019-09-08 18:40:43.082687,370.0,212.0,212.0,184.0,172.0,320.0,172.0,320.0,,-89,8343133
3.4597,2019-09-08 18:40:43.099076,370.0,370.0,212.0,184.0,172.0,212.0,172.0,224.0,,-89,8342437
3.4764,2019-09-08 18:40:43.122652,184.0,216.0,184.0,216.0,212.0,172.0,320.0,212.0,,-89,8342372
3.4996,2019-09-08 18:40:43.133309,370.0,212.0,212.0,184.0,172.0,320.0,212.0,212.0,,-89,8342340
3.5102,2019-09-08 18:40:43.155111,216.0,370.0,212.0,184.0,320.0,322.0,212.0,172.0,,-89,8342998
3.5326,2019-09-08 18:40:43.165976,370.0,212.0,370.0,216.0,320.0,222.0,212.0,172.0,,-89,8342233
3.5431,2019-09-08 18:40:43.185791,370.0,214.0,184.0,216.0,322.0,322.0,212.0,212.0,,-89,8342237
3.5627,2019-09-08 18:40:43.199319,368.0,368.0,212.0,184.0,172.0,224.0,212.0,172.0,,-89,8342524
3.5762,2019-09-08 18:40:43.215333,368.0,212.0,184.0,216.0,322.0,222.0,212.0,172.0,,-89,8341936
3.5927,2019-09-08 18:40:43.233635,368.0,212.0,184.0,216.0,322.0,322.0,222.0,172.0,,-89,8342244
3.6108,2019-09-08 18:40:43.255411,212.0,184.0,184.0,216.0,222.0,222.0,322.0,172.0,,-89,8342531
3.6325,2019-09-08 18:40:43.266411,368.0,212.0,184.0,216.0,322.0,222.0,212.0,172.0,,-89,8342493
3.6433,2019-09-08 18:40:43.283493,212.0,212.0,184.0,216.0,222.0,222.0,322.0,222.0,,-89,8342707
3.6605,2019-09-08 18:40:43.299174,184.0,216.0,184.0,216.0,212.0,212.0,172.0,324.0,,-89,8342500
3.6764,2019-09-08 18:40:43.316284,368.0,212.0,184.0,216.0,222.0,212.0,172.0,172.0,,-89,8342334
3.6932,2019-09-08 18:40:43.335811,184.0,212.0,184.0,216.0,212.0,172.0,322.0,222.0,,-89,8343043
3.7127,2019-09-08 18:40:43.351702,216.0,184.0,184.0,216.0,212.0,322.0,222.0,212.0,,-89,8342299
3.7286,2019-09-08 18:40:43.371947,370.0,368.0,212.0,184.0,172.0,212.0,222.0,212.0,,-89,8342638
3.7492,2019-09-08 18:40:43.386836,370.0,370.0,184.0,216.0,172.0,212.0,172.0,212.0,,-89,8342105
3.7639,2019-09-08 18:40:43.402706,368.0,212.0,184.0,216.0,212.0,172.0,222.0,222.0,,-89,8342216
3.7797,2019-09-08 18:40:43.418725,368.0,368.0,368.0,212.0,212.0,324.0,324.0,212.0,,-89,8342212
3.7969,2019-09-08 18:40:43.437859,216.0,368.0,212.0,216.0,172.0,322.0,212.0,172.0,,-89,8342334
3.8148,2019-09-08 18:40:43.452471,368.0,212.0,184.0,368.0,322.0,222.0,212.0,172.0,,-89,8342434
3.8296,2019-09-08 18:40:43.468688,368.0,216.0,368.0,212.0,322.0,222.0,212.0,324.0,,-89,8342659
3.846,2019-09-08 18:40:43.486282,368.0,212.0,212.0,184.0,322.0,322.0,224.0,214.0,,-89,8342053
3.8638,2019-09-08 18:40:43.503221,366.0,184.0,216.0,216.0,222.0,222.0,172.0,322.0,,-89,8342711
3.8803,2019-09-08 18:40:43.522456,212.0,184.0,368.0,368.0,222.0,212.0,172.0,322.0,,-89,8342465
3.8994,2019-09-08 18:40:43.538237,368.0,212.0,368.0,212.0,322.0,222.0,172.0,322.0,,-89,8343098
3.9153,2019-09-08 18:40:43.555868,368.0,184.0,216.0,368.0,222.0,212.0,172.0,322.0,,-89,8342126
3.9328,2019-09-08 18:40:43.571145,216.0,212.0,184.0,216.0,214.0,172.0,320.0,224.0,,-89,8342005
3.9483,2019-09-08 18:40:43.589398,212.0,184.0,216.0,216.0,214.0,172.0,172.0,214.0,,-89,8343032
3.9666,2019-09-08 18:40:43.604654,370.0,184.0,184.0,370.0,224.0,322.0,224.0,322.0,,-89,8342347
3.9819,2019-09-08 18:40:43.624189,216.0,184.0,184.0,218.0,214.0,322.0,224.0,224.0,,-89,8342451
4.0015,2019-09-08 18:40:43.640941,372.0,374.0,184.0,218.0,172.0,224.0,224.0,214.0,,-89,8342565
4.0178,2019-09-08 18:40:43.659829,374.0,214.0,184.0,184.0,322.0,322.0,322.0,214.0,,-89,8341915
4.0368,2019-09-08 18:40:43.677573,214.0,184.0,376.0,376.0,172.0,322.0,224.0,212.0,,-89,8342299
4.055,2019-09-08 18:40:43.693113,376.0,214.0,376.0,374.0,320.0,320.0,224.0,214.0,,-89,8342351
4.07,2019-09-08 18:40:43.708620,184.0,220.0,184.0,376.0,214.0,172.0,322.0,214.0,,-89,8342766
4.0858,2019-09-08 18:40:43.727070,184.0,376.0,184.0,220.0,320.0,320.0,224.0,172.0,,-89,8342482
4.1041,2019-09-08 18:40:43.744467,376.0,216.0,184.0,220.0,172.0,224.0,224.0,214.0,,-89,8342112
4.1214,2019-09-08 18:40:43.765075,220.0,216.0,186.0,220.0,320.0,320.0,224.0,214.0,,-89,8342465
4.142,2019-09-08 18:40:43.779666,376.0,220.0,376.0,216.0,172.0,320.0,224.0,214.0,,-89,8342783
4.1569,2019-09-08 18:40:43.795669,374.0,216.0,186.0,374.0,320.0,320.0,214.0,172.0,,-89,8342140
4.1726,2019-09-08 18:40:43.812741,374.0,216.0,372.0,216.0,322.0,320.0,214.0,172.0,,-89,8342583
4.1896,2019-09-08 18:40:43.834919,186.0,216.0,216.0,186.0,320.0,320.0,224.0,320.0,,-89,8342742
4.2121,2019-09-08 18:40:43.847536,368.0,224.0,186.0,366.0,172.0,320.0,172.0,320.0,,-89,8342759
4.2251,2019-09-08 18:40:43.949329,224.0,218.0,222.0,218.0,320.0,320.0,224.0,214.0,,-89,8342849
4.3268,2019-09-08 18:40:43.956724,186.0,224.0,186.0,344.0,224.0,214.0,172.0,320.0,,-89,8341534
4.3338,2019-09-08 18:40:43.975614,186.0,342.0,216.0,222.0,224.0,224.0,214.0,172.0,,-89,8343091
4.353,2019-09-08 18:40:43.986392,340.0,216.0,186.0,216.0,172.0,172.0,214.0,172.0,,-89,8342434
4.3639,2019-09-08 18:40:44.099510,338.0,216.0,186.0,222.0,322.0,224.0,224.0,214.0,,-89,8342282
4.4777,2019-09-08 18:40:44.107755,332.0,212.0,186.0,220.0,224.0,224.0,172.0,322.0,,-89,8341686
4.486,2019-09-08 18:40:44.122325,330.0,212.0,186.0,220.0,322.0,224.0,172.0,324.0,,-89,8342745
4.4995,2019-09-08 18:40:44.142332,330.0,186.0,212.0,332.0,172.0,172.0,322.0,224.0,,-89,8342898
4.519,2019-09-08 18:40:44.154354,334.0,334.0,212.0,336.0,212.0,224.0,212.0,172.0,,-89,8342759
4.5309,2019-09-08 18:40:44.168908,338.0,340.0,212.0,222.0,214.0,224.0,324.0,224.0,,-89,8342313
4.5454,2019-09-08 18:40:44.401669,342.0,212.0,186.0,222.0,322.0,172.0,322.0,224.0,,-89,8342064
4.7783,2019-09-08 18:40:44.408147,344.0,212.0,222.0,210.0,214.0,324.0,322.0,214.0,,-89,8341662
4.7848,2019-09-08 18:40:44.426894,340.0,210.0,186.0,220.0,322.0,214.0,172.0,322.0,,-89,8342669
4.8035,2019-09-08 18:40:44.438921,220.0,336.0,210.0,220.0,224.0,214.0,172.0,322.0,,-89,8341994
4.8154,2019-09-08 18:40:44.540367,334.0,210.0,186.0,186.0,224.0,224.0,214.0,172.0,,-89,8341942
4.9174,2019-09-08 18:40:44.547281,220.0,210.0,184.0,222.0,224.0,214.0,172.0,322.0,,-89,8341946
4.9242,2019-09-08 18:40:44.554396,184.0,220.0,184.0,220.0,224.0,214.0,172.0,214.0,,-89,8342365
4.9316,2019-09-08 18:40:44.573847,220.0,210.0,332.0,210.0,172.0,320.0,172.0,172.0,,-89,8342081
4.9511,2019-09-08 18:40:44.589444,210.0,332.0,210.0,184.0,214.0,172.0,322.0,224.0,,-89,8342378
4.9669,2019-09-08 18:40:44.610454,330.0,184.0,222.0,186.0,214.0,322.0,214.0,214.0,,-89,8342136
4.9875,2019-09-08 18:40:44.625510,326.0,326.0,210.0,326.0,214.0,172.0,172.0,320.0,,-89,8342226
5.0025,2019-09-08 18:40:44.642259,324.0,324.0,184.0,224.0,172.0,226.0,214.0,214.0,,-89,8342545
5.0196,2019-09-08 18:40:44.656845,224.0,212.0,186.0,326.0,172.0,224.0,172.0,320.0,,-89,8342043
5.0337,2019-09-08 18:40:44.679015,328.0,212.0,184.0,224.0,172.0,214.0,172.0,172.0,,-89,8341891
5.056,2019-09-08 18:40:44.692644,332.0,212.0,184.0,226.0,172.0,172.0,224.0,226.0,,-89,8342756
5.0695,2019-09-08 18:40:44.709743,226.0,214.0,214.0,186.0,226.0,224.0,214.0,226.0,,-89,8342742
5.0868,2019-09-08 18:40:44.729288,226.0,338.0,214.0,186.0,172.0,320.0,172.0,172.0,,-89,8341680
5.1067,2019-09-08 18:40:44.745799,340.0,340.0,214.0,226.0,214.0,172.0,226.0,172.0,,-89,8342205
5.1233,2019-09-08 18:40:44.761184,342.0,212.0,342.0,226.0,214.0,172.0,320.0,224.0,,-89,8341783
5.1381,2019-09-08 18:40:44.778792,184.0,226.0,184.0,226.0,216.0,172.0,320.0,320.0,,-89,8341828
5.1558,2019-09-08 18:40:44.794146,186.0,226.0,184.0,226.0,226.0,214.0,320.0,320.0,,-89,8342351
5.1711,2019-09-08 18:40:44.810057,350.0,212.0,184.0,352.0,214.0,320.0,320.0,214.0,,-89,8341970
5.187,2019-09-08 18:40:44.823720,354.0,212.0,184.0,226.0,216.0,226.0,216.0,172.0,,-89,8342327
5.2008,2019-09-08 18:40:44.846341,354.0,212.0,184.0,212.0,214.0,226.0,320.0,226.0,,-89,8342136
5.2239,2019-09-08 18:40:44.858923,184.0,226.0,214.0,186.0,226.0,226.0,214.0,214.0,,-89,8342074
5.2355,2019-09-08 18:40:44.879319,350.0,226.0,348.0,226.0,172.0,172.0,226.0,172.0,,-89,8341866
5.256,2019-09-08 18:40:44.898733,346.0,214.0,186.0,184.0,172.0,172.0,214.0,172.0,,-88,8342074
5.2753,2019-09-08 18:40:44.915845,344.0,344.0,186.0,184.0,318.0,226.0,216.0,172.0,,-88,8342929
5.2926,2019-09-08 18:40:44.931742,344.0,184.0,342.0,342.0,318.0,226.0,216.0,172.0,,-88,8342770
5.3084,2019-09-08 18:40:44.950150,342.0,214.0,184.0,342.0,318.0,226.0,216.0,318.0,,-88,8341749
5.3269,2019-09-08 18:40:44.966563,340.0,214.0,184.0,214.0,172.0,318.0,226.0,226.0,,-88,8342507
5.3437,2019-09-08 18:40:44.982794,212.0,212.0,184.0,224.0,216.0,172.0,216.0,226.0,,-88,8341821
5.3593,2019-09-08 18:40:44.998359,334.0,222.0,184.0,222.0,318.0,318.0,172.0,172.0,,-88,8342347
5.375,2019-09-08 18:40:45.015609,222.0,212.0,184.0,222.0,226.0,318.0,172.0,216.0,,-88,8342164
5.3925,2019-09-08 18:40:45.031946,328.0,210.0,184.0,222.0,226.0,318.0,226.0,216.0,,-88,8342406
5.4086,2019-09-08 18:40:45.050788,326.0,184.0,220.0,220.0,172.0,316.0,316.0,226.0,,-88,8341832
5.4274,2019-09-08 18:40:45.067626,210.0,220.0,184.0,328.0,216.0,216.0,316.0,226.0,,-88,8342344
5.4445,2019-09-08 18:40:45.084493,328.0,208.0,184.0,184.0,216.0,172.0,172.0,226.0,,-88,8341787
5.4611,2019-09-08 18:40:45.106163,326.0,208.0,184.0,218.0,216.0,228.0,218.0,172.0,,-88,8341828
5.4829,2019-09-08 18:40:45.119151,326.0,326.0,206.0,218.0,316.0,228.0,216.0,172.0,,-88,8343427
5.4958,2019-09-08 18:40:45.134259,328.0,182.0,216.0,216.0,218.0,172.0,218.0,172.0,,-88,8341690
5.5111,2019-09-08 18:40:45.153774,206.0,206.0,216.0,216.0,316.0,228.0,216.0,316.0,,-88,8342174
5.5304,2019-09-08 18:40:45.167532,336.0,216.0,182.0,214.0,316.0,316.0,172.0,314.0,,-88,8342669
5.5441,2019-09-08 18:40:45.188115,336.0,204.0,182.0,214.0,314.0,314.0,226.0,218.0,,-88,8342375
5.5655,2019-09-08 18:40:45.204131,202.0,202.0,182.0,204.0,218.0,218.0,218.0,314.0,,-88,8342126
5.5815,2019-09-08 18:40:45.217708,336.0,202.0,214.0,202.0,218.0,218.0,172.0,314.0,,-88,8341628
5.5946,2019-09-08 18:40:45.234315,202.0,202.0,182.0,214.0,228.0,218.0,172.0,314.0,,-88,8342057
5.6112,2019-09-08 18:40:45.254375,338.0,338.0,182.0,182.0,228.0,218.0,172.0,314.0,,-88,8343102
5.6315,2019-09-08 18:40:45.270325,338.0,200.0,182.0,212.0,228.0,172.0,314.0,228.0,,-88,8342558
5.6475,2019-09-08 18:40:45.293930,212.0,200.0,336.0,200.0,172.0,172.0,172.0,314.0,,-88,8342157
5.6709,2019-09-08 18:40:45.303315,334.0,198.0,334.0,198.0,228.0,218.0,172.0,314.0,,-88,8342458
5.6805,2019-09-08 18:40:45.317003,332.0,198.0,180.0,180.0,218.0,172.0,314.0,228.0,,-88,8342299
5.6942,2019-09-08 18:40:45.332985,332.0,198.0,180.0,180.0,172.0,314.0,228.0,172.0,,-88,8341946
5.71,2019-09-08 18:40:45.349082,332.0,198.0,180.0,332.0,172.0,314.0,228.0,218.0,,-88,8342593
5.726,2019-09-08 18:40:45.365666,180.0,330.0,180.0,210.0,314.0,314.0,218.0,218.0,,-88,8342638
5.7428,2019-09-08 18:40:45.384129,180.0,196.0,180.0,210.0,172.0,312.0,220.0,220.0,,-88,8341994
5.761,2019-09-08 18:40:45.420310,210.0,328.0,196.0,180.0,172.0,314.0,230.0,172.0,,-88,8341953
5.7975,2019-09-08 18:40:45.427279,324.0,196.0,180.0,210.0,314.0,228.0,218.0,172.0,,-88,8342039
5.8046,2019-09-08 18:40:45.437184,324.0,196.0,180.0,322.0,228.0,220.0,172.0,172.0,,-88,8342486
5.8145,2019-09-08 18:40:45.453330,322.0,322.0,196.0,180.0,228.0,230.0,218.0,172.0,,-88,8342725
5.8303,2019-09-08 18:40:45.470486,320.0,320.0,196.0,210.0,220.0,172.0,172.0,230.0,,-88,8342607
5.8476,2019-09-08 18:40:45.487425,196.0,318.0,196.0,180.0,220.0,172.0,172.0,228.0,,-88,8341686
5.8643,2019-09-08 18:40:45.513036,316.0,318.0,210.0,210.0,218.0,172.0,172.0,314.0,,-88,8342943
5.8903,2019-09-08 18:40:45.523367,314.0,196.0,314.0,196.0,220.0,220.0,172.0,314.0,,-88,8342472
5.9021,2019-09-08 18:40:45.538575,312.0,196.0,180.0,210.0,230.0,220.0,228.0,220.0,,-88,8342586
5.9156,2019-09-08 18:40:45.555940,312.0,312.0,196.0,180.0,220.0,172.0,314.0,228.0,,-88,8342901
5.9332,2019-09-08 18:40:45.571942,312.0,312.0,198.0,210.0,220.0,172.0,314.0,230.0,,-88,8342240
5.9488,2019-09-08 18:40:45.588377,314.0,198.0,210.0,210.0,172.0,228.0,228.0,218.0,,-88,8342147
5.9653,2019-09-08 18:40:45.605903,198.0,314.0,180.0,210.0,172.0,228.0,230.0,172.0,,-88,8343555
5.9828,2019-09-08 18:40:45.622473,312.0,198.0,180.0,210.0,172.0,314.0,220.0,172.0,,-88,8343129
5.9994,2019-09-08 18:40:45.643854,210.0,210.0,180.0,210.0,314.0,230.0,220.0,172.0,,-88,8341953
6.0211,2019-09-08 18:40:45.657988,198.0,198.0,312.0,198.0,228.0,316.0,220.0,218.0,,-88,8343126
6.0351,2019-09-08 18:40:45.676445,310.0,310.0,210.0,210.0,228.0,172.0,314.0,316.0,,-88,8342949
6.0538,2019-09-08 18:40:45.699830,310.0,198.0,180.0,210.0,218.0,230.0,316.0,316.0,,-88,8342558
6.0771,2019-09-08 18:40:45.714437,210.0,198.0,306.0,200.0,228.0,218.0,316.0,316.0,,-88,8342237
6.0913,2019-09-08 18:40:45.732028,306.0,200.0,180.0,306.0,228.0,220.0,172.0,230.0,,-88,8342271
6.1092,2019-09-08 18:40:45.750275,180.0,210.0,180.0,306.0,228.0,220.0,172.0,316.0,,-88,8342783
6.1273,2019-09-08 18:40:45.766370,306.0,200.0,180.0,210.0,220.0,218.0,172.0,218.0,,-88,8342621
6.1436,2019-09-08 18:40:45.782012,200.0,180.0,210.0,212.0,172.0,316.0,316.0,228.0,,-88,8342271
6.159,2019-09-08 18:40:45.801656,198.0,180.0,180.0,210.0,172.0,172.0,228.0,220.0,,-88,8342254
6.1786,2019-09-08 18:40:45.824536,198.0,302.0,302.0,200.0,218.0,172.0,316.0,228.0,,-88,8342555
6.2018,2019-09-08 18:40:45.847285,300.0,210.0,300.0,210.0,172.0,318.0,228.0,218.0,,-88,8342489
6.2242,2019-09-08 18:40:45.885902,210.0,200.0,180.0,300.0,172.0,318.0,228.0,218.0,,-88,8342406
6.2628,2019-09-08 18:40:45.892545,298.0,200.0,180.0,298.0,318.0,228.0,172.0,318.0,,-88,8342122
6.2694,2019-09-08 18:40:45.913776,200.0,200.0,296.0,212.0,318.0,218.0,172.0,218.0,,-88,8342181
6.291,2019-09-08 18:40:45.926266,180.0,294.0,180.0,180.0,318.0,228.0,218.0,318.0,,-88,8342721
6.3035,2019-09-08 18:40:45.940205,290.0,200.0,180.0,210.0,226.0,226.0,172.0,172.0,,-88,8342195
6.3173,2019-09-08 18:40:45.957010,210.0,200.0,180.0,210.0,318.0,226.0,218.0,172.0,,-88,8342302
6.3339,2019-09-08 18:40:45.976896,280.0,200.0,180.0,280.0,320.0,226.0,218.0,172.0,,-88,8342244
6.3541,2019-09-08 18:40:46.004700,276.0,276.0,180.0,180.0,320.0,226.0,320.0,226.0,,-88,8342697
6.3817,2019-09-08 18:40:46.049221,276.0,180.0,210.0,276.0,218.0,228.0,320.0,320.0,,-88,8342389
6.4261,2019-09-08 18:40:46.064430,278.0,200.0,180.0,210.0,226.0,216.0,172.0,320.0,,-88,8342199
6.4415,2019-09-08 18:40:46.077010,280.0,202.0,180.0,212.0,218.0,320.0,320.0,226.0,,-88,8342223
6.4539,2019-09-08 18:40:46.086753,212.0,202.0,282.0,202.0,218.0,172.0,320.0,226.0,,-88,8341403
6.4636,2019-09-08 18:40:46.097094,180.0,202.0,284.0,202.0,172.0,320.0,226.0,226.0,,-88,8341942
6.474,2019-09-08 18:40:46.125211,282.0,210.0,180.0,202.0,216.0,226.0,218.0,172.0,,-88,8341894
6.503,2019-09-08 18:40:46.135428,284.0,284.0,180.0,210.0,172.0,322.0,226.0,216.0,,-88,8343036
6.513,2019-09-08 18:40:46.147446,282.0,202.0,180.0,284.0,322.0,226.0,218.0,172.0,,-88,8341821
6.525,2019-09-08 18:40:46.160861,284.0,204.0,180.0,210.0,172.0,226.0,216.0,172.0,,-88,8342323
6.539,2019-09-08 18:40:46.185706,212.0,202.0,180.0,210.0,226.0,218.0,172.0,322.0,,-88,8343067
6.5627,2019-09-08 18:40:46.196881,286.0,202.0,180.0,212.0,322.0,226.0,216.0,172.0,,-88,8341846
6.5743,2019-09-08 18:40:46.217630,290.0,204.0,180.0,212.0,226.0,216.0,172.0,322.0,,-88,8343282
6.5942,2019-09-08 18:40:46.236453,212.0,204.0,294.0,204.0,226.0,226.0,216.0,226.0,,-88,8341641
6.6134,2019-09-08 18:40:46.246779,294.0,212.0,296.0,212.0,218.0,172.0,172.0,172.0,,-88,8342268
6.6238,2019-09-08 18:40:46.263728,180.0,212.0,180.0,182.0,226.0,218.0,172.0,324.0,,-88,8341956
6.6407,2019-09-08 18:40:46.281625,298.0,204.0,298.0,204.0,218.0,172.0,172.0,324.0,,-88,8341918
6.6583,2019-09-08 18:40:46.297608,212.0,202.0,300.0,300.0,216.0,322.0,226.0,216.0,,-88,8342199
6.6742,2019-09-08 18:40:46.355649,300.0,300.0,300.0,300.0,216.0,172.0,324.0,226.0,,-88,8342853
6.7323,2019-09-08 18:40:46.363095,302.0,204.0,180.0,182.0,172.0,226.0,226.0,216.0,,-88,8341922
6.7397,2019-09-08 18:40:46.373366,212.0,204.0,180.0,212.0,172.0,226.0,216.0,172.0,,-88,8342378
6.75,2019-09-08 18:40:46.395564,304.0,204.0,180.0,212.0,172.0,326.0,226.0,214.0,,-88,8342870
6.7722,2019-09-08 18:40:46.402104,304.0,204.0,180.0,204.0,172.0,326.0,226.0,172.0,,-88,8342084
6.7787,2019-09-08 18:40:46.438212,306.0,180.0,212.0,180.0,172.0,326.0,216.0,326.0,,-88,8342327
6.8151,2019-09-08 18:40:46.445006,202.0,212.0,180.0,212.0,328.0,214.0,172.0,328.0,,-88,8342188
6.8221,2019-09-08 18:40:46.454375,306.0,204.0,180.0,212.0,326.0,226.0,216.0,172.0,,-88,8342334
6.831,2019-09-08 18:40:46.471198,306.0,180.0,212.0,306.0,226.0,214.0,172.0,326.0,,-88,8342330
6.8477,2019-09-08 18:40:46.487309,306.0,212.0,180.0,202.0,326.0,214.0,172.0,326.0,,-88,8341683
6.8641,2019-09-08 18:40:46.503239,304.0,202.0,180.0,212.0,326.0,216.0,172.0,172.0,,-88,8341856
6.8803,2019-09-08 18:40:46.519430,304.0,202.0,180.0,212.0,226.0,214.0,172.0,326.0,,-88,8342147
6.8974,2019-09-08 18:40:46.538149,180.0,202.0,180.0,212.0,226.0,216.0,172.0,326.0,,-88,8342185
6.9148,2019-09-08 18:40:46.554804,302.0,210.0,182.0,212.0,226.0,214.0,172.0,324.0,,-88,8343036
6.9314,2019-09-08 18:40:46.571498,210.0,202.0,300.0,200.0,216.0,172.0,172.0,226.0,,-88,8342060
6.9482,2019-09-08 18:40:46.592227,300.0,180.0,210.0,212.0,214.0,172.0,172.0,226.0,,-88,8341863
6.9692,2019-09-08 18:40:46.605946,212.0,212.0,180.0,210.0,216.0,172.0,322.0,226.0,,-88,8342157
6.9836,2019-09-08 18:40:46.628624,296.0,200.0,180.0,212.0,226.0,214.0,172.0,320.0,,-88,8341686
7.0055,2019-09-08 18:40:46.638911,200.0,200.0,180.0,210.0,226.0,172.0,172.0,318.0,,-88,8341956
7.0163,2019-09-08 18:40:46.655742,296.0,200.0,180.0,296.0,172.0,318.0,224.0,224.0,,-88,8341880
7.0332,2019-09-08 18:40:46.673407,180.0,210.0,180.0,200.0,214.0,316.0,316.0,214.0,,-88,8341711
7.051,2019-09-08 18:40:46.695508,298.0,200.0,298.0,200.0,172.0,314.0,224.0,172.0,,-88,8342683
7.0723,2019-09-08 18:40:46.735805,296.0,200.0,296.0,210.0,314.0,222.0,214.0,172.0,,-88,8342641
7.1132,2019-09-08 18:40:46.768209,298.0,298.0,180.0,210.0,172.0,312.0,222.0,214.0,,-87,8342060
7.1454,2019-09-08 18:40:46.775208,180.0,200.0,180.0,212.0,306.0,218.0,212.0,306.0,,-87,8342482
7.152,2019-09-08 18:40:46.793626,302.0,302.0,200.0,302.0,212.0,170.0,172.0,218.0,,-87,8342133
7.1703,2019-09-08 18:40:46.805672,302.0,200.0,180.0,212.0,218.0,212.0,300.0,300.0,,-87,8341790
7.1823,2019-09-08 18:40:46.824960,212.0,200.0,200.0,180.0,212.0,172.0,300.0,300.0,,-87,8342043
7.2024,2019-09-08 18:40:46.846345,302.0,180.0,200.0,180.0,216.0,212.0,170.0,298.0,,-86,8342160
7.223,2019-09-08 18:40:46.858309,304.0,304.0,180.0,212.0,214.0,170.0,300.0,210.0,,-86,8342053
7.235,2019-09-08 18:40:46.874707,304.0,200.0,182.0,212.0,172.0,170.0,214.0,210.0,,-86,8341787
7.2517,2019-09-08 18:40:46.894233,306.0,200.0,180.0,212.0,300.0,212.0,210.0,170.0,,-86,8341915
7.2709,2019-09-08 18:40:46.912708,308.0,200.0,182.0,214.0,170.0,212.0,212.0,208.0,,-85,8341898
7.2894,2019-09-08 18:40:46.928575,180.0,212.0,180.0,212.0,170.0,304.0,214.0,210.0,,-85,8342299
7.3052,2019-09-08 18:40:46.945691,322.0,214.0,180.0,214.0,304.0,216.0,212.0,170.0,,-85,8342067
7.3223,2019-09-08 18:40:46.956640,334.0,182.0,180.0,214.0,302.0,218.0,216.0,216.0,,-85,8342465
7.3337,2019-09-08 18:40:46.974068,350.0,202.0,182.0,216.0,170.0,296.0,172.0,296.0,,-85,8341718
7.351,2019-09-08 18:40:46.989713,370.0,202.0,182.0,218.0,172.0,294.0,228.0,224.0,,-85,8342064
7.3674,2019-09-08 18:40:47.006624,182.0,220.0,180.0,220.0,172.0,292.0,172.0,292.0,,-85,8342510
7.3834,2019-09-08 18:40:47.031278,220.0,220.0,182.0,220.0,290.0,238.0,234.0,288.0,,-84,8342607
7.4079,2019-09-08 18:40:47.042110,202.0,182.0,222.0,410.0,286.0,246.0,244.0,176.0,,-84,8341804
7.4191,2019-09-08 18:40:47.059954,412.0,202.0,182.0,182.0,256.0,178.0,274.0,262.0,,-84,8341558
7.4367,2019-09-08 18:40:47.075970,416.0,418.0,182.0,222.0,262.0,264.0,266.0,180.0,,-84,8342316
7.4526,2019-09-08 18:40:47.091338,422.0,202.0,182.0,222.0,268.0,270.0,272.0,274.0,,-84,8341686
7.468,2019-09-08 18:40:47.107738,426.0,202.0,182.0,222.0,274.0,182.0,264.0,278.0,,-84,8341925
7.4849,2019-09-08 18:40:47.127415,432.0,204.0,182.0,222.0,280.0,184.0,262.0,282.0,,-83,8341811
7.5041,2019-09-08 18:40:47.143610,438.0,204.0,182.0,440.0,284.0,286.0,264.0,286.0,,-83,8342496
7.5208,2019-09-08 18:40:47.162985,444.0,202.0,180.0,222.0,288.0,186.0,184.0,270.0,,-83,8342344
7.54,2019-09-08 18:40:47.184480,200.0,180.0,222.0,220.0,284.0,184.0,184.0,290.0,,-83,8341918
7.5612,2019-09-08 18:40:47.198117,442.0,180.0,440.0,220.0,284.0,184.0,282.0,288.0,,-83,8342289
7.5747,2019-09-08 18:40:47.212707,200.0,180.0,220.0,220.0,282.0,184.0,290.0,288.0,,-83,8342427
7.5893,2019-09-08 18:40:47.226371,424.0,200.0,180.0,220.0,286.0,282.0,184.0,302.0,,-83,8342427
7.6029,2019-09-08 18:40:47.245604,200.0,200.0,180.0,218.0,284.0,280.0,310.0,282.0,,-83,8341718
7.6224,2019-09-08 18:40:47.263376,200.0,180.0,216.0,218.0,278.0,182.0,182.0,276.0,,-83,8341908
7.64,2019-09-08 18:40:47.281259,374.0,200.0,214.0,214.0,180.0,180.0,352.0,270.0,,-83,8343475
7.6583,2019-09-08 18:40:47.305078,180.0,214.0,180.0,214.0,180.0,368.0,268.0,266.0,,-83,8342064
7.6821,2019-09-08 18:40:47.320890,180.0,212.0,312.0,198.0,266.0,178.0,394.0,258.0,,-83,8341593
7.6976,2019-09-08 18:40:47.345349,294.0,198.0,180.0,198.0,178.0,258.0,276.0,278.0,,-83,8342579
7.722,2019-09-08 18:40:47.360172,198.0,198.0,180.0,268.0,416.0,280.0,282.0,180.0,,-83,8342680
7.7373,2019-09-08 18:40:47.377581,256.0,196.0,180.0,252.0,180.0,414.0,180.0,290.0,,-83,8342399
7.7542,2019-09-08 18:40:47.392954,244.0,178.0,206.0,206.0,258.0,294.0,180.0,412.0,,-83,8342382
7.77,2019-09-08 18:40:47.410434,204.0,206.0,178.0,204.0,412.0,256.0,296.0,256.0,,-83,8343109
7.7872,2019-09-08 18:40:47.429205,178.0,204.0,178.0,202.0,298.0,180.0,180.0,254.0,,-82,8342053
7.8061,2019-09-08 18:40:47.455766,190.0,230.0,190.0,178.0,252.0,178.0,180.0,412.0,,-82,8342385
7.8324,2019-09-08 18:40:47.470833,228.0,188.0,178.0,200.0,178.0,180.0,250.0,250.0,,-82,8342808
7.8475,2019-09-08 18:40:47.491627,228.0,200.0,178.0,200.0,312.0,178.0,414.0,248.0,,-82,8342513
7.8683,2019-09-08 18:40:47.512183,226.0,178.0,200.0,200.0,248.0,316.0,178.0,418.0,,-82,8341884
7.8892,2019-09-08 18:40:47.531061,226.0,186.0,186.0,178.0,418.0,418.0,246.0,320.0,,-82,8342174
7.9077,2019-09-08 18:40:47.551815,226.0,178.0,200.0,200.0,322.0,324.0,180.0,414.0,,-82,8342154
7.9285,2019-09-08 18:40:47.567305,226.0,200.0,186.0,178.0,248.0,180.0,180.0,180.0,,-82,8342904
7.9443,2019-09-08 18:40:47.584751,226.0,186.0,178.0,200.0,250.0,250.0,334.0,334.0,,-82,8342576
7.9615,2019-09-08 18:40:47.601758,224.0,186.0,224.0,200.0,334.0,336.0,180.0,400.0,,-83,8341991
7.9784,2019-09-08 18:40:47.618396,224.0,186.0,224.0,186.0,252.0,336.0,180.0,394.0,,-83,8343005
7.995,2019-09-08 18:40:47.637437,186.0,186.0,178.0,200.0,386.0,256.0,334.0,182.0,,-83,8343437
8.0141,2019-09-08 18:40:47.660194,222.0,178.0,178.0,200.0,378.0,258.0,328.0,180.0,,-84,8342949
8.037,2019-09-08 18:40:47.674612,186.0,178.0,200.0,200.0,366.0,262.0,358.0,180.0,,-84,8342140
8.0516,2019-09-08 18:40:47.691511,186.0,176.0,200.0,186.0,350.0,264.0,266.0,266.0,,-84,8343510
8.0682,2019-09-08 18:40:47.713840,186.0,178.0,178.0,178.0,270.0,306.0,182.0,286.0,,-83,8342465
8.0905,2019-09-08 18:40:47.728963,222.0,186.0,186.0,178.0,278.0,272.0,268.0,306.0,,-83,8342479
8.106,2019-09-08 18:40:47.746565,222.0,186.0,178.0,186.0,256.0,250.0,270.0,182.0,,-83,8343423
8.1233,2019-09-08 18:40:47.764733,222.0,186.0,178.0,200.0,182.0,182.0,272.0,308.0,,-82,8343057
8.142,2019-09-08 18:40:47.778092,222.0,186.0,222.0,220.0,182.0,216.0,272.0,308.0,,-81,8343444
8.1547,2019-09-08 18:40:47.795776,200.0,222.0,186.0,186.0,184.0,204.0,272.0,308.0,,-81,8343610
8.1723,2019-09-08 18:40:47.814563,200.0,186.0,186.0,200.0,184.0,198.0,268.0,306.0,,-80,8342770
8.1914,2019-09-08 18:40:47.832680,220.0,186.0,200.0,186.0,264.0,264.0,296.0,192.0,,-79,8343150
8.2098,2019-09-08 18:40:47.856243,220.0,186.0,200.0,200.0,192.0,260.0,292.0,188.0,,-77,8342742
8.2329,2019-09-08 18:40:47.871255,178.0,200.0,178.0,220.0,188.0,286.0,188.0,188.0,,-75,8343870
8.2479,2019-09-08 18:40:47.885983,220.0,186.0,178.0,200.0,254.0,280.0,190.0,186.0,,-74,8343427
8.2626,2019-09-08 18:40:47.904932,220.0,188.0,178.0,200.0,250.0,272.0,184.0,184.0,,-71,8343275
8.2819,2019-09-08 18:40:47.918604,218.0,188.0,178.0,200.0,244.0,194.0,182.0,238.0,,-69,8343005
8.2953,2019-09-08 18:40:47.934336,178.0,186.0,178.0,200.0,258.0,194.0,232.0,196.0,,-68,8342382
8.3113,2019-09-08 18:40:47.960628,178.0,200.0,200.0,200.0,246.0,180.0,180.0,222.0,,-64,8342839
8.3373,2019-09-08 18:40:47.970763,186.0,178.0,218.0,200.0,222.0,196.0,180.0,208.0,,-61,8342984
8.3477,2019-09-08 18:40:47.988679,186.0,178.0,186.0,218.0,180.0,204.0,200.0,202.0,,-56,8342344
8.3656,2019-09-08 18:40:48.008246,178.0,218.0,186.0,186.0,188.0,180.0,194.0,196.0,,-51,8342247
8.3849,2019-09-08 18:40:48.024922,200.0,218.0,178.0,186.0,180.0,192.0,190.0,192.0,,-48,8342517
8.4016,2019-09-08 18:40:48.039098,218.0,186.0,178.0,200.0,178.0,180.0,176.0,180.0,,-46,8342354
8.4162,2019-09-08 18:40:48.069951,200.0,218.0,178.0,200.0,180.0,184.0,186.0,180.0,,-37,8342673
8.447,2019-09-08 18:40:48.080638,218.0,186.0,176.0,200.0,180.0,184.0,170.0,182.0,,-34,8341631
8.4575,2019-09-08 18:40:48.091278,200.0,186.0,178.0,200.0,178.0,182.0,168.0,182.0,,-32,8342289
8.468,2019-09-08 18:40:48.108919,218.0,186.0,178.0,200.0,176.0,182.0,182.0,178.0,,-31,8342223
8.4856,2019-09-08 18:40:48.126088,178.0,200.0,200.0,178.0,182.0,168.0,182.0,176.0,,-30,8342126
8.5027,2019-09-08 18:40:48.145390,218.0,218.0,178.0,218.0,182.0,168.0,182.0,176.0,,-29,8341953
8.5224,2019-09-08 18:40:48.165826,216.0,186.0,178.0,200.0,182.0,168.0,182.0,174.0,,-29,8341621
8.5428,2019-09-08 18:40:48.184480,218.0,186.0,178.0,200.0,182.0,184.0,184.0,182.0,,-30,8343057
8.563,2019-09-08 18:40:48.199248,218.0,188.0,178.0,200.0,168.0,184.0,174.0,182.0,,-31,8342998
8.5769,2019-09-08 18:40:48.217310,218.0,200.0,178.0,200.0,168.0,184.0,174.0,182.0,,-33,8342700
8.5938,2019-09-08 18:40:48.230415,178.0,186.0,178.0,200.0,168.0,184.0,174.0,182.0,,-34,8342015
8.6071,2019-09-08 18:40:48.249118,200.0,188.0,178.0,200.0,168.0,184.0,174.0,182.0,,-36,8342361
8.6256,2019-09-08 18:40:48.266879,200.0,218.0,188.0,200.0,168.0,184.0,184.0,174.0,,-39,8342354
8.6434,2019-09-08 18:40:48.286121,218.0,200.0,218.0,188.0,184.0,174.0,182.0,168.0,,-41,8342486
8.6627,2019-09-08 18:40:48.306331,216.0,186.0,186.0,200.0,184.0,174.0,182.0,168.0,,-44,8342666
8.6829,2019-09-08 18:40:48.327401,188.0,218.0,200.0,186.0,168.0,174.0,182.0,182.0,,-48,8343005
8.704,2019-09-08 18:40:48.344330,178.0,200.0,178.0,216.0,184.0,174.0,174.0,182.0,,-52,8342766
8.721,2019-09-08 18:40:48.418721,178.0,200.0,178.0,200.0,184.0,180.0,170.0,168.0,,-54,8343001
8.7958,2019-09-08 18:40:48.437197,188.0,200.0,178.0,200.0,174.0,182.0,168.0,192.0,,-63,8342385
8.8138,2019-09-08 18:40:48.444988,216.0,200.0,216.0,188.0,174.0,182.0,168.0,192.0,,-64,8342385
8.8216,2019-09-08 18:40:48.452241,216.0,216.0,186.0,178.0,174.0,182.0,168.0,192.0,,-64,8342337
8.8289,2019-09-08 18:40:48.471151,216.0,186.0,216.0,216.0,174.0,182.0,168.0,190.0,,-64,8343119
8.8478,2019-09-08 18:40:48.483293,216.0,186.0,178.0,200.0,174.0,182.0,168.0,190.0,,-65,8342524
8.8603,2019-09-08 18:40:48.494662,216.0,188.0,178.0,216.0,190.0,174.0,168.0,192.0,,-65,8342669
8.8713,2019-09-08 18:40:48.509745,224.0,186.0,176.0,234.0,182.0,168.0,168.0,174.0,,-65,8343077
8.8864,2019-09-08 18:40:48.526928,178.0,200.0,264.0,186.0,182.0,168.0,196.0,174.0,,-65,8342437
8.9036,2019-09-08 18:40:48.543400,178.0,186.0,314.0,320.0,182.0,182.0,168.0,174.0,,-65,8342185
8.9202,2019-09-08 18:40:48.559980,372.0,178.0,384.0,202.0,182.0,168.0,168.0,210.0,,-65,8343434
8.9367,2019-09-08 18:40:48.578419,444.0,204.0,178.0,466.0,174.0,168.0,174.0,182.0,,-65,8343233
8.9553,2019-09-08 18:40:48.594603,504.0,188.0,514.0,188.0,168.0,182.0,230.0,234.0,,-66,8342797
8.9714,2019-09-08 18:40:48.611531,518.0,518.0,188.0,180.0,168.0,242.0,174.0,174.0,,-66,8342299
8.9882,2019-09-08 18:40:48.627539,520.0,188.0,212.0,190.0,182.0,254.0,258.0,180.0,,-66,8341932
9.0041,2019-09-08 18:40:48.646267,190.0,180.0,530.0,212.0,272.0,174.0,180.0,168.0,,-66,8342866
9.0229,2019-09-08 18:40:48.661190,214.0,192.0,192.0,214.0,284.0,176.0,182.0,168.0,,-67,8342337
9.0377,2019-09-08 18:40:48.683488,180.0,194.0,564.0,566.0,298.0,180.0,180.0,182.0,,-67,8342635
9.0604,2019-09-08 18:40:48.700729,578.0,194.0,180.0,194.0,168.0,320.0,182.0,332.0,,-67,8342468
9.0774,2019-09-08 18:40:48.713441,218.0,196.0,180.0,602.0,184.0,184.0,168.0,352.0,,-68,8342112
9.09,2019-09-08 18:40:48.729541,618.0,196.0,182.0,220.0,356.0,186.0,186.0,168.0,,-68,8342154
9.1061,2019-09-08 18:40:48.777399,224.0,644.0,200.0,182.0,192.0,168.0,386.0,202.0,,-69,8342624
9.1544,2019-09-08 18:40:48.787237,182.0,226.0,182.0,226.0,198.0,198.0,170.0,386.0,,-69,8342199
9.1639,2019-09-08 18:40:48.814705,228.0,206.0,228.0,206.0,208.0,170.0,384.0,212.0,,-70,8343396
9.1917,2019-09-08 18:40:49.019852,604.0,232.0,224.0,234.0,174.0,404.0,406.0,222.0,,-76,8342116
9.3969,2019-09-08 18:40:49.029583,560.0,246.0,194.0,250.0,482.0,480.0,232.0,276.0,,-76,8342690
9.4065,2019-09-08 18:40:49.036347,194.0,252.0,548.0,254.0,232.0,480.0,180.0,478.0,,-77,8342147
9.4136,2019-09-08 18:40:49.052464,546.0,544.0,196.0,248.0,234.0,476.0,234.0,474.0,,-77,8342354
9.4295,2019-09-08 18:40:49.066573,540.0,246.0,196.0,196.0,234.0,472.0,236.0,276.0,,-77,8342828
9.4437,2019-09-08 18:40:49.088893,534.0,246.0,194.0,244.0,180.0,466.0,236.0,462.0,,-78,8342794
9.4659,2019-09-08 18:40:49.103430,254.0,242.0,194.0,254.0,238.0,276.0,240.0,278.0,,-78,8342742
9.4803,2019-09-08 18:40:49.117049,504.0,238.0,194.0,252.0,180.0,276.0,180.0,448.0,,-79,8342576
9.4941,2019-09-08 18:40:49.135299,236.0,192.0,192.0,248.0,244.0,276.0,180.0,442.0,,-79,8342410
9.5122,2019-09-08 18:40:49.155186,234.0,190.0,412.0,232.0,434.0,254.0,272.0,428.0,,-80,8341898
9.5322,2019-09-08 18:40:49.183161,360.0,190.0,244.0,244.0,258.0,260.0,272.0,180.0,,-80,8342226
9.5604,2019-09-08 18:40:49.192093,226.0,226.0,240.0,226.0,418.0,268.0,414.0,180.0,,-81,8342510
9.5694,2019-09-08 18:40:49.207493,238.0,234.0,232.0,188.0,270.0,180.0,404.0,278.0,,-81,8342752
9.5845,2019-09-08 18:40:49.223013,228.0,220.0,186.0,224.0,270.0,180.0,394.0,288.0,,-81,8342631
9.6003,2019-09-08 18:40:49.238404,226.0,216.0,186.0,226.0,274.0,274.0,380.0,294.0,,-82,8342925
9.6159,2019-09-08 18:40:49.254668,210.0,186.0,188.0,210.0,296.0,280.0,182.0,362.0,,-82,8343257
9.6318,2019-09-08 18:40:49.272057,212.0,204.0,186.0,186.0,302.0,288.0,182.0,308.0,,-82,8342991
9.6489,2019-09-08 18:40:49.301183,208.0,200.0,186.0,208.0,184.0,320.0,320.0,318.0,,-83,8343385
9.6783,2019-09-08 18:40:49.309752,218.0,198.0,184.0,206.0,320.0,186.0,328.0,328.0,,-83,8343531
9.6868,2019-09-08 18:40:49.326637,218.0,196.0,184.0,204.0,334.0,186.0,282.0,336.0,,-83,8342794
9.7035,2019-09-08 18:40:49.353690,206.0,194.0,184.0,204.0,346.0,270.0,344.0,356.0,,-83,8342749
9.7308,2019-09-08 18:40:49.360715,216.0,192.0,182.0,204.0,192.0,256.0,252.0,354.0,,-83,8342742
9.7381,2019-09-08 18:40:49.377417,214.0,190.0,182.0,204.0,244.0,358.0,236.0,196.0,,-83,8342465
9.7543,2019-09-08 18:40:49.395370,214.0,190.0,180.0,204.0,230.0,366.0,384.0,198.0,,-83,8343873
9.7726,2019-09-08 18:40:49.410791,216.0,180.0,216.0,216.0,382.0,394.0,204.0,200.0,,-83,8343804
9.7877,2019-09-08 18:40:49.424457,216.0,216.0,202.0,202.0,390.0,392.0,398.0,206.0,,-83,8344638
9.8015,2019-09-08 18:40:49.441058,216.0,216.0,216.0,202.0,194.0,398.0,400.0,210.0,,-83,8344022
9.8183,2019-09-08 18:40:49.458745,216.0,186.0,178.0,200.0,190.0,402.0,402.0,212.0,,-82,8345268
9.8361,2019-09-08 18:40:49.475638,200.0,186.0,216.0,186.0,188.0,402.0,406.0,188.0,,-82,8345413
9.8527,2019-09-08 18:40:49.493760,186.0,186.0,178.0,200.0,216.0,186.0,406.0,402.0,,-82,8347188
9.8707,2019-09-08 18:40:49.509430,200.0,186.0,178.0,200.0,220.0,184.0,402.0,398.0,,-81,8346725
9.8866,2019-09-08 18:40:49.529938,218.0,186.0,200.0,200.0,394.0,392.0,386.0,234.0,,-81,8348424
9.9071,2019-09-08 18:40:49.548228,218.0,186.0,178.0,218.0,180.0,382.0,378.0,238.0,,-80,8350873
9.9251,2019-09-08 18:40:49.575941,200.0,186.0,178.0,218.0,360.0,180.0,246.0,180.0,,-78,8354033
9.9528,2019-09-08 18:40:49.589645,186.0,178.0,200.0,200.0,348.0,248.0,178.0,336.0,,-78,8356420
9.9666,2019-09-08 18:40:49.607168,218.0,186.0,178.0,200.0,250.0,326.0,324.0,178.0,,-76,8357697
9.9844,2019-09-08 18:40:49.618938,216.0,186.0,216.0,200.0,254.0,178.0,308.0,306.0,,-75,8357874
9.9958,2019-09-08 18:40:49.633392,200.0,186.0,178.0,216.0,256.0,294.0,256.0,178.0,,-74,8357918
10.0104,2019-09-08 18:40:49.647682,216.0,216.0,216.0,200.0,178.0,178.0,270.0,254.0,,-73,8358344
10.0247,2019-09-08 18:40:49.665491,216.0,178.0,216.0,186.0,252.0,252.0,246.0,248.0,,-71,8359240
10.0427,2019-09-08 18:40:49.681720,200.0,188.0,178.0,186.0,246.0,178.0,178.0,230.0,,-68,8360669
10.059,2019-09-08 18:40:49.727824,216.0,188.0,178.0,200.0,222.0,178.0,218.0,212.0,,-62,8358669
10.1045,2019-09-08 18:40:49.734655,178.0,200.0,178.0,200.0,202.0,200.0,198.0,178.0,,-59,8357628
10.112,2019-09-08 18:40:49.747808,178.0,200.0,214.0,186.0,178.0,194.0,192.0,178.0,,-56,8356209
10.1244,2019-09-08 18:40:49.768386,178.0,178.0,200.0,200.0,190.0,190.0,182.0,180.0,,-48,8352922
10.1452,2019-09-08 18:40:49.784827,200.0,200.0,178.0,186.0,186.0,186.0,174.0,180.0,,-44,8350918
10.1617,2019-09-08 18:40:49.803496,214.0,186.0,178.0,186.0,182.0,168.0,182.0,168.0,,-36,8348064
10.1806,2019-09-08 18:40:49.816944,214.0,186.0,178.0,200.0,180.0,168.0,182.0,178.0,,-33,8346652
10.1938,2019-09-08 18:40:49.833187,214.0,186.0,178.0,200.0,182.0,170.0,180.0,182.0,,-30,8344967
10.2104,2019-09-08 18:40:49.850024,188.0,178.0,200.0,200.0,182.0,168.0,174.0,182.0,,-27,8343278
10.2272,2019-09-08 18:40:49.866823,214.0,178.0,200.0,200.0,174.0,182.0,168.0,174.0,,-25,8343787
10.2441,2019-09-08 18:40:49.887361,186.0,178.0,200.0,212.0,174.0,182.0,180.0,174.0,,-24,8342486
10.2642,2019-09-08 18:40:49.907820,178.0,200.0,178.0,214.0,168.0,182.0,174.0,182.0,,-23,8341763
10.2849,2019-09-08 18:40:49.921484,178.0,200.0,178.0,212.0,168.0,182.0,168.0,182.0,,-23,8342898
10.2983,2019-09-08 18:40:49.939958,200.0,178.0,200.0,200.0,168.0,182.0,172.0,182.0,,-24,8343029
10.3172,2019-09-08 18:40:49.956154,200.0,186.0,178.0,200.0,182.0,182.0,172.0,182.0,,-24,8341787
10.3335,2019-09-08 18:40:49.973462,186.0,186.0,178.0,200.0,168.0,182.0,174.0,174.0,,-25,8341669
10.3505,2019-09-08 18:40:49.989393,214.0,186.0,178.0,200.0,182.0,168.0,182.0,168.0,,-27,8342192
10.3664,2019-09-08 18:40:50.016577,214.0,186.0,178.0,200.0,182.0,172.0,168.0,182.0,,-29,8342877
10.3931,2019-09-08 18:40:50.023299,186.0,178.0,178.0,200.0,172.0,182.0,168.0,182.0,,-31,8342088
10.4005,2019-09-08 18:40:50.061018,186.0,200.0,178.0,200.0,182.0,172.0,182.0,182.0,,-36,8341725
10.438,2019-09-08 18:40:50.067813,178.0,200.0,178.0,200.0,172.0,182.0,168.0,182.0,,-39,8342783
10.445,2019-09-08 18:40:50.076075,186.0,178.0,200.0,202.0,172.0,182.0,168.0,172.0,,-41,8342918
10.4533,2019-09-08 18:40:50.091196,186.0,186.0,178.0,186.0,182.0,168.0,182.0,174.0,,-43,8342648
10.4684,2019-09-08 18:40:50.109936,178.0,200.0,212.0,188.0,182.0,182.0,168.0,182.0,,-45,8343088
10.4869,2019-09-08 18:40:50.125950,212.0,186.0,178.0,188.0,182.0,168.0,182.0,174.0,,-49,8344572
10.5029,2019-09-08 18:40:50.144335,224.0,202.0,178.0,200.0,182.0,168.0,168.0,174.0,,-54,8344939
10.5214,2019-09-08 18:40:50.159063,242.0,186.0,178.0,252.0,168.0,182.0,174.0,182.0,,-56,8344600
10.5362,2019-09-08 18:40:50.183006,178.0,202.0,294.0,186.0,182.0,174.0,180.0,174.0,,-60,8346247
10.56,2019-09-08 18:40:50.195088,342.0,202.0,188.0,204.0,182.0,176.0,180.0,168.0,,-61,8346541
10.572,2019-09-08 18:40:50.212626,412.0,186.0,424.0,206.0,182.0,174.0,182.0,168.0,,-64,8347167
10.5895,2019-09-08 18:40:50.235132,474.0,188.0,178.0,488.0,176.0,174.0,182.0,168.0,,-67,8348365
10.6122,2019-09-08 18:40:50.242376,188.0,178.0,206.0,188.0,182.0,174.0,176.0,182.0,,-68,8349811
10.6193,2019-09-08 18:40:50.260741,540.0,188.0,178.0,548.0,174.0,182.0,168.0,182.0,,-68,8354303
10.6382,2019-09-08 18:40:50.275998,564.0,566.0,178.0,178.0,174.0,182.0,168.0,184.0,,-69,8355728
10.6534,2019-09-08 18:40:50.292857,580.0,188.0,582.0,188.0,182.0,168.0,184.0,174.0,,-70,8361583
10.6698,2019-09-08 18:40:50.312448,178.0,208.0,592.0,208.0,174.0,182.0,168.0,188.0,,-70,8366493
10.6895,2019-09-08 18:40:50.330420,602.0,604.0,604.0,188.0,174.0,182.0,168.0,198.0,,-70,8367656
10.708,2019-09-08 18:40:50.349612,618.0,188.0,208.0,624.0,174.0,168.0,168.0,210.0,,-70,8365853
10.7268,2019-09-08 18:40:50.377777,178.0,188.0,652.0,188.0,182.0,168.0,240.0,174.0,,-71,8364348
10.7547,2019-09-08 18:40:50.393349,680.0,178.0,178.0,214.0,174.0,182.0,168.0,174.0,,-71,8366047
10.7704,2019-09-08 18:40:50.428864,188.0,214.0,178.0,708.0,312.0,174.0,182.0,168.0,,-71,8368476
10.8058,2019-09-08 18:40:50.444991,708.0,178.0,178.0,216.0,354.0,168.0,182.0,168.0,,-72,8369005
10.822,2019-09-08 18:40:50.483363,188.0,178.0,218.0,188.0,168.0,430.0,178.0,184.0,,-72,8371355
10.8605,2019-09-08 18:40:50.502235,188.0,188.0,178.0,218.0,178.0,182.0,168.0,492.0,,-73,8372064
10.8791,2019-09-08 18:40:50.522132,684.0,218.0,684.0,190.0,500.0,182.0,168.0,168.0,,-74,8370773
10.8994,2019-09-08 18:40:50.546575,680.0,178.0,190.0,676.0,168.0,562.0,186.0,182.0,,-75,8372507
10.9237,2019-09-08 18:40:50.563817,672.0,224.0,192.0,178.0,576.0,188.0,182.0,168.0,,-75,8372303
10.9409,2019-09-08 18:40:50.582735,670.0,670.0,194.0,178.0,192.0,168.0,182.0,596.0,,-76,8370597
10.9597,2019-09-08 18:40:50.601427,664.0,664.0,196.0,230.0,198.0,200.0,182.0,604.0,,-77,8371407
10.9786,2019-09-08 18:40:50.632656,638.0,206.0,180.0,180.0,182.0,182.0,610.0,610.0,,-77,8371306
11.0097,2019-09-08 18:40:50.651255,610.0,606.0,600.0,256.0,186.0,168.0,592.0,186.0,,-78,8369701
11.0282,2019-09-08 18:40:50.667105,568.0,232.0,234.0,184.0,168.0,170.0,574.0,570.0,,-79,8368576
11.0441,2019-09-08 18:40:50.685612,274.0,252.0,254.0,278.0,232.0,168.0,170.0,238.0,,-79,8368545
11.0625,2019-09-08 18:40:50.701567,476.0,272.0,190.0,458.0,170.0,540.0,240.0,202.0,,-80,8368576
11.0785,2019-09-08 18:40:50.724160,422.0,414.0,298.0,196.0,172.0,172.0,494.0,224.0,,-80,8367777
11.1014,2019-09-08 18:40:50.736031,366.0,316.0,318.0,202.0,174.0,478.0,256.0,258.0,,-81,8367389
11.1133,2019-09-08 18:40:50.751119,322.0,336.0,338.0,326.0,244.0,458.0,452.0,260.0,,-81,8366185
11.1281,2019-09-08 18:40:50.767866,268.0,264.0,358.0,334.0,262.0,260.0,262.0,266.0,,-81,8365742
11.1449,2019-09-08 18:40:50.786010,240.0,372.0,374.0,374.0,430.0,428.0,266.0,282.0,,-81,8364645
11.1631,2019-09-08 18:40:50.801254,232.0,232.0,380.0,222.0,284.0,182.0,270.0,404.0,,-81,8364282
11.1783,2019-09-08 18:40:50.818609,228.0,378.0,226.0,312.0,398.0,272.0,306.0,186.0,,-81,8362157
11.1957,2019-09-08 18:40:50.836004,228.0,222.0,360.0,228.0,384.0,276.0,318.0,188.0,,-81,8357711
11.2132,2019-09-08 18:40:50.849843,228.0,218.0,328.0,228.0,370.0,278.0,328.0,190.0,,-81,8353649
11.2273,2019-09-08 18:40:50.867984,214.0,290.0,286.0,224.0,358.0,356.0,282.0,192.0,,-81,8348977
11.245,2019-09-08 18:40:50.887768,210.0,248.0,216.0,238.0,194.0,328.0,366.0,368.0,,-82,8344403
11.2648,2019-09-08 18:40:50.904033,210.0,224.0,206.0,224.0,196.0,312.0,296.0,382.0,,-82,8343787
11.2813,2019-09-08 18:40:50.927471,208.0,206.0,216.0,216.0,200.0,292.0,286.0,304.0,,-82,8342828
11.3043,2019-09-08 18:40:50.939239,198.0,196.0,210.0,210.0,276.0,308.0,412.0,208.0,,-82,8343344
11.3162,2019-09-08 18:40:50.957313,180.0,204.0,178.0,210.0,210.0,250.0,428.0,212.0,,-82,8344077
11.3346,2019-09-08 18:40:50.972686,210.0,186.0,178.0,202.0,214.0,322.0,442.0,218.0,,-82,8345102
11.3501,2019-09-08 18:40:50.994101,210.0,188.0,178.0,202.0,218.0,328.0,458.0,224.0,,-82,8343379
11.371,2019-09-08 18:40:51.016750,202.0,186.0,178.0,202.0,480.0,236.0,236.0,196.0,,-82,8343147
11.3941,2019-09-08 18:40:51.039810,200.0,186.0,178.0,202.0,488.0,244.0,194.0,192.0,,-81,8343835
11.4168,2019-09-08 18:40:51.046699,178.0,202.0,178.0,202.0,334.0,496.0,192.0,332.0,,-81,8343669
11.4244,2019-09-08 18:40:51.059105,186.0,200.0,210.0,186.0,332.0,496.0,188.0,328.0,,-81,8343292
11.4371,2019-09-08 18:40:51.077583,200.0,210.0,210.0,200.0,496.0,260.0,186.0,186.0,,-80,8344022
11.4547,2019-09-08 18:40:51.100930,210.0,210.0,178.0,200.0,486.0,270.0,310.0,474.0,,-79,8347368
11.4785,2019-09-08 18:40:51.113625,200.0,210.0,210.0,178.0,468.0,274.0,180.0,298.0,,-78,8348642
11.4906,2019-09-08 18:40:51.136932,210.0,186.0,178.0,200.0,276.0,278.0,286.0,410.0,,-76,8350700
11.5141,2019-09-08 18:40:51.147544,210.0,176.0,178.0,188.0,282.0,178.0,178.0,372.0,,-75,8354209
11.5248,2019-09-08 18:40:51.160831,178.0,186.0,178.0,200.0,178.0,256.0,334.0,320.0,,-73,8357209
11.5374,2019-09-08 18:40:51.184087,210.0,186.0,176.0,200.0,282.0,178.0,234.0,272.0,,-70,8363150
11.5613,2019-09-08 18:40:51.200800,210.0,186.0,178.0,210.0,276.0,178.0,240.0,262.0,,-69,8366289
11.5779,2019-09-08 18:40:51.213654,210.0,186.0,178.0,210.0,208.0,220.0,214.0,178.0,,-63,8368493
11.5902,2019-09-08 18:40:51.228126,210.0,186.0,178.0,200.0,178.0,202.0,200.0,216.0,,-60,8370756
11.6058,2019-09-08 18:40:51.244666,186.0,210.0,178.0,200.0,178.0,188.0,192.0,200.0,,-52,8374088
11.6219,2019-09-08 18:40:51.260880,200.0,188.0,188.0,200.0,180.0,180.0,178.0,180.0,,-48,8374950
11.6377,2019-09-08 18:40:51.277813,178.0,188.0,178.0,200.0,178.0,184.0,172.0,180.0,,-44,8373891
11.6547,2019-09-08 18:40:51.296812,210.0,188.0,178.0,210.0,180.0,176.0,182.0,180.0,,-38,8372680
11.6737,2019-09-08 18:40:51.311233,208.0,186.0,178.0,210.0,182.0,170.0,180.0,180.0,,-36,8369666
11.688,2019-09-08 18:40:51.330039,208.0,178.0,200.0,200.0,182.0,170.0,180.0,176.0,,-33,8364808
11.707,2019-09-08 18:40:51.344837,188.0,188.0,200.0,200.0,168.0,168.0,180.0,174.0,,-32,8356617
11.722,2019-09-08 18:40:51.364905,216.0,200.0,178.0,200.0,182.0,168.0,168.0,180.0,,-31,8345122
11.7418,2019-09-08 18:40:51.381147,200.0,220.0,186.0,222.0,168.0,168.0,180.0,174.0,,-31,8342870
11.758,2019-09-08 18:40:51.400979,226.0,188.0,178.0,202.0,182.0,180.0,180.0,172.0,,-31,8342129
11.7781,2019-09-08 18:40:51.415263,202.0,186.0,266.0,202.0,168.0,172.0,182.0,168.0,,-33,8342212
11.7924,2019-09-08 18:40:51.438896,324.0,190.0,178.0,210.0,180.0,172.0,182.0,168.0,,-34,8341610
11.8159,2019-09-08 18:40:51.449088,192.0,192.0,180.0,194.0,180.0,174.0,182.0,168.0,,-35,8342292
11.8263,2019-09-08 18:40:51.466041,218.0,218.0,180.0,220.0,168.0,172.0,182.0,168.0,,-37,8342313
11.8431,2019-09-08 18:40:51.482018,180.0,226.0,180.0,200.0,174.0,180.0,168.0,180.0,,-40,8340382
11.8588,2019-09-08 18:40:51.497036,562.0,228.0,180.0,228.0,174.0,182.0,168.0,180.0,,-42,8341700
11.8739,2019-09-08 18:40:51.514494,230.0,230.0,180.0,230.0,174.0,180.0,182.0,168.0,,-46,8341936
11.8914,2019-09-08 18:40:51.530904,234.0,206.0,180.0,236.0,182.0,174.0,168.0,180.0,,-48,8342389
11.9078,2019-09-08 18:40:51.549153,182.0,244.0,182.0,244.0,174.0,182.0,168.0,168.0,,-51,8343953
11.926,2019-09-08 18:40:51.568394,182.0,214.0,182.0,252.0,174.0,182.0,168.0,176.0,,-53,8344302
11.9453,2019-09-08 18:40:51.599291,216.0,182.0,264.0,184.0,182.0,168.0,168.0,180.0,,-59,8346832
11.9766,2019-09-08 18:40:51.630933,182.0,272.0,226.0,184.0,182.0,182.0,168.0,176.0,,-63,8348721
12.0078,2019-09-08 18:40:51.649765,240.0,188.0,286.0,188.0,176.0,168.0,168.0,174.0,,-65,8357178
12.027,2019-09-08 18:40:51.692274,294.0,262.0,194.0,196.0,168.0,182.0,176.0,182.0,,-67,8378836
12.0692,2019-09-08 18:40:51.711890,312.0,290.0,344.0,292.0,168.0,184.0,174.0,176.0,,-68,8380794
12.0888,2019-09-08 18:40:51.740860,206.0,324.0,208.0,328.0,190.0,174.0,184.0,168.0,,-68,8394964
12.1181,2019-09-08 18:40:51.755876,218.0,340.0,224.0,344.0,196.0,174.0,184.0,168.0,,-67,8395414
12.133,2019-09-08 18:40:51.770808,242.0,370.0,234.0,350.0,168.0,204.0,174.0,182.0,,-67,8390109
12.1481,2019-09-08 18:40:51.782203,384.0,386.0,244.0,358.0,174.0,182.0,168.0,224.0,,-66,8389874
12.1591,2019-09-08 18:40:51.799769,398.0,254.0,358.0,360.0,174.0,182.0,168.0,234.0,,-66,8397089
12.1766,2019-09-08 18:40:51.861767,222.0,412.0,412.0,280.0,182.0,182.0,182.0,168.0,,-66,8393026
12.2387,2019-09-08 18:40:51.906847,218.0,218.0,404.0,218.0,186.0,188.0,168.0,168.0,,-67,8384486
12.2839,2019-09-08 18:40:51.929883,216.0,216.0,390.0,292.0,184.0,186.0,168.0,194.0,,-69,8380092
12.307,2019-09-08 18:40:52.003139,338.0,294.0,294.0,292.0,234.0,238.0,240.0,244.0,,-72,8344091
12.3804,2019-09-08 18:40:52.025133,208.0,204.0,214.0,202.0,248.0,174.0,464.0,244.0,,-74,8343244
12.4022,2019-09-08 18:40:52.032563,218.0,196.0,190.0,214.0,180.0,422.0,418.0,256.0,,-74,8343901
12.4095,2019-09-08 18:40:52.053106,180.0,190.0,180.0,206.0,404.0,258.0,390.0,262.0,,-74,8345430
12.4301,2019-09-08 18:40:52.073442,208.0,178.0,204.0,204.0,376.0,264.0,334.0,340.0,,-75,8346469
12.4508,2019-09-08 18:40:52.080752,208.0,188.0,178.0,204.0,346.0,270.0,354.0,360.0,,-75,8346275
12.4577,2019-09-08 18:40:52.087557,178.0,186.0,178.0,204.0,192.0,310.0,374.0,198.0,,-75,8345666
12.4645,2019-09-08 18:40:52.102628,208.0,188.0,178.0,208.0,198.0,396.0,202.0,266.0,,-75,8343963
12.4795,2019-09-08 18:40:52.119266,208.0,186.0,178.0,202.0,300.0,422.0,208.0,242.0,,-76,8342787
12.4968,2019-09-08 18:40:52.135111,186.0,178.0,200.0,202.0,236.0,310.0,214.0,222.0,,-76,8339320
12.5119,2019-09-08 18:40:52.150284,178.0,202.0,178.0,210.0,216.0,318.0,222.0,206.0,,-76,8342759
12.5274,2019-09-08 18:40:52.167999,178.0,186.0,178.0,202.0,320.0,480.0,230.0,198.0,,-76,8343264
12.5448,2019-09-08 18:40:52.185670,210.0,202.0,178.0,202.0,320.0,490.0,236.0,238.0,,-76,8343420
12.5625,2019-09-08 18:40:52.205136,210.0,188.0,178.0,210.0,316.0,242.0,244.0,190.0,,-76,8343804
12.5822,2019-09-08 18:40:52.221127,210.0,186.0,178.0,202.0,492.0,250.0,252.0,188.0,,-74,8344842
12.5981,2019-09-08 18:40:52.237347,210.0,186.0,178.0,186.0,294.0,258.0,186.0,184.0,,-73,8345444
12.6142,2019-09-08 18:40:52.260408,210.0,186.0,210.0,186.0,408.0,180.0,180.0,246.0,,-70,8344808
12.6376,2019-09-08 18:40:52.270369,210.0,188.0,210.0,210.0,268.0,180.0,228.0,316.0,,-69,8344804
12.6478,2019-09-08 18:40:52.287582,210.0,186.0,178.0,186.0,266.0,262.0,208.0,204.0,,-64,8344669
12.6645,2019-09-08 18:40:52.303690,210.0,186.0,210.0,186.0,246.0,178.0,194.0,218.0,,-60,8344711
12.6809,2019-09-08 18:40:52.329125,178.0,202.0,178.0,202.0,216.0,208.0,178.0,186.0,,-48,8344053
12.707,2019-09-08 18:40:52.340211,210.0,200.0,178.0,200.0,194.0,184.0,182.0,188.0,,-44,8344624
12.7173,2019-09-08 18:40:52.360607,210.0,186.0,178.0,200.0,172.0,172.0,180.0,178.0,,-41,8344690
12.7374,2019-09-08 18:40:52.377623,202.0,178.0,178.0,210.0,168.0,168.0,182.0,176.0,,-37,8343060
12.7547,2019-09-08 18:40:52.395071,210.0,178.0,178.0,200.0,182.0,168.0,180.0,174.0,,-34,8341680
12.7721,2019-09-08 18:40:52.410969,210.0,178.0,178.0,200.0,168.0,182.0,174.0,180.0,,-34,8342406
12.7882,2019-09-08 18:40:52.429712,208.0,202.0,178.0,200.0,168.0,182.0,174.0,180.0,,-34,8342043
12.8071,2019-09-08 18:40:52.446721,178.0,200.0,178.0,200.0,182.0,174.0,182.0,168.0,,-34,8342257
12.8239,2019-09-08 18:40:52.469924,208.0,186.0,178.0,200.0,168.0,182.0,174.0,182.0,,-35,8341821
12.8475,2019-09-08 18:40:52.478181,208.0,200.0,178.0,202.0,168.0,182.0,174.0,182.0,,-36,8341915
12.855,2019-09-08 18:40:52.495880,200.0,188.0,188.0,178.0,168.0,182.0,182.0,168.0,,-37,8341946
12.8728,2019-09-08 18:40:52.512297,202.0,208.0,178.0,178.0,182.0,174.0,182.0,168.0,,-38,8342036
12.8892,2019-09-08 18:40:52.529728,208.0,188.0,208.0,186.0,182.0,176.0,182.0,168.0,,-41,8341136
12.9071,2019-09-08 18:40:52.546306,208.0,186.0,188.0,178.0,176.0,182.0,168.0,168.0,,-43,8341185
12.9237,2019-09-08 18:40:52.568015,208.0,188.0,188.0,178.0,182.0,176.0,182.0,176.0,,-45,8341268
12.9449,2019-09-08 18:40:52.580499,210.0,186.0,178.0,178.0,176.0,182.0,168.0,182.0,,-48,8340444
12.9574,2019-09-08 18:40:52.603645,204.0,186.0,186.0,202.0,180.0,182.0,168.0,176.0,,-50,8341192
12.9807,2019-09-08 18:40:52.614290,222.0,186.0,178.0,202.0,182.0,180.0,180.0,180.0,,-51,8340600
12.9915,2019-09-08 18:40:52.631999,232.0,188.0,178.0,178.0,182.0,168.0,180.0,178.0,,-55,8340991
13.0089,2019-09-08 18:40:52.649072,250.0,254.0,186.0,176.0,182.0,168.0,180.0,178.0,,-57,8342686
13.0261,2019-09-08 18:40:52.672386,300.0,186.0,178.0,322.0,182.0,168.0,180.0,182.0,,-61,8344718
13.0491,2019-09-08 18:40:52.686467,186.0,416.0,178.0,206.0,186.0,168.0,184.0,168.0,,-64,8345593
13.0633,2019-09-08 18:40:52.702289,508.0,188.0,178.0,214.0,182.0,178.0,182.0,168.0,,-65,8345033
13.0792,2019-09-08 18:40:52.717514,560.0,190.0,180.0,572.0,198.0,176.0,202.0,168.0,,-66,8344462
13.0946,2019-09-08 18:40:52.735395,178.0,220.0,178.0,222.0,184.0,168.0,212.0,176.0,,-66,8344420
13.1119,2019-09-08 18:40:52.753516,180.0,224.0,180.0,644.0,218.0,226.0,178.0,182.0,,-67,8344309
13.1306,2019-09-08 18:40:52.772775,180.0,200.0,180.0,226.0,168.0,178.0,182.0,182.0,,-67,8342655
13.1496,2019-09-08 18:40:52.799543,180.0,202.0,180.0,662.0,168.0,362.0,208.0,196.0,,-68,8342496
13.177,2019-09-08 18:40:52.827672,658.0,206.0,208.0,180.0,172.0,226.0,174.0,236.0,,-69,8342700
13.2045,2019-09-08 18:40:52.849953,620.0,618.0,182.0,210.0,174.0,242.0,252.0,178.0,,-70,8343430
13.2271,2019-09-08 18:40:52.876269,182.0,244.0,182.0,244.0,282.0,180.0,420.0,182.0,,-71,8342922
13.2535,2019-09-08 18:40:52.901196,184.0,252.0,184.0,230.0,256.0,320.0,186.0,328.0,,-72,8342773
13.2781,2019-09-08 18:40:52.929553,246.0,188.0,278.0,280.0,188.0,348.0,252.0,354.0,,-73,8342122
13.307,2019-09-08 18:40:52.955815,266.0,194.0,294.0,374.0,358.0,350.0,346.0,252.0,,-75,8342583
13.3329,2019-09-08 18:40:52.984373,296.0,206.0,318.0,320.0,250.0,194.0,314.0,250.0,,-77,8343417
13.3614,2019-09-08 18:40:53.007390,214.0,286.0,332.0,216.0,252.0,198.0,198.0,282.0,,-78,8343749
13.3846,2019-09-08 18:40:53.025582,222.0,258.0,348.0,254.0,254.0,200.0,430.0,258.0,,-78,8343264
13.4025,2019-09-08 18:40:53.043421,244.0,360.0,242.0,234.0,260.0,448.0,206.0,208.0,,-78,8342683
13.4203,2019-09-08 18:40:53.056664,236.0,374.0,240.0,356.0,246.0,468.0,474.0,482.0,,-79,8343659
13.4339,2019-09-08 18:40:53.127920,230.0,384.0,248.0,360.0,232.0,270.0,498.0,222.0,,-78,8343102
13.5051,2019-09-08 18:40:53.134852,266.0,222.0,402.0,222.0,554.0,264.0,264.0,552.0,,-78,8343071
13.5117,2019-09-08 18:40:53.148250,270.0,220.0,272.0,272.0,550.0,550.0,260.0,186.0,,-77,8342981
13.5251,2019-09-08 18:40:53.161509,354.0,400.0,276.0,220.0,256.0,186.0,252.0,184.0,,-77,8342949
13.5387,2019-09-08 18:40:53.191256,218.0,218.0,218.0,396.0,250.0,518.0,290.0,182.0,,-74,8343029
13.5682,2019-09-08 18:40:53.202042,218.0,216.0,216.0,284.0,182.0,484.0,296.0,296.0,,-73,8343029
13.5791,2019-09-08 18:40:53.213850,214.0,214.0,366.0,314.0,180.0,436.0,300.0,178.0,,-72,8343347
13.591,2019-09-08 18:40:53.226595,298.0,336.0,212.0,326.0,400.0,300.0,180.0,226.0,,-71,8343237
13.6039,2019-09-08 18:40:53.243067,212.0,294.0,212.0,286.0,178.0,296.0,180.0,216.0,,-70,8343140
13.6202,2019-09-08 18:40:53.259924,210.0,252.0,210.0,246.0,300.0,290.0,180.0,262.0,,-66,8343240
13.6369,2019-09-08 18:40:53.277253,208.0,224.0,234.0,230.0,274.0,178.0,198.0,226.0,,-63,8342953
13.6545,2019-09-08 18:40:53.294907,208.0,212.0,208.0,220.0,248.0,180.0,192.0,206.0,,-56,8343185
13.6718,2019-09-08 18:40:53.312126,208.0,194.0,196.0,212.0,188.0,200.0,208.0,196.0,,-47,8344666
13.689,2019-09-08 18:40:53.328803,210.0,208.0,180.0,180.0,182.0,178.0,186.0,172.0,,-42,8344904
13.7059,2019-09-08 18:40:53.345214,210.0,210.0,186.0,204.0,182.0,170.0,182.0,168.0,,-34,8345147
13.7228,2019-09-08 18:40:53.362052,210.0,188.0,178.0,188.0,182.0,182.0,176.0,182.0,,-31,8345050
13.7394,2019-09-08 18:40:53.384690,178.0,202.0,178.0,204.0,182.0,174.0,182.0,182.0,,-27,8345590
13.7622,2019-09-08 18:40:53.419125,210.0,186.0,178.0,202.0,182.0,174.0,182.0,168.0,,-25,8348060
13.7964,2019-09-08 18:40:53.426315,178.0,188.0,178.0,202.0,182.0,174.0,168.0,174.0,,-25,8348060
13.8039,2019-09-08 18:40:53.437685,186.0,178.0,200.0,202.0,182.0,174.0,168.0,168.0,,-25,8349050
13.8145,2019-09-08 18:40:53.452911,178.0,202.0,178.0,200.0,174.0,182.0,168.0,168.0,,-26,8350877
13.83,2019-09-08 18:40:53.466860,210.0,202.0,178.0,200.0,174.0,182.0,168.0,168.0,,-26,8352382
13.8438,2019-09-08 18:40:53.487625,178.0,200.0,178.0,200.0,174.0,182.0,182.0,182.0,,-28,8354624
13.8647,2019-09-08 18:40:53.499670,210.0,186.0,178.0,202.0,182.0,182.0,174.0,174.0,,-29,8354379
13.8769,2019-09-08 18:40:53.515883,210.0,186.0,178.0,212.0,180.0,182.0,182.0,174.0,,-31,8353278
13.8932,2019-09-08 18:40:53.532752,210.0,186.0,178.0,212.0,180.0,168.0,182.0,174.0,,-32,8348517
13.9096,2019-09-08 18:40:53.549718,210.0,200.0,178.0,200.0,182.0,168.0,168.0,182.0,,-34,8345039
13.927,2019-09-08 18:40:53.566191,178.0,200.0,178.0,200.0,174.0,168.0,182.0,174.0,,-35,8343531
13.9432,2019-09-08 18:40:53.582251,210.0,186.0,210.0,200.0,174.0,182.0,182.0,182.0,,-37,8341832
13.9594,2019-09-08 18:40:53.599248,186.0,178.0,210.0,200.0,168.0,174.0,174.0,182.0,,-39,8342250
13.9762,2019-09-08 18:40:53.616733,186.0,178.0,178.0,186.0,168.0,182.0,182.0,174.0,,-41,8341960
13.9939,2019-09-08 18:40:53.633282,210.0,186.0,178.0,200.0,168.0,168.0,176.0,174.0,,-44,8343988
14.0106,2019-09-08 18:40:53.652083,210.0,186.0,178.0,200.0,168.0,168.0,182.0,182.0,,-44,8343475
14.029,2019-09-08 18:40:53.665325,210.0,202.0,178.0,200.0,176.0,182.0,170.0,182.0,,-46,8343147
14.0422,2019-09-08 18:40:53.684246,210.0,210.0,178.0,200.0,182.0,176.0,182.0,168.0,,-47,8344060
14.0616,2019-09-08 18:40:53.699239,210.0,186.0,188.0,202.0,182.0,174.0,182.0,168.0,,-48,8343593
14.0762,2019-09-08 18:40:53.729090,202.0,202.0,178.0,210.0,168.0,182.0,174.0,174.0,,-53,8343863
14.1066,2019-09-08 18:40:53.736556,210.0,186.0,178.0,210.0,182.0,182.0,174.0,174.0,,-54,8343372
14.1141,2019-09-08 18:40:53.751912,210.0,188.0,180.0,202.0,174.0,182.0,168.0,182.0,,-56,8344060
14.1291,2019-09-08 18:40:53.765069,178.0,204.0,178.0,204.0,174.0,180.0,168.0,184.0,,-57,8344109
14.142,2019-09-08 18:40:53.783733,188.0,202.0,178.0,178.0,170.0,180.0,174.0,192.0,,-59,8344347
14.1613,2019-09-08 18:40:53.802808,210.0,188.0,178.0,210.0,176.0,182.0,168.0,200.0,,-60,8344572
14.1799,2019-09-08 18:40:53.825800,224.0,200.0,242.0,186.0,176.0,182.0,168.0,200.0,,-61,8343624
14.203,2019-09-08 18:40:53.842249,186.0,176.0,186.0,388.0,180.0,182.0,184.0,168.0,,-61,8343541
14.2191,2019-09-08 18:40:53.860840,178.0,486.0,178.0,514.0,186.0,188.0,168.0,214.0,,-61,8342330
14.2381,2019-09-08 18:40:53.877742,628.0,642.0,188.0,210.0,194.0,168.0,236.0,212.0,,-62,8343109
14.2551,2019-09-08 18:40:53.900112,734.0,740.0,178.0,210.0,224.0,172.0,318.0,248.0,,-64,8341821
14.2775,2019-09-08 18:40:53.912236,776.0,188.0,180.0,220.0,242.0,176.0,176.0,324.0,,-65,8343237
14.2891,2019-09-08 18:40:53.936037,182.0,220.0,180.0,220.0,272.0,266.0,178.0,282.0,,-66,8342770
14.3133,2019-09-08 18:40:53.945647,754.0,190.0,182.0,224.0,288.0,280.0,182.0,286.0,,-66,8342316
14.3226,2019-09-08 18:40:53.963594,190.0,190.0,752.0,190.0,182.0,292.0,182.0,306.0,,-67,8342641
14.3405,2019-09-08 18:40:53.981429,748.0,746.0,182.0,224.0,184.0,302.0,324.0,306.0,,-69,8342077
14.3585,2019-09-08 18:40:53.999914,734.0,190.0,182.0,222.0,308.0,292.0,288.0,340.0,,-70,8341908
14.3777,2019-09-08 18:40:54.030412,182.0,222.0,220.0,220.0,260.0,356.0,316.0,316.0,,-72,8342337
14.4074,2019-09-08 18:40:54.044072,190.0,728.0,730.0,190.0,188.0,236.0,366.0,188.0,,-74,8342237
14.421,2019-09-08 18:40:54.072127,190.0,182.0,218.0,218.0,370.0,220.0,188.0,312.0,,-76,8342254
14.449,2019-09-08 18:40:54.096791,180.0,216.0,188.0,188.0,194.0,196.0,194.0,194.0,,-77,8342302
14.4742,2019-09-08 18:40:54.121298,180.0,180.0,214.0,214.0,196.0,198.0,192.0,400.0,,-78,8342825
14.4987,2019-09-08 18:40:54.150805,180.0,188.0,758.0,214.0,408.0,408.0,208.0,208.0,,-79,8342271
14.5277,2019-09-08 18:40:54.182312,188.0,180.0,214.0,214.0,216.0,186.0,414.0,342.0,,-79,8341669
14.5595,2019-09-08 18:40:54.206473,750.0,188.0,178.0,214.0,224.0,186.0,412.0,346.0,,-79,8342244
14.5835,2019-09-08 18:40:54.227062,180.0,756.0,756.0,190.0,406.0,350.0,352.0,244.0,,-79,8341520
14.604,2019-09-08 18:40:54.243931,760.0,762.0,192.0,180.0,184.0,398.0,184.0,396.0,,-78,8342147
14.6212,2019-09-08 18:40:54.258973,764.0,194.0,180.0,220.0,352.0,252.0,182.0,256.0,,-78,8341797
14.6359,2019-09-08 18:40:54.276576,762.0,760.0,180.0,222.0,182.0,380.0,182.0,346.0,,-77,8341894
14.654,2019-09-08 18:40:54.294450,756.0,194.0,180.0,222.0,268.0,180.0,330.0,326.0,,-76,8342552
14.6714,2019-09-08 18:40:54.312822,748.0,196.0,180.0,224.0,272.0,180.0,330.0,178.0,,-75,8342728
14.6897,2019-09-08 18:40:54.332332,730.0,198.0,180.0,180.0,272.0,180.0,308.0,180.0,,-72,8342842
14.7092,2019-09-08 18:40:54.348911,180.0,198.0,226.0,226.0,296.0,274.0,268.0,178.0,,-71,8342071
14.7262,2019-09-08 18:40:54.374223,200.0,198.0,598.0,200.0,180.0,252.0,264.0,178.0,,-69,8342884
14.7508,2019-09-08 18:40:54.408609,180.0,202.0,482.0,474.0,224.0,206.0,230.0,178.0,,-67,8342102
14.7854,2019-09-08 18:40:54.415190,224.0,374.0,180.0,224.0,180.0,212.0,200.0,216.0,,-66,8343500
14.7917,2019-09-08 18:40:54.460294,282.0,222.0,178.0,220.0,178.0,204.0,178.0,200.0,,-63,8343482
14.837,2019-09-08 18:40:54.472091,232.0,202.0,208.0,232.0,194.0,190.0,192.0,190.0,,-60,8343718
14.8486,2019-09-08 18:40:54.481313,204.0,180.0,204.0,196.0,188.0,188.0,188.0,188.0,,-59,8343721
14.8579,2019-09-08 18:40:54.492600,180.0,202.0,226.0,202.0,180.0,186.0,184.0,186.0,,-57,8343188
14.8691,2019-09-08 18:40:54.512023,188.0,188.0,178.0,200.0,174.0,174.0,180.0,184.0,,-55,8342960
14.8885,2019-09-08 18:40:54.524218,186.0,176.0,200.0,200.0,172.0,180.0,180.0,180.0,,-51,8343129
14.9008,2019-09-08 18:40:54.541243,186.0,186.0,176.0,198.0,182.0,180.0,182.0,182.0,,-49,8343143
14.9178,2019-09-08 18:40:54.557290,200.0,178.0,200.0,200.0,182.0,168.0,182.0,168.0,,-48,8343001
14.9338,2019-09-08 18:40:54.575832,200.0,178.0,178.0,222.0,168.0,178.0,182.0,168.0,,-45,8343289
14.9524,2019-09-08 18:40:54.599154,186.0,186.0,178.0,220.0,180.0,182.0,176.0,182.0,,-43,8342617
14.9757,2019-09-08 18:40:54.625251,220.0,220.0,186.0,178.0,170.0,182.0,168.0,182.0,,-41,8342697
15.0018,2019-09-08 18:40:54.642473,220.0,220.0,220.0,220.0,174.0,182.0,168.0,180.0,,-41,8344489
15.0191,2019-09-08 18:40:54.654111,220.0,186.0,220.0,200.0,180.0,174.0,182.0,168.0,,-41,8344783
15.0306,2019-09-08 18:40:54.669484,220.0,186.0,178.0,200.0,174.0,182.0,168.0,182.0,,-40,8347282
15.046,2019-09-08 18:40:54.686389,178.0,200.0,178.0,200.0,180.0,168.0,182.0,174.0,,-40,8349759
15.0629,2019-09-08 18:40:54.699253,218.0,176.0,200.0,218.0,182.0,168.0,182.0,174.0,,-40,8348922
15.0758,2019-09-08 18:40:54.716751,186.0,178.0,200.0,186.0,182.0,168.0,182.0,174.0,,-39,8347420
15.0933,2019-09-08 18:40:54.734353,218.0,178.0,218.0,186.0,182.0,174.0,182.0,174.0,,-39,8346929
15.1109,2019-09-08 18:40:54.754535,218.0,200.0,218.0,178.0,174.0,182.0,168.0,182.0,,-39,8347309
15.1311,2019-09-08 18:40:54.772837,216.0,186.0,186.0,178.0,174.0,180.0,174.0,182.0,,-39,8346939
15.1493,2019-09-08 18:40:54.790040,216.0,186.0,178.0,200.0,168.0,182.0,174.0,182.0,,-40,8347185
15.1667,2019-09-08 18:40:54.805630,216.0,186.0,178.0,200.0,170.0,182.0,174.0,182.0,,-40,8347008
15.1822,2019-09-08 18:40:54.829894,214.0,186.0,214.0,200.0,182.0,182.0,174.0,182.0,,-41,8348078
15.2064,2019-09-08 18:40:54.842323,186.0,178.0,178.0,200.0,182.0,168.0,182.0,174.0,,-42,8347240
15.2189,2019-09-08 18:40:54.861412,214.0,186.0,178.0,200.0,182.0,182.0,174.0,182.0,,-43,8347648
15.238,2019-09-08 18:40:54.880954,214.0,186.0,178.0,200.0,182.0,174.0,182.0,168.0,,-46,8346704
15.2575,2019-09-08 18:40:54.895963,186.0,176.0,200.0,186.0,182.0,182.0,168.0,182.0,,-47,8346424
15.2725,2019-09-08 18:40:54.929391,212.0,200.0,178.0,186.0,174.0,174.0,168.0,182.0,,-51,8346154
15.3059,2019-09-08 18:40:54.938435,178.0,186.0,178.0,200.0,174.0,182.0,180.0,182.0,,-53,8345178
15.315,2019-09-08 18:40:54.948578,212.0,178.0,200.0,200.0,174.0,174.0,168.0,168.0,,-54,8344728
15.3252,2019-09-08 18:40:54.966217,178.0,186.0,178.0,200.0,182.0,176.0,182.0,168.0,,-55,8344946
15.3428,2019-09-08 18:40:54.983520,212.0,186.0,178.0,202.0,180.0,174.0,182.0,180.0,,-57,8344752
15.3601,2019-09-08 18:40:55.001528,178.0,186.0,212.0,212.0,180.0,176.0,168.0,180.0,,-60,8344558
15.3781,2019-09-08 18:40:55.015988,202.0,218.0,178.0,200.0,182.0,182.0,180.0,176.0,,-62,8344306
15.3925,2019-09-08 18:40:55.048400,202.0,186.0,178.0,178.0,182.0,182.0,168.0,180.0,,-65,8342967
15.4253,2019-09-08 18:40:55.055161,266.0,186.0,178.0,202.0,176.0,182.0,168.0,176.0,,-66,8344150
15.4317,2019-09-08 18:40:55.065211,316.0,186.0,178.0,200.0,168.0,182.0,176.0,182.0,,-67,8343285
15.4417,2019-09-08 18:40:55.079950,202.0,186.0,178.0,202.0,180.0,168.0,182.0,176.0,,-68,8343427
15.4566,2019-09-08 18:40:55.098489,202.0,186.0,178.0,186.0,182.0,168.0,182.0,176.0,,-69,8344129
15.475,2019-09-08 18:40:55.125924,178.0,500.0,178.0,204.0,168.0,176.0,182.0,168.0,,-70,8343932
15.5025,2019-09-08 18:40:55.135958,578.0,582.0,178.0,204.0,184.0,176.0,182.0,168.0,,-70,8343143
15.5125,2019-09-08 18:40:55.150953,650.0,188.0,180.0,212.0,168.0,176.0,176.0,182.0,,-70,8342794
15.5276,2019-09-08 18:40:55.168408,686.0,190.0,180.0,216.0,168.0,186.0,176.0,182.0,,-69,8343849
15.5449,2019-09-08 18:40:55.187498,702.0,702.0,190.0,180.0,188.0,174.0,182.0,168.0,,-69,8344406
15.5643,2019-09-08 18:40:55.199564,710.0,712.0,712.0,180.0,190.0,182.0,182.0,192.0,,-68,8343814
15.5761,2019-09-08 18:40:55.216785,716.0,716.0,180.0,222.0,192.0,174.0,182.0,168.0,,-68,8343233
15.5933,2019-09-08 18:40:55.234719,714.0,194.0,180.0,222.0,174.0,182.0,168.0,168.0,,-67,8343455
15.6113,2019-09-08 18:40:55.270015,180.0,222.0,196.0,222.0,174.0,182.0,196.0,196.0,,-66,8343295
15.6467,2019-09-08 18:40:55.303828,664.0,196.0,180.0,650.0,182.0,168.0,200.0,174.0,,-65,8343368
15.6804,2019-09-08 18:40:55.325949,226.0,636.0,634.0,204.0,182.0,168.0,174.0,180.0,,-64,8342451
15.7025,2019-09-08 18:40:55.361071,616.0,214.0,596.0,576.0,168.0,168.0,234.0,182.0,,-64,8342870
15.7376,2019-09-08 18:40:55.376408,552.0,244.0,188.0,544.0,168.0,256.0,182.0,186.0,,-64,8342911
15.753,2019-09-08 18:40:55.399871,262.0,262.0,194.0,194.0,168.0,340.0,194.0,200.0,,-64,8344053
15.7764,2019-09-08 18:40:55.433546,200.0,274.0,200.0,202.0,400.0,410.0,222.0,172.0,,-66,8343344
15.8101,2019-09-08 18:40:55.444989,414.0,284.0,308.0,208.0,172.0,430.0,220.0,234.0,,-66,8343963
15.8216,2019-09-08 18:40:55.460404,374.0,326.0,214.0,290.0,172.0,448.0,230.0,242.0,,-66,8343583
15.8371,2019-09-08 18:40:55.479332,340.0,344.0,222.0,296.0,458.0,236.0,248.0,250.0,,-67,8343396
15.8559,2019-09-08 18:40:55.496127,306.0,362.0,228.0,304.0,244.0,244.0,254.0,174.0,,-68,8344067
15.8727,2019-09-08 18:40:55.511226,236.0,308.0,236.0,310.0,470.0,258.0,260.0,174.0,,-68,8343417
15.8878,2019-09-08 18:40:55.606373,230.0,430.0,266.0,314.0,174.0,174.0,270.0,266.0,,-74,8344929
15.9829,2019-09-08 18:40:55.618726,226.0,416.0,268.0,308.0,174.0,172.0,368.0,270.0,,-75,8343385
15.9953,2019-09-08 18:40:55.639978,222.0,386.0,266.0,298.0,274.0,174.0,290.0,280.0,,-75,8344147
16.017,2019-09-08 18:40:55.653442,218.0,216.0,342.0,262.0,174.0,332.0,326.0,306.0,,-76,8344358
16.0303,2019-09-08 18:40:55.665747,256.0,214.0,254.0,260.0,174.0,310.0,318.0,304.0,,-76,8344904
16.0429,2019-09-08 18:40:55.679795,246.0,252.0,242.0,238.0,176.0,332.0,318.0,178.0,,-77,8345645
16.0568,2019-09-08 18:40:55.701411,210.0,222.0,224.0,224.0,246.0,238.0,380.0,184.0,,-77,8349081
16.0783,2019-09-08 18:40:55.713143,208.0,204.0,202.0,214.0,390.0,374.0,186.0,206.0,,-77,8350012
16.0901,2019-09-08 18:40:55.735520,208.0,196.0,188.0,208.0,408.0,414.0,404.0,194.0,,-78,8354597
16.1124,2019-09-08 18:40:55.751983,210.0,190.0,204.0,190.0,194.0,426.0,422.0,204.0,,-78,8362586
16.1288,2019-09-08 18:40:55.767698,208.0,204.0,178.0,202.0,188.0,436.0,434.0,212.0,,-78,8369040
16.1445,2019-09-08 18:40:55.784528,188.0,208.0,178.0,202.0,436.0,440.0,440.0,220.0,,-77,8372780
16.1614,2019-09-08 18:40:55.802564,210.0,202.0,188.0,178.0,182.0,428.0,438.0,422.0,,-75,8377247
16.1794,2019-09-08 18:40:55.816381,208.0,202.0,178.0,202.0,418.0,238.0,180.0,180.0,,-74,8382344
16.1933,2019-09-08 18:40:55.843918,202.0,202.0,178.0,200.0,376.0,392.0,180.0,354.0,,-71,8384569
16.2208,2019-09-08 18:40:55.863113,208.0,186.0,178.0,208.0,344.0,356.0,264.0,180.0,,-68,8382005
16.2402,2019-09-08 18:40:55.870042,208.0,186.0,178.0,186.0,308.0,316.0,268.0,178.0,,-66,8380822
16.2473,2019-09-08 18:40:55.885800,200.0,186.0,210.0,186.0,270.0,180.0,258.0,180.0,,-64,8375583
16.2628,2019-09-08 18:40:55.903807,210.0,210.0,186.0,210.0,236.0,180.0,222.0,216.0,,-57,8369974
16.2806,2019-09-08 18:40:55.920426,200.0,186.0,210.0,200.0,180.0,204.0,178.0,200.0,,-52,8360808
16.2971,2019-09-08 18:40:55.945980,210.0,186.0,178.0,200.0,178.0,186.0,188.0,168.0,,-40,8348963
16.3226,2019-09-08 18:40:55.956602,210.0,186.0,178.0,210.0,180.0,182.0,178.0,170.0,,-34,8344977
16.3336,2019-09-08 18:40:55.969146,210.0,186.0,178.0,200.0,178.0,180.0,182.0,168.0,,-29,8343607
16.346,2019-09-08 18:40:55.986367,210.0,178.0,200.0,200.0,178.0,182.0,182.0,168.0,,-22,8342943
16.3632,2019-09-08 18:40:56.006966,186.0,186.0,200.0,210.0,174.0,184.0,182.0,168.0,,-17,8342749
16.3842,2019-09-08 18:40:56.028195,210.0,210.0,186.0,200.0,180.0,182.0,182.0,168.0,,-16,8342091
16.405,2019-09-08 18:40:56.049369,186.0,200.0,178.0,200.0,180.0,174.0,182.0,168.0,,-15,8342233
16.4263,2019-09-08 18:40:56.061848,200.0,186.0,200.0,210.0,174.0,182.0,168.0,168.0,,-15,8342150
16.4387,2019-09-08 18:40:56.076913,210.0,186.0,210.0,186.0,174.0,182.0,168.0,180.0,,-16,8341500
16.4536,2019-09-08 18:40:56.095829,210.0,186.0,178.0,210.0,182.0,182.0,168.0,174.0,,-17,8342254
16.4729,2019-09-08 18:40:56.110100,178.0,200.0,178.0,200.0,174.0,180.0,180.0,180.0,,-20,8341794
16.4871,2019-09-08 18:40:56.129147,178.0,188.0,210.0,200.0,174.0,180.0,168.0,180.0,,-22,8341991
16.506,2019-09-08 18:40:56.143842,210.0,200.0,186.0,210.0,180.0,182.0,170.0,180.0,,-23,8342479
16.5209,2019-09-08 18:40:56.168393,178.0,186.0,210.0,200.0,182.0,168.0,180.0,180.0,,-29,8341641
16.5453,2019-09-08 18:40:56.184484,200.0,210.0,178.0,210.0,176.0,182.0,168.0,180.0,,-32,8342718
16.5616,2019-09-08 18:40:56.195887,208.0,188.0,178.0,186.0,176.0,182.0,168.0,180.0,,-34,8342289
16.5725,2019-09-08 18:40:56.245353,210.0,186.0,200.0,200.0,178.0,168.0,180.0,178.0,,-45,8343565
16.6219,2019-09-08 18:40:56.251734,208.0,208.0,178.0,202.0,168.0,180.0,168.0,180.0,,-48,8342780
16.6283,2019-09-08 18:40:56.264374,210.0,178.0,178.0,202.0,168.0,180.0,168.0,180.0,,-50,8342783
16.641,2019-09-08 18:40:56.281936,200.0,178.0,178.0,202.0,182.0,168.0,180.0,178.0,,-53,8343558
16.6585,2019-09-08 18:40:56.300854,186.0,178.0,202.0,202.0,182.0,176.0,182.0,168.0,,-57,8343261
16.6774,2019-09-08 18:40:56.324136,210.0,186.0,178.0,210.0,168.0,178.0,184.0,170.0,,-59,8343403
16.7007,2019-09-08 18:40:56.339694,210.0,186.0,186.0,210.0,188.0,178.0,184.0,168.0,,-60,8343334
16.7162,2019-09-08 18:40:56.358742,210.0,200.0,210.0,186.0,170.0,192.0,184.0,168.0,,-62,8342638
16.7353,2019-09-08 18:40:56.372222,208.0,188.0,178.0,200.0,194.0,180.0,184.0,168.0,,-63,8343614
16.7488,2019-09-08 18:40:56.391669,202.0,186.0,178.0,202.0,246.0,186.0,190.0,288.0,,-63,8343226
16.7685,2019-09-08 18:40:56.407408,284.0,202.0,176.0,202.0,212.0,198.0,170.0,340.0,,-62,8343780
16.784,2019-09-08 18:40:56.426949,178.0,202.0,178.0,186.0,352.0,234.0,226.0,172.0,,-62,8340811
16.8045,2019-09-08 18:40:56.444811,186.0,178.0,178.0,522.0,240.0,174.0,176.0,256.0,,-62,8341299
16.822,2019-09-08 18:40:56.466768,598.0,178.0,206.0,206.0,270.0,306.0,182.0,358.0,,-61,8340697
16.8434,2019-09-08 18:40:56.482449,646.0,186.0,650.0,188.0,184.0,328.0,186.0,348.0,,-61,8341437
16.8591,2019-09-08 18:40:56.496293,208.0,188.0,178.0,662.0,186.0,342.0,288.0,288.0,,-62,8341430
16.8733,2019-09-08 18:40:56.513668,208.0,188.0,180.0,208.0,360.0,190.0,330.0,292.0,,-62,8341863
16.8902,2019-09-08 18:40:56.531130,694.0,186.0,180.0,210.0,190.0,320.0,318.0,294.0,,-62,8342596
16.9077,2019-09-08 18:40:56.546705,726.0,188.0,180.0,210.0,386.0,306.0,292.0,194.0,,-64,8342088
16.9234,2019-09-08 18:40:56.564485,746.0,188.0,180.0,212.0,294.0,292.0,292.0,402.0,,-64,8341396
16.9411,2019-09-08 18:40:56.581253,180.0,212.0,750.0,750.0,196.0,276.0,292.0,410.0,,-66,8342659
16.9578,2019-09-08 18:40:56.597500,188.0,180.0,214.0,188.0,264.0,292.0,414.0,416.0,,-66,8342929
16.974,2019-09-08 18:40:56.634327,728.0,180.0,178.0,178.0,198.0,294.0,420.0,422.0,,-69,8341787
17.0111,2019-09-08 18:40:56.655758,714.0,188.0,178.0,710.0,298.0,440.0,202.0,444.0,,-69,8341333
17.0323,2019-09-08 18:40:56.681222,706.0,188.0,178.0,218.0,198.0,302.0,462.0,208.0,,-71,8343116
17.0578,2019-09-08 18:40:56.705840,690.0,188.0,180.0,220.0,196.0,304.0,474.0,194.0,,-72,8341538
17.0825,2019-09-08 18:40:56.736068,178.0,670.0,190.0,180.0,310.0,218.0,192.0,190.0,,-72,8342181
17.1126,2019-09-08 18:40:56.765485,652.0,648.0,194.0,180.0,316.0,502.0,226.0,188.0,,-72,8341956
17.1423,2019-09-08 18:40:56.785449,250.0,604.0,598.0,208.0,518.0,244.0,322.0,518.0,,-71,8341821
17.162,2019-09-08 18:40:56.802202,564.0,216.0,182.0,274.0,516.0,254.0,182.0,316.0,,-71,8341309
17.1787,2019-09-08 18:40:56.817044,516.0,228.0,186.0,292.0,260.0,180.0,180.0,306.0,,-70,8342026
17.1936,2019-09-08 18:40:56.834204,460.0,246.0,188.0,312.0,494.0,270.0,180.0,294.0,,-69,8342147
17.2109,2019-09-08 18:40:56.853165,328.0,330.0,380.0,274.0,180.0,288.0,284.0,444.0,,-67,8342029
17.2297,2019-09-08 18:40:56.879866,348.0,294.0,316.0,302.0,180.0,376.0,288.0,356.0,,-63,8341808
17.2564,2019-09-08 18:40:56.892648,276.0,324.0,212.0,212.0,240.0,326.0,312.0,180.0,,-62,8342015
17.2692,2019-09-08 18:40:56.912689,346.0,348.0,222.0,384.0,180.0,270.0,260.0,250.0,,-56,8342351
17.2892,2019-09-08 18:40:56.929091,232.0,366.0,368.0,228.0,236.0,230.0,180.0,200.0,,-53,8342901
17.3056,2019-09-08 18:40:56.944898,240.0,386.0,226.0,382.0,218.0,214.0,196.0,180.0,,-43,8343289
17.3217,2019-09-08 18:40:56.962320,224.0,372.0,246.0,368.0,204.0,180.0,178.0,186.0,,-37,8345143
17.3393,2019-09-08 18:40:56.981372,354.0,250.0,218.0,344.0,170.0,178.0,168.0,190.0,,-28,8345759
17.358,2019-09-08 18:40:56.995999,316.0,248.0,304.0,246.0,188.0,168.0,178.0,178.0,,-24,8346520
17.3726,2019-09-08 18:40:57.013456,212.0,210.0,254.0,240.0,168.0,180.0,182.0,176.0,,-21,8347036
17.39,2019-09-08 18:40:57.036632,210.0,208.0,226.0,222.0,184.0,170.0,180.0,168.0,,-18,8350687
17.4132,2019-09-08 18:40:57.046056,208.0,206.0,208.0,204.0,182.0,174.0,184.0,170.0,,-17,8350531
17.4226,2019-09-08 18:40:57.071446,192.0,222.0,190.0,188.0,168.0,180.0,174.0,184.0,,-17,8357109
17.448,2019-09-08 18:40:57.082953,208.0,208.0,208.0,188.0,168.0,174.0,184.0,168.0,,-18,8359320
17.4602,2019-09-08 18:40:57.097183,208.0,186.0,208.0,208.0,170.0,174.0,174.0,170.0,,-19,8364157
17.4741,2019-09-08 18:40:57.120943,208.0,208.0,186.0,206.0,170.0,174.0,184.0,168.0,,-21,8368545
17.4975,2019-09-08 18:40:57.134643,208.0,186.0,208.0,186.0,168.0,180.0,174.0,182.0,,-22,8370690
17.5113,2019-09-08 18:40:57.147685,210.0,186.0,178.0,204.0,174.0,182.0,170.0,180.0,,-23,8374452
17.5242,2019-09-08 18:40:57.166595,210.0,186.0,178.0,204.0,168.0,182.0,176.0,184.0,,-25,8376362
17.5431,2019-09-08 18:40:57.185483,210.0,186.0,186.0,202.0,176.0,184.0,168.0,182.0,,-27,8375109
17.5621,2019-09-08 18:40:57.200035,210.0,186.0,178.0,202.0,176.0,180.0,170.0,182.0,,-29,8372957
17.5768,2019-09-08 18:40:57.215899,208.0,186.0,178.0,186.0,176.0,176.0,184.0,170.0,,-31,8369708
17.5929,2019-09-08 18:40:57.236028,208.0,186.0,178.0,178.0,182.0,176.0,184.0,170.0,,-34,8361202
17.6126,2019-09-08 18:40:57.252482,186.0,186.0,178.0,178.0,180.0,178.0,184.0,170.0,,-36,8354465
17.629,2019-09-08 18:40:57.275490,186.0,178.0,186.0,178.0,184.0,184.0,180.0,180.0,,-39,8346666
17.652,2019-09-08 18:40:57.289100,186.0,178.0,202.0,200.0,176.0,168.0,168.0,178.0,,-40,8344437
17.6657,2019-09-08 18:40:57.305989,210.0,208.0,186.0,178.0,180.0,182.0,182.0,178.0,,-42,8343853
17.6828,2019-09-08 18:40:57.319834,208.0,186.0,178.0,200.0,180.0,176.0,168.0,170.0,,-43,8343462
17.6964,2019-09-08 18:40:57.338185,208.0,186.0,178.0,200.0,176.0,180.0,176.0,184.0,,-45,8343230
17.715,2019-09-08 18:40:57.354859,178.0,186.0,178.0,200.0,176.0,184.0,176.0,184.0,,-47,8343174
17.7316,2019-09-08 18:40:57.374273,208.0,186.0,178.0,202.0,170.0,182.0,180.0,180.0,,-51,8341783
17.7508,2019-09-08 18:40:57.400425,208.0,186.0,178.0,208.0,178.0,182.0,170.0,178.0,,-54,8342074
17.777,2019-09-08 18:40:57.409819,208.0,208.0,178.0,178.0,186.0,176.0,186.0,170.0,,-56,8342067
17.7864,2019-09-08 18:40:57.423760,208.0,186.0,208.0,208.0,198.0,192.0,194.0,170.0,,-57,8342351
17.8003,2019-09-08 18:40:57.440990,202.0,188.0,206.0,186.0,204.0,168.0,218.0,168.0,,-56,8342704
17.8177,2019-09-08 18:40:57.457975,202.0,188.0,178.0,178.0,222.0,210.0,244.0,218.0,,-55,8343109
17.8347,2019-09-08 18:40:57.484955,178.0,202.0,188.0,178.0,230.0,244.0,324.0,190.0,,-56,8343396
17.8617,2019-09-08 18:40:57.497328,202.0,212.0,184.0,178.0,228.0,258.0,356.0,200.0,,-56,8343617
17.8739,2019-09-08 18:40:57.513891,216.0,186.0,178.0,202.0,268.0,380.0,230.0,230.0,,-57,8343188
17.8904,2019-09-08 18:40:57.528085,240.0,244.0,246.0,186.0,210.0,230.0,214.0,228.0,,-58,8342846
17.9046,2019-09-08 18:40:57.545415,292.0,186.0,178.0,308.0,226.0,220.0,224.0,302.0,,-59,8343074
17.922,2019-09-08 18:40:57.560675,202.0,186.0,178.0,202.0,222.0,304.0,436.0,218.0,,-59,8342676
17.9373,2019-09-08 18:40:57.589434,178.0,204.0,178.0,454.0,210.0,238.0,208.0,238.0,,-61,8343558
17.9663,2019-09-08 18:40:57.597786,532.0,178.0,206.0,206.0,206.0,242.0,306.0,474.0,,-62,8343586
17.9743,2019-09-08 18:40:57.617998,178.0,210.0,180.0,642.0,476.0,246.0,300.0,480.0,,-63,8343597
17.9945,2019-09-08 18:40:57.637700,664.0,670.0,188.0,212.0,248.0,196.0,296.0,484.0,,-64,8341967
18.0143,2019-09-08 18:40:57.655567,214.0,188.0,188.0,180.0,292.0,484.0,254.0,288.0,,-65,8342005
18.0321,2019-09-08 18:40:57.672349,726.0,728.0,190.0,180.0,282.0,486.0,262.0,278.0,,-66,8342026
18.0491,2019-09-08 18:40:57.694788,734.0,190.0,734.0,218.0,190.0,488.0,488.0,270.0,,-66,8341347
18.0714,2019-09-08 18:40:57.706135,726.0,192.0,180.0,218.0,270.0,190.0,270.0,488.0,,-67,8341967
18.0827,2019-09-08 18:40:57.724628,180.0,218.0,180.0,218.0,268.0,488.0,280.0,188.0,,-67,8341489
18.1012,2019-09-08 18:40:57.752842,674.0,194.0,658.0,196.0,186.0,186.0,254.0,488.0,,-68,8342109
18.1296,2019-09-08 18:40:57.799007,198.0,626.0,234.0,208.0,182.0,246.0,244.0,480.0,,-68,8342095
18.1757,2019-09-08 18:40:57.805485,246.0,216.0,182.0,250.0,478.0,182.0,182.0,180.0,,-68,8341458
18.182,2019-09-08 18:40:57.833491,258.0,500.0,486.0,264.0,238.0,470.0,320.0,182.0,,-67,8341205
18.2102,2019-09-08 18:40:57.855389,250.0,190.0,280.0,280.0,228.0,446.0,330.0,180.0,,-66,8342126
18.2319,2019-09-08 18:40:57.890773,268.0,196.0,300.0,200.0,222.0,396.0,332.0,180.0,,-64,8342437
18.2675,2019-09-08 18:40:57.916510,204.0,312.0,308.0,208.0,216.0,314.0,320.0,178.0,,-62,8342223
18.2931,2019-09-08 18:40:57.926190,274.0,272.0,326.0,216.0,280.0,308.0,180.0,206.0,,-60,8341870
18.3035,2019-09-08 18:40:57.946870,248.0,338.0,222.0,224.0,242.0,276.0,180.0,180.0,,-55,8341984
18.3234,2019-09-08 18:40:57.959063,234.0,354.0,232.0,234.0,214.0,178.0,190.0,204.0,,-50,8342361
18.3356,2019-09-08 18:40:57.975598,230.0,368.0,242.0,228.0,214.0,178.0,186.0,196.0,,-40,8342441
18.3521,2019-09-08 18:40:57.994816,226.0,224.0,254.0,396.0,190.0,182.0,180.0,188.0,,-30,8342417
18.3715,2019-09-08 18:40:58.012477,222.0,400.0,222.0,398.0,172.0,182.0,182.0,184.0,,-26,8342555
18.3892,2019-09-08 18:40:58.032619,220.0,378.0,220.0,392.0,182.0,182.0,174.0,174.0,,-21,8344458
18.4092,2019-09-08 18:40:58.049876,386.0,218.0,384.0,218.0,182.0,182.0,172.0,182.0,,-20,8345621
18.4268,2019-09-08 18:40:58.067270,282.0,214.0,284.0,284.0,182.0,172.0,172.0,182.0,,-19,8347991
18.4444,2019-09-08 18:40:58.083201,212.0,300.0,282.0,332.0,182.0,168.0,182.0,172.0,,-19,8349399
18.46,2019-09-08 18:40:58.099656,210.0,256.0,276.0,296.0,168.0,174.0,182.0,168.0,,-20,8351853
18.4763,2019-09-08 18:40:58.115924,272.0,222.0,258.0,208.0,182.0,172.0,172.0,182.0,,-21,8355472
18.4926,2019-09-08 18:40:58.134499,246.0,244.0,228.0,204.0,168.0,182.0,170.0,168.0,,-23,8358399
18.5113,2019-09-08 18:40:58.152598,204.0,224.0,200.0,194.0,170.0,182.0,168.0,182.0,,-25,8360870
18.5292,2019-09-08 18:40:58.169538,206.0,190.0,188.0,180.0,174.0,180.0,180.0,174.0,,-27,8365943
18.5462,2019-09-08 18:40:58.190987,208.0,208.0,186.0,186.0,182.0,182.0,170.0,174.0,,-30,8370483
18.5676,2019-09-08 18:40:58.210034,208.0,186.0,208.0,208.0,174.0,182.0,168.0,182.0,,-33,8371344
18.5872,2019-09-08 18:40:58.221436,208.0,186.0,178.0,204.0,174.0,182.0,170.0,182.0,,-34,8372766
18.5988,2019-09-08 18:40:58.236051,204.0,208.0,186.0,178.0,170.0,182.0,182.0,176.0,,-38,8372396
18.6126,2019-09-08 18:40:58.253042,208.0,186.0,178.0,202.0,182.0,182.0,168.0,182.0,,-40,8371912
18.6298,2019-09-08 18:40:58.272626,208.0,186.0,178.0,208.0,176.0,170.0,182.0,182.0,,-43,8370773
18.6493,2019-09-08 18:40:58.289835,208.0,200.0,178.0,200.0,182.0,170.0,182.0,176.0,,-44,8362624
18.667,2019-09-08 18:40:58.313754,178.0,202.0,178.0,210.0,168.0,182.0,178.0,182.0,,-46,8350745
18.6903,2019-09-08 18:40:58.327369,202.0,208.0,178.0,178.0,168.0,182.0,178.0,176.0,,-49,8347514
18.7041,2019-09-08 18:40:58.344531,208.0,186.0,178.0,200.0,182.0,178.0,182.0,168.0,,-50,8344064
18.7211,2019-09-08 18:40:58.361495,200.0,186.0,178.0,208.0,170.0,178.0,182.0,168.0,,-51,8343039
18.7381,2019-09-08 18:40:58.389136,178.0,200.0,210.0,200.0,182.0,178.0,176.0,168.0,,-54,8343001
18.7659,2019-09-08 18:40:58.404097,200.0,208.0,186.0,178.0,176.0,178.0,168.0,182.0,,-55,8341641
18.7808,2019-09-08 18:40:58.415510,208.0,186.0,178.0,200.0,176.0,182.0,176.0,182.0,,-57,8342891
18.7922,2019-09-08 18:40:58.431732,208.0,178.0,200.0,200.0,182.0,176.0,182.0,168.0,,-58,8343808
18.8084,2019-09-08 18:40:58.447152,208.0,186.0,178.0,200.0,184.0,176.0,182.0,182.0,,-59,8341154
18.8239,2019-09-08 18:40:58.464216,178.0,200.0,178.0,200.0,168.0,182.0,168.0,190.0,,-60,8341773
18.8415,2019-09-08 18:40:58.479175,208.0,186.0,178.0,200.0,168.0,194.0,176.0,182.0,,-61,8342731
18.8563,2019-09-08 18:40:58.499656,178.0,202.0,186.0,200.0,178.0,184.0,170.0,212.0,,-62,8342725
18.8767,2019-09-08 18:40:58.518194,208.0,188.0,178.0,200.0,178.0,184.0,170.0,322.0,,-63,8343008
18.8952,2019-09-08 18:40:58.531373,208.0,186.0,202.0,202.0,182.0,170.0,396.0,190.0,,-63,8343531
18.9082,2019-09-08 18:40:58.548169,208.0,186.0,202.0,202.0,182.0,168.0,440.0,200.0,,-62,8342645
18.925,2019-09-08 18:40:58.569955,208.0,188.0,178.0,202.0,188.0,168.0,168.0,212.0,,-62,8342354
18.9474,2019-09-08 18:40:58.581356,178.0,202.0,178.0,202.0,196.0,168.0,168.0,224.0,,-62,8342745
18.9582,2019-09-08 18:40:58.596596,178.0,204.0,178.0,202.0,226.0,170.0,484.0,232.0,,-62,8342652
18.9735,2019-09-08 18:40:58.618386,278.0,186.0,178.0,202.0,216.0,216.0,498.0,498.0,,-63,8342032
18.9953,2019-09-08 18:40:58.630755,390.0,186.0,178.0,202.0,170.0,172.0,498.0,250.0,,-64,8343237
19.0077,2019-09-08 18:40:58.646260,556.0,188.0,178.0,206.0,170.0,228.0,496.0,254.0,,-64,8342160
19.0231,2019-09-08 18:40:58.663768,690.0,188.0,182.0,218.0,256.0,172.0,490.0,258.0,,-65,8342167
19.0416,2019-09-08 18:40:58.680205,722.0,220.0,184.0,726.0,170.0,484.0,260.0,260.0,,-65,8342157
19.0571,2019-09-08 18:40:58.711425,736.0,204.0,736.0,222.0,172.0,412.0,278.0,242.0,,-67,8342233
19.0883,2019-09-08 18:40:58.726697,206.0,738.0,186.0,222.0,244.0,282.0,250.0,172.0,,-68,8342434
19.1038,2019-09-08 18:40:58.740713,724.0,206.0,186.0,222.0,366.0,286.0,264.0,172.0,,-69,8342126
19.1177,2019-09-08 18:40:58.755683,694.0,208.0,186.0,208.0,346.0,174.0,336.0,294.0,,-70,8341773
19.1325,2019-09-08 18:40:58.773482,226.0,210.0,644.0,212.0,326.0,298.0,300.0,174.0,,-71,8341839
19.1504,2019-09-08 18:40:58.786547,610.0,604.0,216.0,228.0,308.0,302.0,320.0,326.0,,-72,8341918
19.1634,2019-09-08 18:40:58.804412,572.0,570.0,186.0,232.0,308.0,338.0,178.0,274.0,,-72,8341697
19.1813,2019-09-08 18:40:58.832774,534.0,240.0,190.0,242.0,314.0,360.0,180.0,256.0,,-74,8342188
19.2093,2019-09-08 18:40:58.849475,252.0,252.0,194.0,478.0,326.0,230.0,188.0,330.0,,-74,8341873
19.2263,2019-09-08 18:40:58.879415,274.0,200.0,272.0,272.0,206.0,200.0,200.0,344.0,,-76,8341849
19.2564,2019-09-08 18:40:58.903247,296.0,206.0,208.0,290.0,484.0,208.0,196.0,346.0,,-76,8341579
19.2803,2019-09-08 18:40:58.930493,320.0,222.0,334.0,226.0,520.0,228.0,232.0,340.0,,-77,8341295
19.3074,2019-09-08 18:40:58.960862,292.0,356.0,326.0,330.0,250.0,186.0,324.0,534.0,,-76,8341655
19.3378,2019-09-08 18:40:58.991559,382.0,384.0,348.0,348.0,308.0,278.0,180.0,282.0,,-74,8342808
19.3685,2019-09-08 18:40:59.012225,232.0,354.0,396.0,228.0,502.0,286.0,180.0,292.0,,-73,8342254
19.3892,2019-09-08 18:40:59.028224,228.0,398.0,226.0,272.0,180.0,180.0,246.0,388.0,,-70,8342427
19.4051,2019-09-08 18:40:59.044467,224.0,396.0,356.0,224.0,302.0,180.0,228.0,330.0,,-66,8342230
19.4213,2019-09-08 18:40:59.060189,222.0,386.0,280.0,354.0,298.0,180.0,214.0,180.0,,-64,8342468
19.4372,2019-09-08 18:40:59.078284,352.0,364.0,280.0,350.0,274.0,180.0,202.0,180.0,,-62,8342638
19.4551,2019-09-08 18:40:59.095192,334.0,278.0,336.0,334.0,198.0,222.0,194.0,180.0,,-55,8342714
19.4721,2019-09-08 18:40:59.119577,314.0,270.0,268.0,302.0,186.0,196.0,174.0,180.0,,-43,8341974
19.4961,2019-09-08 18:40:59.134263,210.0,258.0,272.0,230.0,182.0,190.0,186.0,182.0,,-37,8342133
19.5111,2019-09-08 18:40:59.155192,214.0,230.0,208.0,220.0,182.0,184.0,170.0,182.0,,-27,8341437
19.5321,2019-09-08 18:40:59.196438,202.0,208.0,198.0,222.0,182.0,174.0,182.0,174.0,,-18,8341898
19.5733,2019-09-08 18:40:59.205351,214.0,208.0,184.0,182.0,182.0,168.0,182.0,170.0,,-17,8342420
19.5825,2019-09-08 18:40:59.222850,208.0,186.0,178.0,188.0,182.0,168.0,182.0,174.0,,-16,8343524
19.5997,2019-09-08 18:40:59.234526,208.0,188.0,178.0,206.0,182.0,170.0,182.0,168.0,,-16,8344541
19.6114,2019-09-08 18:40:59.250116,178.0,204.0,180.0,210.0,182.0,174.0,182.0,174.0,,-15,8343185
19.6271,2019-09-08 18:40:59.264372,188.0,204.0,210.0,204.0,170.0,182.0,182.0,174.0,,-15,8342313
19.6412,2019-09-08 18:40:59.281162,210.0,178.0,186.0,202.0,182.0,168.0,182.0,182.0,,-16,8342880
19.658,2019-09-08 18:40:59.299963,178.0,204.0,186.0,178.0,168.0,182.0,174.0,172.0,,-17,8343178
19.6769,2019-09-08 18:40:59.326175,210.0,210.0,186.0,178.0,182.0,182.0,182.0,174.0,,-20,8344448
19.703,2019-09-08 18:40:59.336954,210.0,186.0,210.0,202.0,182.0,170.0,170.0,182.0,,-22,8345015
19.7138,2019-09-08 18:40:59.358747,210.0,186.0,178.0,202.0,174.0,182.0,170.0,182.0,,-26,8345721
19.7357,2019-09-08 18:40:59.368641,202.0,186.0,178.0,202.0,182.0,174.0,174.0,182.0,,-28,8347123
19.7456,2019-09-08 18:40:59.386867,178.0,202.0,178.0,202.0,168.0,182.0,176.0,182.0,,-33,8348102
19.7639,2019-09-08 18:40:59.407765,210.0,202.0,178.0,202.0,182.0,170.0,182.0,170.0,,-39,8348842
19.7849,2019-09-08 18:40:59.438190,178.0,202.0,178.0,186.0,182.0,182.0,182.0,170.0,,-46,8348188
19.815,2019-09-08 18:40:59.444882,210.0,210.0,186.0,178.0,168.0,176.0,176.0,182.0,,-49,8349026
19.8217,2019-09-08 18:40:59.463394,210.0,210.0,186.0,178.0,182.0,182.0,182.0,170.0,,-54,8348140
19.8399,2019-09-08 18:40:59.477666,210.0,178.0,186.0,178.0,176.0,176.0,168.0,176.0,,-57,8347870
19.8542,2019-09-08 18:40:59.496232,210.0,186.0,210.0,202.0,184.0,184.0,178.0,182.0,,-61,8347289
19.8728,2019-09-08 18:40:59.510007,208.0,186.0,178.0,202.0,170.0,186.0,186.0,176.0,,-63,8346292
19.8867,2019-09-08 18:40:59.548949,178.0,202.0,178.0,202.0,182.0,182.0,170.0,188.0,,-67,8344178
19.9255,2019-09-08 18:40:59.591921,208.0,178.0,178.0,202.0,168.0,198.0,182.0,168.0,,-69,8345074
19.969,2019-09-08 18:40:59.602599,178.0,202.0,178.0,208.0,182.0,170.0,212.0,176.0,,-69,8346226
19.9792,2019-09-08 18:40:59.614350,208.0,188.0,178.0,202.0,184.0,176.0,182.0,168.0,,-68,8345271
19.991,2019-09-08 18:40:59.633652,208.0,188.0,178.0,202.0,176.0,182.0,182.0,290.0,,-68,8344347
20.0103,2019-09-08 18:40:59.649212,210.0,188.0,206.0,178.0,168.0,322.0,168.0,360.0,,-68,8343776
20.0267,2019-09-08 18:40:59.660885,216.0,186.0,178.0,178.0,178.0,182.0,170.0,424.0,,-68,8343520
20.0375,2019-09-08 18:40:59.675315,234.0,236.0,186.0,186.0,170.0,450.0,460.0,182.0,,-68,8344441
20.052,2019-09-08 18:40:59.696251,278.0,186.0,178.0,202.0,168.0,490.0,168.0,188.0,,-67,8344358
20.0732,2019-09-08 18:40:59.708399,344.0,186.0,178.0,202.0,190.0,168.0,518.0,200.0,,-66,8344707
20.0855,2019-09-08 18:40:59.722193,418.0,178.0,204.0,450.0,202.0,170.0,210.0,172.0,,-66,8343392
20.0993,2019-09-08 18:40:59.758067,518.0,188.0,178.0,204.0,172.0,540.0,210.0,210.0,,-66,8343334
20.1349,2019-09-08 18:40:59.770349,600.0,188.0,180.0,180.0,250.0,176.0,538.0,216.0,,-66,8343005
20.1473,2019-09-08 18:40:59.782953,620.0,620.0,182.0,220.0,532.0,178.0,526.0,178.0,,-67,8342908
20.1599,2019-09-08 18:40:59.795514,632.0,220.0,184.0,222.0,520.0,180.0,224.0,292.0,,-67,8342282
20.1726,2019-09-08 18:40:59.813191,184.0,224.0,186.0,224.0,510.0,506.0,182.0,498.0,,-67,8342465
20.1897,2019-09-08 18:40:59.830467,186.0,226.0,186.0,228.0,228.0,312.0,182.0,482.0,,-67,8342714
20.2071,2019-09-08 18:40:59.843594,188.0,212.0,188.0,232.0,184.0,472.0,230.0,328.0,,-68,8342846
20.2205,2019-09-08 18:40:59.858562,616.0,220.0,190.0,236.0,454.0,334.0,186.0,438.0,,-69,8342358
20.2356,2019-09-08 18:40:59.883526,580.0,230.0,232.0,194.0,432.0,342.0,422.0,418.0,,-70,8342354
20.2609,2019-09-08 18:40:59.906075,196.0,250.0,196.0,250.0,412.0,188.0,404.0,188.0,,-71,8342794
20.2832,2019-09-08 18:40:59.946641,200.0,200.0,264.0,420.0,238.0,384.0,348.0,240.0,,-73,8342780
20.324,2019-09-08 18:40:59.974607,386.0,296.0,212.0,280.0,244.0,196.0,196.0,314.0,,-74,8341974
20.3521,2019-09-08 18:40:59.990276,218.0,222.0,324.0,314.0,416.0,248.0,422.0,200.0,,-75,8341776
20.3687,2019-09-08 18:41:00.007560,296.0,340.0,230.0,304.0,292.0,254.0,436.0,204.0,,-75,8342126
20.3855,2019-09-08 18:41:00.034573,354.0,238.0,312.0,240.0,256.0,210.0,268.0,468.0,,-77,8342673
20.4127,2019-09-08 18:41:00.056386,374.0,246.0,324.0,324.0,278.0,492.0,220.0,214.0,,-77,8341846
20.434,2019-09-08 18:41:00.072476,328.0,388.0,390.0,330.0,286.0,506.0,288.0,512.0,,-78,8342569
20.4503,2019-09-08 18:41:00.089208,258.0,230.0,258.0,334.0,228.0,200.0,522.0,526.0,,-78,8342686
20.4667,2019-09-08 18:41:00.115951,228.0,406.0,264.0,408.0,198.0,296.0,534.0,242.0,,-79,8342406
20.4925,2019-09-08 18:41:00.122316,268.0,338.0,270.0,340.0,194.0,246.0,542.0,298.0,,-79,8342624
20.4988,2019-09-08 18:41:00.136009,224.0,416.0,274.0,340.0,546.0,252.0,190.0,298.0,,-79,8342600
20.5125,2019-09-08 18:41:00.154237,224.0,418.0,224.0,224.0,550.0,298.0,188.0,264.0,,-79,8342960
20.5308,2019-09-08 18:41:00.169084,222.0,414.0,286.0,222.0,296.0,552.0,270.0,186.0,,-79,8342064
20.5457,2019-09-08 18:41:00.189346,288.0,220.0,290.0,338.0,292.0,184.0,290.0,544.0,,-78,8341880
20.5659,2019-09-08 18:41:00.204501,398.0,336.0,336.0,336.0,286.0,538.0,284.0,182.0,,-77,8342171
20.5811,2019-09-08 18:41:00.219621,378.0,292.0,370.0,330.0,524.0,288.0,180.0,272.0,,-75,8341853
20.5962,2019-09-08 18:41:00.245956,214.0,324.0,212.0,320.0,180.0,258.0,432.0,300.0,,-73,8342057
20.6225,2019-09-08 18:41:00.258847,212.0,296.0,280.0,286.0,180.0,300.0,390.0,300.0,,-70,8342181
20.6354,2019-09-08 18:41:00.272043,258.0,256.0,266.0,276.0,364.0,180.0,232.0,324.0,,-69,8342226
20.6486,2019-09-08 18:41:00.291482,208.0,248.0,246.0,226.0,292.0,180.0,220.0,180.0,,-65,8342572
20.668,2019-09-08 18:41:00.305422,240.0,224.0,224.0,210.0,214.0,180.0,206.0,180.0,,-63,8342219
20.682,2019-09-08 18:41:00.318785,224.0,198.0,202.0,222.0,180.0,180.0,214.0,210.0,,-60,8342832
20.6954,2019-09-08 18:41:00.336941,192.0,190.0,188.0,192.0,208.0,180.0,202.0,200.0,,-55,8342662
20.7135,2019-09-08 18:41:00.353667,180.0,206.0,180.0,206.0,198.0,184.0,184.0,192.0,,-46,8342901
20.7302,2019-09-08 18:41:00.369592,208.0,208.0,204.0,208.0,182.0,188.0,170.0,182.0,,-36,8343648
20.7461,2019-09-08 18:41:00.385603,208.0,188.0,178.0,202.0,178.0,182.0,170.0,182.0,,-32,8342403
20.7622,2019-09-08 18:41:00.421600,208.0,186.0,178.0,208.0,178.0,182.0,182.0,182.0,,-25,8342517
20.7981,2019-09-08 18:41:00.511442,178.0,202.0,208.0,208.0,182.0,176.0,184.0,168.0,,-15,8342233
20.8881,2019-09-08 18:41:00.517810,210.0,200.0,186.0,186.0,174.0,182.0,168.0,182.0,,-16,8342427
20.8944,2019-09-08 18:41:00.534181,178.0,200.0,210.0,186.0,182.0,174.0,172.0,168.0,,-17,8343486
20.9108,2019-09-08 18:41:00.554240,210.0,186.0,210.0,200.0,182.0,174.0,174.0,180.0,,-19,8342936
20.9308,2019-09-08 18:41:00.568172,200.0,186.0,178.0,210.0,180.0,182.0,174.0,174.0,,-21,8342915
20.9447,2019-09-08 18:41:00.585642,178.0,186.0,178.0,178.0,174.0,174.0,168.0,170.0,,-22,8343167
20.9623,2019-09-08 18:41:00.602927,186.0,186.0,178.0,200.0,168.0,172.0,168.0,180.0,,-27,8344600
20.9795,2019-09-08 18:41:00.623322,210.0,178.0,200.0,210.0,170.0,182.0,182.0,174.0,,-32,8346271
20.9999,2019-09-08 18:41:00.637930,178.0,186.0,210.0,200.0,182.0,174.0,182.0,174.0,,-36,8345846
21.0146,2019-09-08 18:41:00.656547,208.0,200.0,178.0,200.0,174.0,174.0,182.0,168.0,,-43,8345081
21.0331,2019-09-08 18:41:00.670764,210.0,186.0,178.0,200.0,174.0,174.0,182.0,168.0,,-47,8345728
21.0474,2019-09-08 18:41:00.687779,178.0,200.0,178.0,200.0,182.0,176.0,182.0,168.0,,-51,8345033
21.0644,2019-09-08 18:41:00.705819,200.0,186.0,178.0,200.0,168.0,176.0,176.0,176.0,,-58,8345866
21.0824,2019-09-08 18:41:00.727183,208.0,186.0,178.0,200.0,168.0,190.0,168.0,184.0,,-63,8346188
21.1042,2019-09-08 18:41:00.741809,186.0,208.0,178.0,200.0,182.0,176.0,186.0,168.0,,-65,8345929
21.1184,2019-09-08 18:41:00.762309,208.0,200.0,178.0,202.0,186.0,176.0,182.0,176.0,,-69,8345309
21.1392,2019-09-08 18:41:00.775947,212.0,186.0,178.0,212.0,186.0,176.0,182.0,168.0,,-70,8345036
21.1528,2019-09-08 18:41:00.790756,214.0,186.0,178.0,202.0,168.0,188.0,176.0,182.0,,-71,8345531
21.168,2019-09-08 18:41:00.808790,178.0,202.0,180.0,202.0,168.0,192.0,194.0,196.0,,-72,8346136
21.1854,2019-09-08 18:41:00.826489,242.0,188.0,250.0,202.0,174.0,182.0,174.0,206.0,,-72,8346704
21.2047,2019-09-08 18:41:00.845500,178.0,202.0,202.0,178.0,212.0,174.0,182.0,168.0,,-72,8346136
21.2221,2019-09-08 18:41:00.874559,366.0,202.0,186.0,178.0,168.0,292.0,174.0,170.0,,-71,8343157
21.2512,2019-09-08 18:41:00.886380,464.0,186.0,178.0,188.0,174.0,182.0,168.0,368.0,,-71,8341520
21.263,2019-09-08 18:41:00.903043,188.0,180.0,206.0,180.0,170.0,408.0,178.0,184.0,,-71,8342313
21.2797,2019-09-08 18:41:00.941415,666.0,188.0,668.0,670.0,168.0,168.0,180.0,182.0,,-70,8342565
21.3179,2019-09-08 18:41:00.947645,676.0,676.0,184.0,182.0,182.0,168.0,516.0,524.0,,-69,8342565
21.3241,2019-09-08 18:41:00.961340,684.0,198.0,184.0,686.0,530.0,194.0,182.0,168.0,,-69,8341873
21.3381,2019-09-08 18:41:00.971242,184.0,226.0,186.0,224.0,184.0,202.0,204.0,186.0,,-69,8343953
21.3478,2019-09-08 18:41:00.984340,188.0,230.0,664.0,230.0,186.0,556.0,558.0,212.0,,-69,8342520
21.3609,2019-09-08 18:41:01.007746,190.0,236.0,224.0,612.0,212.0,570.0,168.0,580.0,,-69,8342174
21.3845,2019-09-08 18:41:01.034054,242.0,196.0,198.0,252.0,170.0,220.0,220.0,196.0,,-70,8343486
21.4106,2019-09-08 18:41:01.076596,476.0,264.0,204.0,270.0,222.0,222.0,170.0,620.0,,-71,8344337
21.4532,2019-09-08 18:41:01.096091,294.0,212.0,278.0,280.0,618.0,222.0,208.0,170.0,,-71,8344171
21.4728,2019-09-08 18:41:01.128207,316.0,222.0,294.0,226.0,170.0,210.0,222.0,210.0,,-73,8343849
21.5047,2019-09-08 18:41:01.155517,286.0,346.0,234.0,304.0,170.0,590.0,214.0,170.0,,-74,8344475
21.5321,2019-09-08 18:41:01.186466,366.0,240.0,254.0,376.0,218.0,222.0,564.0,170.0,,-75,8344001
21.5631,2019-09-08 18:41:01.205921,242.0,318.0,320.0,248.0,226.0,552.0,226.0,232.0,,-76,8343289
21.5826,2019-09-08 18:41:01.221588,234.0,232.0,232.0,252.0,538.0,228.0,532.0,240.0,,-76,8342534
21.5981,2019-09-08 18:41:01.238131,230.0,408.0,256.0,326.0,522.0,516.0,172.0,508.0,,-77,8342718
21.6149,2019-09-08 18:41:01.254147,230.0,326.0,260.0,326.0,236.0,256.0,174.0,488.0,,-78,8343057
21.6309,2019-09-08 18:41:01.271058,262.0,420.0,264.0,328.0,454.0,446.0,254.0,300.0,,-78,8342479
21.6478,2019-09-08 18:41:01.287866,330.0,226.0,268.0,268.0,304.0,178.0,404.0,266.0,,-79,8343472
21.6644,2019-09-08 18:41:01.306597,224.0,432.0,272.0,332.0,322.0,178.0,376.0,276.0,,-79,8343555
21.6831,2019-09-08 18:41:01.324254,222.0,436.0,332.0,222.0,358.0,282.0,360.0,184.0,,-79,8344071
21.7008,2019-09-08 18:41:01.342984,220.0,434.0,330.0,222.0,326.0,294.0,382.0,188.0,,-80,8343500
21.7195,2019-09-08 18:41:01.355885,284.0,326.0,286.0,326.0,298.0,304.0,408.0,192.0,,-80,8343202
21.7324,2019-09-08 18:41:01.373903,218.0,404.0,286.0,324.0,192.0,316.0,320.0,442.0,,-80,8343534
21.7505,2019-09-08 18:41:01.389386,216.0,370.0,284.0,214.0,198.0,236.0,330.0,464.0,,-80,8343638
21.7659,2019-09-08 18:41:01.405516,212.0,328.0,308.0,308.0,334.0,476.0,210.0,206.0,,-80,8343853
21.7821,2019-09-08 18:41:01.423196,286.0,270.0,268.0,266.0,346.0,346.0,230.0,194.0,,-80,8343835
21.7997,2019-09-08 18:41:01.442704,258.0,268.0,210.0,254.0,192.0,344.0,520.0,244.0,,-80,8343576
21.8192,2019-09-08 18:41:01.458666,238.0,222.0,208.0,244.0,522.0,250.0,522.0,338.0,,-80,8343500
21.8354,2019-09-08 18:41:01.476254,208.0,208.0,208.0,208.0,186.0,336.0,186.0,332.0,,-79,8344019
21.8528,2019-09-08 18:41:01.494709,208.0,198.0,194.0,208.0,512.0,268.0,182.0,272.0,,-78,8344766
21.8713,2019-09-08 18:41:01.507724,208.0,190.0,182.0,208.0,494.0,276.0,482.0,312.0,,-76,8344226
21.8843,2019-09-08 18:41:01.525363,208.0,186.0,178.0,178.0,468.0,458.0,286.0,180.0,,-74,8345133
21.9019,2019-09-08 18:41:01.543114,208.0,188.0,178.0,204.0,296.0,274.0,296.0,180.0,,-71,8345278
21.9197,2019-09-08 18:41:01.560224,208.0,186.0,178.0,204.0,258.0,180.0,296.0,180.0,,-69,8346860
21.9368,2019-09-08 18:41:01.579063,186.0,178.0,202.0,210.0,238.0,296.0,290.0,180.0,,-65,8347424
21.9556,2019-09-08 18:41:01.597805,208.0,202.0,208.0,202.0,280.0,180.0,212.0,234.0,,-63,8347320
21.9744,2019-09-08 18:41:01.610185,210.0,186.0,210.0,202.0,246.0,238.0,200.0,212.0,,-59,8345787
21.9869,2019-09-08 18:41:01.626249,178.0,186.0,178.0,200.0,208.0,212.0,192.0,200.0,,-49,8344870
22.003,2019-09-08 18:41:01.642423,210.0,186.0,178.0,210.0,198.0,186.0,180.0,178.0,,-43,8343147
22.019,2019-09-08 18:41:01.664098,186.0,186.0,186.0,178.0,184.0,168.0,182.0,168.0,,-30,8346489
22.0406,2019-09-08 18:41:01.683020,210.0,186.0,178.0,178.0,182.0,178.0,182.0,170.0,,-21,8348105
22.0595,2019-09-08 18:41:01.695852,210.0,200.0,184.0,178.0,182.0,176.0,184.0,168.0,,-17,8348223
22.0724,2019-09-08 18:41:01.710434,210.0,210.0,178.0,200.0,182.0,176.0,182.0,174.0,,-14,8346496
22.0871,2019-09-08 18:41:01.728122,200.0,210.0,178.0,178.0,182.0,168.0,182.0,168.0,,-11,8345081
22.1047,2019-09-08 18:41:01.749574,186.0,210.0,178.0,178.0,182.0,182.0,182.0,168.0,,-10,8345057
22.1261,2019-09-08 18:41:01.768823,210.0,210.0,210.0,186.0,174.0,182.0,174.0,182.0,,-10,8346309
22.1453,2019-09-08 18:41:01.798705,210.0,178.0,186.0,178.0,170.0,182.0,170.0,182.0,,-13,8348067
22.1753,2019-09-08 18:41:01.811277,210.0,186.0,186.0,178.0,174.0,174.0,182.0,168.0,,-14,8348918
22.1878,2019-09-08 18:41:01.823614,208.0,186.0,210.0,186.0,174.0,182.0,182.0,182.0,,-16,8348254
22.2002,2019-09-08 18:41:01.842380,210.0,186.0,178.0,200.0,170.0,182.0,168.0,182.0,,-18,8348171
22.2189,2019-09-08 18:41:01.850338,200.0,186.0,208.0,200.0,174.0,182.0,168.0,182.0,,-20,8348036
22.227,2019-09-08 18:41:01.865995,186.0,208.0,178.0,200.0,182.0,174.0,182.0,168.0,,-22,8347614
22.2425,2019-09-08 18:41:01.887241,186.0,178.0,178.0,178.0,174.0,182.0,168.0,182.0,,-28,8346846
22.2638,2019-09-08 18:41:01.900810,208.0,178.0,208.0,186.0,182.0,168.0,168.0,182.0,,-31,8346898
22.2774,2019-09-08 18:41:01.919488,208.0,186.0,200.0,208.0,182.0,176.0,182.0,168.0,,-38,8346752
22.296,2019-09-08 18:41:01.933909,208.0,186.0,178.0,200.0,176.0,182.0,182.0,168.0,,-42,8347244
22.3105,2019-09-08 18:41:01.954208,178.0,202.0,178.0,200.0,168.0,182.0,178.0,182.0,,-50,8347451
22.3307,2019-09-08 18:41:01.971252,200.0,208.0,178.0,178.0,178.0,182.0,178.0,178.0,,-54,8348050
22.3478,2019-09-08 18:41:01.988987,208.0,186.0,186.0,208.0,182.0,176.0,182.0,168.0,,-60,8348206
22.3656,2019-09-08 18:41:02.003901,208.0,186.0,178.0,208.0,182.0,176.0,176.0,182.0,,-63,8348455
22.3806,2019-09-08 18:41:02.019032,208.0,186.0,178.0,202.0,168.0,168.0,186.0,178.0,,-67,8348783
22.3956,2019-09-08 18:41:02.035666,186.0,188.0,202.0,202.0,188.0,182.0,170.0,190.0,,-69,8349178
22.4123,2019-09-08 18:41:02.056371,186.0,210.0,186.0,178.0,168.0,192.0,168.0,182.0,,-71,8348261
22.4329,2019-09-08 18:41:02.071088,202.0,216.0,218.0,186.0,176.0,168.0,204.0,176.0,,-72,8348635
22.448,2019-09-08 18:41:02.103043,228.0,178.0,232.0,186.0,226.0,176.0,184.0,168.0,,-72,8347673
22.4798,2019-09-08 18:41:02.117336,258.0,186.0,264.0,204.0,174.0,174.0,168.0,170.0,,-72,8347967
22.494,2019-09-08 18:41:02.131725,178.0,318.0,178.0,202.0,168.0,310.0,174.0,182.0,,-71,8347482
22.5084,2019-09-08 18:41:02.152665,374.0,382.0,186.0,390.0,182.0,346.0,176.0,176.0,,-71,8344683
22.5294,2019-09-08 18:41:02.163529,452.0,458.0,470.0,204.0,168.0,384.0,168.0,178.0,,-71,8343621
22.5401,2019-09-08 18:41:02.184838,550.0,206.0,564.0,186.0,178.0,180.0,182.0,168.0,,-70,8343365
22.5615,2019-09-08 18:41:02.199307,628.0,636.0,188.0,214.0,426.0,432.0,182.0,168.0,,-70,8344119
22.5763,2019-09-08 18:41:02.210108,182.0,180.0,666.0,218.0,180.0,448.0,192.0,182.0,,-70,8344337
22.5869,2019-09-08 18:41:02.224559,190.0,190.0,220.0,220.0,194.0,184.0,170.0,480.0,,-70,8345770
22.6012,2019-09-08 18:41:02.239926,222.0,192.0,182.0,220.0,170.0,492.0,192.0,170.0,,-70,8345244
22.6169,2019-09-08 18:41:02.260795,710.0,192.0,182.0,222.0,508.0,204.0,198.0,172.0,,-70,8345344
22.6374,2019-09-08 18:41:02.276789,714.0,714.0,182.0,712.0,202.0,172.0,206.0,172.0,,-70,8345918
22.6534,2019-09-08 18:41:02.294211,702.0,700.0,698.0,194.0,546.0,210.0,214.0,174.0,,-71,8345455
22.6708,2019-09-08 18:41:02.309892,680.0,678.0,676.0,196.0,214.0,214.0,222.0,174.0,,-71,8344347
22.6872,2019-09-08 18:41:02.327763,658.0,196.0,182.0,198.0,216.0,226.0,174.0,174.0,,-71,8344032
22.7044,2019-09-08 18:41:02.347958,200.0,200.0,228.0,228.0,218.0,562.0,218.0,240.0,,-72,8345877
22.7246,2019-09-08 18:41:02.363323,232.0,206.0,184.0,232.0,174.0,552.0,222.0,542.0,,-73,8345842
22.7405,2019-09-08 18:41:02.418292,184.0,212.0,184.0,238.0,224.0,534.0,224.0,524.0,,-75,8343631
22.7949,2019-09-08 18:41:02.424959,564.0,228.0,188.0,250.0,276.0,176.0,468.0,232.0,,-75,8342289
22.8017,2019-09-08 18:41:02.436244,236.0,190.0,188.0,238.0,460.0,288.0,178.0,444.0,,-75,8342444
22.8129,2019-09-08 18:41:02.448488,516.0,190.0,508.0,248.0,438.0,178.0,302.0,178.0,,-76,8343465
22.825,2019-09-08 18:41:02.464172,484.0,272.0,194.0,274.0,310.0,180.0,406.0,244.0,,-76,8344098
22.8408,2019-09-08 18:41:02.482719,452.0,196.0,280.0,282.0,180.0,392.0,386.0,250.0,,-77,8344998
22.8594,2019-09-08 18:41:02.504325,198.0,282.0,200.0,290.0,334.0,182.0,252.0,254.0,,-77,8346520
22.8809,2019-09-08 18:41:02.514547,202.0,296.0,386.0,300.0,184.0,352.0,348.0,260.0,,-78,8345815
22.8911,2019-09-08 18:41:02.533156,306.0,206.0,206.0,208.0,262.0,334.0,186.0,324.0,,-79,8345718
22.9098,2019-09-08 18:41:02.553417,326.0,210.0,212.0,330.0,318.0,270.0,382.0,188.0,,-79,8343780
22.93,2019-09-08 18:41:02.567883,294.0,292.0,218.0,218.0,302.0,296.0,396.0,400.0,,-80,8344140
22.9452,2019-09-08 18:41:02.583768,268.0,364.0,266.0,366.0,284.0,284.0,278.0,290.0,,-80,8344008
22.9604,2019-09-08 18:41:02.602425,348.0,382.0,232.0,350.0,436.0,198.0,244.0,240.0,,-81,8344039
22.9791,2019-09-08 18:41:02.620391,356.0,400.0,240.0,358.0,236.0,458.0,230.0,226.0,,-81,8345289
22.9971,2019-09-08 18:41:02.637287,232.0,414.0,248.0,362.0,220.0,216.0,320.0,482.0,,-81,8345033
23.0145,2019-09-08 18:41:02.654108,426.0,426.0,230.0,360.0,212.0,208.0,324.0,496.0,,-81,8345001
23.0308,2019-09-08 18:41:02.672041,228.0,430.0,264.0,264.0,216.0,200.0,328.0,508.0,,-82,8344718
23.0487,2019-09-08 18:41:02.689081,224.0,424.0,268.0,222.0,330.0,514.0,194.0,194.0,,-82,8344077
23.0656,2019-09-08 18:41:02.719333,220.0,406.0,270.0,332.0,192.0,330.0,524.0,236.0,,-82,8343434
23.0959,2019-09-08 18:41:02.727451,216.0,372.0,268.0,318.0,188.0,326.0,528.0,246.0,,-82,8343275
23.1044,2019-09-08 18:41:02.740423,332.0,322.0,266.0,298.0,526.0,320.0,520.0,250.0,,-81,8343219
23.1174,2019-09-08 18:41:02.758287,210.0,278.0,258.0,210.0,514.0,254.0,182.0,256.0,,-81,8343493
23.1351,2019-09-08 18:41:02.773591,248.0,256.0,246.0,210.0,490.0,306.0,182.0,302.0,,-80,8343320
23.1504,2019-09-08 18:41:02.788606,228.0,238.0,208.0,216.0,260.0,180.0,180.0,180.0,,-79,8344202
23.1654,2019-09-08 18:41:02.809845,208.0,206.0,208.0,224.0,264.0,420.0,266.0,406.0,,-77,8343866
23.1869,2019-09-08 18:41:02.822959,216.0,206.0,192.0,208.0,266.0,180.0,270.0,368.0,,-75,8343801
23.1998,2019-09-08 18:41:02.839376,208.0,190.0,182.0,208.0,358.0,270.0,268.0,180.0,,-72,8345555
23.2162,2019-09-08 18:41:02.853386,208.0,186.0,178.0,208.0,226.0,220.0,264.0,180.0,,-70,8344645
23.2302,2019-09-08 18:41:02.871935,204.0,204.0,178.0,208.0,180.0,206.0,248.0,242.0,,-66,8344334
23.2488,2019-09-08 18:41:02.888554,204.0,202.0,178.0,178.0,178.0,192.0,206.0,202.0,,-64,8343766
23.2654,2019-09-08 18:41:02.910695,208.0,202.0,186.0,178.0,196.0,178.0,186.0,186.0,,-57,8344648
23.2876,2019-09-08 18:41:02.928962,208.0,186.0,208.0,186.0,180.0,178.0,176.0,180.0,,-49,8344946
23.3058,2019-09-08 18:41:02.943413,186.0,186.0,202.0,208.0,180.0,186.0,170.0,182.0,,-39,8344548
23.3203,2019-09-08 18:41:02.959355,186.0,178.0,178.0,200.0,168.0,182.0,176.0,184.0,,-35,8345998
23.3359,2019-09-08 18:41:02.975939,178.0,200.0,178.0,200.0,176.0,182.0,170.0,176.0,,-31,8345846
23.3528,2019-09-08 18:41:02.993609,208.0,178.0,200.0,200.0,170.0,170.0,176.0,182.0,,-26,8344569
23.3705,2019-09-08 18:41:03.013922,210.0,178.0,178.0,200.0,170.0,182.0,182.0,182.0,,-22,8344963
23.3908,2019-09-08 18:41:03.034609,200.0,200.0,210.0,208.0,182.0,170.0,180.0,176.0,,-20,8344112
23.4115,2019-09-08 18:41:03.116568,186.0,186.0,186.0,200.0,182.0,174.0,180.0,170.0,,-22,8344603
23.4936,2019-09-08 18:41:03.125736,208.0,186.0,178.0,200.0,170.0,182.0,174.0,182.0,,-23,8345998
23.5026,2019-09-08 18:41:03.135570,178.0,200.0,200.0,200.0,182.0,182.0,170.0,168.0,,-25,8344420
23.5124,2019-09-08 18:41:03.148492,186.0,186.0,200.0,200.0,182.0,182.0,182.0,174.0,,-26,8344738
23.5254,2019-09-08 18:41:03.166763,210.0,186.0,178.0,200.0,174.0,182.0,170.0,182.0,,-28,8343866
23.5437,2019-09-08 18:41:03.185152,210.0,200.0,186.0,178.0,182.0,168.0,182.0,182.0,,-32,8344434
23.562,2019-09-08 18:41:03.200095,208.0,200.0,200.0,200.0,182.0,168.0,182.0,174.0,,-34,8344185
23.577,2019-09-08 18:41:03.217207,200.0,178.0,178.0,178.0,182.0,182.0,182.0,182.0,,-39,8344036
23.5941,2019-09-08 18:41:03.233154,208.0,208.0,178.0,200.0,168.0,182.0,182.0,176.0,,-41,8343998
23.6097,2019-09-08 18:41:03.248735,208.0,208.0,178.0,200.0,168.0,182.0,176.0,182.0,,-44,8343811
23.6255,2019-09-08 18:41:03.269266,208.0,186.0,202.0,200.0,182.0,182.0,176.0,182.0,,-49,8343545
23.6461,2019-09-08 18:41:03.329835,186.0,178.0,200.0,178.0,176.0,182.0,182.0,182.0,,-59,8343939
23.7064,2019-09-08 18:41:03.336118,208.0,202.0,208.0,208.0,168.0,182.0,176.0,182.0,,-60,8343929
23.7131,2019-09-08 18:41:03.349624,208.0,208.0,178.0,202.0,184.0,168.0,176.0,184.0,,-61,8344358
23.7266,2019-09-08 18:41:03.401731,208.0,186.0,202.0,204.0,176.0,176.0,168.0,168.0,,-65,8344382
23.7787,2019-09-08 18:41:03.415523,202.0,178.0,202.0,204.0,186.0,176.0,182.0,176.0,,-65,8344278
23.7924,2019-09-08 18:41:03.441996,236.0,186.0,186.0,202.0,168.0,182.0,190.0,192.0,,-65,8344233
23.8189,2019-09-08 18:41:03.448594,302.0,186.0,178.0,186.0,176.0,168.0,194.0,196.0,,-65,8344351
23.8254,2019-09-08 18:41:03.462330,372.0,178.0,386.0,204.0,176.0,182.0,176.0,182.0,,-65,8343811
23.8392,2019-09-08 18:41:03.484955,460.0,186.0,178.0,486.0,168.0,244.0,174.0,184.0,,-65,8342545
23.8625,2019-09-08 18:41:03.500058,562.0,186.0,180.0,186.0,182.0,302.0,176.0,182.0,,-65,8342828
23.8776,2019-09-08 18:41:03.520149,640.0,186.0,648.0,208.0,168.0,374.0,184.0,168.0,,-66,8342669
23.8977,2019-09-08 18:41:03.534977,684.0,188.0,686.0,188.0,182.0,182.0,182.0,168.0,,-66,8342029
23.9116,2019-09-08 18:41:03.546453,694.0,696.0,188.0,180.0,476.0,480.0,182.0,168.0,,-66,8342929
23.923,2019-09-08 18:41:03.567706,702.0,704.0,180.0,216.0,492.0,496.0,168.0,168.0,,-66,8342842
23.9442,2019-09-08 18:41:03.903058,218.0,190.0,190.0,218.0,170.0,198.0,170.0,420.0,,-78,8343389
24.2796,2019-09-08 18:41:03.910907,256.0,234.0,234.0,342.0,296.0,200.0,202.0,398.0,,-78,8342904
24.2875,2019-09-08 18:41:03.932345,372.0,350.0,352.0,352.0,394.0,206.0,206.0,172.0,,-78,8342648
24.309,2019-09-08 18:41:03.945942,250.0,250.0,358.0,358.0,322.0,210.0,210.0,172.0,,-78,8342901
24.3226,2019-09-08 18:41:03.961420,396.0,258.0,362.0,362.0,346.0,172.0,216.0,346.0,,-78,8342884
24.3383,2019-09-08 18:41:03.981744,262.0,364.0,226.0,408.0,352.0,222.0,174.0,304.0,,-79,8342285
24.3586,2019-09-08 18:41:03.999426,360.0,412.0,224.0,412.0,368.0,174.0,174.0,378.0,,-79,8343126
24.3766,2019-09-08 18:41:04.016585,412.0,412.0,222.0,222.0,398.0,250.0,406.0,266.0,,-79,8342859
24.3934,2019-09-08 18:41:04.047164,220.0,404.0,278.0,218.0,178.0,232.0,418.0,422.0,,-79,8343178
24.424,2019-09-08 18:41:04.061223,278.0,328.0,216.0,326.0,180.0,182.0,432.0,434.0,,-79,8342635
24.4381,2019-09-08 18:41:04.102254,316.0,356.0,214.0,214.0,188.0,196.0,194.0,192.0,,-79,8343029
24.4792,2019-09-08 18:41:04.113309,278.0,278.0,266.0,274.0,188.0,466.0,362.0,202.0,,-79,8342254
24.4901,2019-09-08 18:41:04.131978,258.0,256.0,210.0,252.0,186.0,184.0,464.0,368.0,,-79,8343313
24.509,2019-09-08 18:41:04.141367,208.0,236.0,208.0,232.0,462.0,370.0,214.0,182.0,,-78,8343385
24.5182,2019-09-08 18:41:04.153169,208.0,206.0,214.0,214.0,452.0,372.0,222.0,180.0,,-78,8344206
24.53,2019-09-08 18:41:04.165288,216.0,198.0,198.0,214.0,438.0,432.0,366.0,234.0,,-77,8344683
24.5423,2019-09-08 18:41:04.186542,208.0,192.0,208.0,190.0,180.0,408.0,354.0,240.0,,-76,8344631
24.5634,2019-09-08 18:41:04.211157,208.0,188.0,178.0,204.0,348.0,246.0,180.0,360.0,,-74,8345531
24.588,2019-09-08 18:41:04.242209,208.0,178.0,204.0,204.0,310.0,296.0,260.0,180.0,,-69,8345150
24.6191,2019-09-08 18:41:04.254981,202.0,178.0,202.0,202.0,262.0,178.0,250.0,242.0,,-67,8346662
24.6318,2019-09-08 18:41:04.266846,186.0,178.0,202.0,202.0,254.0,180.0,224.0,212.0,,-64,8346721
24.6441,2019-09-08 18:41:04.283279,186.0,178.0,178.0,200.0,232.0,224.0,180.0,200.0,,-59,8347410
24.6603,2019-09-08 18:41:04.313002,186.0,178.0,178.0,202.0,196.0,196.0,194.0,200.0,,-52,8348036
24.6899,2019-09-08 18:41:04.319930,208.0,178.0,202.0,210.0,178.0,184.0,180.0,182.0,,-47,8351735
24.6971,2019-09-08 18:41:04.339385,186.0,200.0,178.0,200.0,184.0,170.0,180.0,178.0,,-39,8353015
24.7162,2019-09-08 18:41:04.355719,186.0,186.0,200.0,210.0,182.0,178.0,182.0,170.0,,-35,8354991
24.7326,2019-09-08 18:41:04.371526,210.0,210.0,178.0,210.0,182.0,176.0,170.0,182.0,,-30,8353541
24.7484,2019-09-08 18:41:04.386427,200.0,186.0,178.0,200.0,176.0,182.0,176.0,182.0,,-28,8352846
24.7633,2019-09-08 18:41:04.406346,178.0,200.0,178.0,200.0,170.0,182.0,168.0,182.0,,-25,8351510
24.7832,2019-09-08 18:41:04.419989,210.0,186.0,178.0,200.0,174.0,182.0,168.0,182.0,,-24,8350254
24.7971,2019-09-08 18:41:04.447034,210.0,200.0,178.0,186.0,182.0,170.0,182.0,174.0,,-23,8348389
24.824,2019-09-08 18:41:04.463395,210.0,210.0,200.0,178.0,182.0,170.0,182.0,174.0,,-23,8346479
24.8402,2019-09-08 18:41:04.477035,210.0,210.0,178.0,178.0,174.0,182.0,170.0,182.0,,-24,8344441
24.8539,2019-09-08 18:41:04.498840,210.0,186.0,210.0,178.0,174.0,182.0,168.0,182.0,,-25,8344257
24.8757,2019-09-08 18:41:04.512686,210.0,186.0,178.0,186.0,170.0,182.0,174.0,182.0,,-26,8342853
24.8895,2019-09-08 18:41:04.525695,210.0,186.0,178.0,200.0,168.0,182.0,174.0,182.0,,-28,8343669
24.9025,2019-09-08 18:41:04.557385,208.0,186.0,208.0,210.0,182.0,168.0,182.0,174.0,,-32,8343583
24.9344,2019-09-08 18:41:04.565656,200.0,210.0,186.0,178.0,182.0,174.0,182.0,168.0,,-34,8342676
24.9425,2019-09-08 18:41:04.581975,208.0,186.0,178.0,208.0,182.0,174.0,182.0,168.0,,-36,8342929
24.9588,2019-09-08 18:41:04.604917,208.0,186.0,200.0,200.0,184.0,174.0,182.0,168.0,,-41,8343032
24.9819,2019-09-08 18:41:04.617856,208.0,208.0,178.0,202.0,176.0,182.0,174.0,182.0,,-43,8343219
24.9945,2019-09-08 18:41:04.635186,208.0,208.0,178.0,202.0,176.0,182.0,174.0,182.0,,-49,8342686
25.0117,2019-09-08 18:41:04.661268,208.0,186.0,178.0,200.0,176.0,182.0,182.0,182.0,,-52,8342693
25.038,2019-09-08 18:41:04.671174,208.0,200.0,178.0,178.0,176.0,182.0,168.0,182.0,,-57,8344209
25.0478,2019-09-08 18:41:04.684716,178.0,202.0,178.0,178.0,184.0,176.0,182.0,170.0,,-58,8344143
25.0612,2019-09-08 18:41:04.717658,208.0,186.0,178.0,208.0,190.0,184.0,182.0,192.0,,-62,8344977
25.0942,2019-09-08 18:41:04.737739,208.0,186.0,208.0,208.0,176.0,182.0,192.0,192.0,,-63,8345095
25.1146,2019-09-08 18:41:04.752021,202.0,186.0,178.0,178.0,192.0,176.0,168.0,194.0,,-64,8345261
25.1286,2019-09-08 18:41:04.761573,210.0,210.0,186.0,212.0,194.0,182.0,168.0,196.0,,-65,8344472
25.1381,2019-09-08 18:41:04.787025,220.0,186.0,204.0,204.0,176.0,168.0,198.0,200.0,,-65,8344790
25.1639,2019-09-08 18:41:04.793898,186.0,178.0,202.0,266.0,182.0,168.0,176.0,184.0,,-65,8344531
25.1705,2019-09-08 18:41:05.012956,186.0,186.0,178.0,204.0,230.0,176.0,240.0,182.0,,-67,8343676
25.3896,2019-09-08 18:41:05.019542,666.0,198.0,182.0,220.0,168.0,460.0,182.0,182.0,,-67,8343956
25.3962,2019-09-08 18:41:05.070764,224.0,202.0,184.0,224.0,512.0,174.0,506.0,240.0,,-70,8343742
25.4474,2019-09-08 18:41:05.079601,582.0,220.0,186.0,242.0,240.0,256.0,174.0,494.0,,-71,8343479
25.4566,2019-09-08 18:41:05.092694,548.0,546.0,230.0,190.0,240.0,260.0,174.0,482.0,,-71,8343008
25.4693,2019-09-08 18:41:05.107150,522.0,520.0,240.0,192.0,480.0,266.0,174.0,472.0,,-72,8343295
25.4838,2019-09-08 18:41:05.131636,496.0,248.0,492.0,490.0,470.0,272.0,174.0,464.0,,-74,8343749
25.5083,2019-09-08 18:41:05.138298,468.0,260.0,198.0,272.0,240.0,278.0,174.0,454.0,,-74,8342631
25.5149,2019-09-08 18:41:05.159276,278.0,274.0,202.0,280.0,284.0,176.0,446.0,244.0,,-75,8344112
25.5365,2019-09-08 18:41:05.185138,402.0,292.0,206.0,290.0,292.0,438.0,434.0,246.0,,-76,8342963
25.5618,2019-09-08 18:41:05.198881,370.0,308.0,212.0,296.0,302.0,176.0,176.0,418.0,,-77,8343929
25.5755,2019-09-08 18:41:05.223563,340.0,324.0,306.0,218.0,314.0,318.0,178.0,258.0,,-77,8342987
25.6008,2019-09-08 18:41:05.231230,310.0,308.0,346.0,224.0,328.0,178.0,180.0,266.0,,-77,8343226
25.6085,2019-09-08 18:41:05.240791,284.0,362.0,232.0,322.0,344.0,180.0,360.0,276.0,,-78,8342828
25.6175,2019-09-08 18:41:05.262012,264.0,380.0,238.0,258.0,360.0,182.0,336.0,286.0,,-78,8343821
25.6385,2019-09-08 18:41:05.274259,244.0,334.0,246.0,242.0,298.0,306.0,312.0,408.0,,-78,8344572
25.6508,2019-09-08 18:41:05.287051,236.0,338.0,234.0,410.0,192.0,264.0,326.0,426.0,,-79,8344458
25.6636,2019-09-08 18:41:05.301987,256.0,340.0,230.0,340.0,432.0,200.0,236.0,442.0,,-79,8344638
25.6785,2019-09-08 18:41:05.320760,262.0,228.0,426.0,338.0,446.0,222.0,352.0,458.0,,-79,8344202
25.6983,2019-09-08 18:41:05.339277,226.0,226.0,226.0,426.0,208.0,360.0,470.0,214.0,,-79,8345195
25.7158,2019-09-08 18:41:05.428121,286.0,316.0,214.0,282.0,184.0,244.0,324.0,412.0,,-74,8343382
25.8047,2019-09-08 18:41:05.439149,212.0,270.0,250.0,260.0,314.0,396.0,248.0,180.0,,-72,8343306
25.8158,2019-09-08 18:41:05.452609,210.0,234.0,234.0,238.0,292.0,360.0,250.0,180.0,,-71,8343759
25.8292,2019-09-08 18:41:05.473915,210.0,210.0,224.0,222.0,268.0,180.0,254.0,302.0,,-69,8343576
25.8505,2019-09-08 18:41:05.521175,198.0,216.0,214.0,198.0,248.0,180.0,234.0,180.0,,-58,8346676
25.8977,2019-09-08 18:41:05.529828,208.0,210.0,188.0,178.0,224.0,214.0,180.0,200.0,,-54,8346763
25.9064,2019-09-08 18:41:05.538396,210.0,178.0,186.0,186.0,206.0,198.0,178.0,194.0,,-49,8347950
25.9151,2019-09-08 18:41:05.552533,210.0,202.0,210.0,188.0,180.0,184.0,188.0,190.0,,-44,8349171
25.9291,2019-09-08 18:41:05.574206,202.0,202.0,178.0,202.0,176.0,180.0,188.0,186.0,,-39,8350410
25.9509,2019-09-08 18:41:05.588317,202.0,186.0,178.0,202.0,180.0,180.0,180.0,182.0,,-35,8350610
25.9651,2019-09-08 18:41:05.606018,210.0,186.0,202.0,202.0,170.0,182.0,178.0,182.0,,-25,8352676
25.9826,2019-09-08 18:41:05.622243,210.0,210.0,210.0,202.0,182.0,178.0,182.0,168.0,,-23,8355126
25.9988,2019-09-08 18:41:05.640039,210.0,186.0,186.0,178.0,182.0,182.0,168.0,170.0,,-21,8357130
26.0168,2019-09-08 18:41:05.657551,210.0,186.0,186.0,202.0,182.0,168.0,182.0,168.0,,-19,8358268
26.0344,2019-09-08 18:41:05.676795,186.0,178.0,178.0,210.0,182.0,178.0,170.0,182.0,,-19,8358351
26.0538,2019-09-08 18:41:05.693215,210.0,186.0,210.0,178.0,176.0,182.0,170.0,182.0,,-19,8356455
26.0701,2019-09-08 18:41:05.707085,210.0,186.0,210.0,186.0,176.0,182.0,176.0,182.0,,-20,8356358
26.084,2019-09-08 18:41:05.722724,200.0,186.0,178.0,200.0,182.0,182.0,182.0,176.0,,-22,8355303
26.0996,2019-09-08 18:41:05.742431,178.0,210.0,178.0,200.0,182.0,182.0,170.0,182.0,,-23,8354361
26.119,2019-09-08 18:41:05.790624,210.0,200.0,210.0,186.0,180.0,174.0,182.0,170.0,,-29,8350846
26.1672,2019-09-08 18:41:05.820749,200.0,186.0,178.0,200.0,182.0,170.0,174.0,168.0,,-37,8350649
26.1973,2019-09-08 18:41:05.827669,210.0,210.0,186.0,178.0,168.0,176.0,170.0,180.0,,-40,8350254
26.2042,2019-09-08 18:41:05.859646,210.0,186.0,178.0,200.0,168.0,180.0,168.0,182.0,,-46,8348462
26.2363,2019-09-08 18:41:05.874037,200.0,186.0,178.0,200.0,168.0,176.0,168.0,168.0,,-51,8347828
26.2516,2019-09-08 18:41:05.893030,178.0,210.0,186.0,178.0,178.0,182.0,168.0,182.0,,-57,8347652
26.2697,2019-09-08 18:41:05.906127,210.0,186.0,178.0,186.0,178.0,182.0,168.0,168.0,,-59,8347693
26.2828,2019-09-08 18:41:05.918089,208.0,186.0,186.0,178.0,182.0,168.0,180.0,180.0,,-61,8348074
26.295,2019-09-08 18:41:05.932430,210.0,188.0,178.0,200.0,184.0,178.0,182.0,168.0,,-65,8348347
26.3091,2019-09-08 18:41:05.948849,208.0,186.0,178.0,186.0,182.0,182.0,170.0,178.0,,-66,8347783
26.3255,2019-09-08 18:41:05.964702,202.0,186.0,178.0,186.0,182.0,186.0,178.0,188.0,,-69,8347112
26.3413,2019-09-08 18:41:05.993513,208.0,186.0,178.0,186.0,178.0,184.0,178.0,184.0,,-70,8346821
26.3701,2019-09-08 18:41:06.004341,204.0,208.0,178.0,202.0,170.0,194.0,176.0,182.0,,-70,8346489
26.381,2019-09-08 18:41:06.019537,210.0,188.0,178.0,202.0,170.0,200.0,168.0,184.0,,-71,8346510
26.3962,2019-09-08 18:41:06.037315,208.0,188.0,208.0,186.0,168.0,210.0,176.0,216.0,,-71,8347289
26.4139,2019-09-08 18:41:06.053878,210.0,210.0,186.0,208.0,184.0,168.0,232.0,184.0,,-70,8347039
26.4304,2019-09-08 18:41:06.077218,188.0,186.0,200.0,202.0,168.0,316.0,178.0,182.0,,-70,8347088
26.4538,2019-09-08 18:41:06.095974,234.0,186.0,242.0,186.0,180.0,342.0,180.0,168.0,,-69,8346773
26.4727,2019-09-08 18:41:06.108267,290.0,186.0,178.0,202.0,168.0,186.0,182.0,362.0,,-68,8345327
26.485,2019-09-08 18:41:06.124897,354.0,186.0,178.0,202.0,188.0,364.0,188.0,364.0,,-68,8344548
26.5018,2019-09-08 18:41:06.144485,204.0,186.0,178.0,204.0,190.0,192.0,188.0,170.0,,-67,8343174
26.5219,2019-09-08 18:41:06.214426,178.0,186.0,180.0,204.0,464.0,236.0,176.0,176.0,,-68,8347247
26.5926,2019-09-08 18:41:06.226557,660.0,188.0,182.0,666.0,484.0,212.0,254.0,176.0,,-68,8346129
26.6044,2019-09-08 18:41:06.240810,682.0,190.0,182.0,218.0,500.0,212.0,212.0,268.0,,-68,8344389
26.6177,2019-09-08 18:41:06.258749,182.0,218.0,182.0,706.0,214.0,276.0,178.0,514.0,,-69,8343299
26.6365,2019-09-08 18:41:06.271886,704.0,196.0,184.0,700.0,286.0,178.0,516.0,516.0,,-69,8343102
26.6485,2019-09-08 18:41:06.289490,684.0,200.0,184.0,676.0,298.0,178.0,304.0,178.0,,-69,8342555
26.666,2019-09-08 18:41:06.303819,186.0,230.0,186.0,232.0,214.0,312.0,180.0,216.0,,-70,8345046
26.6804,2019-09-08 18:41:06.328391,186.0,236.0,224.0,242.0,318.0,180.0,180.0,490.0,,-70,8346693
26.7053,2019-09-08 18:41:06.349063,532.0,528.0,528.0,192.0,486.0,482.0,216.0,332.0,,-71,8345904
26.7261,2019-09-08 18:41:06.378305,250.0,468.0,260.0,260.0,218.0,362.0,416.0,412.0,,-72,8344714
26.7549,2019-09-08 18:41:06.403689,264.0,432.0,276.0,268.0,372.0,182.0,182.0,392.0,,-73,8344600
26.7803,2019-09-08 18:41:06.431910,384.0,280.0,210.0,280.0,366.0,184.0,356.0,186.0,,-74,8345880
26.8085,2019-09-08 18:41:06.453741,286.0,324.0,328.0,290.0,416.0,188.0,336.0,188.0,,-74,8347583
26.8303,2019-09-08 18:41:06.494093,224.0,348.0,304.0,356.0,282.0,246.0,480.0,200.0,,-75,8348932
26.8706,2019-09-08 18:41:06.509725,286.0,366.0,284.0,282.0,264.0,250.0,494.0,204.0,,-76,8347939
26.8862,2019-09-08 18:41:06.517812,272.0,378.0,238.0,312.0,244.0,504.0,208.0,510.0,,-76,8348911
26.8945,2019-09-08 18:41:06.534897,258.0,242.0,244.0,318.0,210.0,226.0,212.0,518.0,,-76,8349562
26.9114,2019-09-08 18:41:06.555304,322.0,322.0,322.0,324.0,264.0,522.0,214.0,206.0,,-75,8350185
26.9318,2019-09-08 18:41:06.571398,236.0,414.0,326.0,234.0,264.0,526.0,218.0,200.0,,-75,8351389
26.948,2019-09-08 18:41:06.597455,232.0,422.0,232.0,422.0,264.0,228.0,192.0,262.0,,-72,8351790
26.974,2019-09-08 18:41:06.610774,230.0,428.0,228.0,430.0,500.0,232.0,186.0,256.0,,-71,8351735
26.9873,2019-09-08 18:41:06.623819,268.0,434.0,270.0,226.0,476.0,236.0,460.0,238.0,,-69,8351403
27.0004,2019-09-08 18:41:06.639793,226.0,436.0,274.0,226.0,182.0,240.0,180.0,228.0,,-66,8352098
27.0166,2019-09-08 18:41:06.658101,224.0,276.0,314.0,312.0,404.0,242.0,180.0,214.0,,-63,8352289
27.0346,2019-09-08 18:41:06.672886,422.0,276.0,304.0,304.0,352.0,240.0,180.0,202.0,,-58,8352839
27.0494,2019-09-08 18:41:06.691869,218.0,274.0,296.0,296.0,198.0,278.0,226.0,180.0,,-55,8354617
27.0684,2019-09-08 18:41:06.712200,270.0,348.0,268.0,286.0,198.0,180.0,184.0,204.0,,-47,8356465
27.0891,2019-09-08 18:41:06.727481,262.0,298.0,260.0,272.0,184.0,180.0,180.0,194.0,,-43,8357856
27.1045,2019-09-08 18:41:06.746065,252.0,258.0,248.0,254.0,176.0,174.0,178.0,178.0,,-33,8358891
27.1231,2019-09-08 18:41:06.762587,210.0,228.0,234.0,238.0,186.0,182.0,178.0,184.0,,-29,8359787
27.1396,2019-09-08 18:41:06.776423,210.0,212.0,214.0,226.0,182.0,176.0,184.0,170.0,,-24,8359389
27.1532,2019-09-08 18:41:06.800667,210.0,200.0,198.0,218.0,180.0,182.0,176.0,180.0,,-21,8359175
27.1776,2019-09-08 18:41:06.813342,208.0,194.0,188.0,210.0,176.0,184.0,170.0,182.0,,-20,8358804
27.1904,2019-09-08 18:41:06.827862,188.0,180.0,206.0,210.0,174.0,182.0,168.0,180.0,,-20,8359469
27.2048,2019-09-08 18:41:06.845430,210.0,186.0,206.0,188.0,174.0,182.0,182.0,174.0,,-20,8359576
27.2227,2019-09-08 18:41:06.904405,204.0,186.0,178.0,204.0,182.0,182.0,182.0,174.0,,-25,8360237
27.2812,2019-09-08 18:41:06.917149,186.0,178.0,178.0,204.0,170.0,182.0,176.0,182.0,,-26,8358939
27.2941,2019-09-08 18:41:06.925894,210.0,186.0,178.0,202.0,170.0,182.0,170.0,182.0,,-28,8359320
27.3028,2019-09-08 18:41:06.986900,186.0,178.0,210.0,202.0,170.0,182.0,174.0,182.0,,-34,8358725
27.3638,2019-09-08 18:41:07.025347,210.0,186.0,178.0,202.0,182.0,176.0,182.0,170.0,,-42,8345714
27.4021,2019-09-08 18:41:07.034760,178.0,200.0,178.0,200.0,176.0,182.0,170.0,182.0,,-44,8344552
27.4113,2019-09-08 18:41:07.047121,210.0,210.0,186.0,178.0,176.0,182.0,170.0,182.0,,-46,8344109
27.4238,2019-09-08 18:41:07.060789,202.0,210.0,186.0,210.0,176.0,178.0,182.0,168.0,,-48,8345067
27.4375,2019-09-08 18:41:07.076266,210.0,186.0,186.0,200.0,178.0,182.0,168.0,168.0,,-51,8344628
27.4529,2019-09-08 18:41:07.090658,210.0,210.0,178.0,210.0,182.0,178.0,182.0,182.0,,-53,8345150
27.4672,2019-09-08 18:41:07.108908,210.0,210.0,186.0,200.0,176.0,182.0,168.0,182.0,,-55,8345299
27.4855,2019-09-08 18:41:07.122443,210.0,186.0,178.0,200.0,182.0,170.0,182.0,178.0,,-56,8343953
27.4994,2019-09-08 18:41:07.136493,200.0,186.0,178.0,200.0,184.0,180.0,170.0,178.0,,-59,8344662
27.5136,2019-09-08 18:41:07.153604,210.0,200.0,178.0,200.0,182.0,182.0,186.0,186.0,,-60,8344209
27.5309,2019-09-08 18:41:07.182511,178.0,186.0,210.0,186.0,182.0,168.0,188.0,188.0,,-62,8345233
27.5594,2019-09-08 18:41:07.190899,186.0,186.0,200.0,208.0,168.0,190.0,176.0,182.0,,-63,8344603
27.5683,2019-09-08 18:41:07.210476,186.0,178.0,202.0,208.0,170.0,194.0,176.0,182.0,,-63,8345624
27.5872,2019-09-08 18:41:07.223070,208.0,200.0,208.0,202.0,170.0,198.0,176.0,184.0,,-63,8344825
27.5997,2019-09-08 18:41:07.237687,208.0,178.0,202.0,202.0,170.0,204.0,206.0,184.0,,-63,8344742
27.6148,2019-09-08 18:41:07.254245,202.0,202.0,178.0,188.0,212.0,170.0,220.0,176.0,,-63,8345074
27.6309,2019-09-08 18:41:07.278302,188.0,202.0,202.0,202.0,232.0,178.0,182.0,176.0,,-63,8345686
27.6549,2019-09-08 18:41:07.293516,202.0,208.0,188.0,202.0,286.0,186.0,182.0,168.0,,-63,8345839
27.6701,2019-09-08 18:41:07.329229,212.0,202.0,214.0,214.0,312.0,190.0,186.0,170.0,,-64,8347306
27.7059,2019-09-08 18:41:07.339263,222.0,222.0,226.0,202.0,170.0,340.0,170.0,352.0,,-64,8346725
27.7164,2019-09-08 18:41:07.347305,248.0,250.0,186.0,178.0,204.0,198.0,170.0,374.0,,-64,8347233
27.7239,2019-09-08 18:41:07.362757,292.0,186.0,300.0,186.0,204.0,206.0,394.0,216.0,,-65,8348918
27.7394,2019-09-08 18:41:07.381259,344.0,352.0,186.0,178.0,212.0,220.0,418.0,222.0,,-66,8349219
27.7579,2019-09-08 18:41:07.397296,400.0,186.0,178.0,204.0,218.0,174.0,436.0,228.0,,-67,8349794
27.7739,2019-09-08 18:41:07.419124,444.0,188.0,180.0,210.0,234.0,230.0,236.0,230.0,,-68,8350604
27.7961,2019-09-08 18:41:07.434807,482.0,188.0,180.0,214.0,174.0,480.0,240.0,234.0,,-68,8351548
27.8117,2019-09-08 18:41:07.481387,526.0,190.0,182.0,218.0,174.0,242.0,236.0,174.0,,-70,8350856
27.8584,2019-09-08 18:41:07.488400,622.0,624.0,196.0,184.0,238.0,246.0,494.0,248.0,,-70,8350316
27.8649,2019-09-08 18:41:07.503170,652.0,198.0,198.0,198.0,492.0,248.0,240.0,174.0,,-71,8349489
27.8797,2019-09-08 18:41:07.529394,226.0,660.0,204.0,204.0,482.0,252.0,240.0,474.0,,-72,8348756
27.906,2019-09-08 18:41:07.552725,234.0,212.0,188.0,214.0,268.0,252.0,176.0,420.0,,-73,8349157
27.9293,2019-09-08 18:41:07.573734,608.0,216.0,188.0,188.0,274.0,258.0,402.0,282.0,,-74,8349306
27.9504,2019-09-08 18:41:07.590455,580.0,190.0,190.0,570.0,284.0,178.0,380.0,292.0,,-75,8348918
27.9673,2019-09-08 18:41:07.618890,552.0,228.0,544.0,542.0,284.0,178.0,314.0,294.0,,-75,8348078
27.9956,2019-09-08 18:41:07.633645,524.0,250.0,518.0,234.0,180.0,318.0,326.0,304.0,,-76,8347977
28.0107,2019-09-08 18:41:07.643852,502.0,238.0,194.0,254.0,182.0,296.0,336.0,318.0,,-76,8347593
28.0205,2019-09-08 18:41:07.660054,260.0,246.0,196.0,262.0,184.0,278.0,348.0,332.0,,-76,8349296
28.0368,2019-09-08 18:41:07.681570,460.0,258.0,198.0,270.0,264.0,260.0,358.0,348.0,,-77,8349392
28.0582,2019-09-08 18:41:07.697757,276.0,268.0,270.0,280.0,350.0,366.0,238.0,370.0,,-77,8350071
28.0744,2019-09-08 18:41:07.722025,404.0,280.0,206.0,288.0,382.0,380.0,212.0,200.0,,-78,8348534
28.0987,2019-09-08 18:41:07.749622,376.0,292.0,212.0,298.0,206.0,386.0,406.0,204.0,,-78,8349669
28.1263,2019-09-08 18:41:07.760783,352.0,306.0,218.0,218.0,200.0,390.0,420.0,210.0,,-78,8349835
28.1374,2019-09-08 18:41:07.777982,326.0,324.0,322.0,224.0,196.0,394.0,216.0,192.0,,-78,8350707
28.1548,2019-09-08 18:41:07.793746,304.0,332.0,228.0,320.0,394.0,448.0,230.0,188.0,,-78,8349783
28.1704,2019-09-08 18:41:07.808520,284.0,282.0,236.0,328.0,390.0,236.0,238.0,186.0,,-78,8348742
28.1852,2019-09-08 18:41:07.829904,336.0,358.0,242.0,336.0,186.0,242.0,186.0,380.0,,-77,8348687
28.207,2019-09-08 18:41:07.843197,248.0,368.0,244.0,344.0,452.0,248.0,450.0,250.0,,-77,8346642
28.2211,2019-09-08 18:41:07.856343,376.0,248.0,250.0,352.0,448.0,368.0,182.0,362.0,,-76,8347309
28.2332,2019-09-08 18:41:07.876678,230.0,230.0,254.0,358.0,438.0,258.0,180.0,346.0,,-75,8344863
28.2537,2019-09-08 18:41:07.892588,228.0,382.0,256.0,360.0,262.0,264.0,180.0,408.0,,-73,8344275
28.2694,2019-09-08 18:41:07.907559,362.0,380.0,258.0,378.0,320.0,396.0,312.0,384.0,,-72,8343998
28.2857,2019-09-08 18:41:07.927366,356.0,372.0,222.0,354.0,180.0,292.0,286.0,274.0,,-71,8343340
28.3044,2019-09-08 18:41:07.948212,220.0,360.0,258.0,346.0,180.0,270.0,264.0,276.0,,-69,8343109
28.3253,2019-09-08 18:41:07.966517,218.0,218.0,336.0,256.0,274.0,248.0,296.0,272.0,,-66,8343015
28.3437,2019-09-08 18:41:07.988155,214.0,310.0,252.0,318.0,258.0,180.0,236.0,244.0,,-63,8342866
28.3657,2019-09-08 18:41:07.998999,212.0,246.0,300.0,298.0,180.0,208.0,218.0,226.0,,-61,8343496
28.3763,2019-09-08 18:41:08.011625,210.0,250.0,238.0,274.0,212.0,218.0,180.0,210.0,,-58,8343340
28.3894,2019-09-08 18:41:08.033011,258.0,222.0,228.0,250.0,194.0,194.0,198.0,178.0,,-52,8343164
28.4107,2019-09-08 18:41:08.048189,210.0,204.0,214.0,234.0,188.0,194.0,184.0,180.0,,-45,8343050
28.4259,2019-09-08 18:41:08.063664,226.0,198.0,198.0,204.0,192.0,190.0,182.0,182.0,,-42,8343718
28.441,2019-09-08 18:41:08.080768,210.0,194.0,196.0,216.0,180.0,184.0,182.0,182.0,,-35,8342763
28.4581,2019-09-08 18:41:08.099527,190.0,210.0,188.0,210.0,170.0,184.0,178.0,178.0,,-32,8343147
28.4781,2019-09-08 18:41:08.116373,210.0,188.0,182.0,206.0,184.0,170.0,182.0,178.0,,-28,8342337
28.493,2019-09-08 18:41:08.138704,210.0,188.0,180.0,210.0,170.0,182.0,176.0,182.0,,-26,8343593
28.5154,2019-09-08 18:41:08.156195,210.0,186.0,180.0,204.0,182.0,170.0,182.0,176.0,,-26,8344448
28.5328,2019-09-08 18:41:08.184105,210.0,186.0,178.0,204.0,182.0,182.0,176.0,182.0,,-25,8344257
28.5607,2019-09-08 18:41:08.190430,210.0,186.0,178.0,202.0,170.0,182.0,176.0,182.0,,-25,8344316
28.5671,2019-09-08 18:41:08.199728,210.0,186.0,178.0,212.0,182.0,176.0,182.0,170.0,,-25,8343603
28.5768,2019-09-08 18:41:08.215792,210.0,186.0,210.0,210.0,170.0,182.0,174.0,182.0,,-25,8343029
28.5926,2019-09-08 18:41:08.234741,212.0,210.0,178.0,178.0,174.0,176.0,182.0,182.0,,-27,8343379
28.6116,2019-09-08 18:41:08.249519,212.0,212.0,186.0,200.0,182.0,176.0,182.0,170.0,,-28,8343379
28.6264,2019-09-08 18:41:08.264825,212.0,186.0,178.0,178.0,176.0,182.0,170.0,182.0,,-29,8343804
28.6414,2019-09-08 18:41:08.283721,212.0,186.0,178.0,200.0,182.0,182.0,182.0,174.0,,-31,8343379
28.6603,2019-09-08 18:41:08.304315,212.0,212.0,178.0,200.0,182.0,170.0,170.0,182.0,,-33,8343316
28.6812,2019-09-08 18:41:08.316008,212.0,186.0,178.0,202.0,182.0,170.0,170.0,174.0,,-35,8343503
28.6928,2019-09-08 18:41:08.340760,210.0,210.0,212.0,202.0,170.0,182.0,174.0,182.0,,-38,8344088
28.7176,2019-09-08 18:41:08.350622,210.0,186.0,178.0,186.0,176.0,182.0,170.0,182.0,,-39,8344873
28.7278,2019-09-08 18:41:08.367370,178.0,212.0,212.0,186.0,182.0,170.0,170.0,176.0,,-43,8344832
28.7442,2019-09-08 18:41:08.381753,210.0,186.0,186.0,202.0,170.0,182.0,182.0,176.0,,-45,8346095
28.7586,2019-09-08 18:41:08.399803,212.0,186.0,186.0,178.0,182.0,170.0,176.0,182.0,,-46,8345012
28.7772,2019-09-08 18:41:08.414785,210.0,210.0,186.0,178.0,170.0,182.0,176.0,182.0,,-50,8344268
28.7919,2019-09-08 18:41:08.430728,210.0,186.0,178.0,178.0,170.0,182.0,176.0,170.0,,-52,8343790
28.8073,2019-09-08 18:41:08.449580,202.0,186.0,178.0,202.0,182.0,170.0,182.0,170.0,,-55,8343444
28.8262,2019-09-08 18:41:08.464444,210.0,210.0,178.0,200.0,182.0,168.0,182.0,170.0,,-57,8343365
28.8411,2019-09-08 18:41:08.479505,210.0,210.0,186.0,178.0,168.0,184.0,176.0,182.0,,-60,8344098
28.8561,2019-09-08 18:41:08.499580,210.0,200.0,178.0,200.0,176.0,182.0,170.0,188.0,,-61,8342981
28.8767,2019-09-08 18:41:08.514332,210.0,186.0,178.0,202.0,176.0,176.0,176.0,182.0,,-63,8343316
28.8912,2019-09-08 18:41:08.532715,210.0,186.0,178.0,202.0,176.0,182.0,170.0,170.0,,-63,8343538
28.9096,2019-09-08 18:41:08.553140,208.0,186.0,180.0,200.0,198.0,176.0,184.0,202.0,,-64,8344475
28.93,2019-09-08 18:41:08.566675,178.0,202.0,208.0,188.0,182.0,170.0,182.0,176.0,,-64,8344780
28.9435,2019-09-08 18:41:08.586545,210.0,186.0,178.0,210.0,176.0,170.0,214.0,176.0,,-64,8343943
28.9634,2019-09-08 18:41:08.603894,212.0,188.0,212.0,214.0,170.0,226.0,170.0,182.0,,-64,8343119
28.9808,2019-09-08 18:41:08.623335,218.0,186.0,202.0,178.0,176.0,182.0,170.0,274.0,,-64,8343379
29.0002,2019-09-08 18:41:08.643131,232.0,186.0,180.0,202.0,170.0,318.0,182.0,168.0,,-65,8343918
29.0202,2019-09-08 18:41:08.655800,254.0,186.0,258.0,264.0,334.0,186.0,184.0,168.0,,-65,8343074
29.0328,2019-09-08 18:41:08.670068,300.0,186.0,178.0,202.0,350.0,190.0,358.0,192.0,,-65,8343974
29.0472,2019-09-08 18:41:08.688382,352.0,186.0,180.0,202.0,368.0,170.0,190.0,170.0,,-65,8342538
29.0653,2019-09-08 18:41:08.707789,394.0,188.0,180.0,208.0,170.0,398.0,200.0,194.0,,-65,8342164
29.0847,2019-09-08 18:41:08.726093,414.0,190.0,182.0,212.0,170.0,196.0,202.0,196.0,,-66,8341911
29.1029,2019-09-08 18:41:08.747902,194.0,184.0,182.0,214.0,200.0,170.0,204.0,206.0,,-66,8342624
29.1249,2019-09-08 18:41:08.761114,476.0,184.0,486.0,488.0,506.0,170.0,518.0,170.0,,-67,8342607
29.138,2019-09-08 18:41:08.777592,512.0,204.0,518.0,204.0,206.0,170.0,550.0,170.0,,-67,8342084
29.1546,2019-09-08 18:41:08.793521,222.0,210.0,222.0,222.0,564.0,570.0,208.0,170.0,,-68,8342797
29.1704,2019-09-08 18:41:08.810729,214.0,190.0,226.0,226.0,206.0,212.0,206.0,598.0,,-68,8342444
29.1876,2019-09-08 18:41:08.825840,570.0,192.0,230.0,230.0,208.0,216.0,172.0,610.0,,-69,8342531
29.2024,2019-09-08 18:41:08.848593,226.0,192.0,194.0,578.0,172.0,222.0,172.0,616.0,,-69,8342901
29.2255,2019-09-08 18:41:08.881325,234.0,230.0,194.0,580.0,226.0,226.0,170.0,172.0,,-70,8343015
29.2582,2019-09-08 18:41:08.887896,196.0,234.0,574.0,236.0,172.0,210.0,232.0,172.0,,-71,8343008
29.2648,2019-09-08 18:41:08.897090,238.0,240.0,560.0,558.0,612.0,236.0,172.0,210.0,,-71,8342814
29.2741,2019-09-08 18:41:08.917503,240.0,244.0,198.0,542.0,238.0,172.0,602.0,210.0,,-72,8344088
29.2945,2019-09-08 18:41:08.929966,528.0,250.0,198.0,250.0,598.0,172.0,172.0,592.0,,-73,8343240
29.307,2019-09-08 18:41:08.950328,512.0,256.0,508.0,246.0,210.0,170.0,588.0,210.0,,-74,8343804
29.3273,2019-09-08 18:41:08.965692,496.0,494.0,248.0,202.0,246.0,172.0,580.0,250.0,,-74,8343285
29.3426,2019-09-08 18:41:08.984232,474.0,252.0,272.0,204.0,170.0,572.0,212.0,256.0,,-75,8343576
29.3611,2019-09-08 18:41:08.998988,256.0,448.0,282.0,258.0,172.0,560.0,214.0,266.0,,-75,8342704
29.376,2019-09-08 18:41:09.017897,430.0,288.0,210.0,266.0,268.0,172.0,218.0,274.0,,-76,8342569
29.3948,2019-09-08 18:41:09.039281,298.0,212.0,398.0,214.0,520.0,516.0,294.0,174.0,,-76,8343403
29.4161,2019-09-08 18:41:09.063041,382.0,380.0,310.0,278.0,304.0,174.0,496.0,228.0,,-77,8343199
29.4399,2019-09-08 18:41:09.075536,364.0,282.0,222.0,284.0,316.0,230.0,480.0,328.0,,-77,8343212
29.4527,2019-09-08 18:41:09.094200,328.0,288.0,290.0,290.0,242.0,242.0,180.0,426.0,,-77,8344008
29.4711,2019-09-08 18:41:09.108983,338.0,340.0,326.0,298.0,180.0,374.0,182.0,396.0,,-78,8343358
29.4862,2019-09-08 18:41:09.128582,302.0,304.0,234.0,304.0,254.0,392.0,258.0,364.0,,-78,8343641
29.5054,2019-09-08 18:41:09.153170,292.0,290.0,360.0,286.0,262.0,410.0,186.0,334.0,,-78,8343621
29.5301,2019-09-08 18:41:09.167570,276.0,366.0,274.0,314.0,268.0,426.0,190.0,304.0,,-78,8343590
29.5444,2019-09-08 18:41:09.190888,262.0,374.0,246.0,320.0,194.0,260.0,196.0,248.0,,-78,8344417
29.5678,2019-09-08 18:41:09.222821,252.0,390.0,390.0,390.0,200.0,216.0,288.0,288.0,,-77,8344126
29.6002,2019-09-08 18:41:09.233464,322.0,322.0,256.0,230.0,202.0,202.0,474.0,286.0,,-76,8344711
29.6103,2019-09-08 18:41:09.258493,230.0,388.0,256.0,256.0,196.0,284.0,464.0,206.0,,-75,8343853
29.6355,2019-09-08 18:41:09.273133,226.0,226.0,374.0,254.0,192.0,276.0,274.0,444.0,,-73,8342967
29.6503,2019-09-08 18:41:09.283114,222.0,222.0,350.0,250.0,266.0,430.0,210.0,210.0,,-72,8342967
29.6602,2019-09-08 18:41:09.298062,218.0,326.0,246.0,290.0,186.0,248.0,392.0,184.0,,-71,8343244
29.6749,2019-09-08 18:41:09.394082,216.0,292.0,238.0,280.0,210.0,186.0,206.0,182.0,,-69,8343628
29.7709,2019-09-08 18:41:09.436137,212.0,208.0,210.0,232.0,180.0,186.0,198.0,174.0,,-45,8344517
29.813,2019-09-08 18:41:09.468228,206.0,188.0,206.0,206.0,170.0,182.0,178.0,184.0,,-42,8344050
29.8452,2019-09-08 18:41:09.478135,186.0,186.0,178.0,204.0,170.0,182.0,178.0,184.0,,-40,8343700
29.855,2019-09-08 18:41:09.490747,212.0,188.0,178.0,212.0,170.0,182.0,176.0,184.0,,-38,8343676
29.8676,2019-09-08 18:41:09.506980,212.0,186.0,178.0,204.0,170.0,182.0,176.0,176.0,,-37,8344655
29.8835,2019-09-08 18:41:09.523216,212.0,186.0,178.0,212.0,176.0,170.0,170.0,182.0,,-37,8345462
29.8998,2019-09-08 18:41:09.537325,212.0,202.0,212.0,186.0,182.0,176.0,182.0,170.0,,-37,8345347
29.9142,2019-09-08 18:41:09.552554,212.0,186.0,178.0,202.0,182.0,176.0,170.0,176.0,,-38,8344915
29.9303,2019-09-08 18:41:09.575656,212.0,186.0,178.0,202.0,182.0,176.0,182.0,170.0,,-38,8346410
29.9527,2019-09-08 18:41:09.643788,178.0,186.0,178.0,202.0,182.0,176.0,184.0,170.0,,-42,8346219
30.0207,2019-09-08 18:41:09.650874,212.0,186.0,178.0,212.0,170.0,170.0,176.0,182.0,,-43,8345711
30.0294,2019-09-08 18:41:09.668749,212.0,186.0,212.0,186.0,182.0,182.0,176.0,182.0,,-44,8345763
30.0463,2019-09-08 18:41:09.691229,212.0,186.0,178.0,212.0,182.0,170.0,182.0,182.0,,-46,8345209
30.0686,2019-09-08 18:41:09.699298,212.0,186.0,178.0,202.0,182.0,178.0,176.0,178.0,,-47,8345621
30.0768,2019-09-08 18:41:09.709880,202.0,186.0,178.0,212.0,182.0,170.0,182.0,178.0,,-48,8344586
30.0881,2019-09-08 18:41:09.730491,212.0,202.0,212.0,186.0,182.0,170.0,170.0,178.0,,-51,8344424
30.1081,2019-09-08 18:41:09.746545,178.0,186.0,212.0,202.0,178.0,184.0,170.0,182.0,,-52,8343039
30.1239,2019-09-08 18:41:09.769323,178.0,212.0,186.0,178.0,182.0,176.0,182.0,178.0,,-54,8344084
30.1459,2019-09-08 18:41:09.786378,202.0,186.0,212.0,202.0,182.0,178.0,178.0,178.0,,-55,8344268
30.163,2019-09-08 18:41:09.799721,212.0,186.0,212.0,186.0,170.0,182.0,178.0,182.0,,-56,8344448
30.1767,2019-09-08 18:41:09.830111,212.0,186.0,178.0,186.0,170.0,182.0,178.0,170.0,,-58,8344275
30.2075,2019-09-08 18:41:09.839696,212.0,186.0,178.0,212.0,170.0,182.0,178.0,178.0,,-59,8343641
30.2172,2019-09-08 18:41:09.851296,202.0,186.0,178.0,202.0,182.0,182.0,182.0,178.0,,-60,8344119
30.2291,2019-09-08 18:41:09.882804,202.0,186.0,178.0,202.0,182.0,170.0,182.0,182.0,,-63,8343873
30.2603,2019-09-08 18:41:09.890212,202.0,212.0,178.0,178.0,178.0,182.0,170.0,182.0,,-64,8343873
30.268,2019-09-08 18:41:09.903747,202.0,186.0,178.0,202.0,178.0,182.0,170.0,184.0,,-65,8345264
30.2811,2019-09-08 18:41:09.919005,212.0,186.0,212.0,186.0,178.0,182.0,182.0,170.0,,-66,8344977
30.2964,2019-09-08 18:41:09.936400,212.0,186.0,210.0,186.0,178.0,182.0,178.0,178.0,,-67,8344507
30.3133,2019-09-08 18:41:09.951042,210.0,212.0,186.0,178.0,184.0,182.0,188.0,176.0,,-67,8344237
30.3285,2019-09-08 18:41:09.985253,212.0,186.0,178.0,202.0,178.0,170.0,190.0,178.0,,-68,8344084
30.3627,2019-09-08 18:41:09.992648,212.0,186.0,178.0,202.0,184.0,170.0,200.0,200.0,,-69,8343354
30.37,2019-09-08 18:41:10.005630,212.0,186.0,178.0,212.0,170.0,178.0,176.0,184.0,,-69,8344026
30.3829,2019-09-08 18:41:10.019546,212.0,212.0,178.0,202.0,184.0,170.0,230.0,176.0,,-69,8343375
30.3974,2019-09-08 18:41:10.038097,214.0,186.0,178.0,216.0,184.0,170.0,270.0,178.0,,-69,8343849
30.415,2019-09-08 18:41:10.050332,220.0,188.0,178.0,204.0,182.0,170.0,326.0,170.0,,-69,8344257
30.4273,2019-09-08 18:41:10.076246,230.0,186.0,180.0,204.0,358.0,182.0,182.0,170.0,,-69,8344008
30.4531,2019-09-08 18:41:10.087996,204.0,186.0,266.0,204.0,186.0,188.0,168.0,424.0,,-70,8345077
30.4657,2019-09-08 18:41:10.101828,322.0,204.0,338.0,204.0,194.0,198.0,184.0,186.0,,-70,8344652
30.4788,2019-09-08 18:41:10.118052,402.0,186.0,180.0,206.0,170.0,438.0,214.0,190.0,,-70,8343053
30.4956,2019-09-08 18:41:10.138748,460.0,188.0,466.0,470.0,220.0,194.0,170.0,436.0,,-70,8342994
30.5164,2019-09-08 18:41:10.151602,488.0,188.0,492.0,210.0,230.0,198.0,442.0,238.0,,-70,8343538
30.529,2019-09-08 18:41:10.167958,514.0,180.0,214.0,520.0,240.0,172.0,450.0,246.0,,-70,8343745
30.5453,2019-09-08 18:41:10.190083,538.0,180.0,214.0,214.0,458.0,258.0,458.0,260.0,,-71,8343347
30.5679,2019-09-08 18:41:10.202472,558.0,190.0,180.0,214.0,220.0,174.0,222.0,174.0,,-71,8342877
30.5798,2019-09-08 18:41:10.221451,180.0,214.0,180.0,214.0,226.0,174.0,460.0,272.0,,-71,8343655
30.5987,2019-09-08 18:41:10.243348,580.0,192.0,180.0,214.0,176.0,456.0,278.0,452.0,,-71,8343334
30.6204,2019-09-08 18:41:10.260623,592.0,192.0,182.0,214.0,278.0,450.0,278.0,238.0,,-71,8342970
30.6382,2019-09-08 18:41:10.282956,604.0,194.0,182.0,216.0,176.0,176.0,446.0,278.0,,-71,8343053
30.6604,2019-09-08 18:41:10.296527,194.0,182.0,216.0,216.0,176.0,176.0,278.0,242.0,,-72,8343278
30.6733,2019-09-08 18:41:10.309252,196.0,182.0,218.0,218.0,176.0,176.0,440.0,242.0,,-72,8343015
30.6858,2019-09-08 18:41:10.421010,642.0,182.0,182.0,218.0,438.0,438.0,274.0,244.0,,-75,8343759
30.7984,2019-09-08 18:41:10.430096,222.0,182.0,222.0,222.0,262.0,250.0,434.0,434.0,,-75,8343877
30.807,2019-09-08 18:41:10.448514,694.0,184.0,222.0,222.0,262.0,250.0,178.0,178.0,,-76,8344005
30.8252,2019-09-08 18:41:10.461499,184.0,222.0,184.0,692.0,430.0,258.0,252.0,178.0,,-76,8343465
30.8381,2019-09-08 18:41:10.497869,182.0,200.0,198.0,184.0,404.0,254.0,250.0,176.0,,-77,8343821
30.8752,2019-09-08 18:41:10.505580,184.0,200.0,184.0,222.0,386.0,252.0,248.0,178.0,,-77,8343420
30.8822,2019-09-08 18:41:10.517760,684.0,200.0,184.0,222.0,178.0,178.0,358.0,176.0,,-77,8343247
30.8944,2019-09-08 18:41:10.530998,682.0,200.0,184.0,222.0,248.0,342.0,338.0,248.0,,-77,8342960
30.9076,2019-09-08 18:41:10.570346,678.0,200.0,184.0,222.0,176.0,176.0,320.0,248.0,,-77,8343590
30.947,2019-09-08 18:41:10.585293,198.0,222.0,182.0,220.0,176.0,248.0,176.0,288.0,,-77,8343372
30.9619,2019-09-08 18:41:10.596992,634.0,198.0,182.0,220.0,244.0,178.0,176.0,280.0,,-77,8344285
30.9738,2019-09-08 18:41:10.615122,196.0,182.0,182.0,218.0,248.0,276.0,242.0,274.0,,-77,8343711
30.9917,2019-09-08 18:41:10.621781,196.0,196.0,584.0,216.0,240.0,248.0,176.0,248.0,,-77,8343299
30.9983,2019-09-08 18:41:10.629001,216.0,196.0,182.0,216.0,176.0,270.0,268.0,268.0,,-77,8343565
31.006,2019-09-08 18:41:10.648789,182.0,216.0,548.0,214.0,238.0,250.0,266.0,264.0,,-77,8344098
31.0262,2019-09-08 18:41:10.664905,214.0,536.0,194.0,182.0,234.0,176.0,176.0,264.0,,-77,8343455
31.0415,2019-09-08 18:41:10.690035,214.0,526.0,182.0,182.0,176.0,176.0,262.0,228.0,,-77,8344347
31.0679,2019-09-08 18:41:10.713598,182.0,518.0,182.0,214.0,262.0,262.0,226.0,244.0,,-77,8343825
31.0901,2019-09-08 18:41:10.719860,510.0,214.0,182.0,194.0,242.0,174.0,262.0,222.0,,-77,8344327
31.0967,2019-09-08 18:41:10.732695,506.0,194.0,504.0,214.0,174.0,174.0,262.0,220.0,,-77,8344081
31.1099,2019-09-08 18:41:10.762105,182.0,214.0,182.0,214.0,218.0,238.0,262.0,218.0,,-77,8344970
31.1388,2019-09-08 18:41:10.768905,500.0,182.0,182.0,214.0,218.0,238.0,174.0,216.0,,-77,8344652
31.1454,2019-09-08 18:41:10.780443,498.0,214.0,194.0,182.0,216.0,216.0,236.0,174.0,,-77,8344728
31.1571,2019-09-08 18:41:10.798455,214.0,182.0,214.0,214.0,174.0,214.0,236.0,174.0,,-77,8344891
31.175,2019-09-08 18:41:10.811276,490.0,194.0,182.0,182.0,262.0,262.0,216.0,236.0,,-78,8345752
31.1878,2019-09-08 18:41:10.826375,486.0,194.0,182.0,214.0,174.0,262.0,236.0,174.0,,-78,8345095
31.2034,2019-09-08 18:41:10.844062,216.0,194.0,180.0,214.0,236.0,236.0,174.0,262.0,,-78,8345420
31.2209,2019-09-08 18:41:10.861116,194.0,194.0,180.0,216.0,216.0,236.0,174.0,264.0,,-78,8345468
31.2386,2019-09-08 18:41:10.876685,180.0,194.0,476.0,194.0,264.0,174.0,234.0,174.0,,-78,8345344
31.2542,2019-09-08 18:41:10.898882,180.0,216.0,194.0,216.0,174.0,216.0,234.0,174.0,,-79,8344835
31.2758,2019-09-08 18:41:10.913542,474.0,474.0,180.0,216.0,234.0,174.0,216.0,232.0,,-79,8344645
31.2911,2019-09-08 18:41:10.928890,474.0,194.0,180.0,472.0,174.0,266.0,218.0,232.0,,-79,8345112
31.3067,2019-09-08 18:41:10.944915,472.0,192.0,180.0,472.0,232.0,174.0,268.0,218.0,,-79,8344240
31.3223,2019-09-08 18:41:10.963869,472.0,194.0,180.0,216.0,230.0,272.0,274.0,220.0,,-79,8344946
31.341,2019-09-08 18:41:10.979457,192.0,470.0,182.0,216.0,230.0,174.0,276.0,222.0,,-80,8344503
31.3563,2019-09-08 18:41:11.004155,470.0,180.0,182.0,216.0,174.0,174.0,280.0,232.0,,-80,8344728
31.3815,2019-09-08 18:41:11.016247,180.0,194.0,180.0,194.0,174.0,282.0,284.0,224.0,,-80,8344306
31.394,2019-09-08 18:41:11.032404,470.0,192.0,180.0,180.0,232.0,174.0,226.0,232.0,,-80,8344396
31.4101,2019-09-08 18:41:11.046572,472.0,192.0,180.0,216.0,232.0,288.0,228.0,232.0,,-80,8344593
31.4237,2019-09-08 18:41:11.067452,182.0,216.0,180.0,216.0,290.0,234.0,236.0,290.0,,-80,8344527
31.4453,2019-09-08 18:41:11.086168,474.0,194.0,180.0,216.0,174.0,290.0,234.0,236.0,,-80,8344600
31.4635,2019-09-08 18:41:11.114221,180.0,216.0,182.0,216.0,238.0,238.0,174.0,174.0,,-80,8344306
31.4916,2019-09-08 18:41:11.126577,180.0,194.0,478.0,216.0,290.0,238.0,174.0,174.0,,-80,8344590
31.5036,2019-09-08 18:41:11.141545,480.0,180.0,194.0,194.0,290.0,240.0,174.0,290.0,,-80,8344209
31.5184,2019-09-08 18:41:11.157128,218.0,194.0,180.0,216.0,242.0,240.0,240.0,174.0,,-80,8344956
31.5343,2019-09-08 18:41:11.183750,484.0,482.0,194.0,180.0,288.0,240.0,240.0,288.0,,-80,8344347
31.5615,2019-09-08 18:41:11.202812,484.0,194.0,216.0,484.0,174.0,242.0,176.0,242.0,,-80,8344458
31.5802,2019-09-08 18:41:11.216226,182.0,216.0,180.0,486.0,248.0,242.0,248.0,244.0,,-80,8344012
31.5939,2019-09-08 18:41:11.230130,218.0,194.0,180.0,216.0,250.0,244.0,288.0,288.0,,-80,8344974
31.6072,2019-09-08 18:41:11.250446,182.0,216.0,180.0,218.0,252.0,288.0,252.0,246.0,,-80,8344077
31.6272,2019-09-08 18:41:11.267154,218.0,194.0,486.0,180.0,176.0,252.0,246.0,176.0,,-80,8344143
31.6439,2019-09-08 18:41:11.282976,180.0,194.0,194.0,218.0,286.0,254.0,248.0,176.0,,-80,8344922
31.6598,2019-09-08 18:41:11.307367,488.0,194.0,488.0,216.0,286.0,176.0,286.0,248.0,,-80,8343292
31.6842,2019-09-08 18:41:11.322049,194.0,194.0,180.0,194.0,176.0,248.0,176.0,284.0,,-80,8344641
31.6989,2019-09-08 18:41:11.341162,488.0,194.0,488.0,488.0,176.0,284.0,252.0,252.0,,-80,8344278
31.718,2019-09-08 18:41:11.355974,488.0,180.0,218.0,488.0,178.0,282.0,252.0,258.0,,-80,8345074
31.7329,2019-09-08 18:41:11.372941,488.0,194.0,180.0,218.0,178.0,280.0,258.0,280.0,,-80,8345026
31.7498,2019-09-08 18:41:11.391957,194.0,194.0,216.0,194.0,176.0,280.0,176.0,278.0,,-81,8344541
31.7688,2019-09-08 18:41:11.412632,488.0,218.0,180.0,180.0,258.0,178.0,258.0,254.0,,-81,8344904
31.7897,2019-09-08 18:41:11.426963,218.0,194.0,218.0,486.0,254.0,178.0,280.0,176.0,,-81,8344302
31.8039,2019-09-08 18:41:11.443864,180.0,218.0,180.0,194.0,278.0,256.0,256.0,278.0,,-81,8344046
31.821,2019-09-08 18:41:11.463020,486.0,194.0,182.0,486.0,178.0,280.0,280.0,258.0,,-81,8345122
31.8399,2019-09-08 18:41:11.534922,486.0,196.0,180.0,218.0,258.0,256.0,176.0,282.0,,-81,8344164
31.9118,2019-09-08 18:41:11.543494,218.0,484.0,196.0,180.0,256.0,256.0,256.0,176.0,,-81,8344915
31.9203,2019-09-08 18:41:11.554795,484.0,486.0,194.0,180.0,284.0,178.0,256.0,178.0,,-81,8344396
31.9316,2019-09-08 18:41:11.571417,484.0,484.0,180.0,218.0,178.0,284.0,254.0,256.0,,-81,8344621
31.9484,2019-09-08 18:41:11.583110,484.0,484.0,194.0,180.0,256.0,176.0,284.0,256.0,,-81,8344756
31.9599,2019-09-08 18:41:11.646005,484.0,194.0,484.0,218.0,176.0,252.0,254.0,176.0,,-81,8345171
32.0228,2019-09-08 18:41:11.657765,484.0,196.0,484.0,196.0,290.0,252.0,254.0,176.0,,-81,8344655
32.0346,2019-09-08 18:41:11.674705,484.0,196.0,180.0,218.0,292.0,176.0,292.0,250.0,,-81,8345122
32.0516,2019-09-08 18:41:11.688670,484.0,194.0,484.0,196.0,252.0,176.0,294.0,248.0,,-81,8344763
32.0656,2019-09-08 18:41:11.706322,484.0,194.0,484.0,180.0,250.0,252.0,176.0,294.0,,-81,8344358
32.0831,2019-09-08 18:41:11.732840,484.0,194.0,484.0,484.0,176.0,250.0,248.0,250.0,,-81,8344873
32.1097,2019-09-08 18:41:11.739450,484.0,194.0,180.0,484.0,176.0,298.0,176.0,298.0,,-81,8345427
32.1166,2019-09-08 18:41:11.749248,218.0,196.0,180.0,484.0,246.0,298.0,244.0,300.0,,-81,8344468
32.1262,2019-09-08 18:41:11.763228,216.0,486.0,196.0,180.0,246.0,176.0,176.0,300.0,,-81,8344565
32.1401,2019-09-08 18:41:11.781295,218.0,194.0,180.0,218.0,244.0,176.0,300.0,242.0,,-81,8344635
32.1581,2019-09-08 18:41:11.799002,486.0,196.0,180.0,194.0,302.0,242.0,302.0,176.0,,-81,8344635
32.1758,2019-09-08 18:41:11.817383,218.0,194.0,180.0,196.0,246.0,176.0,244.0,240.0,,-81,8344437
32.194,2019-09-08 18:41:11.837166,486.0,194.0,180.0,216.0,244.0,176.0,306.0,238.0,,-81,8343458
32.214,2019-09-08 18:41:11.853016,488.0,486.0,194.0,218.0,244.0,176.0,306.0,238.0,,-81,8343780
32.2296,2019-09-08 18:41:11.870911,180.0,218.0,180.0,194.0,242.0,174.0,242.0,236.0,,-81,8343977
32.2485,2019-09-08 18:41:11.891309,486.0,196.0,180.0,218.0,242.0,174.0,306.0,234.0,,-81,8344237
32.2681,2019-09-08 18:41:11.904541,488.0,180.0,180.0,218.0,174.0,174.0,306.0,242.0,,-81,8343759
32.2819,2019-09-08 18:41:11.923453,196.0,488.0,180.0,216.0,232.0,306.0,174.0,306.0,,-81,8344102
32.3004,2019-09-08 18:41:11.946447,490.0,194.0,180.0,218.0,230.0,308.0,230.0,238.0,,-81,8343853
32.3231,2019-09-08 18:41:11.959451,194.0,180.0,218.0,218.0,174.0,240.0,230.0,238.0,,-81,8343610
32.3361,2019-09-08 18:41:11.976275,494.0,218.0,180.0,218.0,174.0,308.0,238.0,238.0,,-81,8344157
32.3529,2019-09-08 18:41:11.999974,194.0,180.0,218.0,194.0,308.0,308.0,230.0,174.0,,-81,8344365
32.3771,2019-09-08 18:41:12.016287,180.0,216.0,500.0,216.0,238.0,174.0,308.0,238.0,,-81,8344032
32.3934,2019-09-08 18:41:12.033636,504.0,180.0,218.0,504.0,230.0,238.0,306.0,174.0,,-81,8343385
32.4105,2019-09-08 18:41:12.048595,180.0,218.0,180.0,218.0,174.0,240.0,240.0,306.0,,-82,8343859
32.4254,2019-09-08 18:41:12.063104,218.0,196.0,180.0,218.0,232.0,240.0,174.0,306.0,,-82,8343631
32.44,2019-09-08 18:41:12.078407,514.0,180.0,180.0,218.0,174.0,306.0,232.0,240.0,,-82,8344005
32.4554,2019-09-08 18:41:12.098288,180.0,196.0,218.0,520.0,232.0,174.0,304.0,232.0,,-82,8343205
32.4751,2019-09-08 18:41:12.127867,196.0,180.0,180.0,182.0,240.0,174.0,302.0,234.0,,-82,8343102
32.5048,2019-09-08 18:41:12.141139,528.0,196.0,528.0,198.0,242.0,174.0,300.0,234.0,,-82,8344036
32.5177,2019-09-08 18:41:12.154757,532.0,532.0,196.0,220.0,300.0,242.0,176.0,234.0,,-82,8343842
32.5318,2019-09-08 18:41:12.185431,536.0,196.0,182.0,220.0,234.0,296.0,234.0,240.0,,-82,8343693
32.5623,2019-09-08 18:41:12.193568,180.0,220.0,180.0,540.0,174.0,240.0,234.0,240.0,,-82,8344039
32.5704,2019-09-08 18:41:12.203504,540.0,196.0,180.0,222.0,240.0,240.0,236.0,240.0,,-82,8342783
32.5804,2019-09-08 18:41:12.227659,542.0,198.0,540.0,196.0,236.0,174.0,294.0,236.0,,-82,8342603
32.6047,2019-09-08 18:41:12.238554,180.0,222.0,182.0,222.0,238.0,174.0,294.0,236.0,,-82,8343915
32.6154,2019-09-08 18:41:12.252792,180.0,196.0,536.0,196.0,294.0,236.0,238.0,174.0,,-82,8343863
32.6297,2019-09-08 18:41:12.267706,532.0,198.0,180.0,222.0,296.0,236.0,236.0,238.0,,-82,8343109
32.645,2019-09-08 18:41:12.289925,526.0,196.0,182.0,196.0,296.0,234.0,236.0,238.0,,-82,8343936
32.6671,2019-09-08 18:41:12.304417,516.0,196.0,180.0,220.0,174.0,174.0,236.0,174.0,,-82,8343666
32.6814,2019-09-08 18:41:12.328763,196.0,180.0,220.0,220.0,298.0,174.0,298.0,236.0,,-83,8344257
32.7058,2019-09-08 18:41:12.344545,488.0,198.0,182.0,220.0,298.0,296.0,236.0,238.0,,-83,8343223
32.7242,2019-09-08 18:41:12.353917,470.0,180.0,218.0,196.0,236.0,238.0,176.0,296.0,,-83,8343095
32.7315,2019-09-08 18:41:12.370088,218.0,448.0,198.0,182.0,238.0,238.0,238.0,176.0,,-83,8343524
32.7472,2019-09-08 18:41:12.441939,430.0,216.0,426.0,196.0,238.0,174.0,176.0,240.0,,-83,8343513
32.8185,2019-09-08 18:41:12.448504,388.0,196.0,386.0,216.0,244.0,240.0,240.0,288.0,,-83,8343475
32.8253,2019-09-08 18:41:12.482674,380.0,196.0,196.0,216.0,286.0,286.0,246.0,240.0,,-83,8343953
32.8598,2019-09-08 18:41:12.492572,370.0,198.0,182.0,216.0,176.0,284.0,248.0,240.0,,-83,8344032
32.8694,2019-09-08 18:41:12.503765,366.0,198.0,180.0,216.0,250.0,240.0,176.0,282.0,,-83,8344334
32.8804,2019-09-08 18:41:12.519683,362.0,198.0,182.0,216.0,250.0,250.0,238.0,176.0,,-83,8343929
32.8973,2019-09-08 18:41:12.547045,358.0,182.0,216.0,216.0,282.0,250.0,238.0,176.0,,-83,8343956
32.9242,2019-09-08 18:41:12.558382,354.0,198.0,354.0,216.0,284.0,250.0,250.0,236.0,,-83,8343846
32.9354,2019-09-08 18:41:12.572530,216.0,198.0,352.0,350.0,174.0,284.0,250.0,234.0,,-83,8343963
32.9494,2019-09-08 18:41:12.596323,350.0,216.0,182.0,350.0,232.0,232.0,288.0,288.0,,-84,8343074
32.9732,2019-09-08 18:41:12.609475,182.0,198.0,182.0,348.0,250.0,232.0,176.0,290.0,,-84,8343811
