time_index,time_stamp,L1,L2,L3,L4,R1,R2,R3,R4,Futek,ENC2
0.0005,2019-09-08 18:24:00.068496,218.0,198.0,180.0,218.0,228.0,214.0,174.0,302.0,,-13,8341665
0.8971,2019-09-08 18:24:00.081213,370.0,198.0,180.0,218.0,212.0,174.0,302.0,302.0,,-13,8342036
0.9102,2019-09-08 18:24:00.095803,218.0,198.0,180.0,218.0,214.0,174.0,302.0,228.0,,-13,8341749
0.9252,2019-09-08 18:24:00.103516,370.0,198.0,180.0,370.0,214.0,174.0,302.0,228.0,,-13,8342174
0.9329,2019-09-08 18:24:00.116225,370.0,198.0,180.0,218.0,174.0,302.0,226.0,214.0,,-13,8342998
0.9453,2019-09-08 18:24:00.130607,370.0,198.0,370.0,198.0,174.0,302.0,228.0,214.0,,-13,8341582
0.9603,2019-09-08 18:24:00.149255,370.0,198.0,180.0,218.0,174.0,302.0,228.0,214.0,,-13,8341852
0.9788,2019-09-08 18:24:00.165940,370.0,198.0,180.0,218.0,174.0,302.0,228.0,214.0,,-13,8341987
0.9956,2019-09-08 18:24:00.176882,370.0,198.0,180.0,370.0,302.0,226.0,214.0,174.0,,-13,8341963
1.0063,2019-09-08 18:24:00.197011,370.0,198.0,370.0,198.0,302.0,228.0,212.0,302.0,,-13,8341821
1.0264,2019-09-08 18:24:00.204234,370.0,198.0,180.0,218.0,228.0,214.0,174.0,302.0,,-13,8341960
1.0331,2019-09-08 18:24:00.227968,370.0,198.0,370.0,370.0,214.0,214.0,302.0,302.0,,-13,8342814
1.0569,2019-09-08 18:24:00.243791,370.0,198.0,370.0,370.0,228.0,214.0,174.0,302.0,,-13,8342607
1.0727,2019-09-08 18:24:00.252308,370.0,198.0,370.0,180.0,212.0,174.0,302.0,226.0,,-13,8341707
1.0821,2019-09-08 18:24:00.296115,370.0,198.0,180.0,370.0,302.0,302.0,228.0,174.0,,-13,8341794
1.125,2019-09-08 18:24:00.302922,370.0,198.0,370.0,218.0,302.0,228.0,228.0,212.0,,-13,8342316
1.1323,2019-09-08 18:24:00.313581,368.0,198.0,180.0,218.0,174.0,228.0,212.0,174.0,,-13,8342088
1.1429,2019-09-08 18:24:00.344307,368.0,198.0,180.0,218.0,228.0,174.0,174.0,228.0,,-13,8341537
1.1732,2019-09-08 18:24:00.351112,368.0,198.0,180.0,368.0,212.0,174.0,302.0,226.0,,-13,8342198
1.181,2019-09-08 18:24:00.358796,368.0,198.0,180.0,368.0,212.0,174.0,302.0,226.0,,-13,8341600
1.1881,2019-09-08 18:24:00.378397,368.0,198.0,180.0,368.0,174.0,302.0,226.0,212.0,,-13,8342191
1.2075,2019-09-08 18:24:00.394750,368.0,198.0,180.0,218.0,174.0,226.0,304.0,226.0,,-13,8342025
1.2236,2019-09-08 18:24:00.406134,218.0,198.0,180.0,218.0,304.0,226.0,212.0,174.0,,-13,8342112
1.235,2019-09-08 18:24:00.419615,368.0,198.0,180.0,218.0,304.0,226.0,212.0,304.0,,-13,8341942
1.2481,2019-09-08 18:24:00.437707,218.0,198.0,180.0,218.0,304.0,174.0,212.0,174.0,,-13,8342437
1.2668,2019-09-08 18:24:00.450634,218.0,368.0,198.0,180.0,212.0,174.0,304.0,226.0,,-13,8341776
1.2797,2019-09-08 18:24:00.466889,368.0,198.0,180.0,218.0,212.0,172.0,306.0,226.0,,-13,8342281
1.2958,2019-09-08 18:24:00.485305,368.0,198.0,180.0,218.0,174.0,304.0,226.0,212.0,,-13,8342403
1.3145,2019-09-08 18:24:00.500287,368.0,198.0,180.0,218.0,212.0,174.0,304.0,226.0,,-13,8342084
1.3297,2019-09-08 18:24:00.514713,370.0,198.0,180.0,216.0,306.0,224.0,304.0,224.0,,-13,8341735
1.3441,2019-09-08 18:24:00.536225,368.0,198.0,180.0,218.0,306.0,224.0,224.0,212.0,,-13,8342281
1.3649,2019-09-08 18:24:00.549194,368.0,198.0,180.0,218.0,306.0,224.0,210.0,212.0,,-13,8342160
1.3781,2019-09-08 18:24:00.559834,368.0,198.0,180.0,218.0,306.0,306.0,226.0,212.0,,-13,8342489
1.39,2019-09-08 18:24:00.575079,368.0,198.0,180.0,218.0,224.0,224.0,212.0,174.0,,-13,8342472
1.405,2019-09-08 18:24:00.593962,368.0,198.0,180.0,218.0,226.0,174.0,306.0,224.0,,-13,8342614
1.4238,2019-09-08 18:24:00.605970,218.0,198.0,180.0,218.0,212.0,174.0,306.0,304.0,,-13,8342160
1.4359,2019-09-08 18:24:00.629958,218.0,198.0,180.0,218.0,224.0,306.0,224.0,212.0,,-13,8341351
1.4589,2019-09-08 18:24:00.644460,370.0,198.0,180.0,218.0,210.0,224.0,212.0,174.0,,-13,8342527
1.4739,2019-09-08 18:24:00.655453,198.0,198.0,180.0,216.0,304.0,306.0,224.0,210.0,,-13,8342451
1.484,2019-09-08 18:24:00.668572,370.0,198.0,180.0,218.0,174.0,212.0,226.0,174.0,,-13,8342468
1.4972,2019-09-08 18:24:00.686803,370.0,198.0,180.0,218.0,174.0,306.0,226.0,306.0,,-13,8341181
1.5154,2019-09-08 18:24:00.702182,370.0,198.0,218.0,370.0,174.0,212.0,226.0,306.0,,-13,8342216
1.5308,2019-09-08 18:24:00.717093,370.0,370.0,180.0,218.0,174.0,306.0,306.0,174.0,,-13,8341735
1.5457,2019-09-08 18:24:00.768788,180.0,370.0,370.0,198.0,306.0,306.0,226.0,306.0,,-13,8342008
1.5976,2019-09-08 18:24:00.775272,370.0,370.0,180.0,216.0,306.0,226.0,212.0,212.0,,-13,8342776
1.6039,2019-09-08 18:24:00.785565,370.0,198.0,180.0,198.0,212.0,174.0,306.0,226.0,,-13,8342191
1.6141,2019-09-08 18:24:00.802912,370.0,198.0,370.0,370.0,212.0,226.0,306.0,226.0,,-13,8342489
1.6319,2019-09-08 18:24:00.819937,370.0,198.0,370.0,370.0,306.0,174.0,212.0,226.0,,-13,8342025
1.6495,2019-09-08 18:24:00.845494,370.0,198.0,370.0,370.0,226.0,226.0,212.0,174.0,,-13,8342036
1.6741,2019-09-08 18:24:00.853676,370.0,198.0,180.0,370.0,306.0,306.0,210.0,174.0,,-13,8342603
1.6834,2019-09-08 18:24:00.865729,370.0,198.0,180.0,216.0,306.0,306.0,210.0,174.0,,-13,8342077
1.6948,2019-09-08 18:24:00.880807,370.0,198.0,180.0,218.0,174.0,174.0,174.0,226.0,,-13,8342524
1.7097,2019-09-08 18:24:00.895320,370.0,198.0,178.0,218.0,306.0,174.0,306.0,306.0,,-13,8342288
1.7239,2019-09-08 18:24:00.911561,180.0,198.0,180.0,216.0,174.0,212.0,226.0,212.0,,-13,8342115
1.7404,2019-09-08 18:24:00.926538,370.0,180.0,218.0,218.0,306.0,212.0,174.0,306.0,,-13,8342627
1.7554,2019-09-08 18:24:00.955231,198.0,180.0,180.0,218.0,306.0,174.0,212.0,174.0,,-13,8342403
1.7842,2019-09-08 18:24:00.961914,180.0,198.0,180.0,216.0,212.0,174.0,306.0,226.0,,-13,8342354
1.7908,2019-09-08 18:24:00.976449,370.0,198.0,180.0,218.0,174.0,226.0,226.0,212.0,,-13,8342022
1.8053,2019-09-08 18:24:00.997140,198.0,180.0,218.0,198.0,306.0,224.0,212.0,210.0,,-13,8341745
1.826,2019-09-08 18:24:01.013294,370.0,370.0,180.0,370.0,306.0,224.0,210.0,174.0,,-13,8341749
1.8427,2019-09-08 18:24:01.026264,180.0,370.0,180.0,180.0,306.0,174.0,306.0,224.0,,-13,8341956
1.8549,2019-09-08 18:24:01.051712,370.0,198.0,198.0,180.0,224.0,212.0,174.0,308.0,,-13,8341863
1.8804,2019-09-08 18:24:01.062398,218.0,196.0,196.0,180.0,210.0,308.0,224.0,308.0,,-13,8342050
1.891,2019-09-08 18:24:01.075400,370.0,198.0,180.0,218.0,174.0,308.0,224.0,224.0,,-13,8341970
1.904,2019-09-08 18:24:01.089264,370.0,196.0,180.0,370.0,210.0,174.0,210.0,224.0,,-13,8342209
1.9179,2019-09-08 18:24:01.108351,370.0,196.0,370.0,370.0,174.0,174.0,224.0,210.0,,-13,8342126
1.9369,2019-09-08 18:24:01.121326,370.0,370.0,180.0,180.0,174.0,308.0,174.0,310.0,,-13,8341731
1.9499,2019-09-08 18:24:01.141929,370.0,196.0,180.0,180.0,310.0,224.0,210.0,174.0,,-13,8342420
1.9705,2019-09-08 18:24:01.157082,372.0,198.0,196.0,372.0,310.0,174.0,310.0,174.0,,-13,8342268
1.9857,2019-09-08 18:24:01.172723,370.0,198.0,370.0,198.0,310.0,224.0,174.0,174.0,,-13,8342579
2.0016,2019-09-08 18:24:01.184130,370.0,196.0,180.0,218.0,224.0,224.0,174.0,210.0,,-13,8342257
2.0138,2019-09-08 18:24:01.199023,370.0,196.0,180.0,216.0,174.0,312.0,310.0,224.0,,-13,8341994
2.0277,2019-09-08 18:24:01.213586,372.0,198.0,180.0,216.0,312.0,174.0,174.0,312.0,,-13,8342863
2.0431,2019-09-08 18:24:01.229359,370.0,198.0,180.0,216.0,312.0,174.0,210.0,210.0,,-13,8341939
2.0581,2019-09-08 18:24:01.272880,372.0,198.0,180.0,216.0,312.0,222.0,210.0,174.0,,-13,8341769
2.1016,2019-09-08 18:24:01.284433,372.0,372.0,180.0,216.0,312.0,222.0,222.0,222.0,,-13,8341949
2.1135,2019-09-08 18:24:01.294493,372.0,218.0,180.0,218.0,222.0,174.0,312.0,222.0,,-13,8342700
2.1236,2019-09-08 18:24:01.313214,372.0,196.0,180.0,216.0,312.0,222.0,210.0,312.0,,-13,8341991
2.1421,2019-09-08 18:24:01.323000,372.0,196.0,180.0,218.0,210.0,174.0,312.0,224.0,,-13,8342371
2.1519,2019-09-08 18:24:01.346345,372.0,372.0,180.0,216.0,174.0,222.0,222.0,210.0,,-13,8342171
2.1752,2019-09-08 18:24:01.358033,372.0,372.0,180.0,216.0,174.0,312.0,222.0,210.0,,-13,8341967
2.1869,2019-09-08 18:24:01.369363,372.0,372.0,180.0,216.0,210.0,312.0,222.0,222.0,,-13,8342257
2.1984,2019-09-08 18:24:01.387184,198.0,372.0,180.0,216.0,312.0,210.0,312.0,312.0,,-13,8342012
2.216,2019-09-08 18:24:01.402794,372.0,216.0,180.0,216.0,314.0,210.0,314.0,222.0,,-13,8341942
2.2316,2019-09-08 18:24:01.421608,216.0,196.0,372.0,196.0,314.0,174.0,208.0,174.0,,-13,8342254
2.2505,2019-09-08 18:24:01.435764,372.0,372.0,372.0,196.0,314.0,222.0,314.0,174.0,,-13,8342413
2.2646,2019-09-08 18:24:01.459217,372.0,196.0,180.0,180.0,174.0,210.0,210.0,174.0,,-13,8341562
2.2882,2019-09-08 18:24:01.471996,372.0,196.0,370.0,370.0,222.0,210.0,222.0,208.0,,-13,8341299
2.301,2019-09-08 18:24:01.482228,372.0,196.0,180.0,370.0,208.0,174.0,210.0,224.0,,-13,8342081
2.3113,2019-09-08 18:24:01.498257,370.0,196.0,180.0,216.0,210.0,208.0,174.0,222.0,,-13,8341980
2.3271,2019-09-08 18:24:01.517445,372.0,196.0,180.0,218.0,312.0,174.0,312.0,314.0,,-13,8342569
2.346,2019-09-08 18:24:01.529178,370.0,196.0,180.0,216.0,222.0,208.0,174.0,312.0,,-13,8342506
2.3591,2019-09-08 18:24:01.544854,216.0,196.0,180.0,216.0,222.0,208.0,314.0,314.0,,-13,8342136
2.3746,2019-09-08 18:24:01.566504,370.0,216.0,180.0,216.0,314.0,312.0,210.0,210.0,,-13,8343095
2.3961,2019-09-08 18:24:01.580010,180.0,218.0,180.0,216.0,174.0,312.0,174.0,208.0,,-13,8342326
2.409,2019-09-08 18:24:01.591017,370.0,196.0,372.0,216.0,312.0,222.0,208.0,174.0,,-13,8342631
2.4204,2019-09-08 18:24:01.605835,180.0,216.0,370.0,196.0,208.0,174.0,314.0,220.0,,-13,8341922
2.4347,2019-09-08 18:24:01.621318,370.0,196.0,372.0,196.0,222.0,174.0,208.0,220.0,,-13,8342544
2.45,2019-09-08 18:24:01.636649,372.0,196.0,180.0,216.0,222.0,208.0,174.0,208.0,,-13,8342171
2.4653,2019-09-08 18:24:01.662427,372.0,196.0,196.0,180.0,174.0,312.0,222.0,208.0,,-13,8341887
2.4911,2019-09-08 18:24:01.693831,372.0,196.0,180.0,218.0,208.0,312.0,312.0,174.0,,-13,8342506
2.523,2019-09-08 18:24:01.701003,372.0,196.0,180.0,216.0,312.0,222.0,208.0,174.0,,-13,8342088
2.5301,2019-09-08 18:24:01.714888,372.0,196.0,180.0,216.0,314.0,220.0,210.0,172.0,,-13,8342247
2.5435,2019-09-08 18:24:01.738204,372.0,196.0,180.0,218.0,208.0,222.0,208.0,220.0,,-13,8341883
2.5667,2019-09-08 18:24:01.748250,216.0,196.0,180.0,218.0,174.0,312.0,312.0,220.0,,-13,8341738
2.5768,2019-09-08 18:24:01.768854,372.0,198.0,180.0,216.0,312.0,220.0,220.0,208.0,,-13,8341780
2.5975,2019-09-08 18:24:01.784643,370.0,372.0,196.0,180.0,312.0,312.0,174.0,174.0,,-13,8342416
2.6132,2019-09-08 18:24:01.796372,372.0,370.0,196.0,180.0,314.0,208.0,208.0,174.0,,-13,8342672
2.6249,2019-09-08 18:24:01.810752,372.0,196.0,180.0,216.0,220.0,220.0,208.0,312.0,,-13,8341967
2.6393,2019-09-08 18:24:01.826984,370.0,196.0,180.0,218.0,314.0,220.0,208.0,220.0,,-13,8342669
2.6555,2019-09-08 18:24:01.842729,196.0,180.0,218.0,218.0,220.0,174.0,174.0,220.0,,-13,8342025
2.6713,2019-09-08 18:24:01.895837,196.0,180.0,216.0,216.0,314.0,220.0,208.0,174.0,,-13,8342098
2.7244,2019-09-08 18:24:01.905769,372.0,198.0,180.0,216.0,314.0,220.0,208.0,174.0,,-13,8342077
2.7343,2019-09-08 18:24:01.917984,372.0,198.0,180.0,218.0,314.0,220.0,208.0,174.0,,-12,8342427
2.7465,2019-09-08 18:24:01.931225,370.0,196.0,180.0,218.0,314.0,220.0,208.0,174.0,,-12,8342368
2.7598,2019-09-08 18:24:01.940614,372.0,198.0,180.0,216.0,314.0,220.0,208.0,174.0,,-12,8342389
2.7694,2019-09-08 18:24:01.966087,372.0,198.0,180.0,218.0,314.0,208.0,174.0,174.0,,-12,8342254
2.7949,2019-09-08 18:24:01.972627,372.0,180.0,218.0,218.0,220.0,208.0,174.0,314.0,,-12,8342669
2.8011,2019-09-08 18:24:01.983062,370.0,198.0,180.0,218.0,220.0,208.0,172.0,314.0,,-12,8342447
2.8116,2019-09-08 18:24:01.995950,370.0,198.0,180.0,216.0,316.0,208.0,172.0,220.0,,-12,8341818
2.8245,2019-09-08 18:24:02.013503,218.0,196.0,180.0,218.0,174.0,174.0,220.0,208.0,,-12,8342603
2.8421,2019-09-08 18:24:02.037095,370.0,180.0,216.0,216.0,316.0,220.0,208.0,172.0,,-12,8342672
2.8659,2019-09-08 18:24:02.044969,372.0,196.0,178.0,216.0,316.0,220.0,206.0,174.0,,-12,8342513
2.8736,2019-09-08 18:24:02.063377,372.0,196.0,180.0,218.0,220.0,220.0,208.0,174.0,,-12,8342475
2.892,2019-09-08 18:24:02.077112,370.0,196.0,180.0,218.0,220.0,208.0,172.0,316.0,,-12,8342133
2.906,2019-09-08 18:24:02.110386,370.0,196.0,180.0,218.0,208.0,174.0,316.0,218.0,,-12,8342268
2.9396,2019-09-08 18:24:02.117380,370.0,196.0,180.0,218.0,208.0,172.0,316.0,220.0,,-12,8341759
2.9462,2019-09-08 18:24:02.124143,370.0,196.0,180.0,370.0,206.0,316.0,220.0,218.0,,-12,8341759
2.953,2019-09-08 18:24:02.135738,368.0,196.0,180.0,216.0,174.0,172.0,220.0,218.0,,-12,8342814
2.9646,2019-09-08 18:24:02.151050,370.0,196.0,180.0,218.0,174.0,318.0,220.0,206.0,,-12,8342084
2.9801,2019-09-08 18:24:02.177568,370.0,196.0,180.0,370.0,172.0,318.0,218.0,206.0,,-12,8342316
3.0062,2019-09-08 18:24:02.184278,368.0,196.0,180.0,218.0,318.0,172.0,206.0,172.0,,-12,8342333
3.0131,2019-09-08 18:24:02.197703,370.0,196.0,180.0,218.0,318.0,220.0,206.0,318.0,,-12,8341717
3.0265,2019-09-08 18:24:02.212738,370.0,196.0,218.0,218.0,218.0,206.0,218.0,206.0,,-12,8341987
3.0414,2019-09-08 18:24:02.227848,368.0,196.0,180.0,218.0,218.0,206.0,320.0,320.0,,-12,8341749
3.0567,2019-09-08 18:24:02.244486,180.0,370.0,180.0,180.0,206.0,318.0,320.0,218.0,,-12,8341908
3.0731,2019-09-08 18:24:02.261889,218.0,196.0,180.0,370.0,320.0,218.0,218.0,206.0,,-12,8341683
3.091,2019-09-08 18:24:02.284345,368.0,196.0,180.0,370.0,320.0,218.0,320.0,218.0,,-12,8341524
3.1138,2019-09-08 18:24:02.292313,370.0,196.0,180.0,216.0,206.0,172.0,320.0,172.0,,-12,8342451
3.1217,2019-09-08 18:24:02.314463,370.0,198.0,180.0,218.0,218.0,206.0,174.0,322.0,,-12,8341769
3.1431,2019-09-08 18:24:02.400146,370.0,196.0,180.0,218.0,172.0,206.0,172.0,206.0,,-12,8341987
3.2291,2019-09-08 18:24:02.421129,218.0,370.0,180.0,218.0,218.0,172.0,324.0,206.0,,-12,8342178
3.2501,2019-09-08 18:24:02.457958,216.0,198.0,196.0,180.0,204.0,322.0,218.0,218.0,,-12,8341866
3.2866,2019-09-08 18:24:02.464275,218.0,196.0,180.0,218.0,324.0,324.0,218.0,172.0,,-12,8342686
3.2929,2019-09-08 18:24:02.491131,370.0,196.0,180.0,218.0,324.0,172.0,206.0,218.0,,-12,8341835
3.32,2019-09-08 18:24:02.502230,196.0,198.0,180.0,218.0,324.0,172.0,206.0,172.0,,-12,8342755
3.3308,2019-09-08 18:24:02.541319,370.0,196.0,370.0,218.0,218.0,324.0,218.0,206.0,,-12,8341465
3.37,2019-09-08 18:24:02.552040,370.0,198.0,218.0,218.0,172.0,324.0,218.0,206.0,,-12,8341631
3.3809,2019-09-08 18:24:02.560830,196.0,370.0,180.0,218.0,172.0,324.0,218.0,206.0,,-12,8342012
3.3894,2019-09-08 18:24:02.572553,370.0,198.0,180.0,218.0,172.0,324.0,218.0,204.0,,-12,8342012
3.4013,2019-09-08 18:24:02.592296,198.0,180.0,218.0,218.0,324.0,218.0,206.0,174.0,,-12,8341427
3.4208,2019-09-08 18:24:02.598541,370.0,196.0,180.0,370.0,324.0,218.0,218.0,206.0,,-12,8342517
3.4271,2019-09-08 18:24:02.612211,370.0,196.0,370.0,196.0,174.0,216.0,206.0,206.0,,-12,8342472
3.4409,2019-09-08 18:24:02.629523,218.0,198.0,180.0,198.0,172.0,324.0,172.0,324.0,,-12,8342766
3.4588,2019-09-08 18:24:02.647173,370.0,198.0,370.0,370.0,218.0,218.0,204.0,172.0,,-12,8341724
3.4761,2019-09-08 18:24:02.663441,370.0,198.0,370.0,198.0,324.0,218.0,206.0,206.0,,-12,8342503
3.4928,2019-09-08 18:24:02.678082,370.0,198.0,180.0,372.0,206.0,206.0,172.0,324.0,,-12,8342174
3.5068,2019-09-08 18:24:02.696677,218.0,198.0,180.0,218.0,324.0,216.0,324.0,172.0,,-12,8342769
3.5253,2019-09-08 18:24:02.706590,370.0,198.0,180.0,218.0,206.0,174.0,206.0,218.0,,-12,8341624
3.5352,2019-09-08 18:24:02.757728,218.0,198.0,180.0,218.0,206.0,172.0,324.0,172.0,,-12,8343690
3.5866,2019-09-08 18:24:02.766451,370.0,198.0,180.0,218.0,324.0,206.0,204.0,172.0,,-12,8341486
3.5951,2019-09-08 18:24:02.786607,372.0,198.0,180.0,218.0,172.0,324.0,216.0,324.0,,-12,8343212
3.6152,2019-09-08 18:24:02.808442,370.0,196.0,180.0,218.0,206.0,172.0,172.0,324.0,,-12,8342787
3.637,2019-09-08 18:24:02.815060,372.0,198.0,180.0,218.0,206.0,204.0,172.0,174.0,,-12,8342537
3.6437,2019-09-08 18:24:02.821446,370.0,198.0,180.0,218.0,216.0,206.0,172.0,172.0,,-12,8341375
3.65,2019-09-08 18:24:02.871974,372.0,196.0,180.0,218.0,216.0,324.0,172.0,324.0,,-12,8343053
3.7005,2019-09-08 18:24:02.890018,370.0,198.0,180.0,218.0,172.0,216.0,216.0,172.0,,-12,8341939
3.7187,2019-09-08 18:24:02.916565,370.0,198.0,180.0,372.0,204.0,216.0,206.0,172.0,,-12,8342185
3.7452,2019-09-08 18:24:02.922849,370.0,198.0,180.0,218.0,324.0,216.0,206.0,172.0,,-12,8342081
3.7514,2019-09-08 18:24:02.936234,370.0,198.0,180.0,218.0,324.0,216.0,172.0,324.0,,-12,8341984
3.7649,2019-09-08 18:24:02.952568,370.0,198.0,180.0,218.0,216.0,172.0,172.0,326.0,,-12,8342489
3.7811,2019-09-08 18:24:02.967273,370.0,198.0,180.0,218.0,326.0,172.0,172.0,216.0,,-12,8341832
3.7959,2019-09-08 18:24:02.983863,180.0,218.0,180.0,218.0,206.0,172.0,324.0,216.0,,-12,8342084
3.8126,2019-09-08 18:24:03.000295,180.0,218.0,180.0,218.0,172.0,324.0,204.0,216.0,,-12,8342396
3.8292,2019-09-08 18:24:03.017001,370.0,180.0,218.0,218.0,172.0,172.0,204.0,216.0,,-12,8341814
3.8456,2019-09-08 18:24:03.033507,198.0,180.0,218.0,218.0,326.0,204.0,172.0,172.0,,-12,8342129
3.8621,2019-09-08 18:24:03.052361,180.0,218.0,372.0,218.0,172.0,206.0,216.0,326.0,,-12,8342060
3.8809,2019-09-08 18:24:03.067302,218.0,198.0,370.0,198.0,172.0,206.0,172.0,326.0,,-12,8342351
3.8959,2019-09-08 18:24:03.080729,370.0,198.0,370.0,218.0,216.0,204.0,172.0,326.0,,-12,8341863
3.9093,2019-09-08 18:24:03.103998,372.0,198.0,370.0,198.0,206.0,172.0,204.0,172.0,,-12,8342316
3.9326,2019-09-08 18:24:03.113870,370.0,198.0,180.0,196.0,204.0,172.0,326.0,216.0,,-12,8342832
3.9428,2019-09-08 18:24:03.127696,370.0,198.0,180.0,370.0,216.0,206.0,326.0,216.0,,-12,8342358
3.9564,2019-09-08 18:24:03.143888,372.0,198.0,180.0,218.0,204.0,326.0,216.0,204.0,,-12,8342984
3.9725,2019-09-08 18:24:03.170188,370.0,198.0,180.0,218.0,172.0,172.0,216.0,216.0,,-12,8341700
3.9992,2019-09-08 18:24:03.176976,372.0,198.0,180.0,218.0,172.0,172.0,326.0,172.0,,-12,8342012
4.0055,2019-09-08 18:24:03.203596,370.0,198.0,180.0,218.0,172.0,216.0,204.0,204.0,,-12,8342257
4.0322,2019-09-08 18:24:03.209985,370.0,198.0,180.0,218.0,172.0,216.0,216.0,206.0,,-12,8342541
4.0387,2019-09-08 18:24:03.221569,372.0,218.0,180.0,218.0,216.0,204.0,204.0,172.0,,-12,8341582
4.0501,2019-09-08 18:24:03.243375,180.0,218.0,180.0,218.0,326.0,206.0,172.0,172.0,,-12,8342236
4.0721,2019-09-08 18:24:03.251516,180.0,198.0,180.0,218.0,216.0,206.0,172.0,174.0,,-12,8341870
4.0801,2019-09-08 18:24:03.267559,372.0,198.0,218.0,370.0,326.0,216.0,172.0,326.0,,-12,8342226
4.0961,2019-09-08 18:24:03.286675,180.0,198.0,180.0,218.0,216.0,172.0,172.0,216.0,,-12,8342672
4.1156,2019-09-08 18:24:03.316713,370.0,198.0,370.0,370.0,172.0,326.0,326.0,216.0,,-12,8342281
4.1467,2019-09-08 18:24:03.325240,370.0,198.0,198.0,198.0,204.0,172.0,326.0,216.0,,-12,8341690
4.155,2019-09-08 18:24:03.335834,370.0,198.0,180.0,218.0,172.0,326.0,216.0,172.0,,-12,8341890
4.1648,2019-09-08 18:24:03.350944,372.0,196.0,180.0,218.0,326.0,216.0,172.0,174.0,,-12,8341641
4.1804,2019-09-08 18:24:03.367427,370.0,370.0,180.0,218.0,216.0,204.0,172.0,326.0,,-12,8341894
4.1967,2019-09-08 18:24:03.419266,372.0,180.0,180.0,218.0,206.0,204.0,326.0,216.0,,-12,8342074
4.249,2019-09-08 18:24:03.428819,372.0,196.0,180.0,372.0,204.0,206.0,216.0,206.0,,-12,8342268
4.2581,2019-09-08 18:24:03.439461,372.0,372.0,198.0,218.0,172.0,326.0,216.0,216.0,,-12,8342344
4.2689,2019-09-08 18:24:03.455357,180.0,372.0,196.0,180.0,172.0,326.0,172.0,204.0,,-12,8342378
4.2842,2019-09-08 18:24:03.469591,372.0,372.0,198.0,180.0,216.0,204.0,206.0,326.0,,-12,8341686
4.2983,2019-09-08 18:24:03.487848,372.0,196.0,198.0,218.0,206.0,172.0,326.0,326.0,,-12,8341302
4.3165,2019-09-08 18:24:03.511169,372.0,198.0,180.0,218.0,172.0,326.0,218.0,326.0,,-12,8342652
4.3398,2019-09-08 18:24:03.527490,372.0,196.0,180.0,218.0,172.0,326.0,216.0,206.0,,-12,8341967
4.3564,2019-09-08 18:24:03.534551,372.0,196.0,180.0,218.0,172.0,326.0,216.0,206.0,,-12,8342257
4.3632,2019-09-08 18:24:03.546244,372.0,196.0,180.0,218.0,172.0,326.0,216.0,206.0,,-12,8342032
4.3749,2019-09-08 18:24:03.567260,180.0,198.0,180.0,218.0,326.0,204.0,172.0,326.0,,-12,8342202
4.3959,2019-09-08 18:24:03.578175,372.0,196.0,180.0,218.0,216.0,204.0,172.0,326.0,,-12,8341731
4.4068,2019-09-08 18:24:03.599020,198.0,180.0,218.0,218.0,216.0,172.0,326.0,216.0,,-12,8341987
4.4277,2019-09-08 18:24:03.619171,374.0,180.0,218.0,218.0,326.0,216.0,204.0,172.0,,-12,8341804
4.4477,2019-09-08 18:24:03.629341,374.0,198.0,180.0,218.0,326.0,326.0,216.0,172.0,,-12,8343475
4.458,2019-09-08 18:24:03.643251,376.0,196.0,218.0,374.0,326.0,216.0,204.0,216.0,,-12,8341683
4.4718,2019-09-08 18:24:03.660455,376.0,198.0,180.0,218.0,216.0,206.0,216.0,206.0,,-12,8341901
4.4892,2019-09-08 18:24:03.679068,376.0,218.0,376.0,198.0,216.0,206.0,172.0,326.0,,-12,8342960
4.5077,2019-09-08 18:24:03.699543,376.0,196.0,376.0,196.0,216.0,216.0,172.0,172.0,,-12,8342603
4.5283,2019-09-08 18:24:03.717462,376.0,196.0,218.0,198.0,204.0,172.0,326.0,216.0,,-12,8342631
4.5466,2019-09-08 18:24:03.729698,376.0,180.0,376.0,198.0,204.0,216.0,326.0,216.0,,-12,8342368
4.5588,2019-09-08 18:24:03.746278,376.0,198.0,180.0,180.0,172.0,326.0,216.0,204.0,,-12,8342153
4.5749,2019-09-08 18:24:03.760439,376.0,198.0,180.0,218.0,172.0,326.0,204.0,204.0,,-12,8343053
4.5892,2019-09-08 18:24:03.777152,374.0,198.0,374.0,198.0,326.0,216.0,172.0,326.0,,-12,8342333
4.6058,2019-09-08 18:24:03.791627,374.0,196.0,180.0,374.0,326.0,206.0,172.0,216.0,,-12,8342056
4.6204,2019-09-08 18:24:03.813905,374.0,196.0,180.0,218.0,216.0,214.0,326.0,216.0,,-12,8342053
4.6432,2019-09-08 18:24:03.824954,374.0,198.0,180.0,218.0,216.0,174.0,172.0,326.0,,-12,8341960
4.6536,2019-09-08 18:24:03.839239,374.0,198.0,180.0,218.0,326.0,214.0,326.0,214.0,,-12,8341299
4.6678,2019-09-08 18:24:03.853767,374.0,196.0,180.0,218.0,204.0,216.0,326.0,172.0,,-12,8341693
4.6838,2019-09-08 18:24:03.880298,374.0,198.0,180.0,220.0,324.0,172.0,204.0,172.0,,-12,8341704
4.7094,2019-09-08 18:24:03.890105,376.0,220.0,180.0,376.0,204.0,172.0,324.0,172.0,,-12,8342755
4.7191,2019-09-08 18:24:03.905561,218.0,196.0,180.0,218.0,204.0,172.0,204.0,172.0,,-12,8342230
4.7344,2019-09-08 18:24:03.921655,180.0,220.0,180.0,218.0,324.0,214.0,204.0,216.0,,-12,8342607
4.7505,2019-09-08 18:24:03.938681,218.0,198.0,180.0,220.0,204.0,172.0,324.0,216.0,,-12,8341880
4.7675,2019-09-08 18:24:03.952938,220.0,198.0,180.0,220.0,214.0,324.0,324.0,204.0,,-12,8341773
4.7818,2019-09-08 18:24:03.979332,372.0,198.0,180.0,220.0,324.0,172.0,204.0,172.0,,-12,8342091
4.8082,2019-09-08 18:24:03.988322,218.0,198.0,180.0,220.0,324.0,324.0,216.0,206.0,,-12,8342022
4.8172,2019-09-08 18:24:04.003496,370.0,196.0,370.0,220.0,216.0,206.0,172.0,206.0,,-12,8342174
4.8325,2019-09-08 18:24:04.023129,368.0,198.0,370.0,198.0,324.0,214.0,324.0,216.0,,-12,8342160
4.852,2019-09-08 18:24:04.034818,198.0,180.0,198.0,218.0,206.0,172.0,322.0,216.0,,-12,8341845
4.8637,2019-09-08 18:24:04.052960,368.0,368.0,218.0,218.0,206.0,172.0,322.0,216.0,,-12,8341800
4.8816,2019-09-08 18:24:04.068408,366.0,366.0,180.0,180.0,204.0,172.0,322.0,216.0,,-12,8342537
4.897,2019-09-08 18:24:04.085411,366.0,220.0,180.0,180.0,174.0,322.0,216.0,204.0,,-12,8342392
4.914,2019-09-08 18:24:04.099781,366.0,198.0,368.0,366.0,172.0,322.0,204.0,206.0,,-12,8342513
4.9292,2019-09-08 18:24:04.128693,368.0,198.0,368.0,198.0,322.0,206.0,172.0,172.0,,-12,8342413
4.9573,2019-09-08 18:24:04.137246,368.0,198.0,180.0,220.0,322.0,216.0,206.0,322.0,,-12,8342427
4.9659,2019-09-08 18:24:04.148600,368.0,198.0,180.0,218.0,216.0,206.0,206.0,172.0,,-12,8342358
4.9773,2019-09-08 18:24:04.170306,370.0,198.0,370.0,198.0,206.0,172.0,322.0,216.0,,-12,8343098
4.9993,2019-09-08 18:24:04.185913,370.0,198.0,180.0,218.0,206.0,172.0,320.0,218.0,,-12,8343119
5.0148,2019-09-08 18:24:04.193735,370.0,198.0,180.0,218.0,206.0,206.0,320.0,320.0,,-12,8342288
5.0226,2019-09-08 18:24:04.211500,370.0,198.0,180.0,218.0,172.0,320.0,174.0,206.0,,-12,8342617
5.0406,2019-09-08 18:24:04.229148,372.0,198.0,180.0,218.0,172.0,318.0,218.0,206.0,,-12,8342932
5.058,2019-09-08 18:24:04.242031,180.0,218.0,180.0,218.0,174.0,318.0,218.0,206.0,,-12,8342403
5.0709,2019-09-08 18:24:04.255296,370.0,198.0,180.0,218.0,206.0,318.0,318.0,206.0,,-12,8342807
5.0842,2019-09-08 18:24:04.273641,370.0,218.0,180.0,218.0,172.0,172.0,218.0,206.0,,-12,8342015
5.1025,2019-09-08 18:24:04.287276,368.0,218.0,198.0,180.0,174.0,218.0,206.0,172.0,,-12,8341994
5.1163,2019-09-08 18:24:04.302783,368.0,218.0,180.0,218.0,174.0,318.0,218.0,174.0,,-12,8342247
5.1316,2019-09-08 18:24:04.329253,368.0,198.0,180.0,218.0,218.0,206.0,206.0,318.0,,-12,8342022
5.1581,2019-09-08 18:24:04.338495,218.0,198.0,180.0,218.0,206.0,172.0,318.0,218.0,,-12,8342160
5.1673,2019-09-08 18:24:04.352191,366.0,198.0,180.0,218.0,206.0,206.0,172.0,218.0,,-12,8342963
5.181,2019-09-08 18:24:04.366402,366.0,198.0,180.0,218.0,206.0,206.0,318.0,218.0,,-12,8342088
5.195,2019-09-08 18:24:04.394225,366.0,198.0,180.0,218.0,172.0,318.0,218.0,206.0,,-12,8342897
5.2231,2019-09-08 18:24:04.400906,366.0,198.0,180.0,218.0,208.0,318.0,318.0,218.0,,-12,8342067
5.2299,2019-09-08 18:24:04.425537,198.0,180.0,218.0,218.0,206.0,218.0,208.0,174.0,,-12,8342330
5.2544,2019-09-08 18:24:04.437844,364.0,198.0,180.0,220.0,318.0,218.0,208.0,172.0,,-12,8342579
5.2664,2019-09-08 18:24:04.445769,180.0,218.0,180.0,218.0,318.0,218.0,208.0,174.0,,-12,8342313
5.2746,2019-09-08 18:24:04.459173,180.0,218.0,180.0,218.0,318.0,218.0,208.0,206.0,,-12,8342468
5.288,2019-09-08 18:24:04.474561,180.0,218.0,180.0,218.0,218.0,208.0,172.0,318.0,,-12,8341742
5.3034,2019-09-08 18:24:04.493232,366.0,198.0,180.0,220.0,206.0,206.0,172.0,218.0,,-12,8341883
5.3221,2019-09-08 18:24:04.510194,366.0,198.0,180.0,220.0,208.0,174.0,318.0,206.0,,-12,8342447
5.3391,2019-09-08 18:24:04.538450,366.0,198.0,180.0,218.0,206.0,318.0,218.0,174.0,,-12,8342555
5.3673,2019-09-08 18:24:04.546733,218.0,198.0,180.0,218.0,320.0,320.0,218.0,172.0,,-12,8342032
5.3756,2019-09-08 18:24:04.555878,218.0,198.0,180.0,366.0,218.0,218.0,172.0,172.0,,-12,8342738
5.3847,2019-09-08 18:24:04.568095,366.0,198.0,180.0,220.0,218.0,206.0,172.0,320.0,,-12,8342700
5.3969,2019-09-08 18:24:04.584055,366.0,198.0,366.0,220.0,218.0,206.0,206.0,174.0,,-12,8342292
5.4126,2019-09-08 18:24:04.598442,368.0,198.0,366.0,220.0,218.0,206.0,174.0,320.0,,-12,8342060
5.4273,2019-09-08 18:24:04.613742,366.0,198.0,366.0,198.0,218.0,208.0,320.0,220.0,,-12,8341759
5.4428,2019-09-08 18:24:04.650064,366.0,198.0,180.0,220.0,172.0,172.0,218.0,206.0,,-12,8342676
5.479,2019-09-08 18:24:04.663904,220.0,198.0,180.0,220.0,174.0,320.0,218.0,206.0,,-12,8342056
5.4927,2019-09-08 18:24:04.671058,220.0,198.0,180.0,218.0,172.0,320.0,218.0,206.0,,-12,8342056
5.4999,2019-09-08 18:24:04.683229,180.0,366.0,180.0,220.0,172.0,320.0,218.0,208.0,,-12,8342368
5.5126,2019-09-08 18:24:04.696745,366.0,198.0,366.0,198.0,174.0,320.0,208.0,174.0,,-12,8342499
5.5263,2019-09-08 18:24:04.713038,366.0,366.0,198.0,180.0,320.0,218.0,206.0,172.0,,-12,8342022
5.5424,2019-09-08 18:24:04.741990,366.0,366.0,180.0,220.0,208.0,206.0,172.0,320.0,,-12,8342534
5.5712,2019-09-08 18:24:04.752786,368.0,368.0,198.0,220.0,208.0,172.0,320.0,218.0,,-12,8341738
5.5821,2019-09-08 18:24:04.762366,368.0,198.0,180.0,220.0,172.0,174.0,218.0,218.0,,-12,8342707
5.5918,2019-09-08 18:24:04.777930,368.0,198.0,180.0,220.0,206.0,174.0,218.0,208.0,,-12,8341825
5.6073,2019-09-08 18:24:04.795266,180.0,218.0,180.0,368.0,172.0,320.0,208.0,208.0,,-12,8342091
5.6248,2019-09-08 18:24:04.810838,368.0,198.0,180.0,368.0,172.0,320.0,208.0,172.0,,-12,8342081
5.6401,2019-09-08 18:24:04.827738,368.0,198.0,180.0,368.0,318.0,206.0,172.0,318.0,,-12,8342233
5.6567,2019-09-08 18:24:04.843058,368.0,368.0,198.0,180.0,218.0,208.0,174.0,318.0,,-12,8342095
5.6724,2019-09-08 18:24:04.860120,368.0,198.0,368.0,198.0,206.0,172.0,172.0,218.0,,-12,8342313
5.6895,2019-09-08 18:24:04.873997,368.0,198.0,180.0,220.0,174.0,174.0,318.0,206.0,,-12,8342489
5.7029,2019-09-08 18:24:04.940187,368.0,198.0,180.0,368.0,172.0,318.0,218.0,208.0,,-12,8342849
5.7696,2019-09-08 18:24:04.947326,218.0,198.0,180.0,218.0,172.0,218.0,206.0,172.0,,-12,8341877
5.7762,2019-09-08 18:24:04.955422,220.0,198.0,180.0,180.0,172.0,218.0,218.0,174.0,,-12,8341790
5.784,2019-09-08 18:24:04.968796,220.0,368.0,180.0,218.0,218.0,218.0,206.0,174.0,,-12,8342946
5.7975,2019-09-08 18:24:04.981325,220.0,198.0,180.0,218.0,318.0,218.0,208.0,172.0,,-12,8342292
5.8099,2019-09-08 18:24:04.998039,368.0,198.0,180.0,220.0,218.0,208.0,172.0,318.0,,-12,8341987
5.8267,2019-09-08 18:24:05.013468,368.0,198.0,180.0,218.0,208.0,172.0,172.0,218.0,,-12,8341953
5.842,2019-09-08 18:24:05.031012,368.0,198.0,180.0,220.0,208.0,172.0,174.0,318.0,,-12,8342340
5.8596,2019-09-08 18:24:05.059418,368.0,198.0,180.0,218.0,208.0,172.0,318.0,218.0,,-12,8342133
5.8882,2019-09-08 18:24:05.066350,368.0,198.0,180.0,218.0,318.0,218.0,218.0,174.0,,-12,8341645
5.8949,2019-09-08 18:24:05.076820,370.0,198.0,180.0,220.0,318.0,208.0,208.0,174.0,,-12,8342534
5.9059,2019-09-08 18:24:05.090247,370.0,198.0,180.0,218.0,318.0,208.0,174.0,318.0,,-12,8342022
5.9193,2019-09-08 18:24:05.106127,370.0,198.0,180.0,180.0,218.0,172.0,318.0,218.0,,-12,8342001
5.9352,2019-09-08 18:24:05.122454,372.0,198.0,180.0,180.0,172.0,318.0,208.0,208.0,,-12,8342330
5.951,2019-09-08 18:24:05.148135,372.0,372.0,372.0,198.0,208.0,174.0,318.0,218.0,,-12,8342274
5.9775,2019-09-08 18:24:05.167001,374.0,374.0,374.0,220.0,208.0,174.0,218.0,208.0,,-12,8342849
5.9966,2019-09-08 18:24:05.175735,374.0,374.0,220.0,376.0,318.0,172.0,318.0,218.0,,-12,8342160
6.0051,2019-09-08 18:24:05.193710,376.0,198.0,180.0,378.0,318.0,318.0,208.0,174.0,,-12,8342475
6.0229,2019-09-08 18:24:05.215911,380.0,198.0,380.0,198.0,320.0,218.0,172.0,320.0,,-12,8341762
6.0453,2019-09-08 18:24:05.226852,382.0,220.0,198.0,180.0,320.0,174.0,174.0,218.0,,-12,8342451
6.056,2019-09-08 18:24:05.264031,392.0,200.0,200.0,180.0,172.0,172.0,218.0,218.0,,-12,8342593
6.0936,2019-09-08 18:24:05.276198,400.0,400.0,180.0,222.0,172.0,172.0,320.0,218.0,,-12,8341185
6.1055,2019-09-08 18:24:05.287119,410.0,200.0,180.0,222.0,172.0,322.0,322.0,218.0,,-12,8342520
6.1164,2019-09-08 18:24:05.306792,416.0,200.0,420.0,200.0,322.0,218.0,208.0,210.0,,-12,8342095
6.1363,2019-09-08 18:24:05.318851,426.0,200.0,426.0,200.0,172.0,218.0,208.0,172.0,,-12,8342316
6.1483,2019-09-08 18:24:05.338113,436.0,200.0,436.0,200.0,172.0,322.0,218.0,208.0,,-12,8342520
6.1673,2019-09-08 18:24:05.400009,444.0,200.0,180.0,224.0,218.0,208.0,172.0,324.0,,-11,8341800
6.229,2019-09-08 18:24:05.408877,454.0,200.0,180.0,224.0,210.0,172.0,332.0,218.0,,-11,8341960
6.2384,2019-09-08 18:24:05.475916,224.0,200.0,180.0,224.0,346.0,216.0,172.0,348.0,,-11,8342510
6.3048,2019-09-08 18:24:05.484763,200.0,180.0,180.0,224.0,348.0,214.0,172.0,348.0,,-11,8341953
6.3137,2019-09-08 18:24:05.503617,480.0,180.0,180.0,222.0,214.0,172.0,172.0,348.0,,-11,8343012
6.3325,2019-09-08 18:24:05.517637,474.0,472.0,180.0,220.0,210.0,172.0,350.0,350.0,,-11,8342492
6.347,2019-09-08 18:24:05.527968,198.0,464.0,198.0,220.0,214.0,210.0,350.0,350.0,,-11,8342216
6.3569,2019-09-08 18:24:05.542896,454.0,196.0,180.0,218.0,214.0,172.0,172.0,350.0,,-11,8342205
6.3721,2019-09-08 18:24:05.559420,438.0,436.0,196.0,180.0,210.0,172.0,350.0,214.0,,-11,8342098
6.3891,2019-09-08 18:24:05.574187,194.0,180.0,214.0,402.0,210.0,172.0,350.0,214.0,,-11,8343081
6.4031,2019-09-08 18:24:05.590960,178.0,212.0,178.0,192.0,350.0,350.0,212.0,350.0,,-11,8342043
6.4202,2019-09-08 18:24:05.607823,348.0,190.0,340.0,190.0,212.0,212.0,210.0,172.0,,-11,8342562
6.4374,2019-09-08 18:24:05.627047,316.0,312.0,188.0,204.0,348.0,212.0,210.0,172.0,,-10,8343143
6.4565,2019-09-08 18:24:05.647926,284.0,186.0,186.0,178.0,212.0,344.0,172.0,212.0,,-10,8342738
6.4773,2019-09-08 18:24:05.668211,258.0,184.0,184.0,200.0,212.0,212.0,172.0,212.0,,-10,8342506
6.4974,2019-09-08 18:24:05.679832,238.0,184.0,184.0,178.0,212.0,172.0,214.0,212.0,,-10,8342825
6.5093,2019-09-08 18:24:05.692502,220.0,182.0,218.0,178.0,334.0,172.0,334.0,212.0,,-10,8342444
6.5221,2019-09-08 18:24:05.706232,210.0,182.0,178.0,208.0,214.0,172.0,330.0,212.0,,-9,8342652
6.5355,2019-09-08 18:24:05.723248,206.0,182.0,178.0,196.0,212.0,172.0,324.0,212.0,,-9,8342510
6.5526,2019-09-08 18:24:05.738598,206.0,182.0,178.0,196.0,172.0,172.0,320.0,212.0,,-9,8342344
6.5679,2019-09-08 18:24:05.759325,206.0,182.0,176.0,196.0,172.0,318.0,172.0,214.0,,-9,8342700
6.5883,2019-09-08 18:24:05.780076,194.0,182.0,178.0,196.0,210.0,212.0,172.0,212.0,,-8,8342693
6.61,2019-09-08 18:24:05.787698,176.0,182.0,178.0,196.0,172.0,304.0,210.0,212.0,,-8,8342887
6.6172,2019-09-08 18:24:05.803950,176.0,196.0,176.0,194.0,294.0,210.0,172.0,172.0,,-8,8343627
6.6328,2019-09-08 18:24:05.823041,204.0,178.0,196.0,204.0,208.0,172.0,276.0,204.0,,-7,8343081
6.652,2019-09-08 18:24:05.832910,182.0,178.0,196.0,196.0,202.0,170.0,170.0,202.0,,-7,8343060
6.6615,2019-09-08 18:24:05.850970,182.0,176.0,178.0,182.0,262.0,258.0,200.0,200.0,,-6,8343001
6.6796,2019-09-08 18:24:05.868398,202.0,196.0,176.0,194.0,242.0,170.0,238.0,170.0,,-5,8342005
6.6979,2019-09-08 18:24:05.881327,176.0,194.0,204.0,202.0,232.0,196.0,202.0,170.0,,-4,8342468
6.7102,2019-09-08 18:24:05.897038,202.0,196.0,178.0,204.0,194.0,198.0,170.0,204.0,,-3,8342558
6.7266,2019-09-08 18:24:05.912922,204.0,194.0,176.0,202.0,192.0,200.0,170.0,196.0,,-2,8342506
6.7421,2019-09-08 18:24:05.930147,202.0,194.0,178.0,196.0,168.0,188.0,168.0,184.0,,0,8342873
6.76,2019-09-08 18:24:05.943973,202.0,182.0,176.0,194.0,168.0,182.0,168.0,182.0,,1,8342164
6.7726,2019-09-08 18:24:05.963480,196.0,182.0,178.0,202.0,184.0,168.0,168.0,182.0,,1,8343185
6.7921,2019-09-08 18:24:05.978987,196.0,182.0,178.0,202.0,190.0,182.0,190.0,180.0,,3,8343783
6.8076,2019-09-08 18:24:05.993460,196.0,182.0,204.0,194.0,178.0,186.0,178.0,178.0,,4,8343499
6.8221,2019-09-08 18:24:06.010328,202.0,182.0,202.0,182.0,168.0,178.0,178.0,184.0,,5,8343499
6.839,2019-09-08 18:24:06.079992,202.0,182.0,178.0,202.0,180.0,180.0,174.0,174.0,,9,8343029
6.9099,2019-09-08 18:24:06.088496,202.0,202.0,202.0,182.0,176.0,168.0,180.0,176.0,,9,8342894
6.9175,2019-09-08 18:24:06.096949,182.0,182.0,178.0,182.0,174.0,176.0,180.0,176.0,,9,8342894
6.9257,2019-09-08 18:24:06.106988,202.0,176.0,196.0,194.0,174.0,168.0,180.0,168.0,,9,8342406
6.9364,2019-09-08 18:24:06.120870,182.0,176.0,196.0,196.0,180.0,168.0,180.0,176.0,,9,8342354
6.9494,2019-09-08 18:24:06.136683,202.0,178.0,196.0,196.0,180.0,168.0,174.0,174.0,,9,8341918
6.9658,2019-09-08 18:24:06.151864,202.0,182.0,178.0,196.0,180.0,168.0,180.0,176.0,,9,8342489
6.9805,2019-09-08 18:24:06.172982,202.0,182.0,178.0,196.0,172.0,176.0,180.0,168.0,,8,8342240
7.0017,2019-09-08 18:24:06.200914,200.0,182.0,178.0,194.0,172.0,176.0,180.0,180.0,,8,8341832
7.0295,2019-09-08 18:24:06.211380,202.0,176.0,196.0,196.0,172.0,180.0,172.0,168.0,,7,8342254
7.0401,2019-09-08 18:24:06.228027,194.0,182.0,176.0,194.0,180.0,168.0,172.0,176.0,,7,8342084
7.0578,2019-09-08 18:24:06.237079,202.0,182.0,176.0,194.0,178.0,168.0,172.0,176.0,,7,8342797
7.0656,2019-09-08 18:24:06.246788,202.0,182.0,178.0,194.0,176.0,180.0,168.0,172.0,,6,8342344
7.0757,2019-09-08 18:24:06.274748,196.0,182.0,178.0,196.0,168.0,170.0,176.0,176.0,,5,8343015
7.1034,2019-09-08 18:24:06.281949,200.0,182.0,194.0,200.0,180.0,170.0,176.0,180.0,,5,8343015
7.1105,2019-09-08 18:24:06.297586,202.0,182.0,178.0,196.0,170.0,180.0,170.0,170.0,,4,8341897
7.1266,2019-09-08 18:24:06.310470,202.0,176.0,182.0,194.0,176.0,180.0,168.0,168.0,,4,8342212
7.1392,2019-09-08 18:24:06.351265,200.0,178.0,194.0,196.0,168.0,174.0,176.0,180.0,,2,8343036
7.1806,2019-09-08 18:24:06.368397,182.0,200.0,176.0,196.0,168.0,176.0,180.0,168.0,,2,8343188
7.1977,2019-09-08 18:24:06.384057,200.0,182.0,178.0,194.0,168.0,168.0,176.0,176.0,,2,8344724
7.2132,2019-09-08 18:24:06.391046,200.0,196.0,200.0,182.0,168.0,176.0,180.0,168.0,,1,8344077
7.22,2019-09-08 18:24:06.403013,200.0,182.0,200.0,196.0,168.0,176.0,176.0,180.0,,1,8344991
7.2317,2019-09-08 18:24:06.409743,200.0,182.0,200.0,182.0,168.0,176.0,180.0,168.0,,1,8345894
7.2393,2019-09-08 18:24:06.423701,200.0,180.0,200.0,182.0,168.0,168.0,176.0,180.0,,0,8346340
7.2532,2019-09-08 18:24:06.437717,200.0,182.0,200.0,182.0,168.0,166.0,166.0,176.0,,0,8347022
7.2676,2019-09-08 18:24:06.452431,200.0,182.0,176.0,194.0,176.0,180.0,178.0,168.0,,0,8348202
7.2817,2019-09-08 18:24:06.476053,200.0,182.0,178.0,194.0,168.0,166.0,180.0,168.0,,-1,8348541
7.3056,2019-09-08 18:24:06.486429,200.0,182.0,178.0,196.0,166.0,178.0,176.0,166.0,,-1,8350621
7.3156,2019-09-08 18:24:06.500089,194.0,182.0,178.0,194.0,168.0,166.0,176.0,176.0,,-1,8350545
7.3298,2019-09-08 18:24:06.516163,194.0,200.0,182.0,178.0,180.0,168.0,168.0,166.0,,-1,8350676
7.3456,2019-09-08 18:24:06.530218,200.0,182.0,178.0,194.0,166.0,166.0,166.0,180.0,,-1,8351991
7.3606,2019-09-08 18:24:06.554593,200.0,182.0,178.0,194.0,168.0,166.0,176.0,180.0,,-1,8352292
7.3846,2019-09-08 18:24:06.599951,200.0,196.0,178.0,196.0,168.0,180.0,168.0,166.0,,-1,8352534
7.4294,2019-09-08 18:24:06.611935,200.0,182.0,178.0,194.0,180.0,180.0,168.0,168.0,,-1,8352659
7.4418,2019-09-08 18:24:06.621679,198.0,182.0,178.0,196.0,168.0,176.0,168.0,168.0,,0,8352704
7.4511,2019-09-08 18:24:06.634156,198.0,182.0,178.0,196.0,168.0,176.0,168.0,168.0,,0,8351676
7.4639,2019-09-08 18:24:06.645709,198.0,198.0,182.0,194.0,170.0,180.0,170.0,170.0,,0,8351216
7.4756,2019-09-08 18:24:06.660879,198.0,198.0,182.0,178.0,172.0,180.0,180.0,168.0,,0,8351212
7.4905,2019-09-08 18:24:06.685763,198.0,182.0,178.0,194.0,176.0,168.0,180.0,174.0,,1,8349749
7.5158,2019-09-08 18:24:06.697943,198.0,198.0,182.0,198.0,176.0,180.0,168.0,180.0,,1,8348455
7.5279,2019-09-08 18:24:06.710360,198.0,198.0,182.0,198.0,180.0,168.0,180.0,176.0,,1,8348036
7.5399,2019-09-08 18:24:06.727115,198.0,198.0,182.0,198.0,180.0,168.0,180.0,168.0,,2,8347513
7.5557,2019-09-08 18:24:06.741949,198.0,198.0,182.0,176.0,168.0,168.0,192.0,180.0,,2,8347316
7.5705,2019-09-08 18:24:06.757883,198.0,182.0,176.0,194.0,168.0,176.0,180.0,168.0,,2,8346804
7.5864,2019-09-08 18:24:06.773856,198.0,182.0,178.0,194.0,180.0,176.0,214.0,168.0,,2,8347032
7.6024,2019-09-08 18:24:06.791180,198.0,198.0,182.0,178.0,218.0,178.0,180.0,168.0,,2,8346461
7.6201,2019-09-08 18:24:06.802800,198.0,198.0,182.0,176.0,178.0,180.0,168.0,240.0,,2,8346610
7.6318,2019-09-08 18:24:06.820158,214.0,182.0,178.0,194.0,180.0,180.0,168.0,244.0,,2,8346410
7.6496,2019-09-08 18:24:06.836083,230.0,182.0,178.0,196.0,252.0,168.0,180.0,182.0,,2,8346330
7.6657,2019-09-08 18:24:06.851635,196.0,182.0,176.0,196.0,256.0,184.0,258.0,184.0,,2,8345468
7.6809,2019-09-08 18:24:06.869640,196.0,182.0,178.0,196.0,168.0,180.0,168.0,182.0,,2,8345627
7.6993,2019-09-08 18:24:06.889658,176.0,198.0,176.0,198.0,272.0,276.0,168.0,280.0,,2,8346271
7.7186,2019-09-08 18:24:06.903441,338.0,184.0,178.0,198.0,168.0,294.0,194.0,300.0,,2,8345413
7.732,2019-09-08 18:24:06.924742,178.0,178.0,178.0,204.0,184.0,196.0,326.0,330.0,,1,8343790
7.7535,2019-09-08 18:24:06.938036,206.0,184.0,178.0,206.0,198.0,184.0,168.0,344.0,,1,8343641
7.7667,2019-09-08 18:24:06.955788,430.0,186.0,180.0,208.0,186.0,168.0,370.0,372.0,,1,8344153
7.7844,2019-09-08 18:24:06.972232,458.0,188.0,180.0,210.0,188.0,204.0,188.0,204.0,,1,8343987
7.8009,2019-09-08 18:24:07.001948,488.0,190.0,182.0,212.0,188.0,168.0,412.0,190.0,,0,8343472
7.8306,2019-09-08 18:24:07.009151,182.0,192.0,182.0,524.0,168.0,422.0,424.0,190.0,,-1,8343022
7.838,2019-09-08 18:24:07.021493,544.0,194.0,184.0,216.0,168.0,448.0,190.0,190.0,,-1,8343029
7.8504,2019-09-08 18:24:07.037854,568.0,194.0,184.0,218.0,190.0,168.0,460.0,212.0,,-2,8343005
7.8668,2019-09-08 18:24:07.064245,222.0,184.0,184.0,224.0,216.0,482.0,168.0,192.0,,-2,8343039
7.8939,2019-09-08 18:24:07.100656,186.0,226.0,184.0,226.0,192.0,168.0,192.0,218.0,,-3,8341659
7.9293,2019-09-08 18:24:07.112865,202.0,186.0,228.0,230.0,168.0,502.0,222.0,192.0,,-3,8341634
7.9419,2019-09-08 18:24:07.132954,230.0,188.0,188.0,230.0,194.0,170.0,194.0,170.0,,-3,8342185
7.9619,2019-09-08 18:24:07.168477,206.0,208.0,620.0,208.0,194.0,236.0,196.0,238.0,,-4,8342319
7.9976,2019-09-08 18:24:07.194206,614.0,188.0,230.0,230.0,170.0,458.0,246.0,198.0,,-4,8342340
8.0228,2019-09-08 18:24:07.208790,606.0,210.0,230.0,230.0,170.0,170.0,452.0,250.0,,-4,8341963
8.0374,2019-09-08 18:24:07.227235,210.0,190.0,190.0,230.0,198.0,200.0,172.0,172.0,,-5,8341797
8.0559,2019-09-08 18:24:07.242712,602.0,212.0,190.0,230.0,440.0,254.0,438.0,254.0,,-5,8341901
8.0714,2019-09-08 18:24:07.260656,212.0,190.0,232.0,212.0,436.0,170.0,204.0,172.0,,-5,8342946
8.0894,2019-09-08 18:24:07.275324,608.0,212.0,232.0,232.0,172.0,210.0,434.0,434.0,,-5,8342890
8.104,2019-09-08 18:24:07.296251,612.0,212.0,190.0,190.0,172.0,256.0,218.0,172.0,,-5,8343108
8.1249,2019-09-08 18:24:07.310455,190.0,234.0,190.0,212.0,432.0,256.0,222.0,222.0,,-5,8343506
8.1395,2019-09-08 18:24:07.324222,620.0,212.0,190.0,234.0,434.0,434.0,254.0,174.0,,-5,8344306
8.1528,2019-09-08 18:24:07.338781,624.0,212.0,190.0,234.0,434.0,434.0,252.0,234.0,,-5,8345032
8.1673,2019-09-08 18:24:07.354378,624.0,212.0,190.0,234.0,174.0,250.0,244.0,244.0,,-5,8344946
8.1829,2019-09-08 18:24:07.372268,618.0,212.0,190.0,232.0,430.0,176.0,430.0,176.0,,-5,8345039
8.2009,2019-09-08 18:24:07.410457,232.0,212.0,190.0,230.0,248.0,268.0,180.0,270.0,,-6,8346534
8.2391,2019-09-08 18:24:07.422577,212.0,230.0,190.0,230.0,272.0,180.0,248.0,248.0,,-6,8346873
8.2511,2019-09-08 18:24:07.431621,210.0,190.0,190.0,226.0,276.0,182.0,402.0,400.0,,-6,8346994
8.2603,2019-09-08 18:24:07.443319,188.0,188.0,224.0,224.0,248.0,248.0,284.0,182.0,,-6,8347610
8.272,2019-09-08 18:24:07.465728,186.0,220.0,186.0,218.0,248.0,290.0,390.0,388.0,,-6,8347434
8.2943,2019-09-08 18:24:07.472210,390.0,214.0,184.0,372.0,248.0,294.0,384.0,248.0,,-6,8347288
8.3009,2019-09-08 18:24:07.485279,184.0,212.0,182.0,212.0,382.0,250.0,300.0,186.0,,-6,8347479
8.314,2019-09-08 18:24:07.504338,182.0,196.0,182.0,210.0,310.0,368.0,366.0,254.0,,-6,8347645
8.3332,2019-09-08 18:24:07.520469,238.0,196.0,182.0,182.0,318.0,188.0,358.0,256.0,,-6,8348614
8.3495,2019-09-08 18:24:07.536883,216.0,214.0,180.0,208.0,338.0,262.0,192.0,194.0,,-6,8348828
8.3655,2019-09-08 18:24:07.552790,206.0,194.0,194.0,180.0,264.0,266.0,196.0,314.0,,-6,8349451
8.3815,2019-09-08 18:24:07.570978,204.0,192.0,204.0,192.0,270.0,270.0,198.0,296.0,,-6,8349731
8.3999,2019-09-08 18:24:07.586603,202.0,202.0,180.0,200.0,278.0,280.0,204.0,204.0,,-5,8350171
8.4152,2019-09-08 18:24:07.617915,200.0,188.0,188.0,180.0,266.0,374.0,206.0,256.0,,-5,8350275
8.4468,2019-09-08 18:24:07.624916,198.0,198.0,186.0,178.0,390.0,214.0,222.0,394.0,,-5,8350531
8.4543,2019-09-08 18:24:07.638076,196.0,186.0,196.0,184.0,216.0,214.0,218.0,210.0,,-5,8350278
8.468,2019-09-08 18:24:07.649982,196.0,184.0,196.0,196.0,220.0,400.0,222.0,402.0,,-5,8350776
8.4795,2019-09-08 18:24:07.667818,196.0,182.0,178.0,196.0,226.0,406.0,226.0,408.0,,-5,8351728
8.4968,2019-09-08 18:24:07.682700,196.0,182.0,178.0,196.0,188.0,310.0,310.0,230.0,,-5,8352794
8.5119,2019-09-08 18:24:07.696440,196.0,182.0,178.0,196.0,310.0,308.0,180.0,236.0,,-5,8352468
8.5255,2019-09-08 18:24:07.718195,178.0,182.0,196.0,198.0,404.0,404.0,236.0,304.0,,-4,8353233
8.5477,2019-09-08 18:24:07.727818,198.0,178.0,196.0,196.0,302.0,398.0,240.0,176.0,,-4,8353756
8.5576,2019-09-08 18:24:07.745767,198.0,182.0,176.0,196.0,382.0,242.0,174.0,288.0,,-4,8354669
8.5753,2019-09-08 18:24:07.762733,182.0,176.0,196.0,196.0,372.0,286.0,366.0,362.0,,-3,8354669
8.5922,2019-09-08 18:24:07.777592,196.0,182.0,178.0,196.0,246.0,280.0,352.0,348.0,,-3,8354219
8.6065,2019-09-08 18:24:07.796305,196.0,182.0,178.0,196.0,168.0,258.0,308.0,248.0,,-2,8353548
8.6249,2019-09-08 18:24:07.812830,196.0,182.0,178.0,196.0,166.0,252.0,296.0,248.0,,0,8353060
8.6416,2019-09-08 18:24:07.827149,182.0,176.0,196.0,182.0,166.0,238.0,164.0,236.0,,1,8351780
8.6558,2019-09-08 18:24:07.844662,182.0,178.0,196.0,178.0,164.0,246.0,164.0,244.0,,2,8350707
8.6734,2019-09-08 18:24:07.865449,196.0,194.0,182.0,176.0,224.0,234.0,220.0,230.0,,4,8349531
8.695,2019-09-08 18:24:07.880722,196.0,182.0,178.0,196.0,234.0,232.0,162.0,212.0,,4,8347807
8.7098,2019-09-08 18:24:07.906975,196.0,178.0,196.0,176.0,224.0,222.0,162.0,200.0,,6,8346264
8.7359,2019-09-08 18:24:07.921064,196.0,196.0,178.0,178.0,162.0,162.0,200.0,162.0,,9,8344468
8.7497,2019-09-08 18:24:07.957304,194.0,182.0,178.0,196.0,192.0,162.0,162.0,194.0,,12,8342697
8.7859,2019-09-08 18:24:07.973805,194.0,182.0,176.0,194.0,162.0,194.0,188.0,192.0,,17,8343361
8.8027,2019-09-08 18:24:07.986105,196.0,182.0,194.0,182.0,180.0,162.0,178.0,184.0,,19,8342565
8.8147,2019-09-08 18:24:08.022787,194.0,194.0,194.0,182.0,162.0,180.0,182.0,170.0,,30,8343005
8.8514,2019-09-08 18:24:08.035828,194.0,182.0,194.0,182.0,164.0,178.0,180.0,168.0,,33,8343005
8.8644,2019-09-08 18:24:08.044340,194.0,182.0,176.0,182.0,168.0,164.0,178.0,168.0,,35,8345420
8.8732,2019-09-08 18:24:08.055961,194.0,182.0,178.0,194.0,178.0,164.0,168.0,164.0,,37,8345627
8.8852,2019-09-08 18:24:08.105933,194.0,182.0,178.0,196.0,168.0,164.0,180.0,168.0,,38,8346835
8.9345,2019-09-08 18:24:08.141114,194.0,182.0,176.0,196.0,180.0,168.0,178.0,180.0,,42,8343852
8.9698,2019-09-08 18:24:08.147551,194.0,182.0,178.0,196.0,180.0,168.0,180.0,168.0,,42,8342136
8.9761,2019-09-08 18:24:08.178850,194.0,182.0,178.0,196.0,164.0,176.0,164.0,176.0,,41,8342022
9.0078,2019-09-08 18:24:08.190218,194.0,182.0,178.0,194.0,180.0,168.0,166.0,176.0,,40,8342247
9.0189,2019-09-08 18:24:08.196651,194.0,182.0,176.0,194.0,178.0,176.0,166.0,168.0,,39,8341925
9.0255,2019-09-08 18:24:08.206674,194.0,178.0,178.0,196.0,166.0,168.0,164.0,176.0,,38,8341749
9.0353,2019-09-08 18:24:08.237899,182.0,178.0,196.0,194.0,178.0,168.0,176.0,178.0,,35,8342351
9.067,2019-09-08 18:24:08.244839,196.0,178.0,196.0,196.0,168.0,178.0,168.0,180.0,,34,8342060
9.0735,2019-09-08 18:24:08.259891,182.0,176.0,196.0,196.0,166.0,176.0,178.0,178.0,,32,8341953
9.0889,2019-09-08 18:24:08.266688,194.0,182.0,176.0,196.0,178.0,168.0,166.0,176.0,,31,8342188
9.0952,2019-09-08 18:24:08.286186,194.0,182.0,178.0,196.0,178.0,168.0,166.0,176.0,,27,8342517
9.1147,2019-09-08 18:24:08.296934,194.0,178.0,194.0,196.0,176.0,166.0,176.0,166.0,,26,8342036
9.1255,2019-09-08 18:24:08.326399,194.0,176.0,194.0,196.0,174.0,164.0,168.0,166.0,,23,8342863
9.155,2019-09-08 18:24:08.333033,194.0,176.0,194.0,196.0,176.0,166.0,168.0,180.0,,21,8342669
9.1616,2019-09-08 18:24:08.345305,194.0,196.0,178.0,176.0,176.0,166.0,176.0,168.0,,19,8342856
9.1739,2019-09-08 18:24:08.378290,194.0,194.0,176.0,178.0,166.0,176.0,180.0,176.0,,15,8343091
9.2068,2019-09-08 18:24:08.387009,194.0,194.0,194.0,182.0,180.0,180.0,168.0,176.0,,14,8343091
9.2156,2019-09-08 18:24:08.397716,194.0,194.0,176.0,178.0,176.0,180.0,168.0,164.0,,13,8343371
9.2263,2019-09-08 18:24:08.446295,194.0,194.0,176.0,196.0,180.0,178.0,164.0,164.0,,9,8348915
9.2748,2019-09-08 18:24:08.533029,194.0,182.0,178.0,194.0,176.0,164.0,176.0,164.0,,4,8351455
9.362,2019-09-08 18:24:08.539698,192.0,182.0,178.0,196.0,168.0,180.0,168.0,180.0,,3,8351219
9.3683,2019-09-08 18:24:08.552505,192.0,182.0,192.0,196.0,180.0,168.0,178.0,176.0,,3,8350683
9.3812,2019-09-08 18:24:08.568190,194.0,182.0,178.0,196.0,166.0,166.0,180.0,176.0,,3,8350340
9.397,2019-09-08 18:24:08.590342,178.0,192.0,178.0,196.0,168.0,168.0,168.0,176.0,,3,8349012
9.4193,2019-09-08 18:24:08.602149,192.0,192.0,176.0,176.0,168.0,168.0,176.0,180.0,,3,8348060
9.4311,2019-09-08 18:24:08.624125,196.0,182.0,182.0,196.0,168.0,180.0,176.0,174.0,,3,8347998
9.4527,2019-09-08 18:24:08.633945,192.0,182.0,176.0,182.0,180.0,168.0,176.0,174.0,,3,8346070
9.4625,2019-09-08 18:24:08.648450,192.0,182.0,192.0,182.0,180.0,168.0,178.0,174.0,,3,8345624
9.477,2019-09-08 18:24:08.665494,196.0,182.0,176.0,182.0,184.0,176.0,180.0,176.0,,3,8345015
9.4941,2019-09-08 18:24:08.680768,200.0,182.0,178.0,202.0,180.0,176.0,180.0,168.0,,3,8345856
9.5098,2019-09-08 18:24:08.697443,208.0,182.0,176.0,208.0,168.0,180.0,180.0,168.0,,4,8345669
9.5262,2019-09-08 18:24:08.712154,218.0,182.0,176.0,196.0,180.0,176.0,180.0,168.0,,4,8346693
9.5408,2019-09-08 18:24:08.731689,226.0,182.0,176.0,196.0,178.0,208.0,178.0,210.0,,4,8346088
9.5603,2019-09-08 18:24:08.742497,234.0,182.0,178.0,196.0,178.0,180.0,220.0,168.0,,4,8346157
9.5711,2019-09-08 18:24:08.756627,246.0,182.0,178.0,198.0,224.0,168.0,228.0,178.0,,4,8346043
9.5855,2019-09-08 18:24:08.775779,264.0,182.0,176.0,198.0,180.0,168.0,236.0,168.0,,4,8345032
9.6046,2019-09-08 18:24:08.804942,198.0,182.0,178.0,198.0,242.0,182.0,180.0,166.0,,4,8344216
9.6335,2019-09-08 18:24:08.812244,200.0,184.0,178.0,200.0,188.0,182.0,168.0,184.0,,4,8344434
9.6408,2019-09-08 18:24:08.826677,204.0,184.0,178.0,204.0,168.0,274.0,168.0,184.0,,4,8343053
9.6553,2019-09-08 18:24:08.839636,206.0,186.0,178.0,206.0,280.0,196.0,184.0,168.0,,4,8343652
9.6682,2019-09-08 18:24:08.850655,210.0,188.0,178.0,188.0,296.0,170.0,188.0,306.0,,4,8343683
9.6792,2019-09-08 18:24:08.866140,470.0,190.0,180.0,214.0,206.0,190.0,170.0,320.0,,3,8343115
9.6947,2019-09-08 18:24:08.883637,512.0,192.0,182.0,216.0,194.0,170.0,346.0,212.0,,3,8342700
9.7122,2019-09-08 18:24:08.906869,546.0,552.0,182.0,184.0,170.0,212.0,198.0,170.0,,2,8343908
9.7357,2019-09-08 18:24:08.931453,578.0,220.0,586.0,222.0,170.0,212.0,214.0,400.0,,1,8342977
9.7602,2019-09-08 18:24:08.954845,598.0,200.0,186.0,224.0,404.0,214.0,202.0,170.0,,1,8343634
9.7836,2019-09-08 18:24:08.974100,612.0,204.0,188.0,228.0,216.0,214.0,208.0,172.0,,1,8343271
9.8027,2019-09-08 18:24:09.045774,602.0,212.0,190.0,226.0,212.0,172.0,210.0,212.0,,-1,8344949
9.8743,2019-09-08 18:24:09.052400,598.0,190.0,226.0,226.0,172.0,526.0,210.0,214.0,,-1,8344949
9.881,2019-09-08 18:24:09.108436,214.0,226.0,190.0,600.0,210.0,210.0,216.0,172.0,,-2,8344371
9.9374,2019-09-08 18:24:09.115430,606.0,216.0,190.0,226.0,224.0,522.0,210.0,226.0,,-2,8344008
9.9441,2019-09-08 18:24:09.125573,610.0,228.0,190.0,228.0,172.0,518.0,228.0,228.0,,-2,8343884
9.9541,2019-09-08 18:24:09.143843,228.0,216.0,190.0,228.0,174.0,172.0,210.0,210.0,,-2,8344672
9.9724,2019-09-08 18:24:09.168259,228.0,230.0,190.0,230.0,212.0,210.0,232.0,506.0,,-3,8344164
9.9971,2019-09-08 18:24:09.175287,230.0,230.0,192.0,230.0,174.0,174.0,496.0,214.0,,-3,8344929
10.0041,2019-09-08 18:24:09.186680,630.0,632.0,190.0,230.0,242.0,488.0,488.0,216.0,,-3,8345236
10.0152,2019-09-08 18:24:09.203161,632.0,632.0,216.0,190.0,176.0,486.0,216.0,244.0,,-4,8345631
10.032,2019-09-08 18:24:09.220648,632.0,216.0,190.0,230.0,474.0,220.0,250.0,176.0,,-4,8345690
10.0495,2019-09-08 18:24:09.267663,628.0,216.0,190.0,232.0,468.0,222.0,254.0,176.0,,-5,8346714
10.0965,2019-09-08 18:24:09.274473,612.0,214.0,188.0,230.0,438.0,266.0,180.0,430.0,,-5,8346714
10.1033,2019-09-08 18:24:09.284070,214.0,188.0,230.0,230.0,238.0,180.0,424.0,240.0,,-5,8346814
10.1129,2019-09-08 18:24:09.369922,570.0,212.0,186.0,564.0,188.0,352.0,256.0,322.0,,-6,8349752
10.1988,2019-09-08 18:24:09.378976,300.0,198.0,284.0,196.0,344.0,258.0,260.0,190.0,,-6,8349486
10.2078,2019-09-08 18:24:09.390275,230.0,226.0,178.0,212.0,330.0,336.0,190.0,322.0,,-6,8349309
10.2189,2019-09-08 18:24:09.402387,208.0,206.0,192.0,178.0,264.0,344.0,348.0,312.0,,-6,8351043
10.2312,2019-09-08 18:24:09.416456,206.0,188.0,178.0,204.0,270.0,366.0,292.0,274.0,,-6,8350576
10.2453,2019-09-08 18:24:09.434419,204.0,178.0,200.0,198.0,286.0,200.0,282.0,276.0,,-6,8351486
10.2634,2019-09-08 18:24:09.452806,200.0,182.0,178.0,198.0,264.0,260.0,258.0,284.0,,-6,8353074
10.2817,2019-09-08 18:24:09.466353,198.0,182.0,198.0,182.0,398.0,206.0,246.0,286.0,,-6,8352531
10.2955,2019-09-08 18:24:09.482626,198.0,182.0,178.0,196.0,212.0,228.0,292.0,418.0,,-6,8353403
10.3115,2019-09-08 18:24:09.496143,198.0,182.0,178.0,196.0,294.0,216.0,296.0,212.0,,-6,8354313
10.3255,2019-09-08 18:24:09.511295,196.0,182.0,178.0,198.0,200.0,302.0,430.0,302.0,,-6,8354936
10.3405,2019-09-08 18:24:09.528971,196.0,182.0,178.0,196.0,304.0,434.0,228.0,188.0,,-6,8355652
10.3583,2019-09-08 18:24:09.548399,194.0,182.0,176.0,196.0,438.0,236.0,438.0,310.0,,-6,8355797
10.3775,2019-09-08 18:24:09.560476,182.0,182.0,178.0,196.0,238.0,310.0,438.0,438.0,,-6,8355552
10.3897,2019-09-08 18:24:09.575725,178.0,198.0,178.0,196.0,178.0,310.0,310.0,436.0,,-5,8355347
10.4054,2019-09-08 18:24:09.592247,194.0,178.0,176.0,196.0,310.0,310.0,424.0,250.0,,-5,8355036
10.4216,2019-09-08 18:24:09.611383,182.0,182.0,196.0,196.0,174.0,308.0,414.0,254.0,,-5,8355250
10.4411,2019-09-08 18:24:09.631845,182.0,176.0,178.0,196.0,304.0,396.0,170.0,302.0,,-4,8354354
10.461,2019-09-08 18:24:09.657941,194.0,182.0,178.0,196.0,288.0,364.0,266.0,164.0,,-2,8353922
10.4876,2019-09-08 18:24:09.669181,194.0,182.0,178.0,196.0,354.0,268.0,346.0,268.0,,-2,8354278
10.4986,2019-09-08 18:24:09.679191,194.0,182.0,178.0,196.0,338.0,268.0,162.0,270.0,,-1,8353731
10.5086,2019-09-08 18:24:09.692222,194.0,182.0,176.0,182.0,162.0,270.0,162.0,250.0,,0,8353116
10.5214,2019-09-08 18:24:09.718824,196.0,182.0,178.0,182.0,288.0,268.0,268.0,232.0,,2,8351977
10.5477,2019-09-08 18:24:09.725658,194.0,182.0,176.0,196.0,228.0,264.0,162.0,264.0,,4,8351797
10.5549,2019-09-08 18:24:09.751947,194.0,192.0,182.0,178.0,252.0,160.0,212.0,210.0,,6,8349513
10.5817,2019-09-08 18:24:09.762222,194.0,182.0,176.0,196.0,160.0,206.0,212.0,230.0,,7,8348351
10.5911,2019-09-08 18:24:09.775540,194.0,182.0,178.0,196.0,216.0,162.0,198.0,196.0,,10,8347212
10.6049,2019-09-08 18:24:09.793357,182.0,178.0,176.0,192.0,206.0,162.0,200.0,162.0,,12,8345583
10.623,2019-09-08 18:24:09.814855,176.0,194.0,192.0,182.0,162.0,188.0,188.0,186.0,,16,8343482
10.6441,2019-09-08 18:24:09.840184,196.0,182.0,176.0,196.0,186.0,184.0,176.0,162.0,,21,8343074
10.6692,2019-09-08 18:24:09.860284,192.0,182.0,178.0,196.0,182.0,184.0,172.0,182.0,,27,8342596
10.6896,2019-09-08 18:24:09.867617,192.0,182.0,176.0,196.0,182.0,168.0,162.0,178.0,,30,8342451
10.6966,2019-09-08 18:24:09.877983,194.0,182.0,178.0,196.0,180.0,168.0,164.0,178.0,,33,8342704
10.7068,2019-09-08 18:24:09.895704,194.0,182.0,178.0,178.0,162.0,164.0,164.0,178.0,,36,8342517
10.7246,2019-09-08 18:24:09.912988,194.0,194.0,194.0,180.0,168.0,178.0,180.0,168.0,,40,8342326
10.7421,2019-09-08 18:24:09.928040,192.0,182.0,194.0,182.0,164.0,164.0,176.0,180.0,,42,8342655
10.7574,2019-09-08 18:24:09.954648,194.0,182.0,194.0,182.0,176.0,180.0,168.0,164.0,,45,8343275
10.7841,2019-09-08 18:24:09.966121,194.0,194.0,178.0,196.0,176.0,180.0,168.0,164.0,,46,8344444
10.7954,2019-09-08 18:24:09.976565,192.0,182.0,178.0,196.0,164.0,176.0,168.0,168.0,,47,8343697
10.8059,2019-09-08 18:24:09.989803,194.0,182.0,182.0,178.0,166.0,174.0,180.0,164.0,,47,8343240
10.8193,2019-09-08 18:24:10.005739,194.0,182.0,182.0,178.0,174.0,168.0,168.0,166.0,,47,8343254
10.8349,2019-09-08 18:24:10.022017,194.0,182.0,176.0,196.0,166.0,178.0,168.0,180.0,,47,8343375
10.8512,2019-09-08 18:24:10.038913,192.0,182.0,176.0,196.0,174.0,178.0,166.0,166.0,,45,8343448
10.8682,2019-09-08 18:24:10.060241,196.0,182.0,178.0,196.0,168.0,176.0,180.0,168.0,,44,8344171
10.8895,2019-09-08 18:24:10.076528,178.0,196.0,176.0,196.0,168.0,166.0,166.0,178.0,,42,8344250
10.9063,2019-09-08 18:24:10.090173,196.0,182.0,178.0,196.0,178.0,166.0,168.0,174.0,,40,8344631
10.9196,2019-09-08 18:24:10.107197,196.0,182.0,196.0,196.0,174.0,176.0,178.0,168.0,,37,8344766
10.9361,2019-09-08 18:24:10.125118,176.0,182.0,178.0,196.0,166.0,174.0,178.0,168.0,,35,8345344
10.954,2019-09-08 18:24:10.141087,192.0,182.0,178.0,196.0,166.0,176.0,174.0,168.0,,30,8346513
10.9709,2019-09-08 18:24:10.168349,182.0,176.0,178.0,182.0,176.0,166.0,168.0,178.0,,26,8348216
10.9978,2019-09-08 18:24:10.177957,192.0,182.0,194.0,182.0,180.0,180.0,180.0,164.0,,24,8348690
11.0069,2019-09-08 18:24:10.190775,176.0,196.0,176.0,192.0,166.0,176.0,164.0,176.0,,22,8349416
11.0202,2019-09-08 18:24:10.205661,192.0,182.0,176.0,194.0,178.0,180.0,180.0,168.0,,21,8349676
11.0352,2019-09-08 18:24:10.222935,192.0,182.0,178.0,196.0,180.0,168.0,176.0,180.0,,19,8350333
11.0523,2019-09-08 18:24:10.238863,192.0,182.0,178.0,192.0,176.0,176.0,180.0,164.0,,16,8349960
11.0685,2019-09-08 18:24:10.263931,192.0,182.0,178.0,176.0,168.0,180.0,168.0,164.0,,13,8349617
11.0929,2019-09-08 18:24:10.272748,192.0,192.0,182.0,192.0,164.0,176.0,180.0,180.0,,12,8349534
11.1021,2019-09-08 18:24:10.286331,192.0,182.0,178.0,196.0,180.0,168.0,164.0,176.0,,11,8348974
11.116,2019-09-08 18:24:10.301226,192.0,182.0,178.0,196.0,178.0,176.0,168.0,164.0,,10,8348070
11.1309,2019-09-08 18:24:10.318119,192.0,182.0,178.0,196.0,164.0,164.0,176.0,180.0,,9,8347904
11.1477,2019-09-08 18:24:10.335242,192.0,182.0,178.0,196.0,178.0,168.0,180.0,176.0,,7,8346565
11.1649,2019-09-08 18:24:10.346894,192.0,182.0,176.0,196.0,164.0,176.0,180.0,164.0,,6,8345977
11.1759,2019-09-08 18:24:10.367663,192.0,182.0,176.0,196.0,180.0,168.0,166.0,176.0,,6,8345005
11.1973,2019-09-08 18:24:10.377924,192.0,182.0,178.0,196.0,176.0,176.0,168.0,168.0,,5,8344984
11.2071,2019-09-08 18:24:10.395021,192.0,182.0,178.0,196.0,168.0,168.0,168.0,170.0,,5,8344465
11.2244,2019-09-08 18:24:10.409796,192.0,182.0,178.0,196.0,176.0,180.0,180.0,168.0,,5,8343835
11.239,2019-09-08 18:24:10.427597,192.0,182.0,178.0,196.0,176.0,176.0,180.0,168.0,,5,8343434
11.2566,2019-09-08 18:24:10.447379,182.0,182.0,178.0,196.0,180.0,168.0,190.0,176.0,,5,8343773
11.2763,2019-09-08 18:24:10.475946,182.0,176.0,196.0,196.0,168.0,180.0,168.0,202.0,,5,8343714
11.3055,2019-09-08 18:24:10.483657,182.0,178.0,196.0,194.0,168.0,206.0,176.0,180.0,,5,8344018
11.3133,2019-09-08 18:24:10.491468,180.0,182.0,176.0,194.0,168.0,176.0,174.0,180.0,,5,8343569
11.3209,2019-09-08 18:24:10.504912,182.0,182.0,176.0,196.0,218.0,176.0,176.0,180.0,,5,8343652
11.3343,2019-09-08 18:24:10.523196,180.0,176.0,176.0,196.0,238.0,180.0,166.0,248.0,,4,8343461
11.3518,2019-09-08 18:24:10.537713,250.0,182.0,176.0,196.0,176.0,176.0,180.0,166.0,,4,8342783
11.3668,2019-09-08 18:24:10.553621,270.0,182.0,178.0,198.0,176.0,180.0,274.0,276.0,,4,8342648
11.3824,2019-09-08 18:24:10.572524,198.0,182.0,176.0,198.0,178.0,180.0,168.0,288.0,,4,8342863
11.4012,2019-09-08 18:24:10.602950,370.0,182.0,178.0,388.0,178.0,180.0,180.0,300.0,,4,8341634
11.432,2019-09-08 18:24:10.610735,442.0,182.0,178.0,208.0,180.0,168.0,180.0,182.0,,4,8342506
11.4393,2019-09-08 18:24:10.619327,184.0,184.0,180.0,180.0,312.0,182.0,182.0,168.0,,4,8342506
11.4479,2019-09-08 18:24:10.633745,568.0,572.0,180.0,180.0,168.0,184.0,180.0,168.0,,4,8342257
11.4623,2019-09-08 18:24:10.646796,606.0,192.0,182.0,614.0,352.0,188.0,180.0,168.0,,4,8343413
11.4754,2019-09-08 18:24:10.675201,182.0,634.0,182.0,182.0,190.0,180.0,168.0,376.0,,3,8342070
11.5038,2019-09-08 18:24:10.688725,646.0,196.0,196.0,184.0,194.0,184.0,400.0,404.0,,3,8341475
11.5177,2019-09-08 18:24:10.699500,652.0,198.0,198.0,654.0,184.0,186.0,414.0,198.0,,3,8342191
11.528,2019-09-08 18:24:10.727657,654.0,652.0,200.0,186.0,190.0,444.0,202.0,192.0,,2,8342012
11.5569,2019-09-08 18:24:10.744983,638.0,636.0,202.0,186.0,452.0,170.0,456.0,206.0,,2,8342423
11.5738,2019-09-08 18:24:10.781289,628.0,626.0,202.0,186.0,476.0,170.0,480.0,212.0,,2,8341911
11.6101,2019-09-08 18:24:10.797551,610.0,204.0,206.0,188.0,482.0,212.0,484.0,172.0,,1,8341766
11.6261,2019-09-08 18:24:10.826835,602.0,602.0,210.0,190.0,212.0,228.0,174.0,502.0,,1,8341416
11.6555,2019-09-08 18:24:10.847385,594.0,212.0,594.0,212.0,238.0,210.0,242.0,174.0,,0,8342690
11.676,2019-09-08 18:24:10.867717,590.0,214.0,192.0,216.0,516.0,174.0,518.0,252.0,,0,8341634
11.6962,2019-09-08 18:24:10.887120,586.0,216.0,194.0,238.0,206.0,258.0,206.0,260.0,,0,8342769
11.7157,2019-09-08 18:24:10.897223,582.0,218.0,194.0,240.0,522.0,204.0,262.0,204.0,,0,8342268
11.7258,2019-09-08 18:24:10.927353,240.0,220.0,194.0,238.0,202.0,268.0,174.0,268.0,,-1,8342662
11.7559,2019-09-08 18:24:10.939163,196.0,240.0,196.0,240.0,270.0,524.0,200.0,272.0,,-1,8342607
11.7677,2019-09-08 18:24:10.950794,592.0,240.0,196.0,240.0,272.0,524.0,198.0,198.0,,-1,8342693
11.7801,2019-09-08 18:24:10.971484,198.0,224.0,240.0,600.0,278.0,196.0,280.0,282.0,,-1,8342911
11.8001,2019-09-08 18:24:10.985637,240.0,600.0,198.0,240.0,518.0,196.0,196.0,284.0,,-1,8343108
11.8143,2019-09-08 18:24:11.002697,224.0,224.0,198.0,198.0,288.0,176.0,288.0,194.0,,-2,8342769
11.832,2019-09-08 18:24:11.020496,198.0,224.0,198.0,238.0,512.0,194.0,512.0,194.0,,-2,8344198
11.8497,2019-09-08 18:24:11.039376,570.0,222.0,196.0,236.0,176.0,294.0,192.0,294.0,,-2,8344534
11.8695,2019-09-08 18:24:11.052124,552.0,222.0,196.0,234.0,176.0,294.0,192.0,512.0,,-2,8345541
11.881,2019-09-08 18:24:11.069764,532.0,234.0,220.0,526.0,514.0,176.0,514.0,190.0,,-3,8345001
11.8987,2019-09-08 18:24:11.087510,504.0,500.0,194.0,492.0,300.0,176.0,514.0,176.0,,-3,8345230
11.9167,2019-09-08 18:24:11.099211,454.0,214.0,192.0,232.0,176.0,304.0,306.0,512.0,,-3,8345278
11.9278,2019-09-08 18:24:11.117400,378.0,210.0,362.0,190.0,512.0,176.0,308.0,190.0,,-3,8345223
11.946,2019-09-08 18:24:11.131192,298.0,208.0,208.0,228.0,190.0,176.0,510.0,508.0,,-4,8345060
11.9602,2019-09-08 18:24:11.148204,232.0,206.0,186.0,226.0,192.0,320.0,178.0,498.0,,-4,8345164
11.9768,2019-09-08 18:24:11.171365,204.0,204.0,184.0,220.0,328.0,178.0,482.0,194.0,,-4,8346589
12.0,2019-09-08 18:24:11.192709,202.0,200.0,184.0,214.0,478.0,476.0,196.0,340.0,,-4,8346683
12.0219,2019-09-08 18:24:11.200154,200.0,198.0,184.0,208.0,180.0,180.0,448.0,352.0,,-4,8347614
12.0289,2019-09-08 18:24:11.210270,206.0,194.0,184.0,204.0,182.0,200.0,200.0,202.0,,-4,8347475
12.039,2019-09-08 18:24:11.223339,204.0,190.0,182.0,202.0,420.0,362.0,184.0,184.0,,-4,8347707
12.052,2019-09-08 18:24:11.237752,194.0,186.0,180.0,194.0,204.0,368.0,370.0,386.0,,-4,8349354
12.0665,2019-09-08 18:24:11.253741,194.0,184.0,178.0,198.0,186.0,378.0,208.0,338.0,,-4,8349371
12.0833,2019-09-08 18:24:11.269782,194.0,184.0,178.0,198.0,208.0,382.0,190.0,312.0,,-4,8350835
12.0984,2019-09-08 18:24:11.289217,194.0,182.0,178.0,196.0,384.0,384.0,190.0,284.0,,-3,8351776
12.1178,2019-09-08 18:24:11.303071,192.0,182.0,178.0,196.0,216.0,378.0,378.0,194.0,,-2,8352333
12.1317,2019-09-08 18:24:11.320783,192.0,196.0,178.0,192.0,370.0,368.0,198.0,194.0,,-2,8353569
12.1497,2019-09-08 18:24:11.332565,196.0,182.0,192.0,182.0,198.0,188.0,364.0,362.0,,-1,8353572
12.1613,2019-09-08 18:24:11.356136,192.0,192.0,178.0,196.0,222.0,178.0,348.0,202.0,,1,8353763
12.1848,2019-09-08 18:24:11.365956,196.0,182.0,182.0,196.0,340.0,338.0,334.0,204.0,,2,8354084
12.1948,2019-09-08 18:24:11.402852,192.0,182.0,178.0,196.0,200.0,206.0,208.0,168.0,,5,8352520
12.2323,2019-09-08 18:24:11.410043,192.0,182.0,192.0,182.0,206.0,196.0,262.0,258.0,,6,8351565
12.2388,2019-09-08 18:24:11.463759,192.0,182.0,176.0,196.0,252.0,204.0,166.0,238.0,,14,8348925
12.2929,2019-09-08 18:24:11.493555,192.0,182.0,192.0,182.0,182.0,190.0,190.0,174.0,,16,8348932
12.3229,2019-09-08 18:24:11.526930,192.0,182.0,178.0,196.0,186.0,180.0,166.0,170.0,,26,8348302
12.3563,2019-09-08 18:24:11.534242,192.0,182.0,192.0,196.0,166.0,166.0,178.0,168.0,,29,8347749
12.3629,2019-09-08 18:24:11.546580,192.0,182.0,192.0,182.0,168.0,166.0,178.0,180.0,,31,8347219
12.3753,2019-09-08 18:24:11.564714,196.0,182.0,176.0,178.0,178.0,180.0,168.0,178.0,,34,8346499
12.3934,2019-09-08 18:24:11.586262,192.0,182.0,176.0,196.0,180.0,168.0,166.0,168.0,,36,8347333
12.4149,2019-09-08 18:24:11.602234,192.0,182.0,176.0,194.0,178.0,180.0,168.0,178.0,,37,8345960
12.4311,2019-09-08 18:24:11.618940,192.0,196.0,176.0,196.0,178.0,180.0,180.0,168.0,,38,8346679
12.4478,2019-09-08 18:24:11.664981,178.0,182.0,178.0,196.0,178.0,178.0,180.0,168.0,,37,8344825
12.4939,2019-09-08 18:24:11.687093,192.0,196.0,176.0,196.0,166.0,180.0,168.0,166.0,,36,8344614
12.5159,2019-09-08 18:24:11.695540,192.0,182.0,176.0,196.0,166.0,168.0,168.0,166.0,,35,8343659
12.5245,2019-09-08 18:24:11.704596,196.0,182.0,176.0,196.0,166.0,168.0,176.0,168.0,,34,8344572
12.5335,2019-09-08 18:24:11.711285,192.0,182.0,178.0,196.0,168.0,176.0,176.0,176.0,,33,8343721
12.5402,2019-09-08 18:24:11.727723,192.0,180.0,176.0,196.0,176.0,166.0,176.0,176.0,,32,8344513
12.5566,2019-09-08 18:24:11.741489,196.0,182.0,178.0,192.0,178.0,168.0,180.0,168.0,,30,8344423
12.5705,2019-09-08 18:24:11.773643,192.0,182.0,192.0,196.0,168.0,166.0,164.0,178.0,,25,8344437
12.6023,2019-09-08 18:24:11.780733,192.0,182.0,192.0,182.0,180.0,180.0,180.0,168.0,,23,8344489
12.6094,2019-09-08 18:24:11.807259,182.0,192.0,182.0,178.0,168.0,164.0,168.0,178.0,,19,8345022
12.6368,2019-09-08 18:24:11.815252,176.0,182.0,192.0,182.0,178.0,180.0,164.0,164.0,,17,8345434
12.6438,2019-09-08 18:24:11.826712,192.0,192.0,192.0,196.0,164.0,164.0,164.0,178.0,,16,8345278
12.6562,2019-09-08 18:24:11.840471,192.0,192.0,192.0,196.0,180.0,178.0,164.0,164.0,,14,8346060
12.6692,2019-09-08 18:24:11.855463,192.0,182.0,176.0,196.0,164.0,164.0,164.0,178.0,,13,8346295
12.684,2019-09-08 18:24:11.873570,192.0,182.0,192.0,196.0,164.0,178.0,180.0,166.0,,10,8345856
12.7021,2019-09-08 18:24:11.891978,192.0,182.0,192.0,196.0,178.0,178.0,164.0,168.0,,8,8345794
12.7205,2019-09-08 18:24:11.911342,192.0,182.0,178.0,190.0,178.0,166.0,168.0,166.0,,6,8345641
12.7401,2019-09-08 18:24:11.922372,192.0,182.0,178.0,192.0,178.0,168.0,168.0,166.0,,6,8345164
12.7512,2019-09-08 18:24:11.937745,176.0,196.0,178.0,196.0,176.0,180.0,178.0,168.0,,5,8344821
12.7664,2019-09-08 18:24:11.954106,192.0,182.0,176.0,196.0,168.0,168.0,178.0,180.0,,5,8344160
12.7832,2019-09-08 18:24:11.968517,178.0,196.0,176.0,196.0,168.0,168.0,168.0,180.0,,4,8344371
12.7972,2019-09-08 18:24:11.982613,176.0,196.0,176.0,196.0,176.0,180.0,170.0,170.0,,4,8343337
12.8111,2019-09-08 18:24:12.009018,196.0,182.0,176.0,196.0,180.0,174.0,180.0,168.0,,5,8343361
12.838,2019-09-08 18:24:12.016557,182.0,182.0,176.0,196.0,168.0,168.0,178.0,176.0,,5,8344486
12.8456,2019-09-08 18:24:12.031985,178.0,182.0,178.0,196.0,168.0,196.0,176.0,180.0,,5,8344022
12.8611,2019-09-08 18:24:12.049637,192.0,182.0,178.0,196.0,176.0,178.0,180.0,180.0,,4,8344451
12.8783,2019-09-08 18:24:12.065761,190.0,182.0,178.0,194.0,180.0,168.0,244.0,176.0,,4,8344596
12.8953,2019-09-08 18:24:12.082544,190.0,182.0,176.0,196.0,176.0,180.0,168.0,306.0,,4,8346707
12.9117,2019-09-08 18:24:12.105361,178.0,194.0,176.0,196.0,176.0,180.0,168.0,326.0,,4,8348693
12.9345,2019-09-08 18:24:12.122068,192.0,190.0,178.0,196.0,338.0,340.0,178.0,168.0,,5,8350780
12.9508,2019-09-08 18:24:12.131421,194.0,182.0,176.0,196.0,180.0,168.0,180.0,178.0,,5,8351112
12.9603,2019-09-08 18:24:12.146346,204.0,182.0,178.0,206.0,168.0,180.0,168.0,180.0,,5,8350856
12.9752,2019-09-08 18:24:12.169069,218.0,182.0,222.0,196.0,168.0,168.0,340.0,186.0,,5,8350610
12.9979,2019-09-08 18:24:12.179115,244.0,182.0,248.0,250.0,180.0,168.0,350.0,168.0,,5,8350842
13.0079,2019-09-08 18:24:12.215662,268.0,182.0,272.0,196.0,182.0,190.0,360.0,184.0,,4,8350067
13.0447,2019-09-08 18:24:12.231408,306.0,182.0,316.0,182.0,364.0,366.0,184.0,168.0,,4,8349596
13.0607,2019-09-08 18:24:12.241226,362.0,182.0,376.0,182.0,398.0,198.0,192.0,168.0,,4,8349275
13.071,2019-09-08 18:24:12.251870,434.0,184.0,180.0,450.0,194.0,168.0,414.0,200.0,,3,8350237
13.081,2019-09-08 18:24:12.265320,490.0,184.0,180.0,180.0,198.0,170.0,170.0,426.0,,3,8349088
13.0947,2019-09-08 18:24:12.284338,534.0,186.0,180.0,214.0,204.0,204.0,170.0,206.0,,3,8349700
13.1145,2019-09-08 18:24:12.298199,570.0,572.0,188.0,578.0,208.0,214.0,210.0,216.0,,3,8349102
13.1277,2019-09-08 18:24:12.325593,602.0,190.0,182.0,218.0,228.0,174.0,456.0,218.0,,2,8348451
13.1545,2019-09-08 18:24:12.337527,626.0,192.0,182.0,220.0,458.0,220.0,236.0,174.0,,2,8348361
13.1661,2019-09-08 18:24:12.348601,644.0,194.0,182.0,222.0,240.0,176.0,244.0,176.0,,2,8348389
13.1772,2019-09-08 18:24:12.355444,658.0,196.0,184.0,224.0,460.0,176.0,250.0,176.0,,1,8348389
13.184,2019-09-08 18:24:12.387886,668.0,198.0,184.0,668.0,232.0,264.0,178.0,446.0,,1,8347268
13.2165,2019-09-08 18:24:12.398380,666.0,184.0,224.0,224.0,232.0,442.0,180.0,272.0,,1,8346724
13.227,2019-09-08 18:24:12.420165,184.0,224.0,184.0,224.0,178.0,436.0,236.0,276.0,,0,8347192
13.2495,2019-09-08 18:24:12.442622,184.0,226.0,224.0,226.0,180.0,402.0,242.0,288.0,,0,8347237
13.2712,2019-09-08 18:24:12.459294,206.0,186.0,226.0,208.0,182.0,244.0,292.0,182.0,,-1,8346769
13.288,2019-09-08 18:24:12.493566,628.0,186.0,188.0,228.0,354.0,254.0,308.0,184.0,,-1,8347237
13.3223,2019-09-08 18:24:12.519434,624.0,624.0,188.0,228.0,334.0,260.0,322.0,328.0,,-2,8346949
13.3481,2019-09-08 18:24:12.538491,628.0,230.0,630.0,230.0,268.0,190.0,310.0,270.0,,-2,8347108
13.3672,2019-09-08 18:24:12.554110,632.0,216.0,190.0,230.0,192.0,294.0,276.0,276.0,,-2,8347264
13.3827,2019-09-08 18:24:12.595227,218.0,190.0,232.0,634.0,368.0,196.0,282.0,374.0,,-2,8348250
13.4239,2019-09-08 18:24:12.621032,218.0,192.0,232.0,232.0,198.0,258.0,286.0,390.0,,-2,8348261
13.4499,2019-09-08 18:24:12.628294,636.0,234.0,194.0,234.0,234.0,234.0,412.0,204.0,,-2,8348285
13.457,2019-09-08 18:24:12.635769,634.0,224.0,194.0,234.0,204.0,418.0,206.0,206.0,,-2,8349119
13.4644,2019-09-08 18:24:12.648841,622.0,226.0,194.0,236.0,296.0,428.0,208.0,210.0,,-2,8348693
13.4775,2019-09-08 18:24:12.672162,608.0,228.0,194.0,238.0,298.0,434.0,210.0,204.0,,-2,8349351
13.5008,2019-09-08 18:24:12.720015,590.0,232.0,198.0,240.0,300.0,440.0,212.0,214.0,,-2,8351292
13.5488,2019-09-08 18:24:12.728788,538.0,234.0,200.0,242.0,466.0,226.0,178.0,310.0,,-2,8352050
13.5576,2019-09-08 18:24:12.737991,500.0,496.0,200.0,236.0,470.0,228.0,176.0,310.0,,-2,8352576
13.5665,2019-09-08 18:24:12.750914,454.0,236.0,200.0,242.0,230.0,176.0,232.0,176.0,,-2,8353486
13.5796,2019-09-08 18:24:12.777232,384.0,200.0,236.0,200.0,238.0,172.0,302.0,302.0,,-1,8354036
13.6059,2019-09-08 18:24:12.804870,236.0,232.0,230.0,224.0,170.0,462.0,244.0,246.0,,-1,8354423
13.6336,2019-09-08 18:24:12.830355,206.0,216.0,192.0,214.0,166.0,248.0,438.0,250.0,,1,8355808
13.6594,2019-09-08 18:24:12.843796,202.0,206.0,190.0,208.0,164.0,250.0,164.0,252.0,,1,8356479
13.6724,2019-09-08 18:24:12.875784,200.0,198.0,188.0,204.0,162.0,258.0,396.0,254.0,,2,8356399
13.7044,2019-09-08 18:24:12.883715,200.0,192.0,186.0,200.0,388.0,256.0,162.0,256.0,,3,8356417
13.7123,2019-09-08 18:24:12.950236,198.0,186.0,182.0,198.0,256.0,258.0,162.0,238.0,,8,8354351
13.7791,2019-09-08 18:24:12.958697,194.0,182.0,178.0,196.0,160.0,160.0,238.0,194.0,,9,8353946
13.7876,2019-09-08 18:24:12.970331,194.0,196.0,178.0,196.0,194.0,192.0,222.0,160.0,,11,8354029
13.7996,2019-09-08 18:24:12.987817,194.0,196.0,176.0,196.0,190.0,190.0,190.0,210.0,,12,8352648
13.8168,2019-09-08 18:24:13.001994,182.0,196.0,178.0,196.0,204.0,198.0,162.0,184.0,,16,8353410
13.8308,2019-09-08 18:24:13.020442,182.0,196.0,176.0,196.0,194.0,162.0,162.0,182.0,,18,8352638
13.8494,2019-09-08 18:24:13.035566,178.0,196.0,176.0,196.0,162.0,180.0,188.0,174.0,,21,8351057
13.8642,2019-09-08 18:24:13.050857,178.0,196.0,176.0,196.0,162.0,178.0,186.0,186.0,,28,8350288
13.8796,2019-09-08 18:24:13.081441,194.0,182.0,178.0,196.0,182.0,176.0,164.0,162.0,,35,8349240
13.9101,2019-09-08 18:24:13.090865,194.0,182.0,176.0,196.0,178.0,180.0,168.0,168.0,,38,8348278
13.9195,2019-09-08 18:24:13.108871,182.0,182.0,178.0,196.0,162.0,176.0,162.0,176.0,,42,8347717
13.9375,2019-09-08 18:24:13.132581,194.0,182.0,176.0,196.0,162.0,176.0,162.0,176.0,,44,8346513
13.9614,2019-09-08 18:24:13.142404,194.0,178.0,196.0,196.0,162.0,176.0,180.0,168.0,,46,8346776
13.9712,2019-09-08 18:24:13.149925,194.0,178.0,196.0,194.0,176.0,176.0,168.0,168.0,,46,8345745
13.9786,2019-09-08 18:24:13.169961,194.0,196.0,176.0,194.0,176.0,164.0,168.0,174.0,,46,8344461
13.9986,2019-09-08 18:24:13.184568,194.0,182.0,178.0,196.0,174.0,178.0,164.0,164.0,,46,8343621
14.0131,2019-09-08 18:24:13.206323,196.0,182.0,178.0,182.0,168.0,178.0,174.0,164.0,,45,8344191
14.0349,2019-09-08 18:24:13.215006,192.0,182.0,178.0,196.0,168.0,164.0,174.0,164.0,,44,8342835
14.0436,2019-09-08 18:24:13.235021,194.0,182.0,178.0,196.0,168.0,174.0,178.0,180.0,,42,8344441
14.064,2019-09-08 18:24:13.242956,192.0,182.0,176.0,196.0,168.0,174.0,176.0,168.0,,41,8343666
14.0716,2019-09-08 18:24:13.260677,192.0,182.0,178.0,196.0,164.0,174.0,168.0,166.0,,40,8343088
14.0894,2019-09-08 18:24:13.273127,192.0,182.0,178.0,192.0,168.0,166.0,176.0,166.0,,38,8342980
14.1018,2019-09-08 18:24:13.293396,178.0,196.0,176.0,196.0,164.0,176.0,178.0,168.0,,35,8342669
14.122,2019-09-08 18:24:13.305791,176.0,196.0,176.0,196.0,180.0,176.0,164.0,176.0,,34,8343423
14.1344,2019-09-08 18:24:13.322285,192.0,196.0,192.0,182.0,176.0,168.0,164.0,164.0,,33,8342579
14.1513,2019-09-08 18:24:13.342803,196.0,182.0,178.0,196.0,180.0,180.0,168.0,176.0,,30,8342517
14.1718,2019-09-08 18:24:13.354268,192.0,182.0,178.0,196.0,178.0,168.0,164.0,176.0,,29,8342572
14.183,2019-09-08 18:24:13.368418,192.0,182.0,178.0,196.0,168.0,168.0,164.0,176.0,,28,8342863
14.1972,2019-09-08 18:24:13.383327,192.0,182.0,176.0,192.0,168.0,164.0,176.0,180.0,,25,8342569
14.212,2019-09-08 18:24:13.402979,192.0,182.0,178.0,196.0,164.0,176.0,180.0,168.0,,23,8342347
14.2316,2019-09-08 18:24:13.414023,192.0,182.0,178.0,196.0,164.0,178.0,180.0,168.0,,22,8342569
14.2426,2019-09-08 18:24:13.430928,192.0,182.0,178.0,192.0,164.0,176.0,178.0,168.0,,19,8342319
14.2595,2019-09-08 18:24:13.447017,192.0,182.0,178.0,198.0,176.0,180.0,168.0,164.0,,18,8342129
14.2756,2019-09-08 18:24:13.461464,192.0,182.0,176.0,196.0,176.0,180.0,168.0,164.0,,17,8342257
14.29,2019-09-08 18:24:13.485825,192.0,182.0,178.0,196.0,180.0,168.0,164.0,176.0,,14,8342157
14.3144,2019-09-08 18:24:13.503570,192.0,182.0,178.0,196.0,168.0,168.0,164.0,180.0,,11,8342714
14.3321,2019-09-08 18:24:13.512514,192.0,178.0,196.0,196.0,164.0,164.0,178.0,180.0,,10,8342984
14.3411,2019-09-08 18:24:13.525250,192.0,182.0,178.0,196.0,164.0,176.0,180.0,168.0,,9,8342652
14.3539,2019-09-08 18:24:13.566490,192.0,176.0,196.0,196.0,164.0,176.0,180.0,168.0,,6,8344005
14.3951,2019-09-08 18:24:13.577586,182.0,178.0,196.0,196.0,166.0,176.0,180.0,168.0,,5,8344005
14.4062,2019-09-08 18:24:13.588082,196.0,178.0,196.0,196.0,168.0,176.0,170.0,168.0,,5,8344693
14.4169,2019-09-08 18:24:13.610277,176.0,196.0,176.0,196.0,168.0,172.0,168.0,172.0,,5,8346846
14.439,2019-09-08 18:24:13.627001,192.0,196.0,198.0,196.0,176.0,172.0,176.0,180.0,,4,8346641
14.4557,2019-09-08 18:24:13.645273,192.0,182.0,176.0,196.0,180.0,180.0,176.0,176.0,,4,8347378
14.4739,2019-09-08 18:24:13.652828,200.0,182.0,176.0,196.0,180.0,180.0,178.0,176.0,,4,8347600
14.4814,2019-09-08 18:24:13.671543,214.0,182.0,176.0,196.0,176.0,168.0,182.0,182.0,,4,8348216
14.5008,2019-09-08 18:24:13.685263,236.0,180.0,178.0,196.0,168.0,176.0,176.0,168.0,,4,8347192
14.5145,2019-09-08 18:24:13.702813,248.0,182.0,178.0,196.0,192.0,194.0,176.0,168.0,,4,8345960
14.5317,2019-09-08 18:24:13.717993,256.0,182.0,178.0,196.0,168.0,176.0,180.0,168.0,,4,8345572
14.5467,2019-09-08 18:24:13.732397,198.0,182.0,196.0,270.0,208.0,180.0,168.0,168.0,,4,8345430
14.561,2019-09-08 18:24:13.748470,182.0,182.0,288.0,198.0,168.0,252.0,176.0,180.0,,3,8345084
14.5772,2019-09-08 18:24:13.765627,308.0,182.0,198.0,198.0,178.0,180.0,178.0,314.0,,3,8344012
14.5944,2019-09-08 18:24:13.778192,184.0,346.0,178.0,200.0,178.0,180.0,168.0,168.0,,3,8343852
14.6068,2019-09-08 18:24:13.795784,382.0,202.0,184.0,394.0,182.0,182.0,182.0,180.0,,3,8342963
14.6244,2019-09-08 18:24:13.839815,448.0,186.0,180.0,206.0,192.0,186.0,194.0,434.0,,4,8342963
14.6686,2019-09-08 18:24:13.868584,482.0,190.0,180.0,488.0,198.0,190.0,168.0,472.0,,4,8342250
14.6973,2019-09-08 18:24:13.875127,504.0,192.0,182.0,210.0,200.0,192.0,168.0,168.0,,4,8342250
14.7045,2019-09-08 18:24:13.891426,520.0,196.0,210.0,536.0,202.0,198.0,198.0,168.0,,4,8343243
14.72,2019-09-08 18:24:13.907921,216.0,216.0,186.0,218.0,516.0,204.0,200.0,524.0,,3,8342520
14.7368,2019-09-08 18:24:13.923141,222.0,190.0,190.0,222.0,204.0,204.0,534.0,536.0,,3,8342859
14.7517,2019-09-08 18:24:13.957386,194.0,230.0,196.0,230.0,210.0,210.0,542.0,542.0,,2,8341880
14.7859,2019-09-08 18:24:13.974844,234.0,258.0,234.0,234.0,212.0,212.0,540.0,540.0,,2,8342877
14.8034,2019-09-08 18:24:14.001757,204.0,236.0,206.0,528.0,172.0,212.0,214.0,534.0,,1,8342579
14.8303,2019-09-08 18:24:14.020323,282.0,208.0,208.0,236.0,214.0,214.0,170.0,526.0,,1,8342728
14.8491,2019-09-08 18:24:14.042838,288.0,238.0,210.0,238.0,172.0,518.0,216.0,214.0,,0,8342243
14.8714,2019-09-08 18:24:14.061814,462.0,460.0,214.0,454.0,512.0,172.0,512.0,172.0,,-1,8342901
14.8907,2019-09-08 18:24:14.079639,444.0,302.0,302.0,216.0,172.0,220.0,172.0,510.0,,-1,8342852
14.9083,2019-09-08 18:24:14.096452,436.0,304.0,218.0,218.0,172.0,512.0,170.0,220.0,,-1,8342361
14.9252,2019-09-08 18:24:14.112117,430.0,306.0,428.0,428.0,216.0,222.0,510.0,510.0,,-1,8344198
14.9407,2019-09-08 18:24:14.128382,422.0,310.0,222.0,246.0,508.0,218.0,508.0,218.0,,-2,8342749
14.9569,2019-09-08 18:24:14.141412,418.0,314.0,224.0,250.0,228.0,172.0,506.0,220.0,,-2,8342669
14.97,2019-09-08 18:24:14.168951,412.0,316.0,228.0,252.0,222.0,502.0,222.0,234.0,,-2,8343980
14.9975,2019-09-08 18:24:14.176898,254.0,320.0,228.0,254.0,174.0,500.0,172.0,236.0,,-3,8343465
15.0054,2019-09-08 18:24:14.187937,398.0,256.0,230.0,256.0,494.0,492.0,492.0,226.0,,-3,8344164
15.0169,2019-09-08 18:24:14.214112,232.0,258.0,232.0,258.0,230.0,244.0,174.0,476.0,,-3,8345738
15.0427,2019-09-08 18:24:14.222440,260.0,332.0,236.0,260.0,474.0,174.0,234.0,250.0,,-3,8344482
15.0511,2019-09-08 18:24:14.240069,262.0,238.0,354.0,264.0,174.0,238.0,238.0,456.0,,-3,8344697
15.0688,2019-09-08 18:24:14.280410,268.0,344.0,242.0,242.0,406.0,260.0,260.0,282.0,,-3,8345538
15.1105,2019-09-08 18:24:14.288438,296.0,352.0,250.0,278.0,390.0,384.0,288.0,290.0,,-3,8344859
15.117,2019-09-08 18:24:14.303651,276.0,354.0,252.0,282.0,292.0,366.0,274.0,276.0,,-3,8346181
15.1323,2019-09-08 18:24:14.322343,256.0,358.0,252.0,280.0,332.0,326.0,290.0,320.0,,-3,8346932
15.1516,2019-09-08 18:24:14.335084,254.0,356.0,254.0,276.0,292.0,308.0,296.0,186.0,,-3,8345797
15.1646,2019-09-08 18:24:14.350895,252.0,268.0,252.0,266.0,292.0,188.0,280.0,306.0,,-3,8346628
15.1795,2019-09-08 18:24:14.367717,210.0,342.0,248.0,208.0,358.0,192.0,364.0,194.0,,-2,8347614
15.1968,2019-09-08 18:24:14.384478,206.0,324.0,244.0,320.0,328.0,214.0,198.0,208.0,,-2,8348551
15.2131,2019-09-08 18:24:14.399377,238.0,238.0,236.0,236.0,204.0,336.0,392.0,202.0,,-2,8348818
15.2294,2019-09-08 18:24:14.420937,200.0,280.0,230.0,276.0,186.0,400.0,402.0,208.0,,-2,8349984
15.2503,2019-09-08 18:24:14.432601,222.0,258.0,226.0,198.0,180.0,346.0,178.0,178.0,,-2,8349904
15.2612,2019-09-08 18:24:14.447194,196.0,240.0,222.0,196.0,348.0,212.0,212.0,176.0,,-1,8351358
15.2773,2019-09-08 18:24:14.470256,194.0,226.0,216.0,194.0,342.0,392.0,340.0,388.0,,-1,8353690
15.2991,2019-09-08 18:24:14.480736,194.0,214.0,210.0,194.0,386.0,222.0,168.0,332.0,,0,8353842
15.3094,2019-09-08 18:24:14.494612,192.0,202.0,202.0,200.0,378.0,224.0,168.0,322.0,,1,8354673
15.3237,2019-09-08 18:24:14.510184,192.0,196.0,192.0,200.0,356.0,230.0,164.0,300.0,,2,8355098
15.3389,2019-09-08 18:24:14.551123,192.0,188.0,184.0,198.0,234.0,162.0,262.0,298.0,,6,8356195
15.3803,2019-09-08 18:24:14.567166,192.0,186.0,180.0,192.0,234.0,160.0,234.0,160.0,,8,8356192
15.3958,2019-09-08 18:24:14.575643,192.0,184.0,178.0,196.0,160.0,160.0,236.0,160.0,,9,8355424
15.4043,2019-09-08 18:24:14.587759,192.0,184.0,178.0,196.0,224.0,218.0,216.0,160.0,,11,8354188
15.4165,2019-09-08 18:24:14.603119,192.0,182.0,178.0,192.0,216.0,216.0,212.0,160.0,,14,8353043
15.4318,2019-09-08 18:24:14.618031,192.0,182.0,178.0,192.0,194.0,198.0,160.0,160.0,,16,8351351
15.4473,2019-09-08 18:24:14.634811,192.0,182.0,192.0,196.0,188.0,194.0,162.0,162.0,,21,8348759
15.4635,2019-09-08 18:24:14.650940,192.0,182.0,178.0,196.0,188.0,174.0,162.0,184.0,,23,8348057
15.4795,2019-09-08 18:24:14.685317,196.0,182.0,178.0,196.0,172.0,172.0,162.0,184.0,,31,8345351
15.514,2019-09-08 18:24:14.691712,196.0,182.0,176.0,196.0,162.0,178.0,180.0,168.0,,33,8344230
15.5212,2019-09-08 18:24:14.699112,194.0,182.0,176.0,196.0,168.0,164.0,178.0,180.0,,35,8344063
15.5277,2019-09-08 18:24:14.716046,192.0,182.0,176.0,192.0,162.0,164.0,178.0,180.0,,37,8343313
15.5446,2019-09-08 18:24:14.731667,192.0,182.0,178.0,196.0,164.0,176.0,180.0,168.0,,40,8342565
15.5604,2019-09-08 18:24:14.747065,192.0,182.0,178.0,196.0,176.0,180.0,168.0,164.0,,41,8342749
15.5756,2019-09-08 18:24:14.776670,192.0,182.0,182.0,176.0,176.0,180.0,168.0,164.0,,42,8341849
15.6054,2019-09-08 18:24:14.787566,192.0,182.0,182.0,176.0,176.0,168.0,168.0,176.0,,42,8341849
15.6161,2019-09-08 18:24:14.800075,192.0,192.0,178.0,196.0,168.0,176.0,176.0,168.0,,42,8342351
15.6288,2019-09-08 18:24:14.815805,192.0,182.0,176.0,192.0,168.0,164.0,176.0,178.0,,42,8342576
15.6445,2019-09-08 18:24:14.832571,182.0,182.0,196.0,196.0,176.0,180.0,174.0,164.0,,41,8342755
15.6612,2019-09-08 18:24:14.848329,196.0,182.0,178.0,192.0,164.0,176.0,178.0,164.0,,40,8342928
15.677,2019-09-08 18:24:14.864608,192.0,182.0,176.0,192.0,164.0,176.0,178.0,164.0,,39,8343219
15.6941,2019-09-08 18:24:14.880865,192.0,182.0,176.0,176.0,176.0,178.0,178.0,168.0,,37,8342537
15.7101,2019-09-08 18:24:14.897824,192.0,182.0,178.0,176.0,176.0,168.0,168.0,164.0,,35,8343441
15.7265,2019-09-08 18:24:14.912354,192.0,182.0,192.0,182.0,176.0,178.0,168.0,164.0,,34,8342572
15.741,2019-09-08 18:24:14.932630,192.0,182.0,176.0,196.0,176.0,178.0,168.0,164.0,,31,8343254
15.7618,2019-09-08 18:24:14.945645,192.0,182.0,178.0,196.0,176.0,178.0,168.0,164.0,,29,8343060
15.7747,2019-09-08 18:24:14.961090,192.0,182.0,178.0,196.0,178.0,178.0,164.0,164.0,,27,8343396
15.7898,2019-09-08 18:24:14.982486,192.0,182.0,176.0,196.0,180.0,168.0,164.0,178.0,,23,8344413
15.8116,2019-09-08 18:24:14.993202,192.0,182.0,182.0,178.0,180.0,168.0,180.0,178.0,,21,8344434
15.8223,2019-09-08 18:24:15.006842,190.0,182.0,176.0,196.0,180.0,178.0,164.0,164.0,,20,8344423
15.8357,2019-09-08 18:24:15.023960,192.0,182.0,178.0,196.0,180.0,164.0,164.0,178.0,,18,8346188
15.8525,2019-09-08 18:24:15.045983,192.0,196.0,176.0,196.0,168.0,164.0,180.0,180.0,,16,8346572
15.8747,2019-09-08 18:24:15.056783,196.0,196.0,178.0,196.0,168.0,164.0,178.0,180.0,,14,8347396
15.8859,2019-09-08 18:24:15.082220,176.0,182.0,176.0,196.0,180.0,168.0,180.0,168.0,,12,8349697
15.9109,2019-09-08 18:24:15.092994,190.0,196.0,190.0,182.0,180.0,168.0,164.0,178.0,,11,8349216
15.9217,2019-09-08 18:24:15.106966,190.0,190.0,178.0,196.0,180.0,178.0,180.0,168.0,,10,8350669
15.9356,2019-09-08 18:24:15.125490,190.0,182.0,176.0,196.0,168.0,180.0,176.0,180.0,,9,8350794
15.9544,2019-09-08 18:24:15.149598,190.0,190.0,176.0,196.0,166.0,180.0,168.0,166.0,,8,8350147
15.9783,2019-09-08 18:24:15.158022,190.0,176.0,196.0,196.0,168.0,168.0,168.0,168.0,,8,8349915
15.9871,2019-09-08 18:24:15.181753,178.0,182.0,196.0,182.0,168.0,176.0,168.0,170.0,,8,8350102
16.0104,2019-09-08 18:24:15.244355,182.0,178.0,196.0,176.0,170.0,176.0,180.0,180.0,,8,8351053
16.073,2019-09-08 18:24:15.251028,190.0,182.0,190.0,182.0,188.0,176.0,178.0,168.0,,8,8351631
16.0801,2019-09-08 18:24:15.258217,190.0,198.0,182.0,176.0,192.0,178.0,180.0,198.0,,7,8351936
16.0869,2019-09-08 18:24:15.273066,196.0,182.0,190.0,190.0,176.0,180.0,168.0,180.0,,7,8353904
16.1017,2019-09-08 18:24:15.287778,190.0,182.0,178.0,196.0,168.0,210.0,168.0,176.0,,7,8354621
16.1164,2019-09-08 18:24:15.309916,192.0,182.0,194.0,182.0,232.0,168.0,242.0,176.0,,6,8355427
16.1387,2019-09-08 18:24:15.321232,200.0,182.0,202.0,176.0,250.0,168.0,180.0,176.0,,6,8354960
16.1502,2019-09-08 18:24:15.334113,218.0,218.0,182.0,222.0,288.0,168.0,180.0,168.0,,6,8354894
16.1628,2019-09-08 18:24:15.352277,234.0,182.0,176.0,196.0,168.0,168.0,312.0,180.0,,5,8354981
16.1809,2019-09-08 18:24:15.367808,252.0,182.0,176.0,196.0,178.0,322.0,180.0,180.0,,5,8354666
16.1965,2019-09-08 18:24:15.390645,278.0,182.0,178.0,198.0,350.0,354.0,182.0,182.0,,5,8355482
16.2193,2019-09-08 18:24:15.400033,320.0,182.0,178.0,198.0,180.0,168.0,184.0,168.0,,5,8355818
16.2288,2019-09-08 18:24:15.413526,364.0,182.0,178.0,202.0,378.0,180.0,168.0,168.0,,5,8356150
16.2423,2019-09-08 18:24:15.429749,416.0,178.0,204.0,204.0,180.0,188.0,180.0,168.0,,5,8355704
16.2584,2019-09-08 18:24:15.445405,454.0,186.0,180.0,208.0,420.0,190.0,182.0,192.0,,4,8356894
16.2741,2019-09-08 18:24:15.459959,182.0,210.0,182.0,210.0,182.0,168.0,196.0,184.0,,4,8357448
16.2895,2019-09-08 18:24:15.508330,186.0,218.0,186.0,218.0,186.0,168.0,518.0,168.0,,4,8356662
16.337,2019-09-08 18:24:15.599155,506.0,206.0,190.0,224.0,168.0,204.0,188.0,168.0,,2,8356500
16.4278,2019-09-08 18:24:15.658025,476.0,256.0,216.0,254.0,542.0,198.0,170.0,170.0,,0,8359185
16.487,2019-09-08 18:24:15.665888,282.0,286.0,288.0,262.0,206.0,530.0,530.0,208.0,,0,8359846
16.4949,2019-09-08 18:24:15.680927,402.0,400.0,234.0,234.0,530.0,528.0,216.0,210.0,,0,8359908
16.5099,2019-09-08 18:24:15.726089,364.0,364.0,310.0,242.0,216.0,220.0,170.0,522.0,,-1,8359631
16.5554,2019-09-08 18:24:15.744768,354.0,268.0,316.0,268.0,522.0,170.0,224.0,518.0,,-2,8359659
16.5739,2019-09-08 18:24:15.762691,342.0,270.0,246.0,270.0,514.0,234.0,172.0,510.0,,-2,8359984
16.593,2019-09-08 18:24:15.779884,338.0,322.0,270.0,270.0,508.0,508.0,222.0,224.0,,-2,8360541
16.6093,2019-09-08 18:24:15.799059,338.0,270.0,270.0,270.0,174.0,492.0,228.0,174.0,,-2,8360226
16.6291,2019-09-08 18:24:15.806930,344.0,344.0,246.0,270.0,488.0,230.0,250.0,174.0,,-2,8359860
16.6369,2019-09-08 18:24:15.826674,346.0,346.0,248.0,272.0,470.0,236.0,174.0,174.0,,-3,8360226
16.6556,2019-09-08 18:24:15.843860,248.0,340.0,328.0,274.0,448.0,244.0,266.0,442.0,,-3,8360358
16.673,2019-09-08 18:24:15.868121,332.0,276.0,248.0,328.0,250.0,252.0,278.0,254.0,,-3,8361424
16.697,2019-09-08 18:24:15.877767,320.0,318.0,276.0,278.0,254.0,282.0,408.0,406.0,,-3,8360251
16.7067,2019-09-08 18:24:15.899789,338.0,310.0,252.0,278.0,288.0,178.0,262.0,264.0,,-3,8360562
16.7295,2019-09-08 18:24:15.907340,306.0,306.0,252.0,252.0,180.0,384.0,268.0,302.0,,-3,8360977
16.7369,2019-09-08 18:24:15.924919,302.0,302.0,252.0,254.0,314.0,182.0,320.0,280.0,,-4,8361126
16.7546,2019-09-08 18:24:15.938599,296.0,350.0,350.0,352.0,326.0,332.0,332.0,186.0,,-4,8361759
16.7682,2019-09-08 18:24:15.957168,284.0,282.0,258.0,358.0,188.0,294.0,296.0,190.0,,-4,8361936
16.7869,2019-09-08 18:24:15.973150,266.0,362.0,262.0,262.0,190.0,278.0,302.0,192.0,,-4,8361967
16.8029,2019-09-08 18:24:15.989725,248.0,362.0,262.0,298.0,312.0,388.0,198.0,200.0,,-4,8362441
16.8192,2019-09-08 18:24:16.018119,228.0,358.0,226.0,226.0,204.0,414.0,206.0,332.0,,-4,8361555
16.8474,2019-09-08 18:24:16.036789,214.0,352.0,264.0,302.0,418.0,210.0,188.0,338.0,,-4,8362098
16.8659,2019-09-08 18:24:16.049844,208.0,348.0,264.0,206.0,338.0,212.0,212.0,180.0,,-4,8362026
16.8784,2019-09-08 18:24:16.059029,204.0,342.0,262.0,290.0,214.0,214.0,344.0,346.0,,-4,8361621
16.8888,2019-09-08 18:24:16.072037,284.0,334.0,260.0,280.0,426.0,176.0,348.0,348.0,,-4,8361880
16.9011,2019-09-08 18:24:16.086466,198.0,320.0,256.0,270.0,172.0,348.0,412.0,224.0,,-3,8361790
16.9151,2019-09-08 18:24:16.106935,262.0,262.0,248.0,260.0,226.0,168.0,340.0,228.0,,-3,8361666
16.9358,2019-09-08 18:24:16.121467,194.0,280.0,240.0,250.0,166.0,336.0,394.0,230.0,,-3,8361306
16.9507,2019-09-08 18:24:16.135343,192.0,242.0,232.0,192.0,166.0,328.0,164.0,234.0,,-2,8362403
16.9646,2019-09-08 18:24:16.152437,226.0,236.0,192.0,234.0,368.0,308.0,162.0,236.0,,-1,8362095
16.9814,2019-09-08 18:24:16.172562,230.0,218.0,218.0,228.0,356.0,296.0,160.0,288.0,,0,8361790
17.0015,2019-09-08 18:24:16.184480,190.0,206.0,210.0,224.0,270.0,320.0,160.0,260.0,,1,8361950
17.0136,2019-09-08 18:24:16.205703,220.0,200.0,190.0,218.0,238.0,160.0,234.0,160.0,,4,8360932
17.0352,2019-09-08 18:24:16.218402,190.0,194.0,214.0,214.0,160.0,160.0,250.0,230.0,,5,8360320
17.0479,2019-09-08 18:24:16.233769,192.0,190.0,190.0,210.0,160.0,214.0,232.0,220.0,,8,8359431
17.0636,2019-09-08 18:24:16.251233,190.0,190.0,186.0,206.0,202.0,210.0,202.0,160.0,,10,8358078
17.0804,2019-09-08 18:24:16.267482,190.0,204.0,184.0,204.0,196.0,204.0,194.0,160.0,,12,8358212
17.0968,2019-09-08 18:24:16.283783,190.0,186.0,180.0,202.0,190.0,194.0,180.0,160.0,,16,8356500
17.1124,2019-09-08 18:24:16.297012,190.0,184.0,178.0,200.0,190.0,176.0,162.0,186.0,,18,8355039
17.1259,2019-09-08 18:24:16.314760,192.0,184.0,178.0,198.0,188.0,172.0,162.0,184.0,,24,8353662
17.1441,2019-09-08 18:24:16.329046,190.0,182.0,192.0,182.0,168.0,162.0,180.0,182.0,,27,8352403
17.158,2019-09-08 18:24:16.343908,192.0,182.0,190.0,198.0,168.0,162.0,180.0,180.0,,30,8351347
17.1728,2019-09-08 18:24:16.358044,192.0,182.0,176.0,198.0,180.0,162.0,180.0,180.0,,32,8351046
17.1874,2019-09-08 18:24:16.372265,192.0,182.0,176.0,196.0,162.0,178.0,180.0,162.0,,37,8350974
17.2018,2019-09-08 18:24:16.389106,196.0,182.0,176.0,196.0,168.0,180.0,168.0,162.0,,39,8351420
17.2186,2019-09-08 18:24:16.419542,192.0,182.0,176.0,192.0,180.0,168.0,162.0,168.0,,42,8348897
17.249,2019-09-08 18:24:16.432868,192.0,182.0,176.0,196.0,164.0,164.0,176.0,168.0,,43,8349067
17.2623,2019-09-08 18:24:16.443781,176.0,192.0,176.0,196.0,168.0,164.0,176.0,180.0,,43,8348891
17.2732,2019-09-08 18:24:16.456897,182.0,182.0,176.0,196.0,164.0,180.0,178.0,168.0,,43,8347887
17.2857,2019-09-08 18:24:16.473228,192.0,180.0,176.0,196.0,180.0,168.0,178.0,168.0,,42,8347565
17.3027,2019-09-08 18:24:16.487621,192.0,182.0,176.0,196.0,176.0,164.0,168.0,176.0,,42,8345987
17.3165,2019-09-08 18:24:16.512831,192.0,182.0,176.0,196.0,164.0,168.0,178.0,176.0,,40,8346918
17.3428,2019-09-08 18:24:16.522308,192.0,182.0,176.0,196.0,164.0,168.0,176.0,168.0,,39,8345987
17.3517,2019-09-08 18:24:16.537188,192.0,182.0,178.0,196.0,164.0,178.0,176.0,168.0,,38,8346347
17.3667,2019-09-08 18:24:16.557098,192.0,182.0,192.0,180.0,164.0,176.0,178.0,168.0,,35,8345852
17.3866,2019-09-08 18:24:16.570926,182.0,192.0,176.0,196.0,178.0,168.0,180.0,176.0,,33,8347147
17.3999,2019-09-08 18:24:16.586534,192.0,196.0,176.0,176.0,176.0,180.0,168.0,180.0,,32,8346790
17.4155,2019-09-08 18:24:16.604010,192.0,182.0,176.0,190.0,176.0,168.0,164.0,178.0,,30,8347257
17.4327,2019-09-08 18:24:16.619586,192.0,182.0,176.0,196.0,180.0,168.0,178.0,180.0,,27,8346752
17.4488,2019-09-08 18:24:16.639574,192.0,192.0,180.0,196.0,168.0,164.0,178.0,180.0,,25,8347517
17.4682,2019-09-08 18:24:16.706315,192.0,182.0,176.0,196.0,178.0,178.0,178.0,180.0,,16,8347216
17.5349,2019-09-08 18:24:16.724114,192.0,182.0,176.0,196.0,162.0,178.0,180.0,164.0,,13,8348126
17.5544,2019-09-08 18:24:16.739690,190.0,182.0,178.0,196.0,178.0,180.0,168.0,162.0,,12,8346461
17.5683,2019-09-08 18:24:16.753708,182.0,176.0,196.0,196.0,162.0,168.0,162.0,178.0,,11,8346001
17.5823,2019-09-08 18:24:16.765786,190.0,182.0,176.0,196.0,168.0,162.0,178.0,180.0,,11,8345807
17.5947,2019-09-08 18:24:16.785928,190.0,182.0,178.0,196.0,168.0,168.0,164.0,168.0,,9,8346292
17.6151,2019-09-08 18:24:16.797138,190.0,182.0,176.0,196.0,164.0,178.0,180.0,168.0,,9,8346091
17.6268,2019-09-08 18:24:16.816375,190.0,182.0,176.0,196.0,178.0,180.0,168.0,166.0,,8,8344956
17.6451,2019-09-08 18:24:16.830179,190.0,182.0,176.0,196.0,166.0,180.0,168.0,168.0,,8,8345908
17.6591,2019-09-08 18:24:16.837780,190.0,182.0,176.0,196.0,178.0,168.0,180.0,178.0,,8,8345908
17.6672,2019-09-08 18:24:16.855297,182.0,182.0,178.0,196.0,168.0,168.0,168.0,178.0,,8,8345195
17.684,2019-09-08 18:24:16.869470,182.0,182.0,176.0,196.0,180.0,168.0,170.0,178.0,,8,8346167
17.6981,2019-09-08 18:24:16.887325,182.0,182.0,176.0,196.0,180.0,168.0,168.0,174.0,,8,8347032
17.7163,2019-09-08 18:24:16.900484,190.0,182.0,176.0,196.0,178.0,168.0,176.0,176.0,,8,8347960
17.7292,2019-09-08 18:24:16.935308,176.0,196.0,176.0,198.0,168.0,194.0,178.0,198.0,,8,8348178
17.764,2019-09-08 18:24:16.941733,196.0,196.0,198.0,200.0,204.0,176.0,180.0,168.0,,8,8347261
17.7703,2019-09-08 18:24:16.953388,210.0,182.0,212.0,198.0,180.0,178.0,180.0,168.0,,8,8347673
17.782,2019-09-08 18:24:16.967970,182.0,176.0,236.0,196.0,180.0,168.0,240.0,178.0,,8,8348091
17.7965,2019-09-08 18:24:16.981747,176.0,198.0,178.0,260.0,180.0,168.0,254.0,178.0,,8,8347714
17.8105,2019-09-08 18:24:16.997085,276.0,280.0,282.0,178.0,272.0,180.0,180.0,278.0,,8,8347344
17.8258,2019-09-08 18:24:17.014195,306.0,310.0,182.0,182.0,168.0,168.0,182.0,182.0,,8,8346517
17.843,2019-09-08 18:24:17.030233,348.0,352.0,356.0,176.0,186.0,182.0,182.0,314.0,,7,8347160
17.8594,2019-09-08 18:24:17.045642,398.0,184.0,178.0,204.0,182.0,168.0,326.0,192.0,,7,8347479
17.8744,2019-09-08 18:24:17.060739,448.0,184.0,454.0,184.0,186.0,168.0,188.0,198.0,,7,8346911
17.8899,2019-09-08 18:24:17.075598,486.0,184.0,178.0,210.0,188.0,168.0,200.0,190.0,,7,8347202
17.9054,2019-09-08 18:24:17.096992,514.0,186.0,180.0,520.0,190.0,192.0,408.0,204.0,,6,8346506
17.9259,2019-09-08 18:24:17.110716,540.0,186.0,180.0,546.0,168.0,206.0,208.0,196.0,,6,8346015
17.9398,2019-09-08 18:24:17.138522,562.0,188.0,180.0,214.0,210.0,202.0,170.0,170.0,,5,8347250
17.9671,2019-09-08 18:24:17.146253,576.0,190.0,180.0,214.0,210.0,210.0,204.0,170.0,,5,8347340
17.9749,2019-09-08 18:24:17.169319,590.0,190.0,592.0,214.0,212.0,208.0,212.0,514.0,,4,8345371
17.9979,2019-09-08 18:24:17.194943,182.0,216.0,184.0,218.0,210.0,170.0,170.0,212.0,,3,8345036
18.0236,2019-09-08 18:24:17.207019,220.0,196.0,184.0,220.0,214.0,170.0,528.0,212.0,,3,8345600
18.0365,2019-09-08 18:24:17.231409,186.0,206.0,188.0,226.0,530.0,170.0,218.0,170.0,,2,8346216
18.0604,2019-09-08 18:24:17.246195,228.0,214.0,190.0,230.0,218.0,170.0,528.0,172.0,,2,8346489
18.0748,2019-09-08 18:24:17.278232,592.0,194.0,234.0,196.0,170.0,170.0,172.0,522.0,,1,8347271
18.1069,2019-09-08 18:24:17.294471,550.0,248.0,546.0,252.0,520.0,210.0,210.0,224.0,,1,8348313
18.1236,2019-09-08 18:24:17.336044,528.0,260.0,204.0,240.0,226.0,172.0,210.0,226.0,,0,8349967
18.1647,2019-09-08 18:24:17.342952,500.0,498.0,208.0,208.0,212.0,508.0,172.0,232.0,,0,8349828
18.1716,2019-09-08 18:24:17.349497,476.0,282.0,212.0,244.0,214.0,234.0,172.0,234.0,,-1,8350873
18.1781,2019-09-08 18:24:17.365540,456.0,290.0,214.0,246.0,172.0,500.0,172.0,236.0,,-1,8351171
18.1943,2019-09-08 18:24:17.398869,246.0,296.0,218.0,440.0,244.0,172.0,488.0,220.0,,-1,8350922
18.2275,2019-09-08 18:24:17.405383,432.0,300.0,430.0,302.0,220.0,250.0,250.0,222.0,,-1,8351070
18.2343,2019-09-08 18:24:17.413624,422.0,422.0,304.0,222.0,252.0,174.0,474.0,224.0,,-1,8351046
18.2424,2019-09-08 18:24:17.438259,416.0,306.0,224.0,254.0,472.0,174.0,466.0,174.0,,-1,8350797
18.2681,2019-09-08 18:24:17.448854,408.0,256.0,226.0,256.0,176.0,450.0,232.0,232.0,,-1,8351247
18.2774,2019-09-08 18:24:17.463517,226.0,258.0,226.0,258.0,442.0,276.0,278.0,432.0,,-2,8351292
18.2922,2019-09-08 18:24:17.480041,402.0,312.0,258.0,260.0,242.0,294.0,178.0,178.0,,-2,8350946
18.3088,2019-09-08 18:24:17.498402,404.0,312.0,228.0,260.0,314.0,318.0,378.0,374.0,,-2,8350711
18.327,2019-09-08 18:24:17.510985,262.0,310.0,228.0,262.0,258.0,328.0,330.0,356.0,,-2,8350434
18.3397,2019-09-08 18:24:17.534516,410.0,308.0,410.0,308.0,184.0,346.0,186.0,336.0,,-2,8349295
18.3632,2019-09-08 18:24:17.550926,408.0,306.0,264.0,266.0,330.0,274.0,358.0,362.0,,-2,8348884
18.3797,2019-09-08 18:24:17.560463,400.0,228.0,228.0,268.0,192.0,378.0,290.0,274.0,,-2,8349299
18.3893,2019-09-08 18:24:17.574536,388.0,388.0,308.0,228.0,194.0,264.0,392.0,196.0,,-2,8347835
18.4039,2019-09-08 18:24:17.594502,372.0,276.0,230.0,276.0,232.0,408.0,410.0,220.0,,-2,8347967
18.4236,2019-09-08 18:24:17.606827,352.0,310.0,230.0,280.0,202.0,312.0,202.0,204.0,,-2,8348005
18.4359,2019-09-08 18:24:17.628351,326.0,308.0,230.0,318.0,206.0,192.0,206.0,418.0,,-2,8350064
18.457,2019-09-08 18:24:17.644370,294.0,304.0,288.0,302.0,180.0,328.0,412.0,210.0,,-1,8348953
18.473,2019-09-08 18:24:17.658484,258.0,254.0,250.0,228.0,176.0,330.0,406.0,212.0,,-1,8349243
18.4873,2019-09-08 18:24:17.673834,226.0,224.0,294.0,228.0,174.0,324.0,390.0,216.0,,-1,8349050
18.5027,2019-09-08 18:24:17.692109,226.0,284.0,226.0,206.0,320.0,384.0,382.0,170.0,,0,8349700
18.5211,2019-09-08 18:24:17.707881,204.0,204.0,202.0,272.0,362.0,220.0,220.0,294.0,,1,8350555
18.5364,2019-09-08 18:24:17.724376,200.0,222.0,262.0,264.0,166.0,222.0,222.0,164.0,,2,8350745
18.5534,2019-09-08 18:24:17.742585,198.0,254.0,198.0,250.0,278.0,222.0,162.0,270.0,,3,8351129
18.5712,2019-09-08 18:24:17.758517,240.0,218.0,196.0,196.0,222.0,222.0,236.0,264.0,,5,8350738
18.587,2019-09-08 18:24:17.781717,194.0,226.0,214.0,194.0,220.0,162.0,162.0,224.0,,7,8350365
18.6111,2019-09-08 18:24:17.791915,194.0,214.0,210.0,194.0,224.0,162.0,210.0,208.0,,9,8348583
18.6208,2019-09-08 18:24:17.805422,192.0,204.0,206.0,220.0,162.0,162.0,204.0,204.0,,10,8348645
18.6348,2019-09-08 18:24:17.823173,192.0,198.0,200.0,192.0,162.0,194.0,192.0,182.0,,14,8347385
18.6517,2019-09-08 18:24:17.842000,192.0,192.0,192.0,210.0,182.0,162.0,190.0,178.0,,18,8347794
18.671,2019-09-08 18:24:17.853789,192.0,190.0,188.0,206.0,176.0,190.0,188.0,174.0,,21,8347320
18.6824,2019-09-08 18:24:17.868782,192.0,188.0,186.0,204.0,186.0,184.0,168.0,168.0,,24,8347977
18.6974,2019-09-08 18:24:17.882729,202.0,186.0,182.0,200.0,162.0,182.0,182.0,162.0,,27,8348749
18.7114,2019-09-08 18:24:17.905926,180.0,198.0,180.0,198.0,180.0,168.0,162.0,180.0,,35,8350043
18.7345,2019-09-08 18:24:17.919041,192.0,178.0,198.0,198.0,180.0,180.0,162.0,162.0,,37,8349534
18.7476,2019-09-08 18:24:17.934975,178.0,198.0,178.0,198.0,178.0,168.0,168.0,164.0,,38,8350067
18.7636,2019-09-08 18:24:17.951289,192.0,182.0,178.0,198.0,168.0,178.0,178.0,168.0,,40,8350209
18.7803,2019-09-08 18:24:17.964491,176.0,198.0,178.0,196.0,168.0,178.0,180.0,168.0,,42,8351160
18.7932,2019-09-08 18:24:17.981289,192.0,182.0,176.0,192.0,176.0,180.0,180.0,168.0,,42,8350538
18.8098,2019-09-08 18:24:17.997790,196.0,182.0,178.0,196.0,176.0,168.0,164.0,176.0,,41,8350330
18.8263,2019-09-08 18:24:18.016991,198.0,182.0,192.0,196.0,180.0,164.0,164.0,176.0,,40,8349496
18.8456,2019-09-08 18:24:18.036119,192.0,182.0,192.0,196.0,168.0,164.0,176.0,168.0,,39,8348050
18.8647,2019-09-08 18:24:18.051505,192.0,182.0,192.0,182.0,164.0,168.0,164.0,176.0,,38,8346932
18.88,2019-09-08 18:24:18.064378,192.0,182.0,176.0,196.0,164.0,176.0,178.0,168.0,,37,8346063
18.893,2019-09-08 18:24:18.080461,192.0,182.0,182.0,176.0,164.0,176.0,178.0,176.0,,34,8345281
18.9091,2019-09-08 18:24:18.094992,192.0,180.0,176.0,176.0,176.0,178.0,168.0,164.0,,32,8343960
18.9235,2019-09-08 18:24:18.111123,192.0,182.0,176.0,192.0,168.0,164.0,164.0,180.0,,31,8343852
18.9397,2019-09-08 18:24:18.127665,192.0,192.0,178.0,176.0,168.0,168.0,178.0,180.0,,27,8343060
18.9562,2019-09-08 18:24:18.153347,192.0,182.0,178.0,196.0,180.0,168.0,164.0,178.0,,24,8343371
18.9819,2019-09-08 18:24:18.169595,192.0,182.0,178.0,196.0,168.0,164.0,178.0,180.0,,22,8344302
18.9982,2019-09-08 18:24:18.176202,192.0,182.0,176.0,196.0,168.0,164.0,178.0,178.0,,20,8343852
19.0048,2019-09-08 18:24:18.207891,192.0,182.0,176.0,196.0,178.0,180.0,168.0,164.0,,17,8344444
19.0364,2019-09-08 18:24:18.215509,192.0,182.0,178.0,196.0,178.0,178.0,178.0,168.0,,16,8344589
19.0442,2019-09-08 18:24:18.225227,192.0,192.0,182.0,196.0,164.0,178.0,168.0,168.0,,15,8345454
19.0538,2019-09-08 18:24:18.238000,192.0,182.0,176.0,196.0,178.0,180.0,164.0,178.0,,14,8345908
19.0668,2019-09-08 18:24:18.253478,192.0,192.0,182.0,176.0,180.0,180.0,168.0,168.0,,12,8346614
19.0823,2019-09-08 18:24:18.266978,192.0,192.0,182.0,178.0,168.0,168.0,164.0,178.0,,11,8347603
19.0967,2019-09-08 18:24:18.282122,192.0,182.0,176.0,196.0,180.0,168.0,162.0,178.0,,9,8347766
19.1108,2019-09-08 18:24:18.298681,190.0,192.0,182.0,176.0,180.0,164.0,180.0,180.0,,8,8348735
19.1287,2019-09-08 18:24:18.318361,192.0,182.0,178.0,196.0,168.0,166.0,178.0,168.0,,7,8350333
19.147,2019-09-08 18:24:18.335994,190.0,182.0,176.0,196.0,168.0,164.0,178.0,180.0,,5,8350129
19.1646,2019-09-08 18:24:18.354635,190.0,182.0,178.0,190.0,168.0,166.0,180.0,168.0,,5,8350209
19.1833,2019-09-08 18:24:18.364582,190.0,182.0,178.0,196.0,178.0,178.0,168.0,168.0,,4,8350378
19.1932,2019-09-08 18:24:18.377050,190.0,182.0,190.0,196.0,178.0,168.0,168.0,168.0,,4,8350811
19.206,2019-09-08 18:24:18.393662,190.0,182.0,182.0,196.0,178.0,180.0,168.0,178.0,,4,8351873
19.2223,2019-09-08 18:24:18.408620,190.0,182.0,190.0,182.0,178.0,168.0,168.0,168.0,,3,8351275
19.2389,2019-09-08 18:24:18.428280,190.0,190.0,182.0,196.0,180.0,170.0,170.0,180.0,,3,8351178
19.2573,2019-09-08 18:24:18.441727,190.0,182.0,176.0,190.0,168.0,168.0,172.0,178.0,,3,8351731
19.2704,2019-09-08 18:24:18.461948,192.0,182.0,178.0,194.0,168.0,176.0,176.0,168.0,,3,8351219
19.2905,2019-09-08 18:24:18.476170,182.0,182.0,176.0,204.0,168.0,176.0,180.0,168.0,,4,8352019
19.3048,2019-09-08 18:24:18.490345,178.0,196.0,176.0,196.0,176.0,176.0,168.0,168.0,,4,8350718
19.319,2019-09-08 18:24:18.506404,242.0,196.0,176.0,196.0,176.0,176.0,180.0,168.0,,4,8349403
19.3351,2019-09-08 18:24:18.525857,176.0,198.0,178.0,198.0,214.0,176.0,180.0,178.0,,4,8348237
19.3548,2019-09-08 18:24:18.541143,280.0,182.0,176.0,198.0,180.0,168.0,180.0,168.0,,4,8348922
19.3698,2019-09-08 18:24:18.560501,302.0,182.0,178.0,198.0,274.0,178.0,180.0,286.0,,4,8348589
19.3892,2019-09-08 18:24:18.573464,334.0,182.0,178.0,198.0,180.0,180.0,168.0,296.0,,4,8348153
19.4021,2019-09-08 18:24:18.585184,372.0,182.0,178.0,198.0,180.0,180.0,182.0,180.0,,4,8348351
19.4141,2019-09-08 18:24:18.618639,184.0,184.0,178.0,204.0,182.0,168.0,332.0,190.0,,5,8348714
19.4473,2019-09-08 18:24:18.626253,204.0,184.0,180.0,206.0,192.0,184.0,168.0,354.0,,5,8348285
19.4549,2019-09-08 18:24:18.642441,478.0,186.0,180.0,210.0,380.0,188.0,168.0,394.0,,5,8348351
19.4711,2019-09-08 18:24:18.660757,502.0,188.0,182.0,212.0,402.0,202.0,192.0,168.0,,4,8347129
19.4893,2019-09-08 18:24:18.672565,214.0,192.0,184.0,216.0,420.0,204.0,194.0,168.0,,4,8347458
19.5012,2019-09-08 18:24:18.684763,218.0,198.0,536.0,198.0,438.0,208.0,446.0,208.0,,4,8348451
19.5134,2019-09-08 18:24:18.714547,548.0,552.0,190.0,556.0,212.0,206.0,172.0,504.0,,3,8348275
19.5432,2019-09-08 18:24:18.731264,556.0,214.0,556.0,216.0,214.0,210.0,172.0,514.0,,3,8348500
19.5599,2019-09-08 18:24:18.764005,196.0,232.0,232.0,234.0,214.0,172.0,214.0,216.0,,2,8348839
19.5933,2019-09-08 18:24:18.776456,546.0,240.0,242.0,202.0,220.0,172.0,220.0,170.0,,2,8349527
19.6057,2019-09-08 18:24:18.800815,536.0,246.0,534.0,206.0,172.0,538.0,172.0,220.0,,1,8349804
19.6294,2019-09-08 18:24:18.816458,518.0,256.0,208.0,242.0,538.0,218.0,218.0,170.0,,1,8349842
19.6451,2019-09-08 18:24:18.833799,506.0,262.0,210.0,242.0,538.0,210.0,536.0,210.0,,1,8349527
19.6624,2019-09-08 18:24:18.856352,492.0,270.0,244.0,244.0,170.0,218.0,170.0,218.0,,0,8350257
19.685,2019-09-08 18:24:18.884900,216.0,246.0,216.0,246.0,170.0,208.0,218.0,208.0,,-1,8350351
19.7136,2019-09-08 18:24:18.893486,218.0,246.0,220.0,248.0,534.0,170.0,532.0,208.0,,-1,8349887
19.722,2019-09-08 18:24:18.908223,450.0,450.0,222.0,248.0,530.0,530.0,208.0,170.0,,-1,8350645
19.7369,2019-09-08 18:24:18.927185,444.0,298.0,226.0,224.0,208.0,208.0,208.0,224.0,,-2,8351115
19.7558,2019-09-08 18:24:18.942904,438.0,302.0,302.0,226.0,526.0,226.0,226.0,172.0,,-2,8351295
19.7716,2019-09-08 18:24:18.959949,434.0,226.0,250.0,250.0,172.0,226.0,172.0,526.0,,-2,8351628
19.7887,2019-09-08 18:24:18.978412,430.0,308.0,228.0,250.0,170.0,520.0,212.0,518.0,,-3,8351662
19.8073,2019-09-08 18:24:18.991227,426.0,228.0,252.0,254.0,516.0,230.0,230.0,512.0,,-3,8351026
19.8204,2019-09-08 18:24:19.007693,418.0,310.0,228.0,254.0,236.0,238.0,504.0,218.0,,-4,8351226
19.8363,2019-09-08 18:24:19.029428,412.0,314.0,230.0,410.0,224.0,490.0,226.0,252.0,,-4,8351673
19.8581,2019-09-08 18:24:19.041556,406.0,316.0,232.0,404.0,228.0,256.0,174.0,468.0,,-4,8351458
19.8702,2019-09-08 18:24:19.078300,400.0,318.0,232.0,258.0,174.0,264.0,176.0,452.0,,-5,8351641
19.9068,2019-09-08 18:24:19.084864,394.0,322.0,234.0,260.0,400.0,258.0,180.0,180.0,,-5,8351299
19.9136,2019-09-08 18:24:19.093547,384.0,326.0,382.0,328.0,180.0,264.0,182.0,358.0,,-5,8351631
19.9222,2019-09-08 18:24:19.104891,368.0,334.0,240.0,364.0,318.0,346.0,276.0,278.0,,-5,8351074
19.9335,2019-09-08 18:24:19.121169,348.0,342.0,244.0,270.0,280.0,188.0,314.0,310.0,,-5,8351704
19.9497,2019-09-08 18:24:19.136347,328.0,346.0,246.0,276.0,358.0,274.0,298.0,300.0,,-5,8350472
19.9649,2019-09-08 18:24:19.150500,310.0,352.0,250.0,282.0,370.0,252.0,198.0,378.0,,-5,8350797
19.9792,2019-09-08 18:24:19.179204,292.0,358.0,252.0,286.0,320.0,204.0,204.0,322.0,,-4,8350164
20.0078,2019-09-08 18:24:19.187166,276.0,362.0,254.0,288.0,402.0,206.0,190.0,326.0,,-4,8349562
20.0158,2019-09-08 18:24:19.198267,262.0,368.0,256.0,290.0,208.0,182.0,328.0,328.0,,-4,8350403
20.0269,2019-09-08 18:24:19.212327,248.0,372.0,258.0,290.0,210.0,210.0,326.0,406.0,,-4,8349690
20.0414,2019-09-08 18:24:19.227958,290.0,378.0,258.0,290.0,404.0,216.0,174.0,318.0,,-3,8349707
20.0565,2019-09-08 18:24:19.244610,286.0,380.0,260.0,220.0,216.0,172.0,312.0,218.0,,-2,8349870
20.0733,2019-09-08 18:24:19.261847,214.0,376.0,212.0,376.0,170.0,170.0,388.0,384.0,,-1,8350437
20.0905,2019-09-08 18:24:19.284388,210.0,210.0,256.0,266.0,166.0,364.0,360.0,164.0,,1,8350178
20.113,2019-09-08 18:24:19.398605,208.0,354.0,252.0,258.0,274.0,348.0,224.0,162.0,,19,8348095
20.2279,2019-09-08 18:24:19.407331,196.0,216.0,214.0,212.0,168.0,162.0,182.0,184.0,,22,8348333
20.236,2019-09-08 18:24:19.421114,194.0,206.0,204.0,206.0,162.0,164.0,180.0,182.0,,24,8348524
20.2499,2019-09-08 18:24:19.437649,194.0,198.0,196.0,196.0,164.0,180.0,168.0,168.0,,26,8348676
20.2662,2019-09-08 18:24:19.452011,194.0,192.0,190.0,188.0,178.0,180.0,168.0,168.0,,30,8348136
20.2807,2019-09-08 18:24:19.470723,194.0,190.0,184.0,200.0,164.0,180.0,180.0,168.0,,31,8347292
20.2994,2019-09-08 18:24:19.485245,194.0,194.0,186.0,194.0,164.0,178.0,168.0,168.0,,32,8346766
20.3144,2019-09-08 18:24:19.500406,194.0,184.0,184.0,178.0,164.0,178.0,168.0,168.0,,34,8347205
20.3292,2019-09-08 18:24:19.517909,194.0,182.0,176.0,196.0,164.0,180.0,168.0,164.0,,34,8347039
20.3466,2019-09-08 18:24:19.530772,194.0,194.0,182.0,176.0,176.0,180.0,168.0,168.0,,34,8347257
20.3598,2019-09-08 18:24:19.545960,194.0,182.0,176.0,196.0,180.0,168.0,180.0,176.0,,33,8346859
20.3748,2019-09-08 18:24:19.561011,194.0,194.0,182.0,178.0,176.0,180.0,166.0,164.0,,33,8346441
20.3898,2019-09-08 18:24:19.583928,194.0,182.0,176.0,196.0,180.0,164.0,176.0,180.0,,32,8347638
20.4125,2019-09-08 18:24:19.595407,194.0,182.0,176.0,196.0,180.0,168.0,176.0,178.0,,31,8347932
20.4242,2019-09-08 18:24:19.609202,194.0,182.0,176.0,196.0,166.0,176.0,176.0,176.0,,31,8348122
20.4378,2019-09-08 18:24:19.626530,194.0,182.0,176.0,196.0,168.0,166.0,176.0,180.0,,30,8348555
20.4552,2019-09-08 18:24:19.666701,194.0,182.0,176.0,196.0,168.0,166.0,176.0,178.0,,27,8347153
20.4953,2019-09-08 18:24:19.685363,192.0,182.0,176.0,196.0,166.0,166.0,180.0,168.0,,26,8346309
20.514,2019-09-08 18:24:19.694390,194.0,194.0,176.0,196.0,176.0,176.0,180.0,166.0,,25,8345617
20.523,2019-09-08 18:24:19.705788,194.0,180.0,178.0,182.0,166.0,176.0,178.0,168.0,,25,8345382
20.5345,2019-09-08 18:24:19.723616,192.0,182.0,176.0,196.0,176.0,178.0,168.0,176.0,,24,8343662
20.5522,2019-09-08 18:24:19.789340,192.0,182.0,176.0,196.0,178.0,168.0,166.0,176.0,,19,8344354
20.6179,2019-09-08 18:24:19.795708,194.0,182.0,176.0,194.0,166.0,176.0,168.0,168.0,,18,8343721
20.6244,2019-09-08 18:24:19.804061,192.0,182.0,196.0,192.0,166.0,176.0,168.0,164.0,,18,8343364
20.6329,2019-09-08 18:24:19.812646,192.0,182.0,176.0,196.0,176.0,178.0,166.0,168.0,,17,8343984
20.6414,2019-09-08 18:24:19.834829,192.0,182.0,192.0,196.0,168.0,164.0,176.0,180.0,,16,8345133
20.6634,2019-09-08 18:24:19.867076,192.0,182.0,176.0,176.0,164.0,176.0,180.0,168.0,,13,8345776
20.6956,2019-09-08 18:24:19.943589,192.0,192.0,176.0,192.0,176.0,176.0,168.0,166.0,,8,8348278
20.7725,2019-09-08 18:24:19.950366,190.0,182.0,176.0,196.0,168.0,168.0,176.0,176.0,,8,8348756
20.7791,2019-09-08 18:24:19.959922,190.0,182.0,176.0,196.0,168.0,176.0,176.0,168.0,,7,8348852
20.7887,2019-09-08 18:24:19.970836,190.0,182.0,176.0,196.0,168.0,176.0,180.0,168.0,,6,8349174
20.7994,2019-09-08 18:24:19.995358,196.0,182.0,176.0,196.0,166.0,176.0,180.0,168.0,,6,8349555
20.8253,2019-09-08 18:24:20.003513,176.0,182.0,178.0,196.0,176.0,180.0,168.0,168.0,,5,8350077
20.8321,2019-09-08 18:24:20.013618,196.0,176.0,176.0,198.0,176.0,180.0,168.0,168.0,,5,8350084
20.8424,2019-09-08 18:24:20.028132,182.0,178.0,178.0,190.0,180.0,168.0,170.0,176.0,,4,8349804
20.8567,2019-09-08 18:24:20.052510,182.0,176.0,198.0,198.0,180.0,168.0,172.0,176.0,,4,8350015
20.8813,2019-09-08 18:24:20.063541,182.0,182.0,196.0,176.0,168.0,174.0,176.0,180.0,,4,8349998
20.8922,2019-09-08 18:24:20.086252,182.0,198.0,176.0,178.0,168.0,176.0,176.0,180.0,,4,8350302
20.9149,2019-09-08 18:24:20.104248,176.0,182.0,176.0,198.0,168.0,176.0,176.0,180.0,,4,8350271
20.9344,2019-09-08 18:24:20.118053,196.0,182.0,196.0,198.0,168.0,176.0,180.0,180.0,,4,8349527
20.9471,2019-09-08 18:24:20.133760,208.0,182.0,176.0,196.0,206.0,176.0,180.0,168.0,,4,8348908
20.9623,2019-09-08 18:24:20.149304,230.0,182.0,176.0,196.0,220.0,176.0,180.0,168.0,,3,8348441
20.9787,2019-09-08 18:24:20.169875,250.0,182.0,176.0,196.0,180.0,180.0,168.0,178.0,,3,8347167
20.9988,2019-09-08 18:24:20.182619,176.0,182.0,178.0,198.0,180.0,180.0,168.0,270.0,,3,8346531
21.0112,2019-09-08 18:24:20.204903,300.0,182.0,176.0,198.0,180.0,168.0,182.0,184.0,,3,8345672
21.0339,2019-09-08 18:24:20.215741,344.0,182.0,176.0,202.0,168.0,168.0,318.0,180.0,,3,8345482
21.0444,2019-09-08 18:24:20.235267,386.0,184.0,392.0,204.0,180.0,168.0,182.0,194.0,,2,8345088
21.0652,2019-09-08 18:24:20.249206,410.0,184.0,412.0,186.0,372.0,194.0,196.0,168.0,,2,8345842
21.0778,2019-09-08 18:24:20.267434,426.0,186.0,430.0,208.0,410.0,186.0,168.0,426.0,,2,8345392
21.096,2019-09-08 18:24:20.281674,446.0,448.0,452.0,210.0,202.0,190.0,168.0,448.0,,2,8345181
21.1102,2019-09-08 18:24:20.306830,466.0,194.0,470.0,212.0,206.0,196.0,170.0,506.0,,1,8345724
21.1357,2019-09-08 18:24:20.317411,482.0,196.0,198.0,186.0,206.0,200.0,170.0,206.0,,1,8345074
21.1461,2019-09-08 18:24:20.336514,498.0,500.0,204.0,188.0,206.0,170.0,546.0,208.0,,0,8345001
21.1652,2019-09-08 18:24:20.364082,208.0,190.0,192.0,222.0,172.0,562.0,170.0,564.0,,0,8344524
21.1927,2019-09-08 18:24:20.381615,548.0,214.0,552.0,216.0,568.0,208.0,218.0,172.0,,0,8345119
21.2102,2019-09-08 18:24:20.418363,228.0,220.0,196.0,230.0,558.0,222.0,222.0,172.0,,-1,8344852
21.247,2019-09-08 18:24:20.431926,574.0,228.0,228.0,198.0,172.0,224.0,170.0,226.0,,-1,8344133
21.2606,2019-09-08 18:24:20.469664,566.0,562.0,202.0,202.0,236.0,206.0,528.0,172.0,,-2,8344908
21.2982,2019-09-08 18:24:20.479919,544.0,544.0,542.0,244.0,240.0,172.0,524.0,206.0,,-2,8344977
21.3087,2019-09-08 18:24:20.495969,530.0,248.0,206.0,528.0,172.0,522.0,172.0,206.0,,-3,8345610
21.3246,2019-09-08 18:24:20.513852,516.0,242.0,208.0,242.0,172.0,518.0,206.0,206.0,,-3,8345396
21.3429,2019-09-08 18:24:20.527792,244.0,264.0,210.0,244.0,258.0,172.0,518.0,206.0,,-3,8345686
21.3565,2019-09-08 18:24:20.545208,212.0,246.0,214.0,246.0,514.0,206.0,206.0,272.0,,-3,8346711
21.3739,2019-09-08 18:24:20.566979,284.0,218.0,250.0,248.0,206.0,282.0,172.0,508.0,,-4,8347365
21.3958,2019-09-08 18:24:20.579184,220.0,252.0,222.0,252.0,206.0,286.0,288.0,506.0,,-4,8347887
21.4079,2019-09-08 18:24:20.598464,300.0,224.0,254.0,254.0,208.0,174.0,496.0,210.0,,-4,8348922
21.4273,2019-09-08 18:24:20.617575,308.0,226.0,256.0,256.0,210.0,310.0,210.0,314.0,,-4,8349025
21.4464,2019-09-08 18:24:20.634077,316.0,388.0,318.0,260.0,330.0,178.0,456.0,216.0,,-5,8349693
21.4629,2019-09-08 18:24:20.655727,374.0,372.0,264.0,234.0,354.0,218.0,424.0,220.0,,-5,8350797
21.4847,2019-09-08 18:24:20.672003,356.0,238.0,238.0,270.0,416.0,220.0,370.0,184.0,,-5,8350510
21.5008,2019-09-08 18:24:20.691050,342.0,338.0,272.0,274.0,224.0,392.0,186.0,366.0,,-5,8351195
21.5199,2019-09-08 18:24:20.709427,326.0,346.0,244.0,276.0,226.0,406.0,190.0,348.0,,-5,8351863
21.5383,2019-09-08 18:24:20.725569,248.0,354.0,248.0,306.0,228.0,424.0,318.0,230.0,,-5,8352939
21.5545,2019-09-08 18:24:20.743297,296.0,362.0,252.0,252.0,438.0,196.0,196.0,282.0,,-5,8353250
21.5722,2019-09-08 18:24:20.767204,368.0,278.0,368.0,256.0,232.0,448.0,198.0,266.0,,-4,8354005
21.596,2019-09-08 18:24:20.776823,264.0,262.0,376.0,376.0,234.0,456.0,202.0,232.0,,-4,8354226
21.6057,2019-09-08 18:24:20.794238,248.0,380.0,246.0,380.0,204.0,206.0,232.0,456.0,,-4,8355666
21.6231,2019-09-08 18:24:20.814338,234.0,384.0,264.0,302.0,206.0,440.0,230.0,182.0,,-3,8356797
21.6432,2019-09-08 18:24:20.825990,224.0,388.0,266.0,304.0,432.0,228.0,426.0,208.0,,-3,8357700
21.6552,2019-09-08 18:24:20.838776,216.0,390.0,268.0,306.0,418.0,412.0,220.0,176.0,,-2,8358012
21.6678,2019-09-08 18:24:20.856459,308.0,390.0,268.0,308.0,210.0,376.0,172.0,206.0,,-1,8358635
21.6853,2019-09-08 18:24:20.874081,308.0,386.0,268.0,206.0,206.0,204.0,352.0,208.0,,2,8360223
21.703,2019-09-08 18:24:20.886864,206.0,376.0,268.0,306.0,170.0,198.0,332.0,208.0,,3,8359787
21.7159,2019-09-08 18:24:20.926476,268.0,202.0,266.0,300.0,202.0,164.0,164.0,242.0,,8,8361759
21.7557,2019-09-08 18:24:20.933440,200.0,200.0,266.0,292.0,198.0,164.0,184.0,184.0,,9,8361645
21.7623,2019-09-08 18:24:20.943108,262.0,198.0,324.0,282.0,184.0,164.0,184.0,164.0,,11,8361804
21.7721,2019-09-08 18:24:20.975137,196.0,272.0,256.0,270.0,182.0,206.0,182.0,162.0,,18,8361496
21.8044,2019-09-08 18:24:20.982585,250.0,270.0,268.0,248.0,164.0,192.0,180.0,174.0,,21,8361659
21.8117,2019-09-08 18:24:20.995394,194.0,242.0,240.0,192.0,172.0,164.0,180.0,188.0,,24,8361123
21.8242,2019-09-08 18:24:21.021733,192.0,210.0,222.0,226.0,186.0,168.0,178.0,178.0,,30,8360278
21.8504,2019-09-08 18:24:21.037719,190.0,200.0,208.0,208.0,178.0,168.0,164.0,178.0,,33,8359600
21.8665,2019-09-08 18:24:21.049082,190.0,190.0,200.0,214.0,176.0,180.0,168.0,164.0,,35,8357977
21.8779,2019-09-08 18:24:21.060184,190.0,194.0,194.0,210.0,168.0,164.0,176.0,180.0,,38,8356642
21.8891,2019-09-08 18:24:21.078648,190.0,190.0,190.0,190.0,176.0,168.0,168.0,176.0,,40,8357133
21.9078,2019-09-08 18:24:21.094399,190.0,190.0,182.0,202.0,164.0,176.0,164.0,168.0,,42,8357129
21.9232,2019-09-08 18:24:21.110631,190.0,190.0,178.0,200.0,180.0,168.0,180.0,168.0,,43,8355209
21.9395,2019-09-08 18:24:21.127480,190.0,190.0,182.0,198.0,176.0,180.0,176.0,166.0,,44,8353811
21.9565,2019-09-08 18:24:21.138669,190.0,182.0,178.0,198.0,168.0,166.0,176.0,168.0,,44,8353759
21.9677,2019-09-08 18:24:21.173109,190.0,182.0,176.0,198.0,180.0,168.0,174.0,178.0,,43,8354406
22.0017,2019-09-08 18:24:21.212432,178.0,182.0,176.0,198.0,166.0,166.0,176.0,168.0,,41,8354925
22.041,2019-09-08 18:24:21.222003,190.0,182.0,176.0,198.0,168.0,166.0,176.0,174.0,,40,8355237
22.0507,2019-09-08 18:24:21.230058,190.0,182.0,176.0,196.0,168.0,166.0,166.0,178.0,,39,8354988
22.0588,2019-09-08 18:24:21.239702,178.0,182.0,198.0,196.0,166.0,168.0,164.0,170.0,,37,8354770
22.0683,2019-09-08 18:24:21.253659,190.0,182.0,198.0,182.0,176.0,178.0,168.0,166.0,,36,8354340
22.0823,2019-09-08 18:24:21.272677,190.0,182.0,176.0,196.0,168.0,178.0,168.0,166.0,,32,8353628
22.1014,2019-09-08 18:24:21.288057,190.0,190.0,176.0,196.0,176.0,178.0,168.0,166.0,,30,8353683
22.1167,2019-09-08 18:24:21.303200,190.0,182.0,176.0,196.0,164.0,176.0,178.0,168.0,,28,8353579
22.1324,2019-09-08 18:24:21.327421,196.0,182.0,190.0,182.0,166.0,176.0,180.0,168.0,,23,8352756
22.1561,2019-09-08 18:24:21.337704,190.0,180.0,178.0,196.0,180.0,168.0,164.0,180.0,,21,8353074
22.1664,2019-09-08 18:24:21.403644,190.0,190.0,178.0,196.0,164.0,180.0,180.0,168.0,,10,8352572
22.2325,2019-09-08 18:24:21.410426,190.0,182.0,176.0,196.0,164.0,180.0,180.0,168.0,,8,8351659
22.2396,2019-09-08 18:24:21.437316,190.0,182.0,176.0,196.0,180.0,168.0,166.0,178.0,,6,8350949
22.2668,2019-09-08 18:24:21.447449,190.0,182.0,176.0,196.0,168.0,180.0,180.0,168.0,,5,8351413
22.2768,2019-09-08 18:24:21.457720,190.0,182.0,178.0,196.0,168.0,178.0,176.0,168.0,,4,8351358
22.2877,2019-09-08 18:24:21.466864,176.0,196.0,176.0,196.0,168.0,168.0,168.0,168.0,,4,8350669
22.297,2019-09-08 18:24:21.481105,190.0,178.0,196.0,196.0,170.0,168.0,180.0,168.0,,3,8349679
22.3108,2019-09-08 18:24:21.498048,190.0,182.0,176.0,196.0,178.0,180.0,180.0,168.0,,3,8350167
22.3272,2019-09-08 18:24:21.519557,182.0,182.0,178.0,198.0,176.0,182.0,168.0,174.0,,3,8350503
22.3482,2019-09-08 18:24:21.538592,190.0,182.0,178.0,198.0,176.0,180.0,168.0,174.0,,3,8352496
22.3673,2019-09-08 18:24:21.549102,178.0,198.0,178.0,190.0,176.0,176.0,168.0,168.0,,4,8353403
22.3781,2019-09-08 18:24:21.560455,190.0,182.0,178.0,198.0,176.0,168.0,168.0,184.0,,4,8354527
22.3892,2019-09-08 18:24:21.581255,190.0,182.0,176.0,190.0,168.0,190.0,176.0,180.0,,5,8356019
22.4098,2019-09-08 18:24:21.593971,198.0,182.0,178.0,190.0,194.0,196.0,180.0,168.0,,5,8356482
22.4226,2019-09-08 18:24:21.609111,190.0,182.0,178.0,196.0,178.0,180.0,180.0,168.0,,6,8357597
22.4388,2019-09-08 18:24:21.650640,190.0,182.0,178.0,178.0,184.0,168.0,186.0,192.0,,7,8358008
22.4796,2019-09-08 18:24:21.658547,190.0,200.0,176.0,180.0,192.0,190.0,170.0,236.0,,7,8357372
22.4872,2019-09-08 18:24:21.673766,222.0,182.0,176.0,198.0,198.0,194.0,170.0,242.0,,7,8356981
22.5025,2019-09-08 18:24:21.692500,258.0,262.0,182.0,178.0,170.0,248.0,206.0,250.0,,7,8356839
22.5212,2019-09-08 18:24:21.706110,294.0,182.0,176.0,198.0,210.0,172.0,214.0,172.0,,7,8356486
22.5349,2019-09-08 18:24:21.724877,334.0,338.0,182.0,178.0,174.0,226.0,278.0,174.0,,7,8358545
22.5535,2019-09-08 18:24:21.741632,376.0,380.0,182.0,392.0,178.0,288.0,238.0,236.0,,6,8358223
22.5703,2019-09-08 18:24:21.758939,428.0,434.0,182.0,200.0,238.0,292.0,178.0,244.0,,6,8358375
22.5879,2019-09-08 18:24:21.777994,480.0,182.0,178.0,204.0,296.0,246.0,258.0,182.0,,5,8358548
22.6067,2019-09-08 18:24:21.802332,534.0,180.0,542.0,184.0,300.0,248.0,278.0,304.0,,5,8360168
22.6312,2019-09-08 18:24:21.814717,570.0,184.0,180.0,212.0,284.0,286.0,186.0,310.0,,4,8360565
22.6433,2019-09-08 18:24:21.854465,602.0,186.0,606.0,216.0,322.0,192.0,326.0,246.0,,3,8361247
22.6832,2019-09-08 18:24:21.862253,622.0,188.0,184.0,218.0,330.0,192.0,326.0,334.0,,3,8361261
22.6908,2019-09-08 18:24:21.872071,630.0,630.0,220.0,186.0,326.0,326.0,340.0,342.0,,3,8360887
22.7007,2019-09-08 18:24:21.896803,632.0,198.0,188.0,224.0,322.0,246.0,196.0,318.0,,2,8359638
22.7254,2019-09-08 18:24:21.912851,622.0,204.0,204.0,192.0,316.0,246.0,356.0,312.0,,2,8360174
22.7415,2019-09-08 18:24:21.942274,228.0,598.0,214.0,194.0,372.0,198.0,374.0,248.0,,1,8359745
22.7711,2019-09-08 18:24:21.958577,578.0,572.0,228.0,232.0,248.0,382.0,248.0,384.0,,1,8359970
22.7872,2019-09-08 18:24:21.973615,548.0,240.0,546.0,234.0,284.0,248.0,388.0,202.0,,0,8361517
22.8024,2019-09-08 18:24:21.998482,530.0,248.0,526.0,208.0,278.0,248.0,398.0,202.0,,-1,8361683
22.8272,2019-09-08 18:24:22.013165,500.0,264.0,212.0,240.0,270.0,248.0,406.0,408.0,,-1,8362067
22.8421,2019-09-08 18:24:22.045492,216.0,244.0,244.0,244.0,260.0,252.0,252.0,256.0,,-2,8361946
22.874,2019-09-08 18:24:22.054947,278.0,220.0,452.0,248.0,428.0,210.0,430.0,256.0,,-2,8362766
22.8836,2019-09-08 18:24:22.074223,224.0,288.0,290.0,224.0,258.0,444.0,446.0,218.0,,-2,8362067
22.9028,2019-09-08 18:24:22.090864,428.0,254.0,228.0,256.0,450.0,452.0,220.0,262.0,,-3,8362891
22.9196,2019-09-08 18:24:22.108801,418.0,418.0,230.0,256.0,464.0,468.0,226.0,206.0,,-3,8363278
22.9374,2019-09-08 18:24:22.125356,410.0,410.0,302.0,230.0,204.0,474.0,230.0,200.0,,-3,8362870
22.9539,2019-09-08 18:24:22.145916,400.0,306.0,234.0,262.0,268.0,236.0,238.0,190.0,,-3,8363046
22.9744,2019-09-08 18:24:22.168845,384.0,314.0,382.0,314.0,508.0,250.0,508.0,252.0,,-3,8362711
22.9974,2019-09-08 18:24:22.179480,368.0,320.0,240.0,364.0,182.0,252.0,180.0,262.0,,-3,8363624
23.008,2019-09-08 18:24:22.194870,326.0,328.0,350.0,242.0,256.0,256.0,260.0,260.0,,-2,8363202
23.0236,2019-09-08 18:24:22.210873,244.0,272.0,244.0,336.0,514.0,262.0,176.0,176.0,,-2,8363642
23.0394,2019-09-08 18:24:22.228348,324.0,338.0,248.0,278.0,264.0,508.0,264.0,506.0,,-1,8361842
23.0569,2019-09-08 18:24:22.246302,308.0,346.0,250.0,282.0,266.0,248.0,500.0,268.0,,-1,8361344
23.075,2019-09-08 18:24:22.258297,286.0,354.0,254.0,286.0,482.0,170.0,170.0,238.0,,0,8360905
23.0869,2019-09-08 18:24:22.273255,272.0,360.0,258.0,290.0,236.0,272.0,454.0,234.0,,1,8359905
23.102,2019-09-08 18:24:22.289064,260.0,368.0,260.0,294.0,166.0,408.0,276.0,166.0,,3,8359209
23.1177,2019-09-08 18:24:22.306226,240.0,372.0,298.0,298.0,164.0,214.0,340.0,272.0,,4,8357126
23.1349,2019-09-08 18:24:22.320223,228.0,266.0,302.0,302.0,162.0,208.0,308.0,268.0,,6,8356448
23.1489,2019-09-08 18:24:22.356205,268.0,306.0,268.0,306.0,162.0,190.0,190.0,224.0,,13,8352870
23.1852,2019-09-08 18:24:22.366789,268.0,376.0,268.0,268.0,190.0,162.0,224.0,162.0,,15,8353292
23.1954,2019-09-08 18:24:22.382631,206.0,300.0,270.0,268.0,202.0,162.0,192.0,192.0,,17,8352095
23.2113,2019-09-08 18:24:22.396482,204.0,290.0,268.0,288.0,182.0,188.0,186.0,162.0,,20,8351295
23.2252,2019-09-08 18:24:22.411898,202.0,354.0,266.0,276.0,186.0,186.0,178.0,164.0,,26,8351693
23.2406,2019-09-08 18:24:22.426909,262.0,266.0,262.0,200.0,164.0,178.0,182.0,170.0,,28,8351631
23.2555,2019-09-08 18:24:22.455021,256.0,254.0,198.0,252.0,176.0,168.0,168.0,180.0,,35,8351939
23.2837,2019-09-08 18:24:22.463837,288.0,196.0,238.0,238.0,176.0,168.0,168.0,166.0,,37,8351340
23.2927,2019-09-08 18:24:22.482553,196.0,262.0,244.0,226.0,168.0,166.0,164.0,164.0,,38,8350704
23.3117,2019-09-08 18:24:22.496476,194.0,238.0,238.0,218.0,180.0,176.0,180.0,168.0,,40,8351742
23.325,2019-09-08 18:24:22.513831,194.0,218.0,228.0,212.0,166.0,168.0,180.0,176.0,,40,8350901
23.3427,2019-09-08 18:24:22.533328,194.0,204.0,214.0,206.0,166.0,180.0,168.0,164.0,,40,8349794
23.3619,2019-09-08 18:24:22.562402,194.0,202.0,204.0,204.0,166.0,176.0,180.0,168.0,,39,8349662
23.3911,2019-09-08 18:24:22.571058,194.0,188.0,190.0,196.0,176.0,180.0,168.0,168.0,,38,8349261
23.3998,2019-09-08 18:24:22.585527,188.0,186.0,184.0,198.0,166.0,176.0,176.0,178.0,,37,8351372
23.4142,2019-09-08 18:24:22.596006,194.0,184.0,180.0,194.0,176.0,176.0,176.0,178.0,,36,8351465
23.4253,2019-09-08 18:24:22.616080,196.0,182.0,194.0,198.0,178.0,180.0,178.0,166.0,,35,8353624
23.4453,2019-09-08 18:24:22.627881,194.0,182.0,194.0,182.0,176.0,178.0,180.0,166.0,,33,8353375
23.4565,2019-09-08 18:24:22.654791,194.0,182.0,178.0,194.0,180.0,170.0,166.0,176.0,,31,8354873
23.4843,2019-09-08 18:24:22.665270,194.0,182.0,176.0,196.0,180.0,168.0,166.0,176.0,,30,8354185
23.494,2019-09-08 18:24:22.678397,194.0,182.0,178.0,196.0,166.0,168.0,166.0,176.0,,29,8354503
23.507,2019-09-08 18:24:22.692300,194.0,182.0,176.0,196.0,166.0,168.0,176.0,178.0,,28,8352821
23.522,2019-09-08 18:24:22.709484,196.0,182.0,176.0,196.0,168.0,178.0,168.0,166.0,,27,8351690
23.5392,2019-09-08 18:24:22.724940,194.0,182.0,196.0,196.0,166.0,176.0,178.0,166.0,,26,8350600
23.5541,2019-09-08 18:24:22.743305,182.0,176.0,176.0,196.0,166.0,178.0,166.0,166.0,,24,8347648
23.5722,2019-09-08 18:24:22.766127,194.0,196.0,176.0,196.0,178.0,168.0,168.0,166.0,,23,8343330
23.595,2019-09-08 18:24:22.777388,196.0,182.0,176.0,196.0,178.0,168.0,168.0,176.0,,22,8342818
23.6066,2019-09-08 18:24:22.792235,196.0,176.0,176.0,196.0,168.0,166.0,176.0,178.0,,21,8341499
23.6216,2019-09-08 18:24:22.809402,196.0,194.0,176.0,196.0,166.0,168.0,166.0,176.0,,19,8342423
23.6382,2019-09-08 18:24:22.824032,182.0,182.0,176.0,176.0,166.0,176.0,166.0,168.0,,18,8342665
23.6529,2019-09-08 18:24:22.840772,194.0,180.0,176.0,196.0,176.0,180.0,168.0,166.0,,16,8343541
23.6697,2019-09-08 18:24:22.860962,192.0,182.0,176.0,196.0,178.0,168.0,166.0,176.0,,15,8342084
23.6907,2019-09-08 18:24:22.881776,192.0,180.0,176.0,196.0,168.0,166.0,178.0,168.0,,14,8342486
23.7104,2019-09-08 18:24:22.893871,192.0,182.0,178.0,196.0,168.0,166.0,178.0,180.0,,13,8342492
23.7236,2019-09-08 18:24:22.906322,182.0,182.0,176.0,196.0,168.0,166.0,176.0,180.0,,12,8342268
23.7363,2019-09-08 18:24:22.921453,180.0,178.0,178.0,196.0,168.0,176.0,176.0,180.0,,10,8342340
23.7505,2019-09-08 18:24:22.937611,182.0,178.0,176.0,196.0,168.0,178.0,176.0,180.0,,9,8341589
23.7663,2019-09-08 18:24:22.962156,192.0,182.0,176.0,192.0,176.0,166.0,180.0,168.0,,8,8342596
23.7908,2019-09-08 18:24:23.011378,178.0,196.0,176.0,196.0,164.0,176.0,180.0,168.0,,6,8342278
23.8401,2019-09-08 18:24:23.021559,192.0,182.0,176.0,192.0,168.0,168.0,168.0,176.0,,6,8342762
23.8502,2019-09-08 18:24:23.094027,196.0,182.0,178.0,192.0,180.0,168.0,168.0,176.0,,5,8342731
23.9227,2019-09-08 18:24:23.100920,190.0,182.0,190.0,182.0,176.0,192.0,176.0,180.0,,5,8343133
23.9297,2019-09-08 18:24:23.116548,192.0,182.0,178.0,182.0,220.0,176.0,180.0,238.0,,5,8344437
23.9452,2019-09-08 18:24:23.131232,192.0,182.0,192.0,196.0,250.0,178.0,180.0,178.0,,4,8345956
23.9603,2019-09-08 18:24:23.140627,198.0,182.0,178.0,198.0,180.0,168.0,298.0,168.0,,4,8345956
23.9694,2019-09-08 18:24:23.150799,198.0,182.0,176.0,198.0,312.0,180.0,168.0,182.0,,4,8345662
23.9794,2019-09-08 18:24:23.177661,196.0,182.0,198.0,182.0,336.0,342.0,344.0,182.0,,3,8345520
24.0064,2019-09-08 18:24:23.187224,198.0,216.0,176.0,196.0,182.0,182.0,354.0,168.0,,3,8346337
24.0159,2019-09-08 18:24:23.196884,198.0,248.0,178.0,198.0,168.0,368.0,186.0,180.0,,3,8345821
24.026,2019-09-08 18:24:23.208192,280.0,282.0,180.0,198.0,168.0,378.0,168.0,180.0,,3,8345711
24.0368,2019-09-08 18:24:23.224359,308.0,310.0,176.0,198.0,190.0,394.0,192.0,182.0,,3,8346624
24.0534,2019-09-08 18:24:23.286336,346.0,350.0,182.0,358.0,512.0,196.0,190.0,168.0,,1,8347728
24.115,2019-09-08 18:24:23.405325,458.0,184.0,178.0,204.0,528.0,198.0,168.0,540.0,,0,8348122
24.2346,2019-09-08 18:24:23.412454,612.0,190.0,184.0,226.0,200.0,200.0,204.0,170.0,,-1,8348129
24.2415,2019-09-08 18:24:23.434377,616.0,194.0,614.0,196.0,584.0,198.0,170.0,168.0,,-1,8348423
24.2631,2019-09-08 18:24:23.459884,230.0,602.0,204.0,232.0,196.0,168.0,168.0,582.0,,-1,8349451
24.2896,2019-09-08 18:24:23.480638,574.0,212.0,190.0,214.0,196.0,168.0,584.0,584.0,,-2,8350634
24.3093,2019-09-08 18:24:23.496702,554.0,222.0,194.0,226.0,208.0,168.0,168.0,194.0,,-2,8352102
24.3254,2019-09-08 18:24:23.513033,534.0,240.0,198.0,240.0,168.0,208.0,196.0,208.0,,-2,8351880
24.3417,2019-09-08 18:24:23.539589,240.0,244.0,240.0,240.0,598.0,194.0,210.0,168.0,,-3,8352496
24.3688,2019-09-08 18:24:23.556539,254.0,242.0,204.0,242.0,170.0,196.0,210.0,168.0,,-3,8354098
24.3852,2019-09-08 18:24:23.579453,492.0,268.0,208.0,244.0,602.0,602.0,602.0,602.0,,-4,8355008
24.408,2019-09-08 18:24:23.593895,482.0,276.0,210.0,244.0,214.0,604.0,602.0,196.0,,-4,8355254
24.4235,2019-09-08 18:24:23.612801,474.0,284.0,212.0,246.0,168.0,602.0,196.0,168.0,,-4,8355340
24.4413,2019-09-08 18:24:23.626732,466.0,288.0,214.0,246.0,168.0,598.0,216.0,216.0,,-4,8355956
24.4553,2019-09-08 18:24:23.641938,460.0,294.0,216.0,248.0,594.0,198.0,216.0,216.0,,-5,8356181
24.4706,2019-09-08 18:24:23.661952,450.0,300.0,218.0,250.0,580.0,578.0,220.0,170.0,,-5,8356759
24.4906,2019-09-08 18:24:23.682206,436.0,306.0,306.0,222.0,572.0,568.0,206.0,170.0,,-6,8357354
24.5108,2019-09-08 18:24:23.696974,420.0,310.0,224.0,256.0,170.0,558.0,170.0,224.0,,-6,8357524
24.5256,2019-09-08 18:24:23.725181,402.0,314.0,400.0,316.0,234.0,172.0,514.0,218.0,,-6,8357562
24.5538,2019-09-08 18:24:23.742343,386.0,320.0,228.0,382.0,506.0,172.0,500.0,222.0,,-6,8358662
24.571,2019-09-08 18:24:23.749020,372.0,328.0,232.0,368.0,246.0,250.0,174.0,230.0,,-6,8358603
24.5779,2019-09-08 18:24:23.780288,356.0,334.0,236.0,270.0,176.0,258.0,176.0,404.0,,-5,8357770
24.6094,2019-09-08 18:24:23.787062,340.0,338.0,342.0,240.0,176.0,358.0,178.0,344.0,,-5,8357835
24.6159,2019-09-08 18:24:23.795888,322.0,348.0,242.0,276.0,272.0,328.0,318.0,248.0,,-5,8357891
24.6247,2019-09-08 18:24:23.809429,306.0,354.0,246.0,280.0,304.0,180.0,286.0,252.0,,-4,8356977
24.6387,2019-09-08 18:24:23.824896,288.0,360.0,248.0,284.0,268.0,252.0,284.0,180.0,,-3,8356576
24.6537,2019-09-08 18:24:23.844384,270.0,364.0,250.0,284.0,250.0,196.0,184.0,186.0,,-2,8355406
24.6735,2019-09-08 18:24:23.858160,252.0,366.0,250.0,282.0,180.0,242.0,290.0,184.0,,-1,8354911
24.6875,2019-09-08 18:24:23.915274,282.0,364.0,250.0,282.0,258.0,184.0,186.0,206.0,,5,8350105
24.7441,2019-09-08 18:24:23.922367,278.0,346.0,248.0,276.0,232.0,184.0,182.0,170.0,,7,8350621
24.7514,2019-09-08 18:24:23.929176,270.0,332.0,244.0,268.0,182.0,170.0,190.0,210.0,,9,8348925
24.758,2019-09-08 18:24:23.952665,258.0,314.0,256.0,256.0,174.0,184.0,184.0,190.0,,14,8347987
24.7815,2019-09-08 18:24:23.964015,198.0,236.0,244.0,244.0,172.0,168.0,184.0,186.0,,17,8347326
24.7928,2019-09-08 18:24:23.983790,270.0,196.0,232.0,232.0,168.0,168.0,170.0,168.0,,20,8346448
24.8127,2019-09-08 18:24:23.995800,194.0,226.0,226.0,224.0,180.0,180.0,180.0,168.0,,22,8345420
24.8247,2019-09-08 18:24:24.008855,194.0,230.0,222.0,218.0,178.0,168.0,170.0,168.0,,24,8344807
24.8378,2019-09-08 18:24:24.031225,214.0,216.0,214.0,212.0,178.0,180.0,168.0,168.0,,27,8344773
24.8601,2019-09-08 18:24:24.047973,210.0,206.0,208.0,210.0,178.0,180.0,168.0,168.0,,29,8344790
24.8768,2019-09-08 18:24:24.094702,192.0,200.0,200.0,206.0,178.0,168.0,168.0,178.0,,31,8348043
24.9235,2019-09-08 18:24:24.102310,192.0,192.0,190.0,202.0,168.0,168.0,180.0,180.0,,31,8348043
24.9315,2019-09-08 18:24:24.114691,192.0,188.0,184.0,200.0,170.0,178.0,178.0,180.0,,30,8349337
24.9436,2019-09-08 18:24:24.126454,192.0,186.0,180.0,198.0,168.0,168.0,178.0,180.0,,29,8351690
24.9553,2019-09-08 18:24:24.136853,192.0,184.0,178.0,198.0,168.0,168.0,178.0,180.0,,29,8351901
24.9658,2019-09-08 18:24:24.150985,192.0,182.0,178.0,196.0,178.0,168.0,168.0,168.0,,27,8353994
24.9799,2019-09-08 18:24:24.169609,182.0,176.0,196.0,198.0,168.0,178.0,180.0,168.0,,26,8355794
24.9988,2019-09-08 18:24:24.225204,192.0,178.0,176.0,196.0,168.0,178.0,180.0,168.0,,20,8357337
25.054,2019-09-08 18:24:24.232018,176.0,198.0,178.0,198.0,178.0,180.0,168.0,168.0,,20,8357167
25.0608,2019-09-08 18:24:24.251341,198.0,182.0,178.0,198.0,178.0,180.0,168.0,180.0,,18,8356918
25.0804,2019-09-08 18:24:24.259924,192.0,182.0,176.0,192.0,168.0,180.0,178.0,166.0,,17,8355268
25.0887,2019-09-08 18:24:24.330167,192.0,182.0,176.0,192.0,166.0,178.0,178.0,168.0,,14,8345707
25.1593,2019-09-08 18:24:24.340603,182.0,176.0,198.0,196.0,180.0,168.0,166.0,168.0,,14,8344984
25.1694,2019-09-08 18:24:24.353516,192.0,176.0,196.0,196.0,166.0,178.0,180.0,168.0,,14,8344441
25.1825,2019-09-08 18:24:24.360914,176.0,196.0,176.0,196.0,166.0,178.0,180.0,168.0,,13,8343358
25.1899,2019-09-08 18:24:24.372476,194.0,196.0,176.0,196.0,178.0,168.0,166.0,166.0,,13,8343236
25.2013,2019-09-08 18:24:24.393416,176.0,196.0,176.0,196.0,178.0,180.0,168.0,166.0,,12,8342832
25.2223,2019-09-08 18:24:24.403149,176.0,196.0,176.0,196.0,178.0,180.0,168.0,166.0,,11,8343053
25.2325,2019-09-08 18:24:24.415006,178.0,196.0,178.0,196.0,178.0,180.0,178.0,180.0,,10,8343863
25.2438,2019-09-08 18:24:24.432091,194.0,196.0,176.0,196.0,180.0,168.0,180.0,178.0,,10,8343326
25.2611,2019-09-08 18:24:24.444357,178.0,196.0,178.0,196.0,180.0,178.0,178.0,168.0,,10,8343399
25.2733,2019-09-08 18:24:24.460383,192.0,182.0,176.0,196.0,168.0,170.0,178.0,180.0,,9,8343984
25.2895,2019-09-08 18:24:24.476700,192.0,196.0,178.0,196.0,172.0,180.0,168.0,176.0,,9,8345288
25.3055,2019-09-08 18:24:24.499846,192.0,182.0,178.0,196.0,180.0,180.0,170.0,182.0,,9,8348278
25.3288,2019-09-08 18:24:24.508348,192.0,182.0,176.0,196.0,178.0,180.0,168.0,186.0,,9,8349787
25.3374,2019-09-08 18:24:24.522375,192.0,182.0,176.0,196.0,188.0,168.0,178.0,180.0,,10,8352032
25.3512,2019-09-08 18:24:24.538137,196.0,182.0,176.0,192.0,180.0,168.0,200.0,168.0,,10,8354956
25.3672,2019-09-08 18:24:24.577509,192.0,196.0,176.0,196.0,180.0,168.0,206.0,168.0,,10,8362026
25.4064,2019-09-08 18:24:24.584052,190.0,182.0,176.0,190.0,168.0,178.0,178.0,180.0,,10,8363133
25.4128,2019-09-08 18:24:24.610448,190.0,182.0,178.0,190.0,238.0,178.0,178.0,180.0,,10,8367874
25.4397,2019-09-08 18:24:24.627156,190.0,182.0,190.0,198.0,184.0,290.0,168.0,298.0,,9,8370808
25.4561,2019-09-08 18:24:24.634000,192.0,192.0,192.0,176.0,186.0,188.0,184.0,168.0,,9,8371874
25.4628,2019-09-08 18:24:24.648827,190.0,192.0,190.0,182.0,320.0,190.0,186.0,328.0,,9,8374420
25.4778,2019-09-08 18:24:24.655543,190.0,182.0,190.0,196.0,334.0,194.0,188.0,168.0,,8,8375151
25.4843,2019-09-08 18:24:24.672064,190.0,182.0,178.0,196.0,346.0,198.0,190.0,358.0,,8,8376209
25.5009,2019-09-08 18:24:24.692130,190.0,182.0,176.0,192.0,200.0,192.0,168.0,194.0,,7,8377479
25.521,2019-09-08 18:24:24.710852,198.0,182.0,176.0,196.0,170.0,378.0,380.0,384.0,,5,8375877
25.5399,2019-09-08 18:24:24.737990,210.0,182.0,176.0,198.0,208.0,198.0,170.0,212.0,,4,8376469
25.5668,2019-09-08 18:24:24.744814,196.0,180.0,176.0,196.0,206.0,172.0,418.0,230.0,,3,8377279
25.5738,2019-09-08 18:24:24.753621,240.0,182.0,176.0,196.0,206.0,172.0,208.0,234.0,,3,8377521
25.5824,2019-09-08 18:24:24.770974,252.0,196.0,178.0,196.0,424.0,236.0,210.0,172.0,,2,8377448
25.5999,2019-09-08 18:24:24.777801,198.0,182.0,176.0,196.0,210.0,240.0,240.0,172.0,,2,8378846
25.6068,2019-09-08 18:24:24.801676,288.0,196.0,178.0,292.0,428.0,212.0,172.0,428.0,,2,8379445
25.6305,2019-09-08 18:24:24.819369,302.0,184.0,178.0,196.0,248.0,250.0,426.0,172.0,,1,8381466
25.6482,2019-09-08 18:24:24.825951,316.0,186.0,318.0,186.0,424.0,174.0,214.0,174.0,,0,8383033
25.6548,2019-09-08 18:24:24.840716,330.0,332.0,182.0,204.0,214.0,172.0,412.0,172.0,,0,8383742
25.6694,2019-09-08 18:24:24.853811,354.0,196.0,186.0,206.0,212.0,174.0,406.0,172.0,,0,8384611
25.6827,2019-09-08 18:24:24.871483,382.0,208.0,192.0,210.0,394.0,392.0,390.0,214.0,,-1,8386016
25.7005,2019-09-08 18:24:24.886110,402.0,222.0,198.0,214.0,214.0,174.0,382.0,274.0,,-2,8386933
25.7151,2019-09-08 18:24:24.937363,418.0,234.0,202.0,216.0,350.0,292.0,222.0,174.0,,-2,8386902
25.7664,2019-09-08 18:24:24.944274,428.0,244.0,220.0,432.0,222.0,296.0,224.0,176.0,,-3,8386922
25.7731,2019-09-08 18:24:24.953133,260.0,214.0,224.0,224.0,226.0,174.0,334.0,174.0,,-3,8386324
25.7819,2019-09-08 18:24:24.968901,216.0,226.0,216.0,228.0,330.0,176.0,326.0,176.0,,-3,8385317
25.7977,2019-09-08 18:24:24.992128,276.0,278.0,222.0,280.0,236.0,176.0,308.0,322.0,,-3,8384777
25.8211,2019-09-08 18:24:25.013502,444.0,446.0,234.0,234.0,304.0,176.0,300.0,328.0,,-3,8382569
25.8423,2019-09-08 18:24:25.046597,444.0,444.0,442.0,226.0,180.0,250.0,356.0,254.0,,-3,8380514
25.8754,2019-09-08 18:24:25.057582,442.0,442.0,224.0,232.0,240.0,368.0,258.0,180.0,,-3,8379690
25.8864,2019-09-08 18:24:25.078620,446.0,446.0,232.0,222.0,230.0,376.0,262.0,182.0,,-3,8377452
25.9074,2019-09-08 18:24:25.116385,442.0,290.0,222.0,222.0,276.0,186.0,278.0,186.0,,-2,8375375
25.9454,2019-09-08 18:24:25.133455,440.0,294.0,440.0,296.0,188.0,404.0,406.0,286.0,,-2,8374856
25.9623,2019-09-08 18:24:25.140144,442.0,298.0,224.0,442.0,188.0,288.0,188.0,188.0,,-2,8373680
25.9691,2019-09-08 18:24:25.149854,444.0,298.0,224.0,230.0,190.0,186.0,192.0,184.0,,-2,8373355
25.9788,2019-09-08 18:24:25.171571,450.0,296.0,222.0,230.0,416.0,182.0,194.0,180.0,,-2,8373154
26.0006,2019-09-08 18:24:25.181894,220.0,228.0,222.0,228.0,180.0,418.0,312.0,420.0,,-2,8372486
26.0107,2019-09-08 18:24:25.204343,474.0,226.0,220.0,224.0,176.0,422.0,326.0,204.0,,-2,8371915
26.0332,2019-09-08 18:24:25.225810,290.0,222.0,218.0,222.0,204.0,174.0,172.0,336.0,,-2,8370607
26.055,2019-09-08 18:24:25.241602,220.0,220.0,216.0,504.0,214.0,216.0,168.0,410.0,,-2,8370067
26.0703,2019-09-08 18:24:25.250763,214.0,218.0,214.0,218.0,408.0,354.0,168.0,356.0,,-2,8369261
26.0796,2019-09-08 18:24:25.274845,214.0,216.0,214.0,218.0,360.0,228.0,166.0,392.0,,-2,8368579
26.1037,2019-09-08 18:24:25.289580,516.0,276.0,212.0,216.0,166.0,388.0,166.0,386.0,,-1,8367341
26.1184,2019-09-08 18:24:25.302965,520.0,272.0,212.0,216.0,238.0,164.0,362.0,362.0,,-1,8365839
26.1318,2019-09-08 18:24:25.603491,520.0,266.0,210.0,218.0,162.0,254.0,256.0,160.0,,10,8342593
26.4323,2019-09-08 18:24:25.610022,188.0,182.0,182.0,198.0,180.0,180.0,170.0,164.0,,45,8344396
26.4391,2019-09-08 18:24:25.623634,198.0,196.0,178.0,196.0,164.0,180.0,168.0,164.0,,46,8345648
26.4527,2019-09-08 18:24:25.633481,198.0,182.0,176.0,176.0,164.0,164.0,180.0,168.0,,46,8345614
26.4624,2019-09-08 18:24:25.644586,198.0,198.0,176.0,196.0,168.0,164.0,176.0,180.0,,46,8346430
26.4734,2019-09-08 18:24:25.659724,198.0,182.0,176.0,196.0,164.0,164.0,176.0,178.0,,45,8347178
26.4889,2019-09-08 18:24:25.674552,198.0,182.0,176.0,198.0,170.0,164.0,176.0,180.0,,45,8348949
26.5033,2019-09-08 18:24:25.692740,198.0,182.0,176.0,182.0,174.0,176.0,180.0,170.0,,44,8349936
26.5215,2019-09-08 18:24:25.708371,198.0,196.0,180.0,196.0,166.0,176.0,170.0,170.0,,43,8351960
26.5371,2019-09-08 18:24:25.734638,198.0,196.0,176.0,196.0,178.0,170.0,168.0,176.0,,39,8355669
26.5637,2019-09-08 18:24:25.747369,196.0,198.0,176.0,198.0,176.0,168.0,166.0,166.0,,37,8355936
26.5762,2019-09-08 18:24:25.759764,196.0,182.0,176.0,196.0,168.0,166.0,176.0,178.0,,35,8355579
26.5889,2019-09-08 18:24:25.772055,198.0,196.0,176.0,198.0,170.0,176.0,176.0,180.0,,33,8355441
26.601,2019-09-08 18:24:25.788162,196.0,196.0,176.0,198.0,168.0,166.0,176.0,178.0,,31,8356206
26.6172,2019-09-08 18:24:25.806129,198.0,180.0,176.0,198.0,168.0,166.0,176.0,168.0,,26,8359313
26.6351,2019-09-08 18:24:25.820181,196.0,182.0,176.0,198.0,176.0,176.0,180.0,168.0,,24,8359213
26.6494,2019-09-08 18:24:25.837917,196.0,180.0,178.0,196.0,164.0,176.0,168.0,164.0,,19,8357430
26.6668,2019-09-08 18:24:25.851229,196.0,196.0,180.0,176.0,176.0,180.0,168.0,164.0,,17,8357081
26.6801,2019-09-08 18:24:25.880835,196.0,180.0,176.0,198.0,176.0,180.0,164.0,178.0,,12,8356555
26.7097,2019-09-08 18:24:25.892330,196.0,182.0,176.0,198.0,180.0,168.0,164.0,178.0,,10,8353486
26.7216,2019-09-08 18:24:25.902564,196.0,182.0,176.0,198.0,168.0,178.0,178.0,180.0,,8,8351956
26.7311,2019-09-08 18:24:25.914162,194.0,182.0,176.0,198.0,166.0,178.0,168.0,168.0,,7,8349825
26.7431,2019-09-08 18:24:25.936020,194.0,180.0,176.0,196.0,178.0,178.0,168.0,166.0,,6,8346991
26.765,2019-09-08 18:24:25.942816,194.0,180.0,176.0,196.0,178.0,178.0,180.0,168.0,,4,8346005
26.7717,2019-09-08 18:24:25.956762,194.0,182.0,176.0,198.0,168.0,178.0,168.0,168.0,,4,8343935
26.7856,2019-09-08 18:24:25.970328,194.0,182.0,176.0,196.0,180.0,180.0,168.0,170.0,,3,8342596
26.7993,2019-09-08 18:24:25.990661,196.0,182.0,176.0,198.0,178.0,178.0,168.0,172.0,,2,8342991
26.8195,2019-09-08 18:24:26.006505,194.0,182.0,176.0,198.0,168.0,174.0,178.0,178.0,,2,8342486
26.8354,2019-09-08 18:24:26.018271,194.0,182.0,176.0,196.0,180.0,178.0,182.0,168.0,,1,8343534
26.847,2019-09-08 18:24:26.037770,194.0,182.0,176.0,196.0,168.0,180.0,182.0,178.0,,1,8342918
26.8665,2019-09-08 18:24:26.048981,194.0,180.0,176.0,196.0,184.0,178.0,180.0,168.0,,1,8342586
26.878,2019-09-08 18:24:26.069483,194.0,182.0,176.0,196.0,168.0,178.0,178.0,180.0,,2,8341794
26.8988,2019-09-08 18:24:26.081711,194.0,182.0,176.0,196.0,206.0,206.0,178.0,210.0,,2,8342520
26.9115,2019-09-08 18:24:26.100282,194.0,182.0,178.0,196.0,216.0,168.0,180.0,168.0,,3,8342382
26.9298,2019-09-08 18:24:26.111820,194.0,182.0,176.0,196.0,220.0,182.0,168.0,168.0,,3,8342416
26.9412,2019-09-08 18:24:26.138560,192.0,180.0,178.0,196.0,228.0,186.0,186.0,168.0,,4,8343299
26.9675,2019-09-08 18:24:26.149582,192.0,192.0,182.0,176.0,232.0,234.0,192.0,188.0,,4,8344555
26.9789,2019-09-08 18:24:26.169166,192.0,192.0,178.0,196.0,168.0,240.0,194.0,244.0,,4,8345133
26.9977,2019-09-08 18:24:26.175871,192.0,182.0,176.0,196.0,198.0,168.0,170.0,200.0,,4,8347493
27.0046,2019-09-08 18:24:26.189326,192.0,192.0,182.0,178.0,170.0,170.0,200.0,208.0,,4,8350593
27.0179,2019-09-08 18:24:26.203669,192.0,182.0,176.0,198.0,210.0,170.0,170.0,212.0,,3,8350271
27.0326,2019-09-08 18:24:26.218842,192.0,182.0,176.0,198.0,172.0,204.0,216.0,206.0,,3,8351385
27.0478,2019-09-08 18:24:26.243338,198.0,180.0,176.0,196.0,172.0,300.0,210.0,224.0,,2,8354299
27.0724,2019-09-08 18:24:26.254046,212.0,182.0,176.0,198.0,174.0,174.0,230.0,218.0,,2,8356157
27.083,2019-09-08 18:24:26.264109,240.0,180.0,176.0,198.0,324.0,328.0,174.0,174.0,,2,8356981
27.0931,2019-09-08 18:24:26.306090,264.0,182.0,176.0,198.0,232.0,232.0,234.0,230.0,,1,8356884
27.135,2019-09-08 18:24:26.312756,292.0,182.0,176.0,198.0,366.0,248.0,178.0,180.0,,0,8358264
27.1418,2019-09-08 18:24:26.332632,306.0,182.0,176.0,200.0,262.0,180.0,180.0,396.0,,0,8359431
27.1615,2019-09-08 18:24:26.350327,182.0,178.0,198.0,342.0,234.0,270.0,182.0,402.0,,0,8357562
27.1796,2019-09-08 18:24:26.366230,368.0,182.0,178.0,200.0,286.0,406.0,234.0,290.0,,0,8357562
27.1949,2019-09-08 18:24:26.374117,178.0,182.0,178.0,202.0,292.0,184.0,402.0,184.0,,0,8359005
27.2031,2019-09-08 18:24:26.388556,450.0,182.0,456.0,182.0,302.0,186.0,236.0,308.0,,0,8359742
27.2174,2019-09-08 18:24:26.411194,488.0,182.0,178.0,206.0,186.0,238.0,316.0,188.0,,0,8358559
27.24,2019-09-08 18:24:26.423324,524.0,184.0,180.0,208.0,238.0,322.0,188.0,384.0,,0,8359053
27.2521,2019-09-08 18:24:26.450583,210.0,560.0,180.0,210.0,378.0,238.0,330.0,238.0,,-1,8360316
27.2795,2019-09-08 18:24:26.457189,584.0,184.0,180.0,212.0,332.0,334.0,370.0,238.0,,-1,8360458
27.286,2019-09-08 18:24:26.480114,604.0,184.0,186.0,614.0,340.0,190.0,360.0,236.0,,-2,8359465
27.3094,2019-09-08 18:24:26.493941,624.0,186.0,182.0,186.0,192.0,356.0,236.0,348.0,,-2,8360171
27.3228,2019-09-08 18:24:26.513805,638.0,186.0,182.0,642.0,354.0,236.0,350.0,192.0,,-2,8360638
27.3426,2019-09-08 18:24:26.545491,214.0,186.0,182.0,214.0,234.0,356.0,192.0,346.0,,-3,8359168
27.3743,2019-09-08 18:24:26.560325,214.0,214.0,182.0,214.0,234.0,194.0,194.0,342.0,,-4,8360001
27.3893,2019-09-08 18:24:26.582173,188.0,214.0,214.0,214.0,364.0,194.0,342.0,234.0,,-4,8361313
27.4112,2019-09-08 18:24:26.600273,188.0,182.0,214.0,214.0,366.0,196.0,234.0,370.0,,-5,8359877
27.4295,2019-09-08 18:24:26.627369,182.0,188.0,214.0,214.0,196.0,330.0,234.0,382.0,,-5,8361230
27.4564,2019-09-08 18:24:26.657377,190.0,182.0,214.0,214.0,196.0,326.0,234.0,388.0,,-6,8361590
27.4862,2019-09-08 18:24:26.676715,666.0,182.0,192.0,216.0,198.0,320.0,234.0,394.0,,-6,8362240
27.5054,2019-09-08 18:24:26.683425,182.0,182.0,216.0,216.0,302.0,238.0,414.0,202.0,,-6,8362067
27.5122,2019-09-08 18:24:26.699258,664.0,194.0,182.0,218.0,286.0,240.0,430.0,206.0,,-6,8362143
27.5281,2019-09-08 18:24:26.718811,196.0,184.0,218.0,218.0,242.0,242.0,438.0,208.0,,-6,8362853
27.5479,2019-09-08 18:24:26.732543,198.0,664.0,198.0,218.0,256.0,246.0,454.0,250.0,,-6,8362375
27.5614,2019-09-08 18:24:26.760384,664.0,202.0,184.0,664.0,250.0,468.0,216.0,230.0,,-6,8363676
27.5894,2019-09-08 18:24:26.767123,664.0,664.0,184.0,220.0,252.0,474.0,218.0,220.0,,-6,8363586
27.5961,2019-09-08 18:24:26.782289,204.0,184.0,662.0,222.0,486.0,224.0,202.0,256.0,,-6,8363496
27.6114,2019-09-08 18:24:26.800280,186.0,222.0,662.0,206.0,490.0,224.0,256.0,256.0,,-6,8364226
27.6293,2019-09-08 18:24:26.818549,660.0,208.0,208.0,186.0,228.0,252.0,492.0,230.0,,-5,8364752
27.6474,2019-09-08 18:24:26.832378,652.0,206.0,186.0,206.0,180.0,246.0,488.0,232.0,,-5,8364887
27.6613,2019-09-08 18:24:26.860792,634.0,206.0,632.0,628.0,234.0,174.0,468.0,234.0,,-4,8363870
27.6901,2019-09-08 18:24:26.868217,612.0,206.0,188.0,228.0,172.0,234.0,458.0,454.0,,-3,8363870
27.697,2019-09-08 18:24:26.879919,584.0,206.0,186.0,232.0,238.0,168.0,220.0,238.0,,-3,8363372
27.7089,2019-09-08 18:24:26.898482,550.0,206.0,188.0,234.0,218.0,414.0,240.0,166.0,,-2,8362469
27.7273,2019-09-08 18:24:26.916062,234.0,206.0,186.0,234.0,398.0,240.0,390.0,240.0,,0,8363050
27.745,2019-09-08 18:24:26.927640,452.0,206.0,186.0,234.0,358.0,240.0,162.0,240.0,,1,8363413
27.7566,2019-09-08 18:24:26.954663,186.0,234.0,352.0,234.0,196.0,308.0,162.0,194.0,,4,8363348
27.7835,2019-09-08 18:24:26.968556,184.0,232.0,258.0,204.0,274.0,232.0,162.0,190.0,,5,8362655
27.7974,2019-09-08 18:24:26.976272,184.0,210.0,182.0,228.0,226.0,226.0,162.0,162.0,,6,8363420
27.8051,2019-09-08 18:24:26.995263,222.0,220.0,182.0,220.0,220.0,218.0,188.0,228.0,,9,8362614
27.8241,2019-09-08 18:24:27.008930,202.0,196.0,184.0,214.0,162.0,186.0,188.0,216.0,,10,8361832
27.8375,2019-09-08 18:24:27.029978,200.0,190.0,182.0,208.0,206.0,162.0,184.0,200.0,,14,8361337
27.8588,2019-09-08 18:24:27.041886,198.0,186.0,198.0,186.0,164.0,164.0,184.0,182.0,,16,8361396
27.8705,2019-09-08 18:24:27.076664,184.0,184.0,184.0,202.0,180.0,184.0,170.0,164.0,,25,8359624
27.9057,2019-09-08 18:24:27.090231,196.0,200.0,178.0,200.0,164.0,182.0,182.0,164.0,,31,8358777
27.9189,2019-09-08 18:24:27.101279,196.0,182.0,178.0,198.0,182.0,168.0,164.0,178.0,,34,8357209
27.93,2019-09-08 18:24:27.115041,198.0,182.0,176.0,196.0,180.0,168.0,164.0,178.0,,36,8356299
27.9437,2019-09-08 18:24:27.123228,196.0,182.0,176.0,198.0,164.0,170.0,164.0,178.0,,38,8355167
27.9519,2019-09-08 18:24:27.139202,196.0,180.0,178.0,198.0,180.0,180.0,168.0,164.0,,40,8353960
27.9678,2019-09-08 18:24:27.205662,196.0,182.0,176.0,198.0,164.0,176.0,180.0,168.0,,44,8351209
28.0343,2019-09-08 18:24:27.212139,194.0,182.0,178.0,196.0,176.0,180.0,168.0,164.0,,44,8352171
28.0408,2019-09-08 18:24:27.224308,194.0,182.0,176.0,196.0,176.0,180.0,168.0,164.0,,44,8350690
28.053,2019-09-08 18:24:27.314786,194.0,182.0,176.0,196.0,166.0,176.0,164.0,176.0,,35,8354240
28.1434,2019-09-08 18:24:27.321356,194.0,180.0,176.0,198.0,168.0,166.0,166.0,176.0,,33,8354655
28.1505,2019-09-08 18:24:27.332718,194.0,180.0,180.0,176.0,178.0,168.0,178.0,168.0,,31,8354676
28.1618,2019-09-08 18:24:27.346538,194.0,196.0,178.0,196.0,166.0,176.0,178.0,168.0,,29,8355977
28.1752,2019-09-08 18:24:27.392976,194.0,182.0,176.0,196.0,176.0,180.0,168.0,164.0,,21,8355344
28.2216,2019-09-08 18:24:27.403111,194.0,194.0,182.0,176.0,168.0,166.0,176.0,180.0,,19,8355988
28.2323,2019-09-08 18:24:27.412669,194.0,196.0,176.0,196.0,168.0,166.0,176.0,180.0,,17,8354614
28.2416,2019-09-08 18:24:27.432170,194.0,182.0,176.0,196.0,168.0,164.0,176.0,180.0,,15,8354493
28.261,2019-09-08 18:24:27.492399,192.0,182.0,176.0,198.0,168.0,180.0,168.0,164.0,,5,8350316
28.3213,2019-09-08 18:24:27.500299,192.0,182.0,176.0,192.0,164.0,180.0,180.0,168.0,,4,8350257
28.329,2019-09-08 18:24:27.508962,192.0,182.0,176.0,196.0,168.0,168.0,166.0,178.0,,3,8350015
28.3377,2019-09-08 18:24:27.523909,192.0,182.0,176.0,196.0,168.0,178.0,178.0,180.0,,2,8350005
28.3525,2019-09-08 18:24:27.540334,192.0,182.0,176.0,192.0,168.0,168.0,178.0,180.0,,2,8349901
28.369,2019-09-08 18:24:27.550771,176.0,182.0,176.0,196.0,168.0,178.0,178.0,180.0,,1,8350763
28.3793,2019-09-08 18:24:27.621723,192.0,182.0,176.0,192.0,178.0,178.0,168.0,172.0,,3,8353752
28.4505,2019-09-08 18:24:27.647726,192.0,182.0,178.0,198.0,178.0,178.0,180.0,168.0,,3,8352437
28.4763,2019-09-08 18:24:27.658285,176.0,198.0,178.0,198.0,176.0,180.0,220.0,222.0,,3,8352437
28.4868,2019-09-08 18:24:27.674224,208.0,182.0,178.0,198.0,180.0,168.0,178.0,178.0,,3,8353098
28.5028,2019-09-08 18:24:27.855187,226.0,182.0,176.0,198.0,168.0,168.0,248.0,180.0,,3,8348326
28.6838,2019-09-08 18:24:27.878428,616.0,186.0,216.0,216.0,186.0,188.0,170.0,360.0,,3,8348901
28.707,2019-09-08 18:24:27.914637,188.0,638.0,182.0,182.0,218.0,172.0,488.0,490.0,,2,8348403
28.7433,2019-09-08 18:24:28.100821,660.0,196.0,184.0,220.0,210.0,224.0,172.0,504.0,,-1,8347195
28.9295,2019-09-08 18:24:28.112244,612.0,212.0,188.0,226.0,174.0,524.0,208.0,174.0,,-2,8348527
28.9408,2019-09-08 18:24:28.131052,604.0,604.0,218.0,188.0,522.0,520.0,208.0,174.0,,-2,8347690
28.9599,2019-09-08 18:24:28.137559,600.0,228.0,190.0,232.0,178.0,436.0,330.0,178.0,,-2,8348548
28.9663,2019-09-08 18:24:28.154469,600.0,230.0,190.0,232.0,422.0,342.0,344.0,414.0,,-2,8348458
28.983,2019-09-08 18:24:28.170037,232.0,232.0,190.0,232.0,412.0,350.0,404.0,222.0,,-3,8348493
28.9988,2019-09-08 18:24:28.191237,192.0,234.0,234.0,234.0,182.0,184.0,226.0,374.0,,-3,8349147
29.0198,2019-09-08 18:24:28.200944,236.0,236.0,192.0,236.0,184.0,186.0,230.0,232.0,,-3,8348915
29.0296,2019-09-08 18:24:28.218022,250.0,194.0,194.0,240.0,334.0,236.0,406.0,192.0,,-4,8350302
29.0471,2019-09-08 18:24:28.238555,260.0,196.0,196.0,244.0,302.0,244.0,428.0,432.0,,-4,8350721
29.0672,2019-09-08 18:24:28.255161,270.0,198.0,250.0,250.0,198.0,282.0,248.0,444.0,,-4,8351510
29.0838,2019-09-08 18:24:28.287356,282.0,202.0,254.0,256.0,474.0,476.0,228.0,214.0,,-5,8353531
29.116,2019-09-08 18:24:28.297027,460.0,296.0,206.0,260.0,224.0,216.0,218.0,214.0,,-5,8352808
29.1259,2019-09-08 18:24:28.308473,420.0,306.0,408.0,310.0,220.0,206.0,222.0,202.0,,-5,8353828
29.1371,2019-09-08 18:24:28.326024,370.0,320.0,214.0,264.0,508.0,274.0,512.0,514.0,,-5,8354849
29.1546,2019-09-08 18:24:28.345936,316.0,328.0,218.0,300.0,236.0,274.0,518.0,238.0,,-5,8355704
29.1745,2019-09-08 18:24:28.363360,266.0,336.0,256.0,222.0,180.0,274.0,520.0,246.0,,-5,8356458
29.1922,2019-09-08 18:24:28.388469,226.0,338.0,222.0,338.0,174.0,270.0,516.0,252.0,,-4,8356977
29.2174,2019-09-08 18:24:28.402938,214.0,336.0,212.0,250.0,264.0,504.0,256.0,170.0,,-4,8357873
29.2315,2019-09-08 18:24:28.471086,208.0,324.0,224.0,242.0,272.0,224.0,412.0,406.0,,0,8359033
29.2998,2019-09-08 18:24:28.480115,214.0,210.0,214.0,210.0,162.0,216.0,386.0,274.0,,1,8359555
29.3088,2019-09-08 18:24:28.501217,208.0,206.0,194.0,206.0,162.0,206.0,330.0,272.0,,3,8359001
29.3298,2019-09-08 18:24:28.508916,204.0,196.0,200.0,204.0,162.0,202.0,270.0,268.0,,4,8358593
29.3375,2019-09-08 18:24:28.522393,202.0,194.0,188.0,202.0,162.0,198.0,276.0,162.0,,6,8359237
29.3509,2019-09-08 18:24:28.562169,190.0,184.0,200.0,200.0,194.0,258.0,246.0,162.0,,13,8358264
29.3907,2019-09-08 18:24:28.568874,192.0,180.0,198.0,198.0,218.0,214.0,162.0,186.0,,15,8357361
29.3974,2019-09-08 18:24:28.617480,192.0,176.0,196.0,196.0,162.0,204.0,184.0,184.0,,30,8353835
29.446,2019-09-08 18:24:28.624863,192.0,196.0,176.0,198.0,172.0,180.0,184.0,170.0,,34,8352863
29.4534,2019-09-08 18:24:28.641436,192.0,182.0,176.0,192.0,178.0,180.0,170.0,168.0,,38,8351392
29.47,2019-09-08 18:24:28.656199,182.0,178.0,192.0,196.0,178.0,180.0,178.0,182.0,,41,8349839
29.4849,2019-09-08 18:24:28.670978,192.0,182.0,192.0,182.0,178.0,180.0,168.0,164.0,,46,8347918
29.4996,2019-09-08 18:24:28.696339,196.0,182.0,194.0,182.0,168.0,164.0,180.0,180.0,,50,8346960
29.5249,2019-09-08 18:24:28.713488,194.0,182.0,176.0,196.0,164.0,176.0,180.0,168.0,,51,8345773
29.5422,2019-09-08 18:24:28.722278,194.0,182.0,176.0,196.0,168.0,176.0,180.0,168.0,,52,8345378
29.5509,2019-09-08 18:24:28.735695,194.0,182.0,176.0,194.0,176.0,180.0,168.0,168.0,,52,8344922
29.5642,2019-09-08 18:24:28.777205,192.0,182.0,178.0,192.0,166.0,176.0,178.0,174.0,,48,8345281
29.6059,2019-09-08 18:24:28.796347,194.0,182.0,176.0,196.0,178.0,168.0,166.0,174.0,,47,8345268
29.6249,2019-09-08 18:24:28.808659,194.0,182.0,178.0,196.0,178.0,174.0,180.0,176.0,,45,8346762
29.6372,2019-09-08 18:24:28.814962,196.0,182.0,178.0,196.0,176.0,178.0,166.0,176.0,,43,8346942
29.6435,2019-09-08 18:24:28.828112,194.0,182.0,176.0,196.0,176.0,180.0,168.0,166.0,,42,8348102
29.6568,2019-09-08 18:24:28.849065,196.0,176.0,192.0,196.0,168.0,168.0,176.0,180.0,,38,8349662
29.6776,2019-09-08 18:24:28.862464,196.0,182.0,196.0,196.0,180.0,168.0,166.0,176.0,,36,8350700
29.691,2019-09-08 18:24:28.890681,182.0,182.0,176.0,198.0,166.0,176.0,180.0,178.0,,31,8351029
29.7192,2019-09-08 18:24:28.906046,192.0,182.0,178.0,196.0,168.0,176.0,178.0,180.0,,28,8351399
29.735,2019-09-08 18:24:28.913424,192.0,182.0,176.0,198.0,168.0,166.0,180.0,178.0,,27,8352434
29.7427,2019-09-08 18:24:28.928114,182.0,182.0,178.0,198.0,168.0,180.0,168.0,166.0,,25,8351859
29.7572,2019-09-08 18:24:28.944120,182.0,182.0,178.0,196.0,178.0,168.0,178.0,168.0,,21,8351704
29.7732,2019-09-08 18:24:28.962533,196.0,182.0,178.0,196.0,166.0,168.0,166.0,176.0,,19,8351022
29.7914,2019-09-08 18:24:28.977466,182.0,178.0,198.0,192.0,180.0,180.0,180.0,166.0,,16,8351008
29.8063,2019-09-08 18:24:28.993294,190.0,182.0,192.0,198.0,176.0,168.0,168.0,180.0,,14,8350766
29.822,2019-09-08 18:24:29.012788,190.0,182.0,192.0,196.0,180.0,180.0,180.0,168.0,,12,8350150
29.8415,2019-09-08 18:24:29.026695,192.0,182.0,190.0,190.0,180.0,170.0,170.0,176.0,,11,8350240
29.8553,2019-09-08 18:24:29.041652,190.0,182.0,178.0,176.0,168.0,176.0,180.0,170.0,,10,8349676
29.8702,2019-09-08 18:24:29.055434,190.0,192.0,178.0,178.0,174.0,176.0,180.0,168.0,,9,8349316
29.884,2019-09-08 18:24:29.071933,194.0,182.0,182.0,176.0,174.0,180.0,176.0,180.0,,8,8348700
29.9005,2019-09-08 18:24:29.087547,198.0,200.0,178.0,198.0,176.0,180.0,180.0,168.0,,8,8349185
29.9162,2019-09-08 18:24:29.110755,210.0,212.0,178.0,198.0,180.0,168.0,182.0,176.0,,8,8348081
29.9395,2019-09-08 18:24:29.121186,230.0,182.0,178.0,198.0,180.0,168.0,186.0,176.0,,8,8349278
29.9498,2019-09-08 18:24:29.136302,254.0,182.0,178.0,262.0,176.0,180.0,194.0,196.0,,8,8349081
29.9656,2019-09-08 18:24:29.150938,276.0,182.0,176.0,198.0,180.0,168.0,208.0,176.0,,8,8348067
29.9798,2019-09-08 18:24:29.171896,292.0,182.0,178.0,198.0,180.0,180.0,168.0,224.0,,8,8346517
30.0011,2019-09-08 18:24:29.183803,198.0,182.0,176.0,198.0,180.0,176.0,180.0,178.0,,8,8346852
30.0132,2019-09-08 18:24:29.215052,366.0,182.0,178.0,198.0,168.0,242.0,178.0,180.0,,9,8346330
30.0436,2019-09-08 18:24:29.221437,410.0,412.0,180.0,202.0,168.0,250.0,178.0,180.0,,9,8346112
30.0501,2019-09-08 18:24:29.233214,452.0,454.0,184.0,180.0,168.0,256.0,182.0,180.0,,9,8345970
30.0618,2019-09-08 18:24:29.248059,482.0,188.0,182.0,490.0,268.0,268.0,188.0,182.0,,9,8345219
30.0767,2019-09-08 18:24:29.260827,208.0,192.0,514.0,194.0,272.0,190.0,182.0,168.0,,9,8345164
30.0894,2019-09-08 18:24:29.276010,536.0,196.0,540.0,198.0,280.0,194.0,186.0,168.0,,9,8345230
30.1046,2019-09-08 18:24:29.296004,558.0,200.0,188.0,210.0,204.0,204.0,170.0,302.0,,9,8344776
30.1246,2019-09-08 18:24:29.316111,574.0,576.0,188.0,210.0,212.0,172.0,174.0,320.0,,8,8346102
30.1448,2019-09-08 18:24:29.328614,592.0,204.0,190.0,190.0,214.0,174.0,328.0,218.0,,8,8345683
30.1575,2019-09-08 18:24:29.343660,612.0,614.0,206.0,212.0,330.0,332.0,222.0,176.0,,8,8345306
30.1722,2019-09-08 18:24:29.359464,626.0,206.0,630.0,214.0,238.0,342.0,180.0,244.0,,7,8344821
30.1886,2019-09-08 18:24:29.374418,636.0,216.0,190.0,216.0,182.0,182.0,232.0,264.0,,7,8344420
30.2031,2019-09-08 18:24:29.392010,192.0,220.0,192.0,220.0,182.0,270.0,232.0,274.0,,6,8344766
30.2212,2019-09-08 18:24:29.409996,626.0,220.0,194.0,222.0,184.0,356.0,234.0,284.0,,5,8343953
30.2391,2019-09-08 18:24:29.421421,612.0,226.0,196.0,224.0,188.0,358.0,236.0,304.0,,5,8344001
30.251,2019-09-08 18:24:29.434945,602.0,232.0,196.0,226.0,190.0,358.0,236.0,312.0,,5,8345735
30.2635,2019-09-08 18:24:29.451568,584.0,240.0,198.0,228.0,358.0,358.0,236.0,194.0,,4,8345032
30.2808,2019-09-08 18:24:29.467353,560.0,248.0,200.0,230.0,358.0,358.0,236.0,194.0,,4,8345070
30.2963,2019-09-08 18:24:29.484085,536.0,256.0,202.0,528.0,352.0,236.0,344.0,196.0,,3,8345264
30.3139,2019-09-08 18:24:29.501189,232.0,264.0,204.0,234.0,346.0,236.0,196.0,196.0,,3,8345776
30.3307,2019-09-08 18:24:29.527477,500.0,270.0,272.0,236.0,334.0,234.0,198.0,332.0,,2,8346624
30.3569,2019-09-08 18:24:29.543220,482.0,480.0,208.0,236.0,234.0,366.0,198.0,328.0,,1,8347288
30.3729,2019-09-08 18:24:29.550746,462.0,212.0,212.0,240.0,232.0,370.0,198.0,324.0,,1,8347095
30.3796,2019-09-08 18:24:29.565600,444.0,216.0,242.0,242.0,198.0,376.0,230.0,378.0,,0,8347361
30.3945,2019-09-08 18:24:29.582515,424.0,308.0,218.0,246.0,382.0,200.0,320.0,228.0,,-1,8347731
30.4115,2019-09-08 18:24:29.649443,408.0,314.0,222.0,404.0,310.0,310.0,398.0,200.0,,-3,8350261
30.4787,2019-09-08 18:24:29.656459,374.0,330.0,372.0,332.0,204.0,292.0,422.0,424.0,,-3,8350769
30.4853,2019-09-08 18:24:29.668878,364.0,336.0,230.0,258.0,206.0,230.0,230.0,432.0,,-3,8351302
30.4978,2019-09-08 18:24:29.685236,354.0,344.0,234.0,352.0,278.0,278.0,232.0,210.0,,-4,8351652
30.5142,2019-09-08 18:24:29.699909,342.0,352.0,238.0,354.0,236.0,236.0,456.0,256.0,,-4,8351496
30.5291,2019-09-08 18:24:29.726703,270.0,360.0,240.0,270.0,240.0,470.0,218.0,238.0,,-5,8352434
30.5557,2019-09-08 18:24:29.733436,306.0,370.0,246.0,276.0,242.0,478.0,220.0,230.0,,-5,8353050
30.5627,2019-09-08 18:24:29.747199,284.0,382.0,250.0,280.0,244.0,486.0,224.0,220.0,,-6,8353569
30.5763,2019-09-08 18:24:29.760481,260.0,392.0,254.0,254.0,246.0,496.0,248.0,498.0,,-6,8354295
30.5899,2019-09-08 18:24:29.778781,238.0,400.0,258.0,288.0,200.0,198.0,510.0,236.0,,-6,8355157
30.608,2019-09-08 18:24:29.791579,222.0,404.0,262.0,286.0,194.0,252.0,516.0,240.0,,-7,8355977
30.6208,2019-09-08 18:24:29.805276,212.0,404.0,264.0,284.0,520.0,240.0,522.0,254.0,,-7,8357877
30.6341,2019-09-08 18:24:29.830147,208.0,398.0,266.0,278.0,256.0,532.0,252.0,180.0,,-7,8359617
30.6594,2019-09-08 18:24:29.838386,204.0,388.0,266.0,268.0,258.0,178.0,178.0,534.0,,-7,8359908
30.6671,2019-09-08 18:24:29.854410,202.0,372.0,266.0,258.0,534.0,260.0,176.0,260.0,,-7,8360773
30.6831,2019-09-08 18:24:29.869170,198.0,348.0,262.0,246.0,176.0,258.0,176.0,264.0,,-6,8360870
30.698,2019-09-08 18:24:29.885887,196.0,322.0,256.0,236.0,268.0,172.0,254.0,526.0,,-6,8361046
30.7145,2019-09-08 18:24:29.901325,294.0,290.0,250.0,228.0,524.0,272.0,520.0,252.0,,-6,8360797
30.73,2019-09-08 18:24:29.926248,192.0,258.0,240.0,220.0,166.0,166.0,166.0,486.0,,-5,8361406
30.7556,2019-09-08 18:24:29.951347,192.0,234.0,228.0,216.0,166.0,280.0,166.0,282.0,,-4,8363309
30.7803,2019-09-08 18:24:29.961780,216.0,216.0,214.0,190.0,228.0,438.0,282.0,430.0,,-3,8363960
30.7908,2019-09-08 18:24:29.970694,202.0,208.0,200.0,190.0,222.0,282.0,162.0,162.0,,-2,8364091
30.8002,2019-09-08 18:24:29.988714,190.0,194.0,190.0,188.0,398.0,282.0,282.0,212.0,,0,8365310
30.8173,2019-09-08 18:24:30.006171,190.0,192.0,188.0,200.0,162.0,210.0,354.0,206.0,,1,8366251
30.8351,2019-09-08 18:24:30.064084,190.0,192.0,180.0,198.0,336.0,278.0,162.0,202.0,,3,8365991
30.8926,2019-09-08 18:24:30.091081,190.0,184.0,190.0,198.0,306.0,272.0,162.0,162.0,,15,8361455
30.9205,2019-09-08 18:24:30.098622,192.0,182.0,178.0,198.0,184.0,196.0,188.0,186.0,,19,8356323
30.9278,2019-09-08 18:24:30.106028,192.0,182.0,178.0,198.0,188.0,174.0,174.0,180.0,,22,8354600
30.9346,2019-09-08 18:24:30.146130,192.0,182.0,176.0,196.0,180.0,170.0,178.0,180.0,,39,8347707
30.9751,2019-09-08 18:24:30.167105,192.0,182.0,176.0,192.0,164.0,164.0,178.0,168.0,,42,8345603
30.9957,2019-09-08 18:24:30.176075,192.0,182.0,178.0,196.0,164.0,182.0,180.0,168.0,,46,8345257
31.0047,2019-09-08 18:24:30.194258,176.0,196.0,178.0,196.0,176.0,180.0,168.0,164.0,,51,8344115
31.0235,2019-09-08 18:24:30.203759,194.0,192.0,182.0,178.0,176.0,180.0,168.0,164.0,,53,8344160
31.0325,2019-09-08 18:24:30.218887,192.0,182.0,176.0,196.0,164.0,176.0,168.0,164.0,,54,8344178
31.0475,2019-09-08 18:24:30.242050,192.0,182.0,192.0,196.0,180.0,168.0,164.0,174.0,,56,8345849
31.0706,2019-09-08 18:24:30.254242,192.0,182.0,192.0,196.0,166.0,168.0,164.0,174.0,,56,8346749
31.083,2019-09-08 18:24:30.263964,192.0,178.0,192.0,182.0,180.0,168.0,170.0,166.0,,56,8347669
31.0929,2019-09-08 18:24:30.275497,192.0,178.0,198.0,198.0,178.0,168.0,166.0,174.0,,56,8348230
31.1041,2019-09-08 18:24:30.291572,192.0,194.0,182.0,192.0,180.0,170.0,166.0,176.0,,55,8349998
31.1202,2019-09-08 18:24:30.311351,192.0,198.0,178.0,192.0,166.0,166.0,178.0,168.0,,53,8351026
31.14,2019-09-08 18:24:30.334430,192.0,182.0,178.0,198.0,168.0,166.0,174.0,178.0,,50,8350434
31.1635,2019-09-08 18:24:30.348902,192.0,180.0,178.0,196.0,166.0,176.0,176.0,168.0,,48,8350368
31.1782,2019-09-08 18:24:30.366578,192.0,182.0,192.0,182.0,166.0,174.0,180.0,170.0,,43,8350555
31.1952,2019-09-08 18:24:30.406367,192.0,182.0,192.0,196.0,174.0,178.0,178.0,166.0,,34,8349652
31.2354,2019-09-08 18:24:30.413801,192.0,182.0,178.0,196.0,176.0,178.0,168.0,168.0,,30,8349652
31.2424,2019-09-08 18:24:30.461853,192.0,182.0,176.0,198.0,180.0,164.0,178.0,178.0,,18,8347223
31.2905,2019-09-08 18:24:30.468214,192.0,182.0,178.0,198.0,180.0,168.0,178.0,178.0,,16,8347645
31.2968,2019-09-08 18:24:30.476379,190.0,182.0,178.0,198.0,180.0,178.0,180.0,168.0,,14,8347735
31.305,2019-09-08 18:24:30.488858,182.0,182.0,178.0,198.0,164.0,178.0,166.0,178.0,,11,8347960
31.3175,2019-09-08 18:24:30.505861,182.0,182.0,178.0,196.0,164.0,164.0,180.0,168.0,,9,8348866
31.3348,2019-09-08 18:24:30.529683,192.0,198.0,176.0,198.0,164.0,178.0,180.0,168.0,,6,8349669
31.3583,2019-09-08 18:24:30.541582,178.0,198.0,178.0,198.0,178.0,178.0,180.0,168.0,,5,8350174
31.3708,2019-09-08 18:24:30.583455,182.0,182.0,178.0,198.0,166.0,178.0,168.0,168.0,,2,8352635
31.4121,2019-09-08 18:24:30.605809,182.0,182.0,178.0,198.0,180.0,168.0,170.0,176.0,,2,8352922
31.4344,2019-09-08 18:24:30.631138,210.0,182.0,178.0,198.0,180.0,168.0,172.0,174.0,,3,8353576
31.4598,2019-09-08 18:24:30.642643,178.0,182.0,176.0,198.0,180.0,168.0,180.0,176.0,,3,8353389
31.4713,2019-09-08 18:24:30.658673,310.0,182.0,178.0,198.0,214.0,176.0,180.0,168.0,,2,8350503
31.4872,2019-09-08 18:24:30.669940,198.0,182.0,178.0,200.0,228.0,176.0,180.0,168.0,,2,8349105
31.4991,2019-09-08 18:24:30.680103,434.0,182.0,450.0,202.0,242.0,176.0,180.0,168.0,,2,8348050
31.5091,2019-09-08 18:24:30.691568,516.0,182.0,178.0,202.0,254.0,176.0,168.0,168.0,,2,8348084
31.5206,2019-09-08 18:24:30.707772,564.0,568.0,178.0,572.0,176.0,180.0,168.0,178.0,,2,8348486
31.5368,2019-09-08 18:24:30.743835,596.0,598.0,602.0,182.0,168.0,168.0,178.0,180.0,,2,8344070
31.573,2019-09-08 18:24:30.760320,624.0,182.0,184.0,180.0,180.0,168.0,374.0,180.0,,3,8343565
31.5893,2019-09-08 18:24:30.767072,638.0,184.0,180.0,210.0,168.0,380.0,182.0,180.0,,3,8343565
31.5964,2019-09-08 18:24:30.780222,652.0,654.0,184.0,212.0,168.0,184.0,184.0,168.0,,3,8343046
31.6092,2019-09-08 18:24:30.793266,664.0,184.0,180.0,214.0,168.0,402.0,188.0,180.0,,3,8342880
31.6222,2019-09-08 18:24:30.812416,670.0,672.0,186.0,182.0,428.0,196.0,182.0,168.0,,3,8343302
31.6415,2019-09-08 18:24:30.826946,676.0,676.0,678.0,216.0,442.0,200.0,184.0,168.0,,3,8342537
31.6558,2019-09-08 18:24:30.856738,680.0,680.0,190.0,182.0,190.0,170.0,190.0,170.0,,3,8342973
31.6859,2019-09-08 18:24:30.863584,680.0,182.0,192.0,218.0,192.0,170.0,170.0,170.0,,3,8343797
31.6924,2019-09-08 18:24:30.879224,678.0,194.0,676.0,194.0,214.0,196.0,196.0,170.0,,3,8343755
31.7088,2019-09-08 18:24:30.896790,670.0,196.0,670.0,196.0,512.0,202.0,204.0,170.0,,2,8343122
31.726,2019-09-08 18:24:30.913516,216.0,198.0,184.0,218.0,170.0,218.0,172.0,210.0,,2,8342520
31.7424,2019-09-08 18:24:30.932053,652.0,202.0,186.0,216.0,214.0,216.0,542.0,218.0,,2,8342634
31.761,2019-09-08 18:24:30.947896,640.0,206.0,186.0,216.0,220.0,216.0,554.0,216.0,,1,8342922
31.7772,2019-09-08 18:24:30.963426,632.0,210.0,186.0,216.0,172.0,214.0,230.0,172.0,,1,8343679
31.7926,2019-09-08 18:24:30.975323,628.0,214.0,188.0,216.0,172.0,582.0,172.0,584.0,,1,8344074
31.8045,2019-09-08 18:24:31.072698,188.0,220.0,188.0,216.0,172.0,192.0,250.0,192.0,,0,8348375
31.9019,2019-09-08 18:24:31.082445,218.0,246.0,192.0,192.0,590.0,192.0,252.0,172.0,,0,8348060
31.9113,2019-09-08 18:24:31.094106,624.0,250.0,192.0,220.0,254.0,172.0,256.0,172.0,,0,8349538
31.9232,2019-09-08 18:24:31.111056,620.0,220.0,194.0,220.0,190.0,264.0,174.0,576.0,,0,8350655
31.94,2019-09-08 18:24:31.123914,614.0,260.0,196.0,222.0,174.0,574.0,188.0,572.0,,0,8350545
31.9531,2019-09-08 18:24:31.145172,196.0,222.0,196.0,224.0,276.0,174.0,174.0,188.0,,0,8351486
31.9741,2019-09-08 18:24:31.171867,594.0,268.0,198.0,226.0,552.0,176.0,290.0,176.0,,-1,8352735
32.0012,2019-09-08 18:24:31.181921,272.0,272.0,200.0,226.0,546.0,190.0,176.0,540.0,,-1,8353012
32.0111,2019-09-08 18:24:31.192149,226.0,202.0,228.0,542.0,178.0,302.0,304.0,530.0,,-2,8353420
32.021,2019-09-08 18:24:31.206044,204.0,284.0,504.0,498.0,528.0,192.0,310.0,178.0,,-2,8354261
32.0352,2019-09-08 18:24:31.222054,206.0,228.0,288.0,446.0,518.0,316.0,512.0,180.0,,-2,8354818
32.0527,2019-09-08 18:24:31.240355,400.0,290.0,206.0,230.0,496.0,328.0,182.0,196.0,,-3,8355534
32.0696,2019-09-08 18:24:31.262237,344.0,288.0,208.0,234.0,344.0,184.0,456.0,450.0,,-4,8356354
32.0913,2019-09-08 18:24:31.271741,278.0,288.0,208.0,234.0,204.0,356.0,206.0,206.0,,-4,8355424
32.1006,2019-09-08 18:24:31.286855,230.0,288.0,208.0,210.0,210.0,376.0,190.0,380.0,,-4,8355725
32.1159,2019-09-08 18:24:31.302394,214.0,214.0,210.0,220.0,192.0,372.0,192.0,360.0,,-5,8356603
32.1313,2019-09-08 18:24:31.319667,210.0,272.0,210.0,212.0,328.0,196.0,314.0,196.0,,-5,8357866
32.1488,2019-09-08 18:24:31.335568,208.0,258.0,208.0,206.0,302.0,224.0,408.0,198.0,,-5,8358514
32.1641,2019-09-08 18:24:31.350937,204.0,244.0,208.0,202.0,410.0,226.0,410.0,410.0,,-5,8360074
32.1795,2019-09-08 18:24:31.365962,202.0,230.0,202.0,226.0,200.0,246.0,240.0,230.0,,-4,8360828
32.1947,2019-09-08 18:24:31.378331,198.0,216.0,198.0,200.0,208.0,234.0,198.0,202.0,,-4,8361960
32.207,2019-09-08 18:24:31.408145,196.0,206.0,196.0,206.0,182.0,398.0,202.0,202.0,,-2,8363590
32.2368,2019-09-08 18:24:31.418208,194.0,198.0,190.0,200.0,202.0,178.0,224.0,222.0,,-1,8364614
32.2472,2019-09-08 18:24:31.426865,194.0,194.0,194.0,186.0,220.0,370.0,202.0,360.0,,1,8366680
32.2554,2019-09-08 18:24:31.443904,194.0,194.0,190.0,182.0,200.0,206.0,204.0,168.0,,3,8367458
32.2725,2019-09-08 18:24:31.469024,194.0,194.0,186.0,180.0,168.0,196.0,200.0,168.0,,7,8367220
32.2978,2019-09-08 18:24:31.476018,194.0,184.0,178.0,196.0,168.0,166.0,254.0,198.0,,9,8367040
32.3047,2019-09-08 18:24:31.491371,194.0,182.0,178.0,196.0,244.0,238.0,232.0,186.0,,11,8366043
32.3203,2019-09-08 18:24:31.507849,194.0,182.0,176.0,196.0,186.0,208.0,184.0,164.0,,13,8365053
32.3375,2019-09-08 18:24:31.524836,194.0,182.0,178.0,196.0,192.0,176.0,164.0,182.0,,19,8362375
32.3539,2019-09-08 18:24:31.538851,194.0,192.0,182.0,176.0,188.0,180.0,164.0,180.0,,22,8360195
32.3675,2019-09-08 18:24:31.553676,194.0,182.0,176.0,196.0,184.0,180.0,164.0,168.0,,25,8358866
32.3823,2019-09-08 18:24:31.598113,194.0,182.0,176.0,194.0,182.0,168.0,166.0,178.0,,41,8354479
32.4267,2019-09-08 18:24:31.619824,194.0,182.0,176.0,194.0,180.0,166.0,166.0,168.0,,44,8355379
32.4484,2019-09-08 18:24:31.631374,176.0,196.0,178.0,194.0,178.0,180.0,180.0,166.0,,47,8354614
32.46,2019-09-08 18:24:31.719298,194.0,182.0,176.0,194.0,176.0,176.0,168.0,168.0,,52,8355904
32.5479,2019-09-08 18:24:31.727327,194.0,182.0,178.0,196.0,176.0,176.0,180.0,166.0,,51,8354773
32.5559,2019-09-08 18:24:31.741987,196.0,182.0,176.0,196.0,176.0,180.0,168.0,166.0,,51,8354572
32.5707,2019-09-08 18:24:31.748670,196.0,182.0,178.0,194.0,176.0,178.0,168.0,168.0,,50,8355116
32.5775,2019-09-08 18:24:31.776085,194.0,182.0,178.0,196.0,178.0,168.0,166.0,180.0,,48,8353936
32.6049,2019-09-08 18:24:31.807526,194.0,182.0,178.0,178.0,176.0,176.0,166.0,176.0,,44,8351918
32.6362,2019-09-08 18:24:31.813942,194.0,182.0,176.0,196.0,166.0,176.0,176.0,168.0,,42,8351911
32.6428,2019-09-08 18:24:31.827843,194.0,182.0,178.0,196.0,168.0,170.0,166.0,176.0,,40,8350417
32.6565,2019-09-08 18:24:31.835890,192.0,182.0,178.0,196.0,176.0,180.0,180.0,166.0,,39,8350143
32.6645,2019-09-08 18:24:31.848470,194.0,182.0,176.0,196.0,178.0,180.0,166.0,176.0,,37,8349614
32.6771,2019-09-08 18:24:31.871792,192.0,182.0,176.0,198.0,178.0,168.0,166.0,168.0,,34,8347458
32.7004,2019-09-08 18:24:31.880129,198.0,182.0,176.0,196.0,178.0,180.0,178.0,166.0,,32,8346448
32.7091,2019-09-08 18:24:31.899452,178.0,196.0,178.0,198.0,168.0,168.0,166.0,178.0,,28,8345596
32.7281,2019-09-08 18:24:31.938859,178.0,178.0,178.0,198.0,168.0,164.0,178.0,180.0,,22,8345714
32.7674,2019-09-08 18:24:31.948355,194.0,178.0,178.0,182.0,166.0,178.0,178.0,168.0,,20,8345600
32.7774,2019-09-08 18:24:31.955151,198.0,182.0,182.0,178.0,178.0,180.0,168.0,168.0,,18,8346084
32.7838,2019-09-08 18:24:31.982241,208.0,198.0,178.0,198.0,180.0,168.0,180.0,168.0,,15,8346486
32.8109,2019-09-08 18:24:31.988664,226.0,198.0,178.0,198.0,166.0,168.0,180.0,168.0,,14,8346880
32.8172,2019-09-08 18:24:32.003419,258.0,182.0,268.0,198.0,178.0,178.0,168.0,168.0,,12,8347226
32.8321,2019-09-08 18:24:32.017575,296.0,182.0,178.0,198.0,168.0,168.0,168.0,180.0,,11,8347762
32.8462,2019-09-08 18:24:32.035762,330.0,336.0,182.0,198.0,180.0,170.0,182.0,168.0,,11,8347980
32.8647,2019-09-08 18:24:32.050503,378.0,182.0,178.0,198.0,172.0,180.0,170.0,172.0,,10,8348472
32.8792,2019-09-08 18:24:32.082628,432.0,436.0,178.0,178.0,178.0,178.0,180.0,184.0,,10,8346721
32.9113,2019-09-08 18:24:32.088964,480.0,182.0,178.0,496.0,176.0,180.0,168.0,192.0,,10,8345544
32.9175,2019-09-08 18:24:32.101833,532.0,178.0,184.0,206.0,168.0,196.0,176.0,180.0,,10,8343416
32.9304,2019-09-08 18:24:32.119184,184.0,180.0,180.0,210.0,214.0,176.0,176.0,180.0,,10,8343489
32.9478,2019-09-08 18:24:32.137881,602.0,184.0,180.0,186.0,230.0,178.0,240.0,180.0,,9,8343337
32.9665,2019-09-08 18:24:32.151263,630.0,214.0,182.0,214.0,178.0,180.0,168.0,180.0,,9,8343243
32.9799,2019-09-08 18:24:32.177861,648.0,188.0,182.0,216.0,180.0,168.0,322.0,180.0,,9,8343520
33.0066,2019-09-08 18:24:32.187954,656.0,190.0,184.0,218.0,180.0,168.0,180.0,168.0,,9,8342634
33.0166,2019-09-08 18:24:32.199316,650.0,194.0,184.0,222.0,168.0,380.0,182.0,168.0,,9,8342769
33.0279,2019-09-08 18:24:32.241882,186.0,230.0,186.0,232.0,184.0,184.0,182.0,168.0,,8,8342447
33.0706,2019-09-08 18:24:32.253097,608.0,188.0,234.0,236.0,184.0,182.0,168.0,480.0,,7,8341991
33.0817,2019-09-08 18:24:32.260220,190.0,206.0,190.0,238.0,184.0,182.0,168.0,186.0,,6,8342423
33.0895,2019-09-08 18:24:32.286716,564.0,210.0,192.0,244.0,182.0,168.0,568.0,184.0,,5,8342582
33.1153,2019-09-08 18:24:32.311394,536.0,250.0,194.0,250.0,168.0,604.0,184.0,168.0,,4,8342371
33.1403,2019-09-08 18:24:32.322058,508.0,218.0,196.0,258.0,620.0,186.0,184.0,168.0,,3,8342254
33.1507,2019-09-08 18:24:32.329346,478.0,222.0,198.0,264.0,634.0,186.0,182.0,644.0,,3,8342088
33.158,2019-09-08 18:24:32.396779,448.0,272.0,202.0,272.0,168.0,168.0,696.0,186.0,,1,8342745
33.2257,2019-09-08 18:24:32.403558,370.0,258.0,260.0,216.0,168.0,168.0,184.0,186.0,,1,8342050
33.2327,2019-09-08 18:24:32.416200,346.0,270.0,222.0,224.0,170.0,702.0,184.0,182.0,,1,8342126
33.2453,2019-09-08 18:24:32.425084,322.0,322.0,286.0,304.0,168.0,184.0,182.0,182.0,,1,8343098
33.2537,2019-09-08 18:24:32.446662,304.0,300.0,236.0,308.0,168.0,184.0,182.0,168.0,,0,8343700
33.2753,2019-09-08 18:24:32.459983,284.0,312.0,242.0,310.0,184.0,182.0,168.0,696.0,,0,8342769
33.2887,2019-09-08 18:24:32.494352,268.0,326.0,326.0,312.0,182.0,182.0,168.0,184.0,,0,8342749
33.323,2019-09-08 18:24:32.500799,256.0,256.0,252.0,254.0,180.0,170.0,698.0,168.0,,0,8343690
33.3294,2019-09-08 18:24:32.511946,250.0,346.0,258.0,314.0,698.0,700.0,184.0,180.0,,-1,8343925
33.3409,2019-09-08 18:24:32.524818,246.0,354.0,260.0,316.0,702.0,180.0,168.0,704.0,,-1,8344043
33.3543,2019-09-08 18:24:32.538528,244.0,360.0,262.0,316.0,704.0,168.0,168.0,168.0,,-1,8344461
33.3676,2019-09-08 18:24:32.554876,242.0,366.0,266.0,318.0,184.0,180.0,168.0,710.0,,-1,8344378
33.3835,2019-09-08 18:24:32.570493,320.0,372.0,268.0,320.0,180.0,168.0,708.0,708.0,,-1,8345077
33.3993,2019-09-08 18:24:32.589472,234.0,322.0,270.0,324.0,184.0,168.0,706.0,186.0,,-1,8345344
33.4181,2019-09-08 18:24:32.603815,272.0,388.0,272.0,324.0,178.0,168.0,180.0,178.0,,-1,8345780
33.4325,2019-09-08 18:24:32.623310,276.0,394.0,394.0,276.0,168.0,188.0,188.0,178.0,,-1,8347617
33.4521,2019-09-08 18:24:32.638780,214.0,322.0,276.0,322.0,684.0,190.0,178.0,678.0,,-1,8346541
33.4674,2019-09-08 18:24:32.655591,208.0,398.0,278.0,318.0,668.0,192.0,180.0,168.0,,-1,8348392
33.4846,2019-09-08 18:24:32.673299,208.0,398.0,280.0,312.0,182.0,168.0,654.0,194.0,,-1,8348769
33.5019,2019-09-08 18:24:32.699351,206.0,392.0,280.0,308.0,196.0,168.0,168.0,642.0,,-1,8348832
33.528,2019-09-08 18:24:32.706016,204.0,382.0,278.0,302.0,170.0,638.0,168.0,632.0,,-1,8349742
33.5346,2019-09-08 18:24:32.720796,202.0,368.0,366.0,276.0,168.0,610.0,168.0,192.0,,-1,8349461
33.5502,2019-09-08 18:24:32.739977,202.0,352.0,350.0,272.0,590.0,212.0,212.0,170.0,,-1,8350579
33.5686,2019-09-08 18:24:32.754492,200.0,336.0,332.0,268.0,580.0,214.0,204.0,172.0,,-1,8350641
33.5831,2019-09-08 18:24:32.771533,198.0,200.0,264.0,252.0,170.0,556.0,220.0,550.0,,-1,8350925
33.6003,2019-09-08 18:24:32.798990,198.0,298.0,296.0,258.0,172.0,528.0,228.0,226.0,,-2,8351842
33.6287,2019-09-08 18:24:32.806434,198.0,278.0,198.0,276.0,228.0,514.0,232.0,232.0,,-2,8351859
33.6357,2019-09-08 18:24:32.819519,198.0,256.0,244.0,198.0,232.0,174.0,496.0,236.0,,-2,8352839
33.649,2019-09-08 18:24:32.833568,198.0,238.0,234.0,214.0,472.0,174.0,244.0,240.0,,-2,8352932
33.6622,2019-09-08 18:24:32.853851,196.0,222.0,226.0,212.0,246.0,242.0,444.0,244.0,,-2,8355136
33.6828,2019-09-08 18:24:32.865136,196.0,210.0,216.0,208.0,430.0,244.0,252.0,176.0,,-2,8355908
33.694,2019-09-08 18:24:32.880770,194.0,202.0,206.0,204.0,248.0,258.0,178.0,344.0,,-2,8355752
33.7097,2019-09-08 18:24:32.907673,194.0,196.0,198.0,204.0,264.0,178.0,266.0,178.0,,-1,8357950
33.7366,2019-09-08 18:24:32.924324,194.0,192.0,190.0,202.0,242.0,178.0,268.0,248.0,,0,8359157
33.7533,2019-09-08 18:24:32.934400,194.0,188.0,186.0,200.0,178.0,204.0,198.0,266.0,,1,8360157
33.7635,2019-09-08 18:24:32.946240,194.0,186.0,182.0,200.0,240.0,266.0,180.0,264.0,,2,8361351
33.7751,2019-09-08 18:24:32.962464,180.0,184.0,180.0,198.0,232.0,262.0,180.0,178.0,,3,8361569
33.791,2019-09-08 18:24:32.976357,178.0,198.0,178.0,198.0,176.0,212.0,246.0,182.0,,4,8361631
33.8055,2019-09-08 18:24:33.002417,178.0,182.0,178.0,198.0,172.0,198.0,226.0,196.0,,7,8360718
33.8315,2019-09-08 18:24:33.142284,178.0,182.0,178.0,194.0,168.0,168.0,168.0,178.0,,35,8349807
33.9716,2019-09-08 18:24:33.151307,194.0,182.0,178.0,198.0,180.0,168.0,168.0,180.0,,37,8350219
33.9802,2019-09-08 18:24:33.174667,194.0,182.0,178.0,198.0,176.0,168.0,168.0,168.0,,40,8350551
34.0037,2019-09-08 18:24:33.181441,194.0,182.0,178.0,196.0,178.0,180.0,168.0,168.0,,41,8350814
34.0104,2019-09-08 18:24:33.199975,194.0,182.0,178.0,196.0,176.0,180.0,168.0,168.0,,41,8350745
34.0289,2019-09-08 18:24:33.209153,194.0,182.0,178.0,198.0,176.0,180.0,176.0,180.0,,41,8351181
34.0382,2019-09-08 18:24:33.215953,194.0,182.0,178.0,198.0,176.0,178.0,176.0,168.0,,42,8350323
34.0449,2019-09-08 18:24:33.234105,194.0,182.0,178.0,194.0,178.0,170.0,168.0,180.0,,42,8351257
34.0632,2019-09-08 18:24:33.251816,198.0,182.0,194.0,198.0,168.0,168.0,176.0,168.0,,41,8350465
34.0807,2019-09-08 18:24:33.264919,194.0,182.0,178.0,198.0,168.0,178.0,178.0,168.0,,40,8350932
34.0939,2019-09-08 18:24:33.276339,194.0,182.0,178.0,194.0,170.0,166.0,176.0,178.0,,40,8350126
34.1055,2019-09-08 18:24:33.326519,198.0,182.0,176.0,182.0,168.0,166.0,178.0,168.0,,33,8349662
34.1557,2019-09-08 18:24:33.333531,194.0,182.0,178.0,194.0,166.0,180.0,168.0,168.0,,31,8349662
34.1627,2019-09-08 18:24:33.342284,194.0,182.0,176.0,198.0,166.0,168.0,166.0,168.0,,30,8350178
34.1716,2019-09-08 18:24:33.356054,194.0,182.0,178.0,194.0,180.0,168.0,166.0,178.0,,28,8350614
34.185,2019-09-08 18:24:33.369235,194.0,182.0,178.0,194.0,166.0,170.0,166.0,178.0,,27,8350994
34.1982,2019-09-08 18:24:33.383949,194.0,182.0,178.0,192.0,178.0,180.0,166.0,168.0,,25,8350769
34.2129,2019-09-08 18:24:33.422329,194.0,182.0,178.0,198.0,168.0,166.0,180.0,170.0,,21,8352437
34.2513,2019-09-08 18:24:33.429249,192.0,182.0,178.0,198.0,168.0,178.0,180.0,180.0,,19,8352690
34.2586,2019-09-08 18:24:33.439244,192.0,182.0,178.0,198.0,166.0,180.0,180.0,168.0,,18,8353721
34.2686,2019-09-08 18:24:33.451374,192.0,182.0,178.0,198.0,166.0,180.0,178.0,180.0,,17,8354496
34.2806,2019-09-08 18:24:33.467645,192.0,182.0,178.0,198.0,180.0,180.0,180.0,168.0,,15,8354610
34.2972,2019-09-08 18:24:33.480448,192.0,182.0,176.0,198.0,178.0,180.0,168.0,166.0,,14,8355230
34.3098,2019-09-08 18:24:33.494410,192.0,182.0,178.0,198.0,178.0,178.0,180.0,168.0,,14,8355496
34.3234,2019-09-08 18:24:33.526286,192.0,182.0,176.0,198.0,180.0,168.0,166.0,178.0,,11,8356365
34.3552,2019-09-08 18:24:33.535134,194.0,182.0,178.0,198.0,180.0,168.0,164.0,164.0,,11,8355354
34.364,2019-09-08 18:24:33.548047,192.0,182.0,178.0,196.0,180.0,180.0,168.0,178.0,,10,8355648
34.3771,2019-09-08 18:24:33.558493,192.0,182.0,178.0,198.0,180.0,168.0,168.0,178.0,,10,8355219
34.3874,2019-09-08 18:24:33.576131,192.0,182.0,178.0,198.0,178.0,180.0,168.0,168.0,,9,8355396
34.405,2019-09-08 18:24:33.585343,196.0,182.0,178.0,198.0,180.0,168.0,168.0,168.0,,9,8353718
34.4144,2019-09-08 18:24:33.606698,192.0,182.0,192.0,192.0,180.0,168.0,170.0,168.0,,9,8352635
34.4353,2019-09-08 18:24:33.621621,192.0,192.0,178.0,198.0,168.0,172.0,172.0,180.0,,9,8352697
34.4502,2019-09-08 18:24:33.634570,192.0,192.0,192.0,178.0,168.0,168.0,178.0,180.0,,9,8352776
34.4631,2019-09-08 18:24:33.650153,192.0,182.0,192.0,182.0,168.0,168.0,178.0,180.0,,9,8352939
34.4789,2019-09-08 18:24:33.666118,198.0,200.0,200.0,198.0,168.0,180.0,168.0,190.0,,10,8352129
34.4951,2019-09-08 18:24:33.681019,214.0,182.0,218.0,182.0,176.0,178.0,180.0,200.0,,10,8351008
34.51,2019-09-08 18:24:33.698313,240.0,182.0,246.0,182.0,178.0,178.0,180.0,168.0,,10,8350278
34.5274,2019-09-08 18:24:33.717096,264.0,182.0,268.0,182.0,238.0,168.0,180.0,168.0,,10,8350579
34.5457,2019-09-08 18:24:33.734417,286.0,182.0,178.0,198.0,272.0,168.0,278.0,180.0,,10,8349794
34.563,2019-09-08 18:24:33.746514,314.0,182.0,178.0,198.0,284.0,168.0,180.0,182.0,,11,8349268
34.5752,2019-09-08 18:24:33.761696,350.0,182.0,178.0,198.0,184.0,180.0,184.0,180.0,,11,8349804
34.5911,2019-09-08 18:24:33.784789,388.0,182.0,178.0,198.0,186.0,180.0,168.0,180.0,,11,8349205
34.6134,2019-09-08 18:24:33.796978,416.0,184.0,180.0,200.0,168.0,180.0,190.0,316.0,,11,8348652
34.6256,2019-09-08 18:24:33.818617,446.0,184.0,180.0,204.0,168.0,182.0,168.0,182.0,,11,8348801
34.6474,2019-09-08 18:24:33.827698,476.0,186.0,182.0,206.0,346.0,168.0,354.0,168.0,,11,8349797
34.6563,2019-09-08 18:24:33.838854,506.0,190.0,184.0,208.0,168.0,364.0,188.0,168.0,,11,8348583
34.6674,2019-09-08 18:24:33.852567,534.0,192.0,186.0,210.0,168.0,380.0,204.0,190.0,,10,8348697
34.6816,2019-09-08 18:24:33.870172,554.0,196.0,188.0,214.0,410.0,210.0,170.0,422.0,,10,8348302
34.6989,2019-09-08 18:24:33.886264,568.0,200.0,188.0,216.0,426.0,212.0,204.0,212.0,,10,8347970
34.7152,2019-09-08 18:24:33.936787,574.0,576.0,212.0,576.0,222.0,222.0,172.0,470.0,,9,8347776
34.7654,2019-09-08 18:24:33.943130,196.0,578.0,196.0,226.0,226.0,174.0,174.0,474.0,,9,8348164
34.7725,2019-09-08 18:24:33.966612,578.0,200.0,226.0,226.0,174.0,174.0,174.0,476.0,,9,8347396
34.7953,2019-09-08 18:24:33.985165,226.0,204.0,204.0,226.0,174.0,480.0,176.0,480.0,,8,8347911
34.8138,2019-09-08 18:24:34.015021,564.0,226.0,206.0,224.0,482.0,176.0,232.0,240.0,,8,8348081
34.8436,2019-09-08 18:24:34.038018,552.0,268.0,222.0,224.0,232.0,176.0,482.0,242.0,,7,8349807
34.8667,2019-09-08 18:24:34.056137,542.0,224.0,212.0,284.0,242.0,176.0,482.0,482.0,,7,8349749
34.8855,2019-09-08 18:24:34.075807,290.0,224.0,224.0,224.0,176.0,482.0,228.0,246.0,,6,8349922
34.9048,2019-09-08 18:24:34.102332,298.0,218.0,224.0,226.0,176.0,248.0,176.0,248.0,,6,8350666
34.931,2019-09-08 18:24:34.116532,306.0,306.0,308.0,226.0,228.0,250.0,478.0,228.0,,5,8351451
34.9452,2019-09-08 18:24:34.144352,222.0,222.0,222.0,486.0,228.0,228.0,476.0,228.0,,4,8352012
34.973,2019-09-08 18:24:34.150743,224.0,316.0,480.0,226.0,476.0,228.0,476.0,252.0,,4,8352579
34.9793,2019-09-08 18:24:34.171270,476.0,476.0,318.0,224.0,474.0,226.0,474.0,226.0,,3,8352098
34.9999,2019-09-08 18:24:34.190733,224.0,224.0,318.0,224.0,254.0,176.0,474.0,228.0,,3,8353299
35.0197,2019-09-08 18:24:34.202381,478.0,316.0,222.0,222.0,176.0,470.0,228.0,258.0,,2,8353095
35.031,2019-09-08 18:24:34.224869,484.0,314.0,220.0,220.0,176.0,466.0,230.0,262.0,,1,8354451
35.0534,2019-09-08 18:24:34.236736,490.0,314.0,220.0,220.0,230.0,464.0,176.0,264.0,,1,8353624
35.0657,2019-09-08 18:24:34.251430,492.0,316.0,492.0,220.0,458.0,176.0,270.0,176.0,,1,8354828
35.0804,2019-09-08 18:24:34.267686,492.0,318.0,492.0,318.0,452.0,450.0,236.0,274.0,,0,8354725
35.0963,2019-09-08 18:24:34.287302,488.0,320.0,486.0,322.0,178.0,178.0,434.0,244.0,,-1,8355565
35.1159,2019-09-08 18:24:34.306649,476.0,324.0,226.0,222.0,414.0,412.0,180.0,404.0,,-1,8356012
35.1358,2019-09-08 18:24:34.367499,228.0,328.0,224.0,228.0,186.0,330.0,186.0,318.0,,-2,8356181
35.1961,2019-09-08 18:24:34.374496,362.0,358.0,226.0,230.0,312.0,188.0,358.0,288.0,,-2,8356704
35.2035,2019-09-08 18:24:34.384856,298.0,292.0,330.0,228.0,364.0,190.0,370.0,190.0,,-2,8357361
35.2135,2019-09-08 18:24:34.397768,242.0,238.0,228.0,230.0,378.0,296.0,382.0,194.0,,-2,8357524
35.2263,2019-09-08 18:24:34.415744,214.0,312.0,228.0,216.0,400.0,306.0,406.0,198.0,,-2,8358825
35.2444,2019-09-08 18:24:34.439847,210.0,294.0,210.0,208.0,316.0,426.0,202.0,202.0,,-2,8359680
35.2689,2019-09-08 18:24:34.456192,222.0,272.0,222.0,204.0,326.0,442.0,328.0,330.0,,-2,8363230
35.2851,2019-09-08 18:24:34.501968,202.0,218.0,202.0,202.0,214.0,174.0,172.0,448.0,,-1,8366361
35.331,2019-09-08 18:24:34.510857,200.0,214.0,200.0,200.0,448.0,218.0,322.0,444.0,,0,8366832
35.3398,2019-09-08 18:24:34.520769,228.0,210.0,200.0,222.0,220.0,220.0,168.0,434.0,,0,8367140
35.3498,2019-09-08 18:24:34.541789,214.0,206.0,212.0,200.0,224.0,164.0,410.0,226.0,,1,8367517
35.3711,2019-09-08 18:24:34.554188,198.0,200.0,200.0,196.0,226.0,288.0,394.0,226.0,,2,8367299
35.3831,2019-09-08 18:24:34.574105,192.0,198.0,190.0,198.0,268.0,358.0,232.0,162.0,,4,8366130
35.403,2019-09-08 18:24:34.594131,186.0,198.0,186.0,198.0,162.0,252.0,234.0,234.0,,7,8365489
35.423,2019-09-08 18:24:34.776705,182.0,198.0,182.0,196.0,182.0,168.0,164.0,178.0,,49,8347662
35.6058,2019-09-08 18:24:34.799632,194.0,182.0,178.0,196.0,182.0,170.0,164.0,178.0,,54,8347987
35.6288,2019-09-08 18:24:34.809825,196.0,182.0,178.0,196.0,164.0,164.0,176.0,168.0,,55,8348340
35.6397,2019-09-08 18:24:34.817440,196.0,182.0,176.0,194.0,168.0,164.0,176.0,180.0,,56,8349216
35.646,2019-09-08 18:24:34.830292,176.0,182.0,194.0,180.0,170.0,164.0,176.0,180.0,,56,8349724
35.6591,2019-09-08 18:24:34.870291,194.0,182.0,194.0,182.0,168.0,164.0,176.0,180.0,,56,8349520
35.699,2019-09-08 18:24:34.883934,194.0,182.0,196.0,182.0,176.0,180.0,164.0,176.0,,55,8349039
35.7127,2019-09-08 18:24:34.901320,194.0,182.0,178.0,196.0,176.0,180.0,170.0,164.0,,53,8348534
35.7299,2019-09-08 18:24:34.915869,194.0,182.0,178.0,198.0,176.0,180.0,170.0,164.0,,52,8348641
35.7446,2019-09-08 18:24:34.934421,194.0,182.0,178.0,198.0,164.0,170.0,178.0,176.0,,50,8348939
35.763,2019-09-08 18:24:34.954604,194.0,182.0,178.0,196.0,180.0,170.0,180.0,176.0,,46,8347915
35.7833,2019-09-08 18:24:34.966621,194.0,182.0,178.0,196.0,180.0,166.0,176.0,180.0,,44,8347150
35.7952,2019-09-08 18:24:35.013218,194.0,182.0,196.0,196.0,176.0,178.0,170.0,166.0,,33,8346465
35.8422,2019-09-08 18:24:35.020809,194.0,196.0,178.0,198.0,170.0,180.0,168.0,180.0,,30,8345212
35.8497,2019-09-08 18:24:35.042296,194.0,182.0,178.0,198.0,170.0,164.0,170.0,164.0,,28,8346375
35.8709,2019-09-08 18:24:35.050736,192.0,182.0,178.0,198.0,164.0,180.0,164.0,178.0,,25,8346219
35.8795,2019-09-08 18:24:35.062020,194.0,182.0,178.0,194.0,164.0,178.0,180.0,168.0,,23,8345807
35.8907,2019-09-08 18:24:35.077428,194.0,182.0,178.0,198.0,164.0,178.0,180.0,164.0,,22,8347029
35.9061,2019-09-08 18:24:35.092409,198.0,182.0,178.0,194.0,180.0,168.0,180.0,168.0,,17,8347150
35.9212,2019-09-08 18:24:35.110007,198.0,182.0,178.0,182.0,168.0,164.0,178.0,168.0,,16,8349140
35.9394,2019-09-08 18:24:35.123694,192.0,182.0,178.0,182.0,164.0,178.0,180.0,168.0,,14,8350911
35.9523,2019-09-08 18:24:35.173287,192.0,182.0,194.0,198.0,170.0,178.0,180.0,168.0,,10,8353749
36.0019,2019-09-08 18:24:35.187071,194.0,182.0,194.0,182.0,172.0,176.0,182.0,168.0,,10,8353292
36.0157,2019-09-08 18:24:35.199303,194.0,192.0,196.0,198.0,176.0,180.0,180.0,178.0,,9,8352821
36.0279,2019-09-08 18:24:35.210626,206.0,182.0,178.0,178.0,178.0,180.0,168.0,186.0,,9,8351981
36.0393,2019-09-08 18:24:35.218814,230.0,182.0,176.0,198.0,168.0,180.0,176.0,180.0,,9,8352074
36.0475,2019-09-08 18:24:35.253951,274.0,182.0,282.0,182.0,180.0,168.0,218.0,168.0,,9,8349327
36.0829,2019-09-08 18:24:35.262200,324.0,182.0,330.0,182.0,180.0,258.0,180.0,168.0,,8,8348707
36.0917,2019-09-08 18:24:35.270333,442.0,182.0,178.0,200.0,272.0,276.0,178.0,182.0,,8,8348223
36.0991,2019-09-08 18:24:35.283600,502.0,508.0,178.0,200.0,168.0,168.0,296.0,168.0,,8,8348461
36.1122,2019-09-08 18:24:35.388200,542.0,182.0,546.0,182.0,302.0,178.0,178.0,168.0,,7,8345929
36.2167,2019-09-08 18:24:35.394488,624.0,188.0,182.0,210.0,182.0,180.0,362.0,364.0,,7,8345261
36.2231,2019-09-08 18:24:35.419071,626.0,190.0,184.0,212.0,182.0,370.0,182.0,372.0,,6,8345489
36.2477,2019-09-08 18:24:35.433863,630.0,198.0,186.0,216.0,168.0,184.0,184.0,180.0,,6,8345579
36.2625,2019-09-08 18:24:35.460201,206.0,208.0,210.0,218.0,422.0,186.0,180.0,168.0,,5,8345499
36.2889,2019-09-08 18:24:35.482303,192.0,222.0,192.0,222.0,180.0,168.0,488.0,194.0,,5,8346022
36.3114,2019-09-08 18:24:35.499053,610.0,238.0,196.0,222.0,194.0,182.0,512.0,514.0,,4,8345932
36.3276,2019-09-08 18:24:35.527879,198.0,582.0,254.0,224.0,186.0,170.0,558.0,204.0,,4,8346032
36.3568,2019-09-08 18:24:35.547671,562.0,560.0,224.0,224.0,566.0,570.0,170.0,168.0,,4,8346337
36.3763,2019-09-08 18:24:35.571463,270.0,272.0,536.0,226.0,594.0,194.0,170.0,596.0,,3,8346849
36.4001,2019-09-08 18:24:35.588131,518.0,210.0,228.0,230.0,198.0,198.0,170.0,208.0,,3,8347745
36.4167,2019-09-08 18:24:35.605717,494.0,490.0,298.0,214.0,204.0,170.0,602.0,208.0,,3,8348780
36.4343,2019-09-08 18:24:35.625374,472.0,306.0,470.0,234.0,170.0,600.0,208.0,208.0,,3,8348074
36.454,2019-09-08 18:24:35.638960,458.0,314.0,454.0,314.0,590.0,208.0,214.0,170.0,,3,8349043
36.4676,2019-09-08 18:24:35.684957,432.0,324.0,224.0,238.0,570.0,208.0,170.0,568.0,,3,8350385
36.5136,2019-09-08 18:24:35.694350,420.0,328.0,226.0,240.0,208.0,230.0,170.0,566.0,,3,8350385
36.523,2019-09-08 18:24:35.710674,408.0,334.0,228.0,242.0,208.0,234.0,172.0,564.0,,2,8351105
36.5395,2019-09-08 18:24:35.720272,392.0,244.0,232.0,246.0,208.0,236.0,172.0,564.0,,2,8351316
36.5491,2019-09-08 18:24:35.734003,374.0,346.0,236.0,248.0,238.0,172.0,172.0,206.0,,2,8351448
36.5626,2019-09-08 18:24:35.746084,360.0,350.0,238.0,250.0,246.0,172.0,564.0,206.0,,2,8352832
36.5747,2019-09-08 18:24:35.767535,354.0,240.0,252.0,252.0,564.0,206.0,250.0,250.0,,1,8353254
36.5961,2019-09-08 18:24:35.777895,356.0,242.0,254.0,342.0,172.0,564.0,252.0,172.0,,1,8353174
36.6065,2019-09-08 18:24:35.796412,338.0,244.0,242.0,358.0,562.0,206.0,256.0,172.0,,0,8353102
36.6253,2019-09-08 18:24:35.808533,332.0,360.0,244.0,258.0,562.0,206.0,256.0,172.0,,0,8353891
36.6372,2019-09-08 18:24:35.828904,322.0,260.0,246.0,262.0,262.0,172.0,558.0,206.0,,0,8354212
36.6579,2019-09-08 18:24:35.841220,310.0,264.0,248.0,266.0,262.0,172.0,556.0,206.0,,0,8354053
36.6699,2019-09-08 18:24:35.865837,294.0,268.0,248.0,268.0,264.0,172.0,556.0,206.0,,-1,8355043
36.6949,2019-09-08 18:24:35.875885,278.0,358.0,250.0,274.0,554.0,206.0,206.0,268.0,,-1,8354870
36.7047,2019-09-08 18:24:35.991935,262.0,352.0,250.0,276.0,172.0,552.0,268.0,270.0,,-4,8358832
36.8206,2019-09-08 18:24:36.000345,202.0,276.0,200.0,272.0,230.0,312.0,314.0,416.0,,-4,8358943
36.8291,2019-09-08 18:24:36.008843,198.0,256.0,198.0,198.0,318.0,180.0,364.0,242.0,,-3,8359244
36.8377,2019-09-08 18:24:36.023866,198.0,240.0,198.0,222.0,182.0,182.0,332.0,322.0,,-3,8358635
36.8525,2019-09-08 18:24:36.037533,196.0,228.0,220.0,216.0,182.0,308.0,250.0,326.0,,-3,8359206
36.8662,2019-09-08 18:24:36.052466,218.0,218.0,218.0,214.0,184.0,248.0,254.0,334.0,,-3,8359742
36.8811,2019-09-08 18:24:36.076814,212.0,212.0,214.0,212.0,200.0,254.0,338.0,188.0,,-1,8360240
36.9055,2019-09-08 18:24:36.090212,194.0,206.0,210.0,210.0,186.0,250.0,338.0,190.0,,0,8361313
36.9193,2019-09-08 18:24:36.101099,208.0,202.0,206.0,194.0,246.0,332.0,192.0,176.0,,1,8360635
36.9299,2019-09-08 18:24:36.128877,206.0,196.0,200.0,194.0,226.0,302.0,196.0,170.0,,3,8359988
36.9575,2019-09-08 18:24:36.136453,194.0,192.0,194.0,204.0,290.0,196.0,168.0,214.0,,4,8360905
36.9651,2019-09-08 18:24:36.146702,194.0,190.0,188.0,204.0,274.0,198.0,168.0,208.0,,6,8360258
36.9753,2019-09-08 18:24:36.172482,194.0,188.0,186.0,196.0,258.0,198.0,166.0,202.0,,7,8358102
37.0012,2019-09-08 18:24:36.178875,196.0,186.0,184.0,200.0,198.0,202.0,200.0,196.0,,9,8357624
37.0074,2019-09-08 18:24:36.187009,182.0,200.0,182.0,196.0,166.0,166.0,196.0,218.0,,10,8356974
37.0156,2019-09-08 18:24:36.204384,196.0,198.0,180.0,198.0,194.0,194.0,210.0,208.0,,12,8355129
37.033,2019-09-08 18:24:36.216705,196.0,182.0,178.0,198.0,188.0,196.0,180.0,164.0,,14,8354012
37.0455,2019-09-08 18:24:36.233630,198.0,182.0,196.0,182.0,188.0,186.0,192.0,164.0,,18,8354088
37.0622,2019-09-08 18:24:36.248811,178.0,182.0,178.0,198.0,184.0,172.0,164.0,184.0,,21,8353448
37.0775,2019-09-08 18:24:36.280081,196.0,198.0,178.0,198.0,170.0,164.0,164.0,180.0,,30,8352482
37.1087,2019-09-08 18:24:36.288399,198.0,182.0,178.0,196.0,168.0,168.0,178.0,178.0,,33,8352904
37.117,2019-09-08 18:24:36.297872,198.0,182.0,182.0,178.0,180.0,164.0,178.0,178.0,,36,8352614
37.1267,2019-09-08 18:24:36.312976,196.0,182.0,176.0,198.0,180.0,168.0,164.0,178.0,,38,8352185
37.1415,2019-09-08 18:24:36.327965,198.0,182.0,178.0,198.0,180.0,180.0,166.0,166.0,,41,8352247
37.1565,2019-09-08 18:24:36.343204,198.0,182.0,176.0,198.0,170.0,180.0,168.0,180.0,,43,8351742
37.1723,2019-09-08 18:24:36.365815,198.0,182.0,176.0,198.0,180.0,178.0,180.0,168.0,,46,8351039
37.1945,2019-09-08 18:24:36.418645,198.0,180.0,178.0,198.0,170.0,166.0,180.0,180.0,,46,8348455
37.2473,2019-09-08 18:24:36.427255,196.0,182.0,178.0,198.0,166.0,170.0,166.0,176.0,,46,8348994
37.2559,2019-09-08 18:24:36.442955,178.0,198.0,176.0,180.0,180.0,180.0,168.0,170.0,,46,8347960
37.2719,2019-09-08 18:24:36.455397,198.0,182.0,178.0,182.0,170.0,166.0,168.0,178.0,,44,8347371
37.284,2019-09-08 18:24:36.488248,196.0,182.0,176.0,198.0,170.0,180.0,170.0,180.0,,42,8348538
37.3168,2019-09-08 18:24:36.594120,196.0,182.0,178.0,198.0,180.0,176.0,180.0,176.0,,27,8352524
37.4228,2019-09-08 18:24:36.600687,196.0,182.0,178.0,198.0,178.0,178.0,180.0,166.0,,25,8352299
37.4293,2019-09-08 18:24:36.701986,196.0,182.0,178.0,196.0,170.0,170.0,166.0,180.0,,15,8353922
37.5305,2019-09-08 18:24:36.709499,194.0,182.0,178.0,198.0,170.0,166.0,178.0,180.0,,14,8353344
37.538,2019-09-08 18:24:36.717912,204.0,182.0,178.0,198.0,178.0,180.0,180.0,168.0,,13,8352569
37.5464,2019-09-08 18:24:36.729531,214.0,182.0,178.0,198.0,168.0,178.0,180.0,178.0,,13,8353060
37.5581,2019-09-08 18:24:36.741628,236.0,182.0,178.0,242.0,180.0,170.0,180.0,168.0,,12,8351389
37.5702,2019-09-08 18:24:36.752180,182.0,178.0,198.0,198.0,180.0,178.0,180.0,178.0,,12,8350617
37.5807,2019-09-08 18:24:36.767211,182.0,182.0,176.0,280.0,166.0,180.0,170.0,168.0,,11,8349614
37.5958,2019-09-08 18:24:36.785675,178.0,198.0,312.0,182.0,170.0,168.0,178.0,180.0,,11,8350302
37.6142,2019-09-08 18:24:36.800929,354.0,360.0,178.0,198.0,168.0,168.0,170.0,178.0,,11,8350039
37.6295,2019-09-08 18:24:36.816212,198.0,182.0,178.0,420.0,180.0,172.0,172.0,178.0,,11,8349887
37.6448,2019-09-08 18:24:36.830999,448.0,184.0,178.0,198.0,178.0,172.0,178.0,172.0,,11,8348749
37.6596,2019-09-08 18:24:36.848393,476.0,186.0,182.0,204.0,170.0,174.0,180.0,168.0,,11,8348382
37.6769,2019-09-08 18:24:36.866544,478.0,196.0,184.0,478.0,178.0,168.0,178.0,168.0,,11,8350098
37.6951,2019-09-08 18:24:36.889179,472.0,470.0,188.0,206.0,180.0,168.0,182.0,170.0,,11,8349475
37.7177,2019-09-08 18:24:36.902673,464.0,220.0,462.0,222.0,180.0,168.0,180.0,168.0,,11,8349185
37.7312,2019-09-08 18:24:36.921050,462.0,232.0,198.0,460.0,180.0,178.0,194.0,168.0,,11,8349039
37.7503,2019-09-08 18:24:36.933318,460.0,244.0,202.0,216.0,178.0,178.0,180.0,200.0,,11,8348371
37.7626,2019-09-08 18:24:36.941042,464.0,254.0,208.0,218.0,206.0,208.0,178.0,180.0,,12,8348375
37.7702,2019-09-08 18:24:36.959236,470.0,264.0,210.0,220.0,180.0,180.0,168.0,168.0,,12,8347344
37.7886,2019-09-08 18:24:36.971689,474.0,272.0,474.0,272.0,168.0,180.0,180.0,214.0,,12,8347147
37.8005,2019-09-08 18:24:36.996813,474.0,472.0,218.0,224.0,182.0,182.0,214.0,184.0,,12,8346648
37.8257,2019-09-08 18:24:37.007577,226.0,290.0,222.0,226.0,182.0,184.0,216.0,168.0,,12,8346012
37.8366,2019-09-08 18:24:37.020809,460.0,228.0,226.0,228.0,186.0,168.0,186.0,188.0,,11,8345614
37.8498,2019-09-08 18:24:37.037251,452.0,306.0,228.0,230.0,228.0,168.0,232.0,188.0,,11,8345513
37.8661,2019-09-08 18:24:37.053109,444.0,312.0,232.0,232.0,188.0,190.0,188.0,168.0,,11,8345230
37.8817,2019-09-08 18:24:37.067784,430.0,234.0,232.0,234.0,258.0,168.0,190.0,190.0,,10,8345666
37.8963,2019-09-08 18:24:37.084246,416.0,322.0,234.0,236.0,168.0,296.0,194.0,194.0,,10,8344994
37.9128,2019-09-08 18:24:37.100757,400.0,328.0,236.0,394.0,168.0,312.0,196.0,194.0,,10,8344693
37.9293,2019-09-08 18:24:37.117369,384.0,334.0,238.0,238.0,200.0,344.0,202.0,170.0,,9,8344631
37.9459,2019-09-08 18:24:37.130839,370.0,340.0,366.0,240.0,358.0,206.0,206.0,170.0,,9,8344261
37.9594,2019-09-08 18:24:37.146827,354.0,346.0,352.0,242.0,372.0,210.0,172.0,386.0,,8,8343832
37.9754,2019-09-08 18:24:37.169405,342.0,350.0,248.0,244.0,222.0,172.0,172.0,424.0,,8,8344579
37.9979,2019-09-08 18:24:37.181184,334.0,354.0,248.0,332.0,226.0,172.0,432.0,224.0,,8,8344638
38.0097,2019-09-08 18:24:37.209484,330.0,356.0,250.0,248.0,174.0,446.0,230.0,174.0,,7,8344589
38.038,2019-09-08 18:24:37.218825,358.0,250.0,250.0,328.0,174.0,450.0,232.0,174.0,,7,8343593
38.0474,2019-09-08 18:24:37.228497,330.0,250.0,248.0,250.0,452.0,452.0,234.0,250.0,,7,8343458
38.0572,2019-09-08 18:24:37.243067,336.0,250.0,248.0,250.0,176.0,452.0,236.0,176.0,,7,8344164
38.0718,2019-09-08 18:24:37.256252,246.0,250.0,246.0,250.0,176.0,452.0,238.0,176.0,,6,8344520
38.0848,2019-09-08 18:24:37.271900,246.0,250.0,246.0,250.0,240.0,240.0,266.0,178.0,,6,8344136
38.1005,2019-09-08 18:24:37.320063,246.0,252.0,246.0,342.0,240.0,268.0,176.0,240.0,,5,8345313
38.1508,2019-09-08 18:24:37.328839,246.0,252.0,246.0,252.0,428.0,176.0,240.0,278.0,,5,8345728
38.1582,2019-09-08 18:24:37.345235,338.0,360.0,246.0,338.0,426.0,176.0,424.0,280.0,,4,8346918
38.1739,2019-09-08 18:24:37.353784,334.0,360.0,332.0,254.0,422.0,422.0,422.0,238.0,,4,8346918
38.1824,2019-09-08 18:24:37.371272,328.0,360.0,246.0,254.0,420.0,420.0,236.0,178.0,,3,8347115
38.1999,2019-09-08 18:24:37.435452,320.0,356.0,244.0,354.0,176.0,236.0,284.0,176.0,,3,8346337
38.264,2019-09-08 18:24:37.468655,314.0,312.0,242.0,250.0,178.0,236.0,290.0,290.0,,0,8349302
38.2972,2019-09-08 18:24:37.478136,246.0,328.0,236.0,242.0,178.0,422.0,292.0,178.0,,-1,8349444
38.3067,2019-09-08 18:24:37.512169,222.0,324.0,234.0,236.0,416.0,238.0,302.0,416.0,,-2,8351583
38.3408,2019-09-08 18:24:37.552328,232.0,316.0,210.0,230.0,178.0,320.0,246.0,322.0,,-2,8352140
38.381,2019-09-08 18:24:37.814242,206.0,206.0,228.0,226.0,180.0,248.0,250.0,328.0,,0,8366531
38.643,2019-09-08 18:24:37.821183,196.0,182.0,178.0,198.0,254.0,250.0,164.0,164.0,,8,8366365
38.6502,2019-09-08 18:24:37.827864,196.0,182.0,176.0,198.0,238.0,204.0,200.0,228.0,,9,8365047
38.6564,2019-09-08 18:24:37.841682,196.0,182.0,178.0,198.0,164.0,198.0,164.0,196.0,,11,8364915
38.6711,2019-09-08 18:24:37.857509,196.0,182.0,178.0,198.0,164.0,164.0,190.0,200.0,,13,8363929
38.6865,2019-09-08 18:24:37.872398,196.0,182.0,178.0,198.0,186.0,188.0,196.0,184.0,,15,8362884
38.701,2019-09-08 18:24:37.888081,198.0,182.0,176.0,198.0,164.0,194.0,186.0,192.0,,16,8362109
38.7171,2019-09-08 18:24:37.904236,178.0,198.0,178.0,198.0,186.0,188.0,186.0,188.0,,17,8361901
38.7329,2019-09-08 18:24:37.921003,196.0,182.0,178.0,198.0,174.0,164.0,186.0,186.0,,20,8361576
38.7496,2019-09-08 18:24:37.935511,196.0,182.0,178.0,198.0,164.0,182.0,164.0,182.0,,22,8360687
38.7641,2019-09-08 18:24:37.951323,196.0,182.0,178.0,198.0,170.0,164.0,164.0,180.0,,25,8360102
38.78,2019-09-08 18:24:37.966428,196.0,182.0,178.0,198.0,164.0,164.0,170.0,164.0,,27,8359766
38.7954,2019-09-08 18:24:37.983049,198.0,182.0,178.0,198.0,170.0,180.0,180.0,180.0,,31,8359306
38.8117,2019-09-08 18:24:38.000966,196.0,182.0,176.0,198.0,178.0,170.0,168.0,164.0,,32,8358562
38.8296,2019-09-08 18:24:38.027846,196.0,182.0,178.0,198.0,170.0,164.0,178.0,168.0,,35,8357797
38.8565,2019-09-08 18:24:38.039024,194.0,178.0,178.0,198.0,168.0,178.0,180.0,170.0,,36,8357150
38.868,2019-09-08 18:24:38.048230,182.0,178.0,198.0,198.0,170.0,164.0,178.0,180.0,,37,8357396
38.8768,2019-09-08 18:24:38.063596,178.0,198.0,178.0,198.0,180.0,164.0,166.0,178.0,,38,8355479
38.8926,2019-09-08 18:24:38.082330,196.0,182.0,178.0,198.0,178.0,180.0,178.0,166.0,,39,8354164
38.911,2019-09-08 18:24:38.095185,178.0,198.0,178.0,198.0,166.0,176.0,170.0,170.0,,39,8353216
38.9238,2019-09-08 18:24:38.117253,178.0,198.0,178.0,198.0,176.0,180.0,170.0,180.0,,39,8349908
38.9459,2019-09-08 18:24:38.128577,196.0,198.0,178.0,194.0,170.0,166.0,170.0,166.0,,39,8348153
38.9572,2019-09-08 18:24:38.144821,194.0,182.0,178.0,198.0,166.0,180.0,170.0,176.0,,38,8347271
38.9735,2019-09-08 18:24:38.166887,194.0,198.0,176.0,198.0,180.0,166.0,166.0,170.0,,37,8346271
38.9955,2019-09-08 18:24:38.173339,194.0,198.0,178.0,198.0,180.0,166.0,176.0,180.0,,36,8345669
39.002,2019-09-08 18:24:38.187191,196.0,198.0,178.0,198.0,170.0,176.0,176.0,170.0,,35,8344465
39.0158,2019-09-08 18:24:38.198849,194.0,198.0,178.0,198.0,170.0,166.0,176.0,176.0,,33,8344167
39.0275,2019-09-08 18:24:38.226771,194.0,182.0,176.0,198.0,166.0,178.0,180.0,170.0,,29,8343967
39.0561,2019-09-08 18:24:38.235762,194.0,178.0,198.0,198.0,166.0,166.0,180.0,180.0,,28,8343333
39.065,2019-09-08 18:24:38.248498,182.0,182.0,178.0,198.0,180.0,170.0,180.0,178.0,,26,8343652
39.0776,2019-09-08 18:24:38.264253,198.0,182.0,178.0,198.0,170.0,166.0,170.0,180.0,,24,8343911
39.0931,2019-09-08 18:24:38.286104,198.0,182.0,176.0,198.0,168.0,178.0,180.0,170.0,,21,8345160
39.115,2019-09-08 18:24:38.350765,182.0,198.0,178.0,198.0,166.0,168.0,180.0,178.0,,15,8347804
39.1796,2019-09-08 18:24:38.410234,178.0,198.0,178.0,198.0,168.0,178.0,168.0,170.0,,9,8347108
39.2392,2019-09-08 18:24:38.454494,300.0,182.0,178.0,198.0,178.0,178.0,170.0,170.0,,7,8344254
39.2836,2019-09-08 18:24:38.461506,182.0,178.0,200.0,200.0,170.0,178.0,178.0,168.0,,6,8345102
39.2916,2019-09-08 18:24:38.474653,178.0,200.0,178.0,200.0,170.0,178.0,182.0,178.0,,6,8344731
39.3039,2019-09-08 18:24:38.653596,202.0,182.0,558.0,202.0,180.0,180.0,168.0,248.0,,7,8343541
39.4823,2019-09-08 18:24:38.739622,226.0,208.0,190.0,228.0,180.0,180.0,168.0,180.0,,5,8344005
39.5682,2019-09-08 18:24:38.746791,252.0,254.0,210.0,252.0,168.0,282.0,168.0,288.0,,5,8344133
39.5753,2019-09-08 18:24:38.934220,478.0,262.0,256.0,256.0,168.0,296.0,184.0,302.0,,1,8343666
39.7628,2019-09-08 18:24:38.940682,364.0,282.0,238.0,282.0,472.0,192.0,180.0,168.0,,1,8343537
39.7692,2019-09-08 18:24:38.978644,236.0,284.0,236.0,284.0,168.0,168.0,500.0,192.0,,0,8343212
39.8072,2019-09-08 18:24:38.985593,282.0,280.0,232.0,282.0,196.0,182.0,168.0,644.0,,0,8342807
39.8141,2019-09-08 18:24:39.000997,282.0,280.0,230.0,370.0,184.0,638.0,636.0,168.0,,0,8343679
39.8298,2019-09-08 18:24:39.012064,230.0,282.0,232.0,282.0,632.0,198.0,198.0,168.0,,0,8343115
39.8406,2019-09-08 18:24:39.027513,342.0,282.0,230.0,282.0,626.0,202.0,188.0,188.0,,0,8342849
39.8562,2019-09-08 18:24:39.058717,322.0,276.0,228.0,278.0,616.0,204.0,204.0,192.0,,0,8343600
39.8873,2019-09-08 18:24:39.081949,306.0,274.0,304.0,272.0,216.0,204.0,206.0,172.0,,0,8344302
39.9105,2019-09-08 18:24:39.090913,294.0,268.0,226.0,276.0,210.0,172.0,552.0,226.0,,-1,8344399
39.9195,2019-09-08 18:24:39.104865,274.0,264.0,222.0,274.0,544.0,172.0,536.0,232.0,,-1,8344399
39.9338,2019-09-08 18:24:39.111876,284.0,256.0,284.0,256.0,226.0,174.0,502.0,230.0,,-1,8344063
39.9408,2019-09-08 18:24:39.146771,284.0,284.0,214.0,264.0,174.0,174.0,484.0,250.0,,-1,8344735
39.9754,2019-09-08 18:24:39.168905,292.0,234.0,294.0,234.0,236.0,176.0,470.0,254.0,,-1,8344230
39.9975,2019-09-08 18:24:39.178400,296.0,228.0,202.0,298.0,246.0,178.0,420.0,272.0,,-1,8345018
40.0074,2019-09-08 18:24:39.191131,302.0,222.0,200.0,240.0,178.0,178.0,412.0,252.0,,-1,8345098
40.0207,2019-09-08 18:24:39.202955,308.0,218.0,198.0,236.0,254.0,178.0,402.0,254.0,,-1,8344686
40.0324,2019-09-08 18:24:39.213189,310.0,214.0,196.0,232.0,178.0,398.0,394.0,256.0,,-1,8345143
40.0418,2019-09-08 18:24:39.229989,308.0,230.0,194.0,230.0,180.0,382.0,178.0,260.0,,-1,8345558
40.059,2019-09-08 18:24:39.260304,304.0,210.0,192.0,226.0,180.0,356.0,286.0,180.0,,-1,8345589
40.0891,2019-09-08 18:24:39.271457,190.0,190.0,190.0,224.0,180.0,344.0,262.0,180.0,,-1,8345216
40.1008,2019-09-08 18:24:39.284522,286.0,204.0,188.0,222.0,338.0,286.0,264.0,180.0,,-1,8345707
40.1136,2019-09-08 18:24:39.294408,274.0,204.0,186.0,220.0,328.0,286.0,326.0,180.0,,-1,8345506
40.123,2019-09-08 18:24:39.308013,218.0,186.0,260.0,218.0,318.0,262.0,262.0,312.0,,-1,8345922
40.1366,2019-09-08 18:24:39.318713,250.0,250.0,218.0,248.0,300.0,280.0,258.0,178.0,,-1,8346517
40.1473,2019-09-08 18:24:39.351515,240.0,216.0,184.0,236.0,178.0,288.0,178.0,284.0,,-1,8346655
40.1802,2019-09-08 18:24:39.358010,228.0,228.0,182.0,196.0,272.0,272.0,178.0,254.0,,-1,8347150
40.1866,2019-09-08 18:24:39.369143,220.0,194.0,182.0,214.0,178.0,266.0,270.0,254.0,,-1,8347195
40.198,2019-09-08 18:24:39.385754,216.0,192.0,180.0,212.0,254.0,268.0,252.0,178.0,,-1,8346551
40.2146,2019-09-08 18:24:39.406374,212.0,212.0,180.0,210.0,266.0,264.0,178.0,250.0,,-2,8347499
40.2349,2019-09-08 18:24:39.418264,212.0,212.0,180.0,210.0,246.0,250.0,178.0,178.0,,-2,8347932
40.2468,2019-09-08 18:24:39.449838,210.0,180.0,208.0,208.0,262.0,248.0,248.0,178.0,,-2,8349088
40.2784,2019-09-08 18:24:39.456144,208.0,186.0,210.0,186.0,246.0,178.0,250.0,252.0,,-2,8347565
40.2847,2019-09-08 18:24:39.466505,210.0,208.0,178.0,206.0,256.0,244.0,252.0,252.0,,-3,8348323
40.2951,2019-09-08 18:24:39.481950,208.0,184.0,178.0,204.0,178.0,254.0,178.0,242.0,,-3,8348482
40.3105,2019-09-08 18:24:39.498080,208.0,182.0,178.0,204.0,254.0,254.0,250.0,176.0,,-3,8349081
40.3267,2019-09-08 18:24:39.516821,208.0,182.0,182.0,202.0,254.0,248.0,176.0,176.0,,-4,8348987
40.3455,2019-09-08 18:24:39.530731,206.0,182.0,178.0,202.0,246.0,236.0,176.0,256.0,,-4,8349638
40.3594,2019-09-08 18:24:39.557702,206.0,182.0,178.0,202.0,246.0,236.0,176.0,256.0,,-4,8350271
40.3863,2019-09-08 18:24:39.564100,204.0,182.0,178.0,200.0,244.0,234.0,254.0,256.0,,-4,8349915
40.3933,2019-09-08 18:24:39.576366,204.0,182.0,178.0,200.0,234.0,254.0,176.0,232.0,,-4,8349984
40.405,2019-09-08 18:24:39.589930,204.0,182.0,178.0,200.0,254.0,176.0,176.0,240.0,,-4,8350046
40.4187,2019-09-08 18:24:39.605887,204.0,182.0,178.0,200.0,240.0,232.0,254.0,254.0,,-4,8351714
40.4345,2019-09-08 18:24:39.622077,202.0,180.0,176.0,200.0,176.0,240.0,232.0,176.0,,-4,8352475
40.4508,2019-09-08 18:24:39.643485,202.0,180.0,178.0,200.0,176.0,238.0,234.0,176.0,,-4,8354721
40.4721,2019-09-08 18:24:39.660060,202.0,182.0,178.0,200.0,176.0,176.0,254.0,240.0,,-4,8356292
40.4887,2019-09-08 18:24:39.670457,208.0,182.0,178.0,200.0,234.0,176.0,254.0,240.0,,-4,8357735
40.4992,2019-09-08 18:24:39.685084,212.0,184.0,178.0,204.0,176.0,256.0,238.0,234.0,,-4,8359299
40.5136,2019-09-08 18:24:39.702597,216.0,186.0,178.0,206.0,234.0,176.0,254.0,240.0,,-4,8361112
40.5312,2019-09-08 18:24:39.777209,224.0,190.0,180.0,208.0,258.0,246.0,242.0,176.0,,-4,8359046
40.6063,2019-09-08 18:24:39.785096,300.0,200.0,184.0,218.0,258.0,248.0,244.0,248.0,,-4,8359330
40.6138,2019-09-08 18:24:39.796237,200.0,184.0,184.0,220.0,244.0,244.0,178.0,262.0,,-4,8358984
40.6251,2019-09-08 18:24:39.815101,328.0,200.0,186.0,220.0,246.0,178.0,252.0,268.0,,-4,8357977
40.6437,2019-09-08 18:24:39.826920,338.0,200.0,186.0,220.0,254.0,270.0,256.0,256.0,,-3,8357271
40.6555,2019-09-08 18:24:39.843911,186.0,220.0,348.0,220.0,178.0,262.0,252.0,254.0,,-3,8356555
40.6726,2019-09-08 18:24:39.864464,352.0,202.0,186.0,354.0,268.0,256.0,180.0,290.0,,-3,8355977
40.6931,2019-09-08 18:24:39.875808,356.0,204.0,186.0,220.0,292.0,270.0,296.0,180.0,,-3,8354911
40.7047,2019-09-08 18:24:39.889959,222.0,204.0,186.0,222.0,298.0,274.0,262.0,180.0,,-3,8354690
40.7187,2019-09-08 18:24:39.904916,358.0,206.0,186.0,222.0,262.0,274.0,308.0,180.0,,-2,8355375
40.7339,2019-09-08 18:24:39.921040,188.0,222.0,188.0,222.0,264.0,180.0,322.0,180.0,,-2,8354603
40.7496,2019-09-08 18:24:39.934712,358.0,206.0,188.0,224.0,324.0,180.0,326.0,180.0,,-2,8354825
40.7633,2019-09-08 18:24:39.976180,358.0,206.0,188.0,358.0,280.0,266.0,180.0,334.0,,-2,8353631
40.8048,2019-09-08 18:24:39.982506,358.0,208.0,188.0,358.0,266.0,180.0,352.0,284.0,,-2,8353607
40.8111,2019-09-08 18:24:39.992198,188.0,208.0,188.0,224.0,266.0,266.0,284.0,180.0,,-2,8354576
40.8208,2019-09-08 18:24:40.005274,356.0,222.0,188.0,224.0,180.0,356.0,284.0,266.0,,-2,8353576
40.8342,2019-09-08 18:24:40.036271,358.0,358.0,188.0,224.0,180.0,356.0,284.0,264.0,,-2,8353676
40.8649,2019-09-08 18:24:40.092055,358.0,358.0,188.0,222.0,264.0,358.0,284.0,264.0,,-2,8353794
40.9206,2019-09-08 18:24:40.098392,362.0,206.0,186.0,222.0,358.0,284.0,262.0,262.0,,-2,8354212
40.9269,2019-09-08 18:24:40.129726,360.0,204.0,186.0,220.0,356.0,260.0,180.0,356.0,,-2,8353794
40.9583,2019-09-08 18:24:40.144119,362.0,204.0,186.0,362.0,356.0,258.0,258.0,178.0,,-2,8353949
40.9727,2019-09-08 18:24:40.152677,362.0,204.0,186.0,220.0,354.0,178.0,258.0,284.0,,-2,8353417
40.9812,2019-09-08 18:24:40.176514,362.0,204.0,186.0,220.0,258.0,354.0,354.0,284.0,,-2,8353735
41.0051,2019-09-08 18:24:40.182805,362.0,204.0,186.0,362.0,178.0,352.0,178.0,256.0,,-2,8353904
41.0114,2019-09-08 18:24:40.194003,360.0,204.0,186.0,220.0,286.0,256.0,178.0,352.0,,-2,8353569
41.0225,2019-09-08 18:24:40.205321,356.0,204.0,186.0,220.0,178.0,288.0,178.0,254.0,,-2,8354316
41.0339,2019-09-08 18:24:40.224696,350.0,204.0,186.0,220.0,288.0,348.0,254.0,346.0,,-2,8354209
41.0533,2019-09-08 18:24:40.237736,348.0,204.0,186.0,218.0,254.0,178.0,344.0,292.0,,-2,8353676
41.0663,2019-09-08 18:24:40.258675,344.0,204.0,186.0,220.0,342.0,254.0,254.0,178.0,,-2,8352773
41.0872,2019-09-08 18:24:40.275618,342.0,204.0,186.0,218.0,178.0,340.0,178.0,340.0,,-2,8354282
41.1042,2019-09-08 18:24:40.281928,340.0,340.0,204.0,188.0,294.0,254.0,180.0,340.0,,-2,8353600
41.1105,2019-09-08 18:24:40.297478,338.0,338.0,186.0,218.0,340.0,294.0,294.0,180.0,,-3,8354316
41.126,2019-09-08 18:24:40.312059,336.0,204.0,186.0,218.0,252.0,178.0,342.0,292.0,,-3,8353984
41.1406,2019-09-08 18:24:40.332806,218.0,204.0,186.0,218.0,342.0,290.0,252.0,178.0,,-3,8354413
41.1615,2019-09-08 18:24:40.343096,218.0,332.0,204.0,186.0,340.0,288.0,250.0,250.0,,-3,8354853
41.1717,2019-09-08 18:24:40.374257,330.0,204.0,186.0,218.0,288.0,286.0,250.0,178.0,,-3,8355410
41.2028,2019-09-08 18:24:40.380739,216.0,204.0,186.0,216.0,284.0,178.0,334.0,248.0,,-4,8355725
41.2094,2019-09-08 18:24:40.391729,328.0,216.0,186.0,216.0,278.0,178.0,178.0,276.0,,-4,8355773
41.2203,2019-09-08 18:24:40.409615,328.0,204.0,186.0,216.0,274.0,274.0,274.0,244.0,,-4,8356129
41.2383,2019-09-08 18:24:40.429712,328.0,204.0,186.0,216.0,320.0,178.0,318.0,270.0,,-4,8356801
41.2584,2019-09-08 18:24:40.443597,216.0,204.0,184.0,216.0,244.0,178.0,244.0,178.0,,-4,8356905
41.2722,2019-09-08 18:24:40.461831,330.0,204.0,186.0,216.0,318.0,178.0,242.0,318.0,,-4,8357133
41.2904,2019-09-08 18:24:40.477670,328.0,216.0,186.0,216.0,178.0,244.0,178.0,316.0,,-4,8356984
41.3063,2019-09-08 18:24:40.493756,328.0,204.0,186.0,218.0,316.0,242.0,178.0,316.0,,-4,8357289
41.3224,2019-09-08 18:24:40.509783,216.0,204.0,216.0,216.0,178.0,178.0,266.0,178.0,,-4,8357524
41.3388,2019-09-08 18:24:40.527569,204.0,324.0,186.0,216.0,316.0,314.0,314.0,266.0,,-4,8357361
41.3562,2019-09-08 18:24:40.544779,204.0,204.0,186.0,216.0,178.0,268.0,244.0,244.0,,-4,8358116
41.3734,2019-09-08 18:24:40.580791,322.0,216.0,186.0,216.0,244.0,178.0,268.0,268.0,,-4,8357998
41.4094,2019-09-08 18:24:40.587082,322.0,204.0,186.0,216.0,268.0,244.0,268.0,178.0,,-4,8357441
41.4156,2019-09-08 18:24:40.598183,324.0,204.0,186.0,216.0,304.0,268.0,244.0,302.0,,-4,8357950
41.4267,2019-09-08 18:24:40.614528,324.0,206.0,186.0,216.0,268.0,178.0,268.0,246.0,,-4,8357687
41.4431,2019-09-08 18:24:40.626350,186.0,216.0,186.0,216.0,268.0,268.0,246.0,246.0,,-4,8358029
41.4549,2019-09-08 18:24:40.642180,218.0,204.0,186.0,216.0,178.0,296.0,178.0,296.0,,-4,8357780
41.4707,2019-09-08 18:24:40.657566,328.0,206.0,186.0,216.0,270.0,296.0,268.0,246.0,,-4,8358164
41.4862,2019-09-08 18:24:40.690301,328.0,206.0,186.0,218.0,270.0,246.0,178.0,178.0,,-4,8357728
41.519,2019-09-08 18:24:40.697034,330.0,206.0,186.0,330.0,270.0,270.0,246.0,294.0,,-4,8358915
41.5256,2019-09-08 18:24:40.707620,206.0,186.0,218.0,206.0,292.0,270.0,248.0,178.0,,-4,8357936
41.5362,2019-09-08 18:24:40.722307,330.0,206.0,332.0,206.0,294.0,268.0,248.0,178.0,,-4,8358268
41.5509,2019-09-08 18:24:40.738489,332.0,206.0,186.0,332.0,294.0,178.0,178.0,294.0,,-4,8358697
41.567,2019-09-08 18:24:40.751237,332.0,206.0,186.0,218.0,248.0,248.0,294.0,268.0,,-4,8358320
41.5798,2019-09-08 18:24:40.780810,334.0,206.0,186.0,218.0,248.0,292.0,268.0,248.0,,-4,8358846
41.6094,2019-09-08 18:24:40.790699,334.0,206.0,186.0,218.0,178.0,292.0,268.0,246.0,,-4,8358500
41.6193,2019-09-08 18:24:40.799584,334.0,206.0,186.0,218.0,292.0,268.0,246.0,178.0,,-4,8357994
41.6282,2019-09-08 18:24:40.813599,336.0,206.0,186.0,218.0,292.0,268.0,178.0,178.0,,-4,8358427
41.6421,2019-09-08 18:24:40.830228,206.0,206.0,186.0,218.0,268.0,248.0,178.0,292.0,,-4,8358174
41.6589,2019-09-08 18:24:40.846618,206.0,186.0,184.0,218.0,268.0,178.0,178.0,268.0,,-4,8358496
41.6752,2019-09-08 18:24:40.862383,206.0,186.0,186.0,218.0,248.0,178.0,290.0,268.0,,-4,8358527
41.691,2019-09-08 18:24:40.891501,340.0,206.0,186.0,218.0,178.0,290.0,270.0,248.0,,-4,8359081
41.7201,2019-09-08 18:24:40.900412,186.0,206.0,186.0,218.0,178.0,290.0,248.0,178.0,,-4,8358732
41.729,2019-09-08 18:24:40.911071,186.0,218.0,218.0,218.0,290.0,270.0,248.0,178.0,,-4,8358209
41.7396,2019-09-08 18:24:40.927190,206.0,186.0,340.0,206.0,290.0,248.0,248.0,290.0,,-4,8359240
41.7558,2019-09-08 18:24:40.945289,218.0,336.0,206.0,186.0,270.0,248.0,178.0,270.0,,-5,8359154
41.7738,2019-09-08 18:24:40.960950,336.0,186.0,218.0,186.0,272.0,248.0,248.0,272.0,,-5,8358801
41.7895,2019-09-08 18:24:40.983430,208.0,334.0,186.0,186.0,250.0,248.0,178.0,288.0,,-5,8358891
41.812,2019-09-08 18:24:41.005964,186.0,332.0,184.0,218.0,270.0,248.0,288.0,272.0,,-5,8358887
41.8346,2019-09-08 18:24:41.013073,332.0,206.0,184.0,332.0,178.0,286.0,250.0,272.0,,-5,8358811
41.842,2019-09-08 18:24:41.027311,332.0,330.0,330.0,330.0,178.0,178.0,272.0,248.0,,-5,8359507
41.8564,2019-09-08 18:24:41.045585,330.0,330.0,186.0,328.0,178.0,284.0,250.0,178.0,,-5,8359209
41.8741,2019-09-08 18:24:41.059678,328.0,208.0,208.0,208.0,178.0,274.0,250.0,178.0,,-5,8359396
41.8883,2019-09-08 18:24:41.088387,328.0,208.0,186.0,218.0,272.0,250.0,250.0,178.0,,-5,8359375
41.917,2019-09-08 18:24:41.097601,330.0,208.0,186.0,220.0,272.0,250.0,178.0,282.0,,-5,8358974
41.9264,2019-09-08 18:24:41.110067,328.0,208.0,186.0,218.0,272.0,250.0,178.0,284.0,,-5,8359822
41.9388,2019-09-08 18:24:41.124119,328.0,208.0,186.0,218.0,250.0,250.0,284.0,274.0,,-5,8360060
41.9528,2019-09-08 18:24:41.140040,328.0,208.0,184.0,218.0,252.0,178.0,286.0,272.0,,-5,8360192
41.9691,2019-09-08 18:24:41.153745,328.0,208.0,186.0,220.0,250.0,178.0,288.0,274.0,,-5,8360105
41.9824,2019-09-08 18:24:41.219111,326.0,220.0,186.0,218.0,178.0,284.0,274.0,180.0,,-5,8359735
42.0477,2019-09-08 18:24:41.236386,326.0,208.0,186.0,218.0,178.0,282.0,274.0,250.0,,-5,8360482
42.065,2019-09-08 18:24:41.244866,326.0,208.0,186.0,220.0,282.0,272.0,274.0,250.0,,-5,8360642
42.0735,2019-09-08 18:24:41.256680,186.0,220.0,186.0,220.0,178.0,282.0,272.0,250.0,,-5,8360621
42.0854,2019-09-08 18:24:41.268749,326.0,220.0,184.0,324.0,250.0,178.0,280.0,178.0,,-5,8360465
42.0975,2019-09-08 18:24:41.309142,208.0,208.0,220.0,210.0,250.0,274.0,250.0,178.0,,-5,8360835
42.1379,2019-09-08 18:24:41.318338,324.0,186.0,186.0,220.0,272.0,250.0,250.0,178.0,,-5,8361455
42.147,2019-09-08 18:24:41.329042,326.0,208.0,186.0,208.0,180.0,272.0,178.0,278.0,,-5,8360884
42.1577,2019-09-08 18:24:41.340771,324.0,210.0,184.0,210.0,278.0,272.0,250.0,178.0,,-5,8361403
42.1694,2019-09-08 18:24:41.358088,220.0,210.0,184.0,324.0,180.0,250.0,276.0,252.0,,-5,8361624
42.1867,2019-09-08 18:24:41.367583,324.0,210.0,326.0,210.0,178.0,276.0,270.0,252.0,,-5,8360911
42.1965,2019-09-08 18:24:41.392810,326.0,210.0,186.0,326.0,252.0,178.0,252.0,270.0,,-5,8361168
42.2215,2019-09-08 18:24:41.405778,324.0,210.0,186.0,220.0,272.0,268.0,252.0,252.0,,-6,8361860
42.2344,2019-09-08 18:24:41.416810,326.0,210.0,184.0,220.0,180.0,268.0,266.0,252.0,,-6,8361303
42.2457,2019-09-08 18:24:41.426423,220.0,210.0,186.0,220.0,270.0,252.0,180.0,180.0,,-6,8362026
42.2551,2019-09-08 18:24:41.442073,220.0,210.0,186.0,220.0,266.0,250.0,178.0,270.0,,-6,8361925
42.2708,2019-09-08 18:24:41.466291,328.0,220.0,186.0,220.0,264.0,250.0,178.0,268.0,,-6,8361763
42.2952,2019-09-08 18:24:41.482560,220.0,210.0,184.0,220.0,264.0,264.0,178.0,268.0,,-6,8361763
42.3111,2019-09-08 18:24:41.503538,220.0,210.0,184.0,220.0,250.0,250.0,266.0,262.0,,-6,8362299
42.3325,2019-09-08 18:24:41.530207,332.0,210.0,184.0,220.0,250.0,268.0,262.0,262.0,,-6,8361867
42.3594,2019-09-08 18:24:41.548928,184.0,210.0,184.0,220.0,178.0,266.0,250.0,250.0,,-6,8361565
42.3775,2019-09-08 18:24:41.557111,184.0,222.0,184.0,220.0,266.0,260.0,250.0,178.0,,-6,8362610
42.3858,2019-09-08 18:24:41.609362,338.0,208.0,184.0,340.0,266.0,260.0,250.0,178.0,,-6,8362330
42.4379,2019-09-08 18:24:41.616619,222.0,208.0,184.0,220.0,258.0,248.0,178.0,262.0,,-6,8362860
42.4452,2019-09-08 18:24:41.626845,342.0,342.0,184.0,342.0,248.0,178.0,262.0,258.0,,-6,8361645
42.4554,2019-09-08 18:24:41.640821,342.0,208.0,342.0,184.0,248.0,178.0,262.0,258.0,,-6,8362382
42.4694,2019-09-08 18:24:41.649761,342.0,208.0,208.0,184.0,248.0,262.0,262.0,248.0,,-6,8361884
42.4783,2019-09-08 18:24:41.665293,342.0,342.0,210.0,184.0,262.0,262.0,256.0,246.0,,-6,8362078
42.4938,2019-09-08 18:24:41.679549,344.0,210.0,184.0,184.0,178.0,262.0,262.0,256.0,,-6,8362233
42.5081,2019-09-08 18:24:41.705272,344.0,208.0,184.0,344.0,246.0,264.0,262.0,256.0,,-6,8362271
42.5339,2019-09-08 18:24:41.714236,344.0,208.0,208.0,220.0,264.0,256.0,264.0,256.0,,-6,8362271
42.5428,2019-09-08 18:24:41.728205,344.0,344.0,344.0,182.0,264.0,256.0,244.0,256.0,,-6,8361887
42.5568,2019-09-08 18:24:41.744870,344.0,208.0,344.0,208.0,266.0,256.0,242.0,178.0,,-6,8361534
42.5734,2019-09-08 18:24:41.761979,344.0,208.0,184.0,344.0,268.0,254.0,242.0,178.0,,-7,8361932
42.5905,2019-09-08 18:24:41.776989,344.0,208.0,184.0,344.0,268.0,256.0,242.0,268.0,,-7,8362119
42.6055,2019-09-08 18:24:41.794245,344.0,208.0,184.0,220.0,270.0,256.0,242.0,178.0,,-7,8362095
42.6229,2019-09-08 18:24:41.814371,346.0,208.0,184.0,220.0,178.0,240.0,178.0,240.0,,-7,8361991
42.6429,2019-09-08 18:24:41.823606,344.0,208.0,184.0,220.0,238.0,178.0,272.0,256.0,,-7,8362887
42.6521,2019-09-08 18:24:41.836687,346.0,206.0,184.0,220.0,238.0,178.0,274.0,256.0,,-7,8362507
42.6652,2019-09-08 18:24:41.853142,346.0,208.0,184.0,220.0,238.0,178.0,274.0,256.0,,-7,8362181
42.6824,2019-09-08 18:24:41.867724,348.0,208.0,184.0,220.0,274.0,178.0,274.0,238.0,,-7,8362154
42.6963,2019-09-08 18:24:41.883029,348.0,206.0,184.0,220.0,178.0,274.0,256.0,238.0,,-7,8361908
42.712,2019-09-08 18:24:41.911614,346.0,208.0,184.0,220.0,178.0,274.0,258.0,240.0,,-7,8362213
42.7409,2019-09-08 18:24:41.946203,206.0,208.0,184.0,220.0,178.0,240.0,178.0,274.0,,-7,8361192
42.7751,2019-09-08 18:24:41.953194,206.0,206.0,348.0,220.0,274.0,260.0,240.0,274.0,,-7,8361510
42.7825,2019-09-08 18:24:41.968839,348.0,206.0,184.0,220.0,274.0,262.0,240.0,178.0,,-7,8361534
42.7984,2019-09-08 18:24:41.979696,350.0,206.0,182.0,220.0,274.0,260.0,240.0,178.0,,-7,8361313
42.8095,2019-09-08 18:24:42.033655,350.0,206.0,184.0,220.0,262.0,240.0,178.0,178.0,,-7,8360372
42.8622,2019-09-08 18:24:42.042247,350.0,206.0,184.0,220.0,278.0,178.0,278.0,262.0,,-7,8360690
42.8708,2019-09-08 18:24:42.051176,350.0,206.0,350.0,220.0,240.0,240.0,280.0,262.0,,-7,8360417
42.8812,2019-09-08 18:24:42.080115,350.0,220.0,350.0,220.0,264.0,178.0,282.0,264.0,,-7,8360344
42.9095,2019-09-08 18:24:42.093359,350.0,206.0,182.0,348.0,240.0,176.0,282.0,264.0,,-7,8360358
42.9223,2019-09-08 18:24:42.107920,350.0,206.0,348.0,220.0,264.0,240.0,264.0,240.0,,-7,8361088
42.9373,2019-09-08 18:24:42.124212,348.0,208.0,184.0,220.0,282.0,240.0,240.0,178.0,,-7,8360666
42.9537,2019-09-08 18:24:42.131739,348.0,206.0,184.0,220.0,284.0,262.0,240.0,284.0,,-7,8360451
