time_index,time_stamp,L1,L2,L3,L4,R1,R2,R3,R4,Futek,ENC2
0.0007,2019-09-08 18:22:09.271484,336.0,208.0,180.0,208.0,208.0,216.0,172.0,216.0,,-8,8342922
0.9083,2019-09-08 18:22:09.286161,334.0,208.0,180.0,230.0,208.0,170.0,290.0,208.0,,-8,8342188
0.9229,2019-09-08 18:22:09.295961,334.0,208.0,180.0,230.0,172.0,290.0,216.0,208.0,,-8,8342527
0.9327,2019-09-08 18:22:09.355462,208.0,208.0,180.0,230.0,170.0,290.0,216.0,208.0,,-8,8342859
0.9924,2019-09-08 18:22:09.367870,334.0,208.0,178.0,230.0,292.0,170.0,208.0,216.0,,-8,8342423
1.0048,2019-09-08 18:22:09.464692,334.0,210.0,178.0,232.0,170.0,294.0,172.0,216.0,,-8,8343036
1.1018,2019-09-08 18:22:09.471934,332.0,208.0,180.0,230.0,294.0,216.0,216.0,208.0,,-8,8342236
1.1091,2019-09-08 18:22:09.483079,334.0,210.0,180.0,230.0,170.0,294.0,216.0,208.0,,-8,8342420
1.12,2019-09-08 18:22:09.498096,334.0,208.0,180.0,230.0,170.0,296.0,216.0,208.0,,-8,8341576
1.1354,2019-09-08 18:22:09.512953,332.0,210.0,178.0,230.0,170.0,296.0,216.0,208.0,,-8,8342178
1.1499,2019-09-08 18:22:09.538102,332.0,210.0,178.0,230.0,296.0,216.0,208.0,170.0,,-8,8342797
1.175,2019-09-08 18:22:09.544600,332.0,210.0,178.0,230.0,298.0,216.0,206.0,170.0,,-8,8343150
1.1815,2019-09-08 18:22:09.560253,332.0,210.0,180.0,230.0,298.0,216.0,208.0,170.0,,-8,8342257
1.1973,2019-09-08 18:22:09.574433,332.0,208.0,178.0,230.0,298.0,216.0,206.0,170.0,,-8,8343053
1.2113,2019-09-08 18:22:09.591172,332.0,208.0,178.0,230.0,300.0,214.0,206.0,170.0,,-8,8342576
1.228,2019-09-08 18:22:09.605654,332.0,208.0,178.0,230.0,300.0,214.0,206.0,170.0,,-8,8342191
1.2425,2019-09-08 18:22:09.624340,334.0,210.0,180.0,230.0,300.0,216.0,206.0,170.0,,-8,8341814
1.2612,2019-09-08 18:22:09.651122,332.0,210.0,180.0,230.0,300.0,216.0,206.0,172.0,,-8,8341870
1.2882,2019-09-08 18:22:09.683047,332.0,180.0,178.0,230.0,302.0,214.0,206.0,170.0,,-8,8341745
1.3202,2019-09-08 18:22:09.694607,332.0,210.0,180.0,230.0,214.0,206.0,170.0,302.0,,-8,8342579
1.3318,2019-09-08 18:22:09.705634,332.0,210.0,178.0,230.0,216.0,206.0,170.0,302.0,,-8,8342676
1.3427,2019-09-08 18:22:09.715774,332.0,210.0,180.0,230.0,214.0,206.0,170.0,302.0,,-8,8342268
1.3529,2019-09-08 18:22:09.732987,332.0,210.0,180.0,230.0,216.0,206.0,170.0,170.0,,-8,8342368
1.37,2019-09-08 18:22:09.745746,332.0,210.0,178.0,230.0,214.0,206.0,170.0,302.0,,-8,8342890
1.3828,2019-09-08 18:22:09.759117,210.0,178.0,230.0,230.0,214.0,204.0,170.0,304.0,,-8,8342447
1.3962,2019-09-08 18:22:09.774982,208.0,180.0,230.0,230.0,204.0,170.0,304.0,214.0,,-8,8342160
1.4121,2019-09-08 18:22:09.789262,210.0,178.0,230.0,230.0,204.0,170.0,302.0,214.0,,-8,8341794
1.4263,2019-09-08 18:22:09.804293,208.0,178.0,230.0,230.0,206.0,170.0,302.0,214.0,,-8,8342496
1.4415,2019-09-08 18:22:09.820699,210.0,178.0,230.0,230.0,170.0,302.0,214.0,204.0,,-8,8341686
1.4578,2019-09-08 18:22:09.846309,332.0,210.0,180.0,230.0,302.0,302.0,214.0,204.0,,-8,8342887
1.4834,2019-09-08 18:22:09.856426,332.0,210.0,178.0,230.0,170.0,302.0,214.0,170.0,,-8,8343112
1.4935,2019-09-08 18:22:09.868992,208.0,208.0,180.0,230.0,170.0,302.0,206.0,170.0,,-8,8341960
1.5062,2019-09-08 18:22:09.883399,332.0,210.0,178.0,230.0,302.0,214.0,204.0,170.0,,-8,8341918
1.5205,2019-09-08 18:22:09.900256,332.0,208.0,180.0,230.0,302.0,214.0,204.0,170.0,,-8,8342358
1.5375,2019-09-08 18:22:09.913060,332.0,210.0,180.0,230.0,302.0,204.0,170.0,302.0,,-8,8342797
1.5502,2019-09-08 18:22:09.928447,332.0,210.0,178.0,230.0,214.0,204.0,170.0,170.0,,-8,8342707
1.5652,2019-09-08 18:22:09.948453,332.0,208.0,178.0,230.0,170.0,302.0,214.0,206.0,,-8,8342344
1.5853,2019-09-08 18:22:09.960925,332.0,210.0,180.0,230.0,170.0,302.0,214.0,204.0,,-8,8342281
1.5978,2019-09-08 18:22:09.973970,332.0,208.0,180.0,230.0,170.0,302.0,216.0,206.0,,-8,8342077
1.6112,2019-09-08 18:22:09.994138,332.0,208.0,178.0,230.0,170.0,302.0,214.0,206.0,,-8,8341887
1.631,2019-09-08 18:22:10.008513,334.0,208.0,180.0,230.0,302.0,302.0,214.0,206.0,,-8,8342901
1.6458,2019-09-08 18:22:10.020287,332.0,208.0,178.0,230.0,302.0,214.0,206.0,170.0,,-8,8341745
1.6583,2019-09-08 18:22:10.046509,334.0,208.0,180.0,230.0,216.0,206.0,170.0,302.0,,-8,8342056
1.6841,2019-09-08 18:22:10.058494,334.0,208.0,178.0,230.0,214.0,206.0,170.0,302.0,,-8,8341773
1.6965,2019-09-08 18:22:10.069881,334.0,208.0,180.0,230.0,304.0,170.0,304.0,214.0,,-8,8342174
1.7076,2019-09-08 18:22:10.083683,332.0,208.0,180.0,230.0,206.0,170.0,304.0,170.0,,-8,8342361
1.7208,2019-09-08 18:22:10.097340,334.0,208.0,178.0,228.0,304.0,170.0,214.0,206.0,,-8,8342676
1.735,2019-09-08 18:22:10.114757,334.0,208.0,178.0,228.0,170.0,214.0,304.0,214.0,,-8,8342351
1.7525,2019-09-08 18:22:10.142627,334.0,208.0,180.0,228.0,170.0,304.0,170.0,204.0,,-8,8342461
1.7802,2019-09-08 18:22:10.168233,334.0,208.0,180.0,228.0,204.0,170.0,306.0,204.0,,-8,8342140
1.8058,2019-09-08 18:22:10.176469,208.0,208.0,180.0,228.0,170.0,170.0,306.0,216.0,,-8,8341582
1.8136,2019-09-08 18:22:10.199554,334.0,208.0,178.0,228.0,170.0,306.0,170.0,304.0,,-8,8342354
1.8373,2019-09-08 18:22:10.209156,208.0,208.0,178.0,230.0,214.0,214.0,170.0,170.0,,-8,8341842
1.8469,2019-09-08 18:22:10.216620,334.0,208.0,180.0,228.0,214.0,214.0,204.0,170.0,,-8,8342205
1.8539,2019-09-08 18:22:10.227187,336.0,208.0,178.0,228.0,214.0,204.0,170.0,306.0,,-8,8342527
1.865,2019-09-08 18:22:10.246451,334.0,208.0,178.0,228.0,216.0,204.0,170.0,306.0,,-8,8342236
1.8837,2019-09-08 18:22:10.255585,336.0,208.0,180.0,228.0,216.0,204.0,170.0,306.0,,-8,8342665
1.8931,2019-09-08 18:22:10.268112,336.0,178.0,178.0,228.0,170.0,308.0,216.0,204.0,,-8,8342098
1.9056,2019-09-08 18:22:10.282256,334.0,208.0,178.0,228.0,204.0,170.0,308.0,216.0,,-8,8342890
1.9198,2019-09-08 18:22:10.296925,334.0,208.0,178.0,228.0,204.0,170.0,308.0,216.0,,-8,8342825
1.9342,2019-09-08 18:22:10.311931,208.0,208.0,180.0,228.0,204.0,216.0,308.0,214.0,,-8,8341932
1.9493,2019-09-08 18:22:10.328404,208.0,208.0,180.0,228.0,170.0,308.0,216.0,170.0,,-8,8342150
1.9661,2019-09-08 18:22:10.357776,336.0,208.0,178.0,228.0,214.0,204.0,170.0,308.0,,-8,8341413
1.9945,2019-09-08 18:22:10.368024,334.0,208.0,178.0,228.0,170.0,308.0,308.0,204.0,,-8,8342489
2.0048,2019-09-08 18:22:10.378164,336.0,208.0,178.0,228.0,204.0,214.0,216.0,204.0,,-8,8342063
2.015,2019-09-08 18:22:10.392437,208.0,178.0,228.0,228.0,204.0,170.0,308.0,216.0,,-8,8342015
2.0293,2019-09-08 18:22:10.405256,208.0,180.0,228.0,228.0,308.0,216.0,214.0,204.0,,-8,8341607
2.0421,2019-09-08 18:22:10.422591,208.0,180.0,228.0,228.0,308.0,216.0,310.0,170.0,,-8,8342655
2.0594,2019-09-08 18:22:10.435897,208.0,178.0,228.0,228.0,310.0,204.0,170.0,308.0,,-8,8342268
2.0727,2019-09-08 18:22:10.460129,208.0,180.0,228.0,228.0,170.0,310.0,216.0,204.0,,-8,8342461
2.097,2019-09-08 18:22:10.467077,208.0,178.0,228.0,228.0,308.0,216.0,204.0,170.0,,-8,8342257
2.1039,2019-09-08 18:22:10.483020,208.0,208.0,180.0,228.0,170.0,216.0,204.0,170.0,,-8,8341956
2.1202,2019-09-08 18:22:10.548031,336.0,208.0,178.0,228.0,216.0,310.0,216.0,204.0,,-8,8342378
2.1849,2019-09-08 18:22:10.560315,336.0,208.0,180.0,228.0,216.0,206.0,204.0,310.0,,-8,8342257
2.1974,2019-09-08 18:22:10.572758,336.0,208.0,180.0,228.0,216.0,204.0,170.0,310.0,,-8,8341811
2.2097,2019-09-08 18:22:10.580413,336.0,208.0,180.0,228.0,170.0,204.0,170.0,310.0,,-8,8342157
2.2174,2019-09-08 18:22:10.597535,336.0,208.0,180.0,228.0,216.0,204.0,216.0,170.0,,-8,8341939
2.2348,2019-09-08 18:22:10.609750,336.0,208.0,180.0,228.0,216.0,204.0,170.0,170.0,,-8,8342337
2.2466,2019-09-08 18:22:10.709521,338.0,206.0,178.0,228.0,216.0,204.0,170.0,310.0,,-8,8342749
2.3464,2019-09-08 18:22:10.718447,336.0,208.0,178.0,228.0,310.0,216.0,204.0,170.0,,-8,8342749
2.3554,2019-09-08 18:22:10.728642,338.0,206.0,178.0,336.0,310.0,214.0,206.0,170.0,,-8,8341655
2.3655,2019-09-08 18:22:10.742565,208.0,208.0,178.0,228.0,204.0,204.0,170.0,310.0,,-8,8342136
2.3794,2019-09-08 18:22:10.757580,338.0,208.0,178.0,338.0,216.0,206.0,170.0,216.0,,-8,8341811
2.3944,2019-09-08 18:22:10.779497,338.0,208.0,178.0,206.0,206.0,216.0,310.0,216.0,,-8,8341790
2.4164,2019-09-08 18:22:10.791212,338.0,208.0,178.0,208.0,216.0,204.0,170.0,310.0,,-8,8341631
2.4281,2019-09-08 18:22:10.798019,338.0,208.0,338.0,208.0,170.0,206.0,170.0,312.0,,-8,8341631
2.4349,2019-09-08 18:22:10.811515,338.0,208.0,178.0,336.0,204.0,170.0,310.0,216.0,,-8,8342510
2.4484,2019-09-08 18:22:10.827852,338.0,208.0,338.0,208.0,204.0,170.0,310.0,216.0,,-8,8342669
2.465,2019-09-08 18:22:10.845607,336.0,208.0,336.0,336.0,310.0,216.0,204.0,170.0,,-8,8342358
2.4825,2019-09-08 18:22:10.870954,336.0,208.0,180.0,336.0,310.0,216.0,204.0,312.0,,-8,8342499
2.5078,2019-09-08 18:22:10.878460,338.0,208.0,180.0,228.0,310.0,216.0,206.0,170.0,,-8,8342119
2.5154,2019-09-08 18:22:10.890241,336.0,208.0,178.0,228.0,216.0,216.0,206.0,170.0,,-8,8341970
2.5273,2019-09-08 18:22:10.905049,336.0,208.0,178.0,228.0,206.0,170.0,310.0,216.0,,-8,8341745
2.5419,2019-09-08 18:22:10.929171,336.0,208.0,180.0,228.0,206.0,170.0,310.0,310.0,,-8,8342375
2.5665,2019-09-08 18:22:10.937982,336.0,208.0,178.0,228.0,312.0,170.0,312.0,216.0,,-8,8341745
2.5748,2019-09-08 18:22:10.952350,336.0,208.0,180.0,228.0,312.0,310.0,312.0,204.0,,-8,8341707
2.5898,2019-09-08 18:22:10.972797,336.0,208.0,178.0,228.0,312.0,216.0,204.0,170.0,,-8,8343361
2.6097,2019-09-08 18:22:10.981592,336.0,208.0,180.0,228.0,312.0,216.0,204.0,170.0,,-8,8341911
2.6184,2019-09-08 18:22:10.995875,228.0,228.0,178.0,228.0,312.0,216.0,206.0,170.0,,-8,8341894
2.633,2019-09-08 18:22:11.011725,178.0,208.0,180.0,228.0,216.0,204.0,170.0,312.0,,-8,8341306
2.6496,2019-09-08 18:22:11.031531,178.0,208.0,178.0,228.0,206.0,170.0,312.0,216.0,,-8,8342178
2.6694,2019-09-08 18:22:11.044741,228.0,208.0,180.0,228.0,206.0,170.0,312.0,216.0,,-8,8342361
2.6823,2019-09-08 18:22:11.138239,228.0,178.0,228.0,228.0,170.0,312.0,216.0,204.0,,-8,8342012
2.7753,2019-09-08 18:22:11.147764,208.0,208.0,180.0,228.0,216.0,204.0,170.0,204.0,,-8,8342800
2.7849,2019-09-08 18:22:11.154700,334.0,178.0,228.0,228.0,312.0,216.0,204.0,170.0,,-8,8342063
2.7923,2019-09-08 18:22:11.178246,208.0,180.0,180.0,228.0,312.0,216.0,204.0,312.0,,-8,8343164
2.8163,2019-09-08 18:22:11.190233,334.0,208.0,180.0,228.0,312.0,204.0,170.0,312.0,,-8,8343247
2.828,2019-09-08 18:22:11.197548,334.0,208.0,178.0,228.0,204.0,170.0,312.0,170.0,,-8,8341569
2.8346,2019-09-08 18:22:11.214197,334.0,208.0,180.0,228.0,312.0,216.0,204.0,170.0,,-8,8342281
2.8514,2019-09-08 18:22:11.230935,334.0,208.0,178.0,228.0,204.0,216.0,204.0,170.0,,-8,8342776
2.8682,2019-09-08 18:22:11.243129,334.0,208.0,178.0,228.0,170.0,216.0,204.0,204.0,,-8,8342420
2.8808,2019-09-08 18:22:11.259486,334.0,208.0,180.0,334.0,204.0,216.0,310.0,170.0,,-8,8342589
2.8966,2019-09-08 18:22:11.278993,334.0,208.0,180.0,334.0,312.0,216.0,206.0,170.0,,-8,8342347
2.9163,2019-09-08 18:22:11.292006,334.0,208.0,208.0,208.0,310.0,216.0,204.0,216.0,,-8,8341897
2.9292,2019-09-08 18:22:11.305862,334.0,208.0,334.0,208.0,312.0,170.0,204.0,170.0,,-8,8342354
2.9439,2019-09-08 18:22:11.323147,334.0,208.0,180.0,228.0,310.0,216.0,204.0,170.0,,-8,8342015
2.961,2019-09-08 18:22:11.339771,334.0,208.0,178.0,228.0,216.0,204.0,170.0,310.0,,-8,8342911
2.9778,2019-09-08 18:22:11.360327,332.0,208.0,208.0,208.0,216.0,204.0,170.0,310.0,,-8,8342486
2.998,2019-09-08 18:22:11.380969,208.0,208.0,180.0,228.0,204.0,170.0,204.0,216.0,,-8,8342652
3.0181,2019-09-08 18:22:11.392510,334.0,208.0,180.0,228.0,312.0,216.0,206.0,170.0,,-8,8341707
3.0308,2019-09-08 18:22:11.409563,334.0,334.0,208.0,178.0,312.0,216.0,204.0,170.0,,-8,8342870
3.0473,2019-09-08 18:22:11.425255,334.0,208.0,208.0,180.0,170.0,310.0,216.0,170.0,,-8,8342022
3.0629,2019-09-08 18:22:11.444122,334.0,334.0,178.0,180.0,312.0,216.0,204.0,170.0,,-8,8342129
3.0817,2019-09-08 18:22:11.457285,334.0,208.0,334.0,228.0,204.0,170.0,310.0,216.0,,-8,8342759
3.0941,2019-09-08 18:22:11.554409,334.0,208.0,180.0,334.0,170.0,312.0,216.0,206.0,,-8,8343032
3.1912,2019-09-08 18:22:11.567273,334.0,208.0,180.0,228.0,312.0,216.0,204.0,170.0,,-8,8342005
3.2041,2019-09-08 18:22:11.650747,334.0,208.0,178.0,228.0,216.0,216.0,170.0,312.0,,-8,8342517
3.2878,2019-09-08 18:22:11.668905,334.0,208.0,180.0,228.0,312.0,216.0,204.0,170.0,,-8,8342226
3.3059,2019-09-08 18:22:11.678873,334.0,208.0,178.0,228.0,312.0,216.0,204.0,170.0,,-8,8342534
3.3157,2019-09-08 18:22:11.697064,334.0,208.0,178.0,228.0,204.0,170.0,312.0,216.0,,-8,8342254
3.3344,2019-09-08 18:22:11.707908,180.0,228.0,180.0,228.0,310.0,170.0,170.0,204.0,,-8,8341617
3.3451,2019-09-08 18:22:11.725737,180.0,228.0,178.0,228.0,170.0,204.0,170.0,310.0,,-8,8342617
3.3631,2019-09-08 18:22:11.732660,334.0,228.0,180.0,228.0,216.0,204.0,204.0,310.0,,-8,8342600
3.3699,2019-09-08 18:22:11.747088,178.0,228.0,178.0,228.0,216.0,204.0,170.0,310.0,,-8,8342347
3.3845,2019-09-08 18:22:11.760909,180.0,228.0,178.0,228.0,170.0,170.0,216.0,204.0,,-8,8342081
3.3981,2019-09-08 18:22:11.776770,334.0,208.0,180.0,228.0,170.0,310.0,216.0,204.0,,-8,8341849
3.4138,2019-09-08 18:22:11.795949,334.0,208.0,180.0,230.0,310.0,216.0,204.0,170.0,,-8,8342313
3.4333,2019-09-08 18:22:11.810243,334.0,178.0,228.0,230.0,214.0,204.0,170.0,204.0,,-8,8342326
3.4476,2019-09-08 18:22:11.822466,208.0,180.0,228.0,228.0,170.0,204.0,204.0,310.0,,-8,8342977
3.4596,2019-09-08 18:22:11.836970,208.0,180.0,230.0,228.0,310.0,214.0,310.0,216.0,,-8,8342596
3.4742,2019-09-08 18:22:11.854343,208.0,178.0,230.0,228.0,216.0,204.0,310.0,216.0,,-8,8342423
3.4914,2019-09-08 18:22:11.868966,208.0,180.0,230.0,230.0,204.0,170.0,310.0,216.0,,-8,8342970
3.506,2019-09-08 18:22:11.889798,208.0,180.0,178.0,230.0,170.0,310.0,170.0,206.0,,-8,8341769
3.527,2019-09-08 18:22:11.902680,336.0,208.0,180.0,228.0,170.0,310.0,216.0,204.0,,-8,8342928
3.5398,2019-09-08 18:22:11.914419,336.0,208.0,178.0,228.0,216.0,204.0,170.0,310.0,,-8,8342506
3.5515,2019-09-08 18:22:11.929776,336.0,208.0,178.0,230.0,206.0,170.0,216.0,204.0,,-8,8341634
3.567,2019-09-08 18:22:11.946914,336.0,208.0,180.0,228.0,206.0,170.0,310.0,216.0,,-8,8342582
3.584,2019-09-08 18:22:11.965481,208.0,180.0,228.0,228.0,214.0,170.0,308.0,216.0,,-8,8341811
3.6023,2019-09-08 18:22:11.985945,228.0,208.0,180.0,228.0,204.0,310.0,216.0,206.0,,-8,8342880
3.623,2019-09-08 18:22:11.998253,336.0,208.0,178.0,230.0,170.0,310.0,216.0,204.0,,-8,8342330
3.6354,2019-09-08 18:22:12.010621,230.0,208.0,180.0,230.0,310.0,308.0,204.0,170.0,,-8,8342036
3.6477,2019-09-08 18:22:12.027237,336.0,208.0,178.0,230.0,310.0,214.0,204.0,170.0,,-8,8342724
3.6645,2019-09-08 18:22:12.039547,336.0,208.0,178.0,228.0,204.0,206.0,308.0,216.0,,-8,8342202
3.6769,2019-09-08 18:22:12.058178,336.0,208.0,180.0,230.0,170.0,310.0,204.0,204.0,,-8,8342195
3.6954,2019-09-08 18:22:12.070970,336.0,208.0,180.0,230.0,310.0,216.0,206.0,170.0,,-8,8342396
3.7081,2019-09-08 18:22:12.117682,336.0,208.0,180.0,230.0,214.0,170.0,308.0,204.0,,-8,8342081
3.755,2019-09-08 18:22:12.124492,336.0,208.0,178.0,230.0,214.0,204.0,214.0,204.0,,-8,8342887
3.7616,2019-09-08 18:22:12.135137,336.0,208.0,178.0,230.0,310.0,214.0,204.0,170.0,,-8,8342171
3.7724,2019-09-08 18:22:12.156925,336.0,208.0,180.0,230.0,204.0,204.0,204.0,308.0,,-8,8343032
3.794,2019-09-08 18:22:12.169646,336.0,208.0,180.0,230.0,216.0,204.0,170.0,308.0,,-8,8342468
3.8068,2019-09-08 18:22:12.184970,336.0,208.0,178.0,228.0,308.0,214.0,204.0,214.0,,-8,8342164
3.8221,2019-09-08 18:22:12.204570,336.0,208.0,178.0,230.0,308.0,214.0,204.0,170.0,,-8,8342434
3.8416,2019-09-08 18:22:12.212277,336.0,208.0,178.0,230.0,308.0,214.0,170.0,308.0,,-8,8342364
3.8491,2019-09-08 18:22:12.228177,336.0,208.0,178.0,230.0,308.0,214.0,170.0,308.0,,-8,8341576
3.8652,2019-09-08 18:22:12.242227,336.0,208.0,178.0,230.0,214.0,206.0,170.0,308.0,,-8,8342330
3.8795,2019-09-08 18:22:12.262521,336.0,208.0,180.0,230.0,170.0,308.0,214.0,204.0,,-8,8341963
3.8996,2019-09-08 18:22:12.275497,336.0,208.0,180.0,230.0,170.0,308.0,204.0,170.0,,-8,8342499
3.9126,2019-09-08 18:22:12.298958,336.0,208.0,180.0,228.0,308.0,204.0,170.0,308.0,,-8,8342541
3.936,2019-09-08 18:22:12.312759,336.0,208.0,180.0,228.0,204.0,170.0,308.0,214.0,,-8,8342032
3.95,2019-09-08 18:22:12.322689,336.0,208.0,180.0,228.0,204.0,170.0,204.0,214.0,,-8,8342807
3.9598,2019-09-08 18:22:12.338405,336.0,208.0,180.0,228.0,306.0,214.0,204.0,170.0,,-8,8342531
3.9757,2019-09-08 18:22:12.350114,336.0,208.0,178.0,230.0,308.0,214.0,204.0,170.0,,-8,8342759
3.9876,2019-09-08 18:22:12.366355,336.0,208.0,178.0,228.0,306.0,214.0,204.0,204.0,,-7,8343067
4.0036,2019-09-08 18:22:12.380492,336.0,208.0,178.0,228.0,214.0,170.0,306.0,214.0,,-7,8342624
4.0184,2019-09-08 18:22:12.407293,336.0,208.0,180.0,228.0,306.0,170.0,306.0,214.0,,-7,8342503
4.0451,2019-09-08 18:22:12.423018,208.0,208.0,180.0,228.0,170.0,214.0,204.0,170.0,,-7,8342648
4.0614,2019-09-08 18:22:12.432682,336.0,208.0,178.0,230.0,306.0,214.0,204.0,170.0,,-7,8342790
4.0704,2019-09-08 18:22:12.446670,336.0,208.0,178.0,228.0,306.0,214.0,204.0,170.0,,-7,8342804
4.0846,2019-09-08 18:22:12.461024,336.0,208.0,180.0,228.0,214.0,204.0,170.0,306.0,,-7,8342883
4.0986,2019-09-08 18:22:12.473717,336.0,206.0,178.0,228.0,204.0,214.0,306.0,214.0,,-7,8342247
4.1116,2019-09-08 18:22:12.491931,336.0,208.0,178.0,228.0,172.0,214.0,204.0,170.0,,-7,8342752
4.1291,2019-09-08 18:22:12.510845,336.0,208.0,178.0,228.0,170.0,306.0,214.0,206.0,,-7,8341776
4.1488,2019-09-08 18:22:12.523075,208.0,208.0,228.0,228.0,306.0,204.0,170.0,306.0,,-7,8342717
4.161,2019-09-08 18:22:12.535196,336.0,208.0,178.0,228.0,306.0,206.0,170.0,306.0,,-7,8342852
4.1728,2019-09-08 18:22:12.549984,338.0,208.0,180.0,228.0,170.0,214.0,214.0,204.0,,-7,8342095
4.1882,2019-09-08 18:22:12.567527,208.0,208.0,178.0,228.0,170.0,304.0,214.0,206.0,,-7,8342153
4.205,2019-09-08 18:22:12.584178,338.0,208.0,180.0,228.0,214.0,206.0,170.0,304.0,,-7,8341766
4.2212,2019-09-08 18:22:12.627607,336.0,208.0,178.0,228.0,204.0,304.0,204.0,170.0,,-7,8342406
4.2644,2019-09-08 18:22:12.633856,338.0,208.0,228.0,228.0,170.0,304.0,302.0,214.0,,-7,8343306
4.2707,2019-09-08 18:22:12.645219,336.0,208.0,180.0,228.0,206.0,170.0,304.0,214.0,,-7,8341620
4.282,2019-09-08 18:22:12.658241,338.0,208.0,178.0,228.0,302.0,302.0,214.0,204.0,,-7,8342330
4.2951,2019-09-08 18:22:12.673745,336.0,208.0,180.0,228.0,216.0,204.0,170.0,302.0,,-7,8342333
4.3106,2019-09-08 18:22:12.692522,336.0,208.0,178.0,228.0,302.0,170.0,170.0,170.0,,-7,8342572
4.3295,2019-09-08 18:22:12.719008,338.0,208.0,178.0,230.0,214.0,204.0,170.0,302.0,,-7,8343631
4.3558,2019-09-08 18:22:12.725275,336.0,208.0,178.0,228.0,170.0,302.0,302.0,170.0,,-7,8342205
4.3622,2019-09-08 18:22:12.735234,338.0,208.0,180.0,228.0,170.0,206.0,170.0,170.0,,-7,8341977
4.3721,2019-09-08 18:22:12.751264,338.0,208.0,178.0,228.0,170.0,302.0,204.0,170.0,,-7,8342236
4.3882,2019-09-08 18:22:12.770494,228.0,208.0,180.0,228.0,214.0,214.0,170.0,300.0,,-7,8342697
4.4075,2019-09-08 18:22:12.784644,228.0,178.0,180.0,228.0,300.0,302.0,214.0,214.0,,-7,8343025
4.4226,2019-09-08 18:22:12.800783,338.0,206.0,178.0,228.0,214.0,170.0,170.0,302.0,,-7,8341970
4.438,2019-09-08 18:22:12.820998,208.0,206.0,178.0,228.0,214.0,206.0,170.0,300.0,,-7,8342527
4.4586,2019-09-08 18:22:12.832379,338.0,208.0,178.0,228.0,214.0,206.0,170.0,300.0,,-7,8342157
4.4692,2019-09-08 18:22:12.845569,208.0,208.0,178.0,228.0,206.0,170.0,300.0,204.0,,-7,8343133
4.4829,2019-09-08 18:22:12.858959,338.0,208.0,180.0,228.0,300.0,214.0,206.0,206.0,,-7,8342745
4.4958,2019-09-08 18:22:12.875868,338.0,208.0,180.0,228.0,170.0,214.0,300.0,206.0,,-7,8342655
4.5127,2019-09-08 18:22:12.893681,208.0,208.0,180.0,228.0,214.0,204.0,206.0,214.0,,-7,8342461
4.5305,2019-09-08 18:22:12.917123,228.0,208.0,180.0,228.0,206.0,170.0,300.0,214.0,,-7,8343025
4.554,2019-09-08 18:22:12.925655,336.0,208.0,180.0,228.0,300.0,170.0,300.0,170.0,,-7,8342776
4.5626,2019-09-08 18:22:12.937390,336.0,208.0,178.0,228.0,214.0,170.0,170.0,214.0,,-7,8341877
4.5742,2019-09-08 18:22:12.950872,336.0,208.0,228.0,230.0,214.0,216.0,206.0,170.0,,-7,8342133
4.5877,2019-09-08 18:22:12.970475,336.0,208.0,178.0,336.0,216.0,172.0,170.0,216.0,,-7,8341852
4.6078,2019-09-08 18:22:12.984506,208.0,178.0,228.0,336.0,170.0,216.0,216.0,216.0,,-7,8343171
4.6214,2019-09-08 18:22:13.004016,336.0,208.0,336.0,228.0,216.0,206.0,170.0,298.0,,-7,8342742
4.6409,2019-09-08 18:22:13.023106,180.0,230.0,336.0,228.0,298.0,300.0,206.0,170.0,,-7,8342212
4.6604,2019-09-08 18:22:13.031545,336.0,336.0,180.0,228.0,298.0,214.0,206.0,170.0,,-7,8342461
4.6686,2019-09-08 18:22:13.046585,336.0,208.0,178.0,228.0,298.0,216.0,298.0,216.0,,-7,8343098
4.6838,2019-09-08 18:22:13.061073,336.0,208.0,180.0,230.0,170.0,300.0,216.0,206.0,,-7,8342811
4.6984,2019-09-08 18:22:13.078170,228.0,208.0,178.0,228.0,298.0,216.0,206.0,170.0,,-7,8342046
4.7154,2019-09-08 18:22:13.091345,334.0,208.0,180.0,230.0,216.0,298.0,170.0,170.0,,-7,8342254
4.7287,2019-09-08 18:22:13.115889,336.0,208.0,180.0,230.0,206.0,170.0,170.0,298.0,,-7,8342652
4.7532,2019-09-08 18:22:13.132818,336.0,208.0,178.0,180.0,170.0,170.0,214.0,170.0,,-7,8342704
4.7702,2019-09-08 18:22:13.139736,336.0,208.0,180.0,336.0,298.0,216.0,206.0,170.0,,-7,8342119
4.777,2019-09-08 18:22:13.166773,336.0,208.0,180.0,230.0,298.0,298.0,216.0,206.0,,-7,8341600
4.8044,2019-09-08 18:22:13.178188,336.0,208.0,180.0,336.0,298.0,298.0,216.0,206.0,,-7,8342821
4.8153,2019-09-08 18:22:13.190167,336.0,208.0,336.0,336.0,216.0,216.0,216.0,206.0,,-7,8341887
4.8283,2019-09-08 18:22:13.211397,336.0,208.0,336.0,208.0,206.0,170.0,298.0,216.0,,-7,8342205
4.849,2019-09-08 18:22:13.228471,336.0,208.0,178.0,230.0,170.0,298.0,216.0,206.0,,-7,8342859
4.8685,2019-09-08 18:22:13.238790,336.0,208.0,180.0,228.0,216.0,206.0,170.0,298.0,,-7,8342333
4.8762,2019-09-08 18:22:13.251499,336.0,208.0,180.0,228.0,296.0,216.0,206.0,170.0,,-7,8342330
4.8883,2019-09-08 18:22:13.263806,336.0,208.0,180.0,228.0,216.0,208.0,170.0,296.0,,-7,8341278
4.9006,2019-09-08 18:22:13.279602,336.0,208.0,180.0,230.0,206.0,170.0,296.0,170.0,,-7,8341883
4.9164,2019-09-08 18:22:13.296101,336.0,208.0,336.0,208.0,296.0,296.0,218.0,208.0,,-7,8342039
4.9341,2019-09-08 18:22:13.313756,336.0,208.0,180.0,228.0,296.0,216.0,296.0,170.0,,-7,8342641
4.9515,2019-09-08 18:22:13.329034,336.0,208.0,180.0,228.0,208.0,170.0,296.0,218.0,,-7,8342430
4.9658,2019-09-08 18:22:13.340029,336.0,208.0,180.0,230.0,170.0,208.0,208.0,296.0,,-7,8342565
4.9774,2019-09-08 18:22:13.356559,336.0,208.0,178.0,230.0,170.0,296.0,218.0,208.0,,-7,8342299
4.9939,2019-09-08 18:22:13.370478,336.0,208.0,178.0,228.0,172.0,218.0,208.0,218.0,,-7,8342821
5.0079,2019-09-08 18:22:13.387507,336.0,208.0,178.0,230.0,294.0,218.0,208.0,170.0,,-7,8341807
5.0248,2019-09-08 18:22:13.403258,336.0,208.0,178.0,228.0,294.0,218.0,218.0,208.0,,-7,8342423
5.0404,2019-09-08 18:22:13.438045,336.0,208.0,178.0,228.0,218.0,208.0,170.0,294.0,,-7,8342330
5.0759,2019-09-08 18:22:13.446383,336.0,208.0,180.0,230.0,294.0,218.0,208.0,172.0,,-7,8342368
5.0844,2019-09-08 18:22:13.455993,336.0,208.0,180.0,230.0,172.0,218.0,210.0,208.0,,-7,8342544
5.0931,2019-09-08 18:22:13.468317,336.0,336.0,208.0,230.0,220.0,208.0,170.0,208.0,,-7,8342769
5.1054,2019-09-08 18:22:13.478305,336.0,208.0,180.0,228.0,172.0,294.0,218.0,208.0,,-7,8342140
5.1154,2019-09-08 18:22:13.495048,336.0,336.0,208.0,180.0,294.0,218.0,210.0,172.0,,-7,8342323
5.1322,2019-09-08 18:22:13.516004,336.0,208.0,180.0,230.0,172.0,294.0,218.0,208.0,,-7,8342233
5.1531,2019-09-08 18:22:13.532448,336.0,208.0,180.0,230.0,294.0,218.0,208.0,172.0,,-7,8342441
5.1696,2019-09-08 18:22:13.541114,336.0,208.0,178.0,230.0,294.0,220.0,172.0,170.0,,-7,8342243
5.1783,2019-09-08 18:22:13.554385,336.0,208.0,180.0,230.0,220.0,208.0,218.0,294.0,,-7,8342472
5.1915,2019-09-08 18:22:13.572548,208.0,208.0,180.0,228.0,294.0,170.0,172.0,218.0,,-7,8341773
5.2098,2019-09-08 18:22:13.587062,336.0,208.0,178.0,228.0,170.0,172.0,294.0,218.0,,-7,8342261
5.2241,2019-09-08 18:22:13.601782,336.0,208.0,180.0,230.0,208.0,172.0,294.0,218.0,,-7,8341859
5.2389,2019-09-08 18:22:13.619495,336.0,208.0,178.0,228.0,172.0,218.0,208.0,172.0,,-7,8341735
5.2566,2019-09-08 18:22:13.635549,336.0,208.0,178.0,230.0,294.0,218.0,208.0,208.0,,-7,8342133
5.2727,2019-09-08 18:22:13.649498,336.0,208.0,178.0,228.0,208.0,208.0,170.0,218.0,,-7,8342610
5.2866,2019-09-08 18:22:13.663734,336.0,208.0,180.0,228.0,170.0,172.0,294.0,208.0,,-7,8342340
5.3009,2019-09-08 18:22:13.679259,336.0,208.0,178.0,228.0,170.0,294.0,218.0,208.0,,-7,8342821
5.3163,2019-09-08 18:22:13.697912,336.0,208.0,178.0,228.0,172.0,294.0,218.0,208.0,,-7,8342794
5.3351,2019-09-08 18:22:13.710737,336.0,208.0,180.0,228.0,218.0,208.0,170.0,294.0,,-7,8343191
5.348,2019-09-08 18:22:13.736755,336.0,208.0,178.0,228.0,208.0,170.0,294.0,218.0,,-7,8341908
5.3739,2019-09-08 18:22:13.743412,336.0,208.0,178.0,228.0,170.0,294.0,208.0,208.0,,-7,8342046
5.3805,2019-09-08 18:22:13.757653,336.0,208.0,180.0,228.0,294.0,218.0,208.0,170.0,,-7,8342029
5.3949,2019-09-08 18:22:13.769964,336.0,208.0,178.0,228.0,172.0,208.0,170.0,208.0,,-7,8342465
5.4072,2019-09-08 18:22:13.804155,336.0,208.0,178.0,228.0,218.0,208.0,172.0,294.0,,-7,8341755
5.4412,2019-09-08 18:22:13.813854,336.0,336.0,208.0,180.0,218.0,208.0,294.0,208.0,,-7,8342468
5.451,2019-09-08 18:22:13.838519,336.0,208.0,180.0,178.0,170.0,294.0,218.0,208.0,,-7,8341811
5.4756,2019-09-08 18:22:13.845164,336.0,208.0,178.0,228.0,294.0,170.0,208.0,170.0,,-7,8342056
5.4823,2019-09-08 18:22:13.858971,336.0,336.0,178.0,228.0,208.0,170.0,294.0,218.0,,-7,8341925
5.4962,2019-09-08 18:22:13.867639,336.0,336.0,208.0,180.0,172.0,218.0,208.0,170.0,,-7,8342873
5.5047,2019-09-08 18:22:13.880019,336.0,336.0,180.0,228.0,172.0,294.0,218.0,208.0,,-7,8342271
5.5175,2019-09-08 18:22:13.898806,336.0,208.0,180.0,228.0,208.0,170.0,294.0,218.0,,-7,8342018
5.5361,2019-09-08 18:22:13.917410,336.0,208.0,336.0,208.0,208.0,172.0,208.0,218.0,,-7,8342406
5.5546,2019-09-08 18:22:13.950678,336.0,208.0,180.0,228.0,294.0,218.0,208.0,208.0,,-7,8342714
5.5878,2019-09-08 18:22:13.958298,336.0,208.0,180.0,228.0,172.0,208.0,170.0,296.0,,-7,8341700
5.5953,2019-09-08 18:22:13.964871,336.0,208.0,336.0,208.0,294.0,218.0,208.0,170.0,,-7,8342285
5.602,2019-09-08 18:22:13.975460,336.0,208.0,180.0,228.0,216.0,206.0,170.0,296.0,,-7,8341745
5.6126,2019-09-08 18:22:13.988949,336.0,208.0,178.0,230.0,208.0,170.0,294.0,218.0,,-7,8341714
5.626,2019-09-08 18:22:14.006358,336.0,208.0,180.0,228.0,208.0,218.0,218.0,208.0,,-7,8342963
5.6434,2019-09-08 18:22:14.020066,336.0,208.0,180.0,228.0,172.0,296.0,208.0,208.0,,-7,8342191
5.6572,2019-09-08 18:22:14.045363,336.0,206.0,336.0,228.0,296.0,218.0,206.0,170.0,,-7,8342257
5.6826,2019-09-08 18:22:14.052957,336.0,208.0,336.0,208.0,216.0,206.0,170.0,296.0,,-7,8342531
5.69,2019-09-08 18:22:14.071033,336.0,208.0,178.0,228.0,208.0,170.0,296.0,216.0,,-7,8342330
5.7081,2019-09-08 18:22:14.080776,336.0,208.0,178.0,228.0,172.0,296.0,206.0,206.0,,-7,8342029
5.7178,2019-09-08 18:22:14.102980,336.0,208.0,336.0,228.0,206.0,216.0,206.0,170.0,,-7,8342337
5.74,2019-09-08 18:22:14.112404,338.0,208.0,178.0,228.0,170.0,298.0,216.0,170.0,,-7,8342015
5.7495,2019-09-08 18:22:14.131972,338.0,206.0,178.0,228.0,298.0,216.0,206.0,170.0,,-7,8342434
5.769,2019-09-08 18:22:14.145863,338.0,208.0,178.0,228.0,298.0,206.0,170.0,296.0,,-7,8343171
5.783,2019-09-08 18:22:14.166287,338.0,208.0,338.0,208.0,216.0,206.0,170.0,298.0,,-7,8342150
5.8033,2019-09-08 18:22:14.177631,338.0,338.0,180.0,228.0,170.0,298.0,216.0,206.0,,-7,8343316
5.8146,2019-09-08 18:22:14.188649,336.0,338.0,178.0,228.0,172.0,298.0,216.0,206.0,,-7,8341811
5.8258,2019-09-08 18:22:14.208236,336.0,338.0,208.0,180.0,298.0,216.0,206.0,170.0,,-7,8343126
5.8454,2019-09-08 18:22:14.219438,338.0,208.0,208.0,178.0,206.0,170.0,298.0,216.0,,-7,8342333
5.8566,2019-09-08 18:22:14.264781,338.0,208.0,178.0,228.0,170.0,298.0,206.0,170.0,,-7,8342517
5.9016,2019-09-08 18:22:14.271386,338.0,208.0,180.0,228.0,216.0,216.0,298.0,172.0,,-7,8342333
5.9085,2019-09-08 18:22:14.283541,338.0,208.0,178.0,228.0,216.0,216.0,170.0,300.0,,-7,8342551
5.9207,2019-09-08 18:22:14.296277,338.0,208.0,180.0,228.0,216.0,216.0,216.0,206.0,,-7,8342569
5.9334,2019-09-08 18:22:14.318149,338.0,208.0,180.0,228.0,206.0,170.0,298.0,172.0,,-7,8342849
5.9552,2019-09-08 18:22:14.331839,338.0,208.0,180.0,228.0,300.0,216.0,206.0,170.0,,-7,8342382
5.969,2019-09-08 18:22:14.347594,338.0,208.0,178.0,228.0,300.0,216.0,206.0,170.0,,-7,8342925
5.9847,2019-09-08 18:22:14.365517,338.0,206.0,180.0,228.0,300.0,218.0,206.0,170.0,,-7,8342344
6.0027,2019-09-08 18:22:14.377673,338.0,206.0,178.0,228.0,170.0,216.0,206.0,300.0,,-7,8342506
6.0148,2019-09-08 18:22:14.391304,336.0,208.0,208.0,180.0,300.0,216.0,172.0,300.0,,-7,8342994
6.0284,2019-09-08 18:22:14.406851,338.0,208.0,178.0,228.0,206.0,170.0,300.0,206.0,,-7,8343105
6.0441,2019-09-08 18:22:14.421033,338.0,208.0,178.0,228.0,300.0,300.0,218.0,208.0,,-7,8342987
6.0583,2019-09-08 18:22:14.464702,338.0,208.0,178.0,228.0,300.0,216.0,172.0,170.0,,-7,8343783
6.1018,2019-09-08 18:22:14.474092,338.0,206.0,180.0,228.0,216.0,216.0,170.0,298.0,,-7,8342243
6.1114,2019-09-08 18:22:14.485858,338.0,208.0,180.0,228.0,206.0,170.0,298.0,216.0,,-7,8341762
6.1229,2019-09-08 18:22:14.497241,338.0,206.0,178.0,228.0,216.0,170.0,216.0,170.0,,-7,8342333
6.1345,2019-09-08 18:22:14.513394,338.0,208.0,178.0,228.0,172.0,298.0,216.0,206.0,,-7,8341994
6.1505,2019-09-08 18:22:14.528195,338.0,208.0,180.0,228.0,216.0,170.0,206.0,216.0,,-7,8341984
6.1655,2019-09-08 18:22:14.574594,338.0,206.0,178.0,228.0,206.0,216.0,206.0,216.0,,-7,8343250
6.2117,2019-09-08 18:22:14.581117,338.0,208.0,178.0,228.0,216.0,206.0,170.0,300.0,,-7,8342548
6.2181,2019-09-08 18:22:14.596389,340.0,206.0,178.0,228.0,206.0,170.0,300.0,216.0,,-7,8342669
6.2335,2019-09-08 18:22:14.614971,340.0,206.0,180.0,340.0,206.0,170.0,206.0,216.0,,-7,8342108
6.2521,2019-09-08 18:22:14.624185,340.0,206.0,180.0,206.0,300.0,300.0,206.0,172.0,,-7,8343205
6.261,2019-09-08 18:22:14.638503,340.0,208.0,178.0,228.0,170.0,206.0,170.0,170.0,,-7,8342614
6.2756,2019-09-08 18:22:14.662317,340.0,206.0,180.0,206.0,216.0,216.0,206.0,172.0,,-7,8342942
6.2994,2019-09-08 18:22:14.677962,340.0,206.0,178.0,206.0,300.0,216.0,206.0,170.0,,-7,8342119
6.3151,2019-09-08 18:22:14.689158,340.0,206.0,178.0,206.0,206.0,170.0,206.0,302.0,,-7,8342236
6.3264,2019-09-08 18:22:14.700500,340.0,206.0,340.0,340.0,216.0,170.0,302.0,218.0,,-7,8342185
6.3378,2019-09-08 18:22:14.720098,340.0,206.0,180.0,206.0,216.0,206.0,170.0,302.0,,-7,8342420
6.3573,2019-09-08 18:22:14.732965,340.0,206.0,178.0,206.0,216.0,206.0,208.0,304.0,,-7,8343489
6.3702,2019-09-08 18:22:14.760751,342.0,206.0,178.0,342.0,304.0,208.0,170.0,304.0,,-7,8342683
6.398,2019-09-08 18:22:14.770117,342.0,206.0,178.0,206.0,304.0,206.0,170.0,304.0,,-7,8342534
6.4073,2019-09-08 18:22:14.781097,342.0,206.0,178.0,206.0,216.0,206.0,170.0,206.0,,-7,8342652
6.4182,2019-09-08 18:22:14.794610,342.0,206.0,178.0,342.0,206.0,216.0,304.0,216.0,,-7,8342665
6.4319,2019-09-08 18:22:14.816112,342.0,206.0,180.0,226.0,170.0,304.0,216.0,206.0,,-7,8342261
6.4532,2019-09-08 18:22:14.834520,342.0,206.0,342.0,342.0,170.0,304.0,216.0,206.0,,-7,8343309
6.4716,2019-09-08 18:22:14.858196,342.0,206.0,178.0,342.0,306.0,214.0,206.0,170.0,,-7,8342859
6.4953,2019-09-08 18:22:14.865774,344.0,206.0,178.0,342.0,206.0,214.0,304.0,214.0,,-7,8342648
6.5029,2019-09-08 18:22:14.877375,344.0,344.0,178.0,226.0,206.0,170.0,206.0,170.0,,-7,8342537
6.5146,2019-09-08 18:22:14.912209,344.0,178.0,226.0,178.0,214.0,206.0,170.0,304.0,,-7,8342582
6.5494,2019-09-08 18:22:14.937069,344.0,344.0,206.0,178.0,170.0,206.0,170.0,306.0,,-7,8343191
6.5742,2019-09-08 18:22:14.977679,346.0,344.0,206.0,178.0,170.0,304.0,212.0,204.0,,-7,8343326
6.6148,2019-09-08 18:22:14.984277,348.0,206.0,206.0,178.0,170.0,304.0,212.0,204.0,,-7,8342742
6.6214,2019-09-08 18:22:15.000977,348.0,348.0,206.0,178.0,170.0,306.0,210.0,204.0,,-7,8343022
6.6383,2019-09-08 18:22:15.012508,348.0,350.0,206.0,178.0,306.0,304.0,210.0,170.0,,-7,8342309
6.6497,2019-09-08 18:22:15.032520,348.0,206.0,178.0,206.0,170.0,304.0,208.0,202.0,,-6,8342776
6.6698,2019-09-08 18:22:15.061951,348.0,206.0,180.0,226.0,170.0,304.0,208.0,202.0,,-6,8343503
6.6991,2019-09-08 18:22:15.093913,350.0,206.0,178.0,350.0,302.0,208.0,202.0,170.0,,-6,8343202
6.731,2019-09-08 18:22:15.100453,352.0,206.0,178.0,226.0,296.0,206.0,202.0,170.0,,-6,8343209
6.7376,2019-09-08 18:22:15.109480,352.0,204.0,180.0,352.0,294.0,206.0,202.0,170.0,,-6,8342783
6.7463,2019-09-08 18:22:15.127282,352.0,204.0,178.0,226.0,290.0,206.0,170.0,168.0,,-5,8343223
6.7644,2019-09-08 18:22:15.140446,352.0,204.0,178.0,224.0,204.0,200.0,170.0,170.0,,-5,8343614
6.7776,2019-09-08 18:22:15.176309,354.0,204.0,178.0,224.0,268.0,200.0,200.0,168.0,,-4,8343565
6.8135,2019-09-08 18:22:15.184356,354.0,206.0,178.0,224.0,264.0,200.0,198.0,168.0,,-4,8343856
6.8216,2019-09-08 18:22:15.195086,356.0,206.0,178.0,226.0,262.0,262.0,198.0,198.0,,-4,8343378
6.8323,2019-09-08 18:22:15.209155,224.0,226.0,178.0,224.0,168.0,258.0,198.0,168.0,,-4,8343935
6.8462,2019-09-08 18:22:15.225182,226.0,204.0,178.0,226.0,250.0,196.0,196.0,168.0,,-3,8344223
6.8623,2019-09-08 18:22:15.236413,178.0,226.0,178.0,224.0,242.0,194.0,194.0,168.0,,-2,8344451
6.8738,2019-09-08 18:22:15.278015,362.0,224.0,178.0,226.0,228.0,192.0,192.0,168.0,,-1,8344942
6.9151,2019-09-08 18:22:15.284700,366.0,204.0,178.0,226.0,214.0,188.0,190.0,166.0,,-1,8345918
6.9218,2019-09-08 18:22:15.392343,224.0,204.0,178.0,224.0,208.0,188.0,188.0,166.0,,4,8344980
7.0295,2019-09-08 18:22:15.398992,204.0,204.0,178.0,226.0,180.0,180.0,182.0,166.0,,5,8348846
7.036,2019-09-08 18:22:15.405548,226.0,202.0,178.0,226.0,178.0,176.0,180.0,176.0,,5,8349012
7.0426,2019-09-08 18:22:15.420712,428.0,202.0,178.0,226.0,178.0,166.0,180.0,166.0,,5,8349171
7.0578,2019-09-08 18:22:15.434935,436.0,226.0,178.0,226.0,180.0,166.0,180.0,174.0,,6,8349711
7.072,2019-09-08 18:22:15.453266,444.0,200.0,178.0,224.0,178.0,166.0,176.0,178.0,,6,8350946
7.0905,2019-09-08 18:22:15.470831,178.0,224.0,178.0,224.0,176.0,176.0,174.0,178.0,,7,8350472
7.108,2019-09-08 18:22:15.483673,454.0,200.0,456.0,224.0,174.0,174.0,174.0,178.0,,7,8352001
7.121,2019-09-08 18:22:15.490722,460.0,200.0,178.0,222.0,166.0,174.0,174.0,176.0,,7,8351596
7.1283,2019-09-08 18:22:15.508408,462.0,200.0,460.0,222.0,174.0,174.0,178.0,166.0,,8,8353157
7.1457,2019-09-08 18:22:15.520925,458.0,200.0,458.0,220.0,174.0,176.0,166.0,172.0,,8,8354396
7.1585,2019-09-08 18:22:15.542047,220.0,200.0,450.0,198.0,174.0,178.0,166.0,172.0,,8,8354949
7.1792,2019-09-08 18:22:15.556743,440.0,198.0,178.0,218.0,172.0,176.0,166.0,172.0,,8,8357039
7.1935,2019-09-08 18:22:15.576898,422.0,198.0,178.0,216.0,174.0,176.0,164.0,172.0,,8,8356981
7.2137,2019-09-08 18:22:15.616721,400.0,196.0,178.0,214.0,170.0,174.0,178.0,166.0,,8,8358801
7.2535,2019-09-08 18:22:15.645436,370.0,194.0,178.0,212.0,170.0,176.0,166.0,170.0,,6,8365808
7.2823,2019-09-08 18:22:15.690481,262.0,186.0,176.0,250.0,176.0,166.0,170.0,172.0,,5,8368105
7.3274,2019-09-08 18:22:15.697006,198.0,180.0,174.0,174.0,166.0,174.0,176.0,166.0,,5,8367413
7.3338,2019-09-08 18:22:15.722374,178.0,198.0,180.0,194.0,166.0,174.0,174.0,166.0,,5,8365244
7.3592,2019-09-08 18:22:15.729117,198.0,194.0,174.0,174.0,168.0,174.0,176.0,168.0,,5,8361060
7.3659,2019-09-08 18:22:15.746166,196.0,196.0,178.0,174.0,172.0,176.0,166.0,168.0,,4,8356226
7.383,2019-09-08 18:22:15.761405,196.0,174.0,194.0,194.0,168.0,174.0,178.0,166.0,,4,8352621
7.3983,2019-09-08 18:22:15.816385,194.0,180.0,174.0,194.0,176.0,178.0,176.0,166.0,,3,8343956
7.454,2019-09-08 18:22:15.826990,192.0,178.0,174.0,194.0,166.0,178.0,166.0,164.0,,2,8343216
7.4639,2019-09-08 18:22:15.839058,192.0,180.0,194.0,192.0,166.0,166.0,166.0,166.0,,2,8342987
7.4764,2019-09-08 18:22:15.851566,180.0,174.0,190.0,192.0,176.0,172.0,176.0,166.0,,2,8343119
7.4884,2019-09-08 18:22:15.950653,190.0,180.0,174.0,194.0,174.0,166.0,166.0,174.0,,0,8342821
7.5878,2019-09-08 18:22:15.961511,188.0,180.0,174.0,194.0,166.0,174.0,178.0,178.0,,0,8342499
7.5984,2019-09-08 18:22:15.995051,188.0,180.0,174.0,194.0,166.0,174.0,178.0,166.0,,0,8342655
7.6319,2019-09-08 18:22:16.015029,188.0,180.0,174.0,194.0,166.0,174.0,178.0,166.0,,0,8342285
7.6519,2019-09-08 18:22:16.028714,188.0,180.0,194.0,174.0,166.0,170.0,174.0,176.0,,1,8342451
7.6657,2019-09-08 18:22:16.035780,188.0,188.0,174.0,194.0,170.0,174.0,174.0,166.0,,1,8341814
7.6726,2019-09-08 18:22:16.052736,188.0,180.0,174.0,194.0,166.0,174.0,178.0,166.0,,1,8341787
7.6896,2019-09-08 18:22:16.064683,188.0,180.0,174.0,180.0,174.0,166.0,174.0,174.0,,1,8342212
7.7015,2019-09-08 18:22:16.099693,188.0,180.0,188.0,188.0,166.0,176.0,174.0,176.0,,2,8342143
7.7366,2019-09-08 18:22:16.106125,174.0,194.0,174.0,180.0,176.0,166.0,176.0,174.0,,2,8341911
7.743,2019-09-08 18:22:16.213799,188.0,180.0,174.0,192.0,174.0,174.0,178.0,166.0,,3,8341627
7.8509,2019-09-08 18:22:16.685687,210.0,180.0,212.0,178.0,174.0,178.0,166.0,186.0,,-1,8341340
8.3228,2019-09-08 18:22:16.703532,648.0,186.0,178.0,226.0,166.0,234.0,178.0,178.0,,-1,8342164
8.3406,2019-09-08 18:22:16.710183,656.0,188.0,176.0,228.0,256.0,178.0,178.0,166.0,,-1,8341818
8.3474,2019-09-08 18:22:16.721360,656.0,188.0,176.0,228.0,602.0,184.0,184.0,166.0,,-1,8342205
8.3586,2019-09-08 18:22:16.736806,650.0,188.0,176.0,228.0,182.0,166.0,602.0,182.0,,-1,8341181
8.3743,2019-09-08 18:22:16.750921,636.0,188.0,178.0,226.0,600.0,166.0,598.0,182.0,,-1,8341704
8.3881,2019-09-08 18:22:16.767881,610.0,188.0,176.0,224.0,166.0,166.0,600.0,182.0,,-1,8341870
8.405,2019-09-08 18:22:16.782550,562.0,186.0,176.0,220.0,166.0,600.0,182.0,188.0,,-1,8342662
8.4198,2019-09-08 18:22:16.819891,496.0,186.0,176.0,216.0,598.0,184.0,190.0,166.0,,-2,8341607
8.4571,2019-09-08 18:22:16.826666,186.0,176.0,212.0,212.0,598.0,184.0,166.0,596.0,,-2,8342762
8.4637,2019-09-08 18:22:16.835602,344.0,176.0,176.0,208.0,184.0,192.0,594.0,186.0,,-2,8341863
8.4727,2019-09-08 18:22:16.846556,280.0,184.0,176.0,206.0,186.0,192.0,166.0,594.0,,-2,8341129
8.4837,2019-09-08 18:22:16.863814,234.0,184.0,176.0,202.0,188.0,194.0,166.0,594.0,,-2,8342288
8.5011,2019-09-08 18:22:16.877543,204.0,182.0,176.0,202.0,196.0,166.0,166.0,188.0,,-2,8341465
8.5146,2019-09-08 18:22:16.890358,198.0,182.0,174.0,198.0,596.0,196.0,166.0,594.0,,-2,8341987
8.5276,2019-09-08 18:22:16.925868,198.0,180.0,174.0,198.0,190.0,196.0,166.0,590.0,,-2,8342832
8.563,2019-09-08 18:22:17.137515,198.0,180.0,174.0,198.0,190.0,196.0,166.0,584.0,,0,8359534
8.7747,2019-09-08 18:22:17.144173,192.0,178.0,174.0,192.0,166.0,198.0,192.0,198.0,,0,8360147
8.7814,2019-09-08 18:22:17.169400,190.0,178.0,174.0,192.0,182.0,176.0,186.0,166.0,,1,8361185
8.8066,2019-09-08 18:22:17.176515,192.0,178.0,174.0,192.0,166.0,166.0,180.0,176.0,,1,8360341
8.8136,2019-09-08 18:22:17.189394,192.0,178.0,174.0,192.0,184.0,176.0,184.0,176.0,,2,8359783
8.8265,2019-09-08 18:22:17.220210,190.0,180.0,174.0,190.0,180.0,166.0,180.0,176.0,,3,8354648
8.8574,2019-09-08 18:22:17.226947,190.0,178.0,174.0,190.0,178.0,166.0,178.0,176.0,,3,8354648
8.864,2019-09-08 18:22:17.233529,190.0,178.0,174.0,192.0,176.0,166.0,178.0,178.0,,3,8353264
8.8706,2019-09-08 18:22:17.251095,190.0,178.0,174.0,192.0,182.0,166.0,178.0,176.0,,4,8349749
8.8885,2019-09-08 18:22:17.262133,190.0,190.0,174.0,192.0,182.0,166.0,178.0,176.0,,4,8349399
8.8992,2019-09-08 18:22:17.277687,190.0,190.0,178.0,174.0,174.0,166.0,178.0,176.0,,5,8346596
8.9148,2019-09-08 18:22:17.337138,190.0,178.0,174.0,192.0,182.0,176.0,176.0,180.0,,8,8345309
8.9744,2019-09-08 18:22:17.343886,190.0,178.0,174.0,192.0,178.0,166.0,176.0,174.0,,8,8344980
8.981,2019-09-08 18:22:17.354300,188.0,178.0,174.0,192.0,178.0,174.0,178.0,166.0,,9,8345638
8.9914,2019-09-08 18:22:17.374027,190.0,178.0,174.0,192.0,176.0,178.0,166.0,178.0,,10,8346527
9.0114,2019-09-08 18:22:17.391400,190.0,178.0,174.0,192.0,174.0,178.0,166.0,176.0,,11,8347025
9.0282,2019-09-08 18:22:17.403286,190.0,178.0,174.0,192.0,178.0,166.0,166.0,176.0,,11,8348558
9.041,2019-09-08 18:22:17.424685,180.0,178.0,174.0,192.0,166.0,178.0,166.0,176.0,,12,8350430
9.0618,2019-09-08 18:22:17.433233,190.0,178.0,174.0,192.0,174.0,178.0,174.0,174.0,,12,8350645
9.0703,2019-09-08 18:22:17.446372,188.0,178.0,174.0,192.0,176.0,166.0,174.0,178.0,,12,8351721
9.0834,2019-09-08 18:22:17.462228,178.0,178.0,174.0,192.0,166.0,174.0,178.0,166.0,,12,8352109
9.0993,2019-09-08 18:22:17.480702,188.0,178.0,174.0,192.0,174.0,172.0,176.0,166.0,,11,8351939
9.118,2019-09-08 18:22:17.493905,188.0,178.0,174.0,192.0,174.0,174.0,176.0,166.0,,11,8352731
9.131,2019-09-08 18:22:17.511627,188.0,178.0,174.0,192.0,166.0,174.0,174.0,176.0,,11,8351112
9.1488,2019-09-08 18:22:17.530099,188.0,178.0,174.0,192.0,174.0,174.0,166.0,174.0,,11,8350877
9.1676,2019-09-08 18:22:17.540487,188.0,178.0,174.0,192.0,176.0,166.0,174.0,174.0,,11,8350576
9.1777,2019-09-08 18:22:17.553410,188.0,178.0,174.0,192.0,174.0,176.0,166.0,166.0,,10,8350794
9.1905,2019-09-08 18:22:17.570768,188.0,178.0,174.0,192.0,174.0,176.0,166.0,166.0,,10,8350039
9.2079,2019-09-08 18:22:17.585741,188.0,180.0,174.0,192.0,166.0,174.0,174.0,178.0,,10,8349804
9.2228,2019-09-08 18:22:17.600611,188.0,178.0,174.0,192.0,178.0,166.0,174.0,174.0,,10,8348942
9.2377,2019-09-08 18:22:17.614226,188.0,180.0,174.0,192.0,174.0,174.0,166.0,174.0,,10,8348987
9.2513,2019-09-08 18:22:17.632396,188.0,180.0,192.0,192.0,174.0,172.0,174.0,166.0,,10,8348320
9.2697,2019-09-08 18:22:17.646235,188.0,178.0,174.0,192.0,166.0,172.0,174.0,176.0,,10,8347704
9.2833,2019-09-08 18:22:17.660674,188.0,178.0,174.0,192.0,172.0,174.0,176.0,166.0,,10,8346320
9.2979,2019-09-08 18:22:17.703504,188.0,178.0,174.0,192.0,166.0,174.0,174.0,172.0,,10,8343375
9.3406,2019-09-08 18:22:17.945183,178.0,178.0,174.0,194.0,166.0,172.0,178.0,166.0,,6,8341579
9.5823,2019-09-08 18:22:17.951841,210.0,178.0,174.0,192.0,172.0,178.0,166.0,178.0,,6,8341759
9.5889,2019-09-08 18:22:17.976918,604.0,184.0,178.0,214.0,174.0,166.0,174.0,166.0,,6,8341492
9.6137,2019-09-08 18:22:18.043267,614.0,184.0,178.0,216.0,166.0,176.0,174.0,178.0,,7,8341852
9.6802,2019-09-08 18:22:18.055811,628.0,182.0,178.0,220.0,166.0,174.0,178.0,166.0,,8,8342018
9.6926,2019-09-08 18:22:18.072955,182.0,178.0,626.0,184.0,166.0,182.0,184.0,174.0,,8,8342122
9.7097,2019-09-08 18:22:18.101437,176.0,218.0,176.0,620.0,176.0,176.0,176.0,200.0,,8,8341932
9.7382,2019-09-08 18:22:18.114265,612.0,612.0,182.0,222.0,174.0,166.0,176.0,166.0,,8,8342243
9.751,2019-09-08 18:22:18.141940,604.0,182.0,178.0,224.0,166.0,220.0,176.0,176.0,,9,8342659
9.7789,2019-09-08 18:22:18.150988,598.0,184.0,178.0,228.0,166.0,176.0,178.0,178.0,,9,8341600
9.7878,2019-09-08 18:22:18.167300,590.0,184.0,178.0,184.0,166.0,226.0,176.0,178.0,,9,8341738
9.8042,2019-09-08 18:22:18.375860,582.0,184.0,236.0,178.0,464.0,198.0,182.0,166.0,,4,8341544
10.0126,2019-09-08 18:22:18.386182,252.0,188.0,540.0,188.0,474.0,200.0,478.0,166.0,,4,8341510
10.023,2019-09-08 18:22:18.392435,400.0,220.0,190.0,290.0,480.0,202.0,182.0,166.0,,4,8341970
10.0292,2019-09-08 18:22:18.406398,388.0,388.0,190.0,288.0,166.0,492.0,206.0,184.0,,4,8341766
10.0432,2019-09-08 18:22:18.419286,368.0,366.0,188.0,282.0,208.0,184.0,166.0,498.0,,3,8342371
10.0561,2019-09-08 18:22:18.432929,328.0,322.0,188.0,272.0,500.0,208.0,186.0,166.0,,3,8341877
10.0697,2019-09-08 18:22:18.611052,272.0,212.0,186.0,264.0,468.0,218.0,468.0,166.0,,0,8342133
10.2478,2019-09-08 18:22:18.620729,192.0,192.0,180.0,220.0,468.0,218.0,470.0,220.0,,0,8342434
10.2575,2019-09-08 18:22:18.645660,188.0,180.0,176.0,196.0,168.0,472.0,224.0,192.0,,-1,8342724
10.2824,2019-09-08 18:22:18.660118,190.0,180.0,174.0,196.0,224.0,192.0,168.0,168.0,,-1,8342548
10.2974,2019-09-08 18:22:18.682980,190.0,178.0,174.0,194.0,166.0,472.0,228.0,168.0,,-1,8342326
10.3198,2019-09-08 18:22:18.689495,190.0,180.0,174.0,194.0,228.0,228.0,196.0,168.0,,-1,8342742
10.3263,2019-09-08 18:22:18.702960,190.0,178.0,174.0,194.0,468.0,230.0,196.0,230.0,,-1,8342631
10.3397,2019-09-08 18:22:18.709163,190.0,178.0,174.0,194.0,464.0,230.0,196.0,168.0,,-1,8342510
10.3459,2019-09-08 18:22:18.722172,190.0,178.0,174.0,194.0,168.0,198.0,168.0,444.0,,-1,8342084
10.359,2019-09-08 18:22:18.747931,190.0,178.0,174.0,194.0,168.0,426.0,230.0,168.0,,-1,8343403
10.3847,2019-09-08 18:22:18.791179,190.0,178.0,174.0,194.0,200.0,168.0,230.0,200.0,,-2,8346285
10.428,2019-09-08 18:22:18.807112,178.0,174.0,194.0,194.0,278.0,272.0,226.0,200.0,,-2,8346669
10.4439,2019-09-08 18:22:18.813430,192.0,174.0,174.0,190.0,168.0,244.0,224.0,200.0,,-1,8347749
10.4502,2019-09-08 18:22:18.827640,190.0,178.0,174.0,190.0,168.0,222.0,200.0,168.0,,-1,8351199
10.4645,2019-09-08 18:22:18.840834,190.0,194.0,174.0,190.0,188.0,216.0,200.0,168.0,,0,8351064
10.4776,2019-09-08 18:22:18.857996,190.0,178.0,190.0,194.0,182.0,212.0,200.0,168.0,,1,8353167
10.4952,2019-09-08 18:22:18.867325,192.0,178.0,190.0,178.0,180.0,208.0,200.0,178.0,,2,8352596
10.5041,2019-09-08 18:22:18.879741,190.0,178.0,178.0,174.0,196.0,168.0,178.0,176.0,,3,8354648
10.517,2019-09-08 18:22:18.895480,190.0,178.0,174.0,194.0,176.0,168.0,190.0,188.0,,4,8354001
10.5324,2019-09-08 18:22:18.915712,190.0,178.0,190.0,178.0,174.0,186.0,184.0,168.0,,6,8354278
10.5525,2019-09-08 18:22:18.928599,188.0,178.0,190.0,178.0,184.0,180.0,180.0,174.0,,7,8353112
10.5656,2019-09-08 18:22:18.953275,190.0,188.0,178.0,178.0,182.0,180.0,172.0,172.0,,10,8352811
10.5904,2019-09-08 18:22:18.963482,188.0,178.0,174.0,188.0,178.0,172.0,178.0,178.0,,11,8351659
10.6003,2019-09-08 18:22:18.975636,188.0,178.0,174.0,194.0,178.0,178.0,178.0,178.0,,12,8352095
10.6126,2019-09-08 18:22:18.992671,188.0,178.0,174.0,188.0,178.0,166.0,172.0,178.0,,13,8349181
10.6295,2019-09-08 18:22:19.009342,188.0,178.0,174.0,192.0,166.0,172.0,178.0,178.0,,14,8348237
10.6461,2019-09-08 18:22:19.023375,188.0,178.0,174.0,194.0,178.0,178.0,166.0,172.0,,15,8346105
10.6603,2019-09-08 18:22:19.040137,188.0,178.0,174.0,194.0,176.0,166.0,172.0,178.0,,15,8344787
10.6772,2019-09-08 18:22:19.066190,186.0,178.0,174.0,194.0,172.0,176.0,166.0,172.0,,16,8344576
10.703,2019-09-08 18:22:19.072599,188.0,178.0,174.0,194.0,178.0,178.0,166.0,172.0,,16,8344538
10.7103,2019-09-08 18:22:19.086528,188.0,178.0,174.0,192.0,166.0,170.0,176.0,178.0,,16,8344122
10.7241,2019-09-08 18:22:19.101893,186.0,178.0,174.0,194.0,178.0,178.0,178.0,178.0,,16,8344250
10.7395,2019-09-08 18:22:19.117766,188.0,178.0,174.0,194.0,166.0,178.0,166.0,172.0,,16,8343963
10.7552,2019-09-08 18:22:19.128879,192.0,178.0,174.0,194.0,166.0,172.0,166.0,170.0,,16,8343676
10.766,2019-09-08 18:22:19.157136,186.0,178.0,174.0,192.0,176.0,178.0,166.0,166.0,,16,8345119
10.7949,2019-09-08 18:22:19.168369,186.0,178.0,174.0,192.0,166.0,172.0,176.0,178.0,,16,8344389
10.806,2019-09-08 18:22:19.178616,188.0,178.0,174.0,194.0,170.0,176.0,170.0,176.0,,16,8344015
10.8158,2019-09-08 18:22:19.191041,186.0,178.0,174.0,194.0,170.0,166.0,170.0,176.0,,16,8343551
10.8281,2019-09-08 18:22:19.207595,186.0,180.0,174.0,186.0,178.0,176.0,178.0,166.0,,15,8343870
10.8447,2019-09-08 18:22:19.225393,192.0,180.0,174.0,192.0,170.0,176.0,178.0,166.0,,15,8342510
10.8625,2019-09-08 18:22:19.236808,186.0,180.0,174.0,186.0,170.0,176.0,178.0,170.0,,15,8342378
10.8739,2019-09-08 18:22:19.312958,186.0,180.0,174.0,194.0,166.0,170.0,176.0,178.0,,13,8341520
10.95,2019-09-08 18:22:19.323871,186.0,178.0,174.0,194.0,166.0,166.0,178.0,176.0,,13,8341652
10.9618,2019-09-08 18:22:19.331635,186.0,186.0,174.0,194.0,166.0,176.0,178.0,166.0,,13,8342112
10.9695,2019-09-08 18:22:19.346337,186.0,180.0,174.0,194.0,168.0,176.0,178.0,166.0,,12,8341160
10.9839,2019-09-08 18:22:19.370151,186.0,180.0,174.0,194.0,168.0,176.0,178.0,166.0,,12,8340949
11.0079,2019-09-08 18:22:19.382010,186.0,180.0,174.0,194.0,168.0,178.0,166.0,176.0,,11,8341693
11.0197,2019-09-08 18:22:19.393938,186.0,178.0,174.0,194.0,178.0,176.0,178.0,166.0,,11,8342126
11.0313,2019-09-08 18:22:19.409543,186.0,178.0,174.0,194.0,176.0,168.0,176.0,178.0,,11,8341790
11.0474,2019-09-08 18:22:19.425585,186.0,186.0,180.0,174.0,176.0,166.0,176.0,178.0,,11,8341890
11.0635,2019-09-08 18:22:19.442782,196.0,178.0,174.0,194.0,168.0,176.0,178.0,166.0,,10,8342403
11.0802,2019-09-08 18:22:19.459170,216.0,178.0,174.0,194.0,168.0,174.0,178.0,166.0,,10,8341676
11.0964,2019-09-08 18:22:19.476142,256.0,178.0,174.0,194.0,176.0,178.0,166.0,166.0,,10,8341032
11.1134,2019-09-08 18:22:19.487091,302.0,178.0,174.0,196.0,176.0,166.0,168.0,176.0,,10,8341330
11.1244,2019-09-08 18:22:19.508251,358.0,180.0,174.0,196.0,164.0,166.0,166.0,176.0,,9,8341278
11.1459,2019-09-08 18:22:19.520367,422.0,180.0,174.0,198.0,178.0,178.0,166.0,174.0,,9,8341832
11.1585,2019-09-08 18:22:19.537218,498.0,180.0,176.0,200.0,168.0,176.0,166.0,166.0,,9,8340766
11.174,2019-09-08 18:22:19.547495,564.0,180.0,174.0,200.0,166.0,166.0,176.0,178.0,,8,8341967
11.1843,2019-09-08 18:22:19.572017,606.0,180.0,174.0,202.0,166.0,168.0,174.0,168.0,,8,8341385
11.2088,2019-09-08 18:22:19.584137,628.0,180.0,176.0,202.0,166.0,176.0,176.0,166.0,,8,8342012
11.2209,2019-09-08 18:22:19.598475,624.0,180.0,176.0,202.0,178.0,174.0,178.0,166.0,,8,8341624
11.2357,2019-09-08 18:22:19.610058,618.0,180.0,176.0,204.0,166.0,178.0,174.0,178.0,,7,8341520
11.2473,2019-09-08 18:22:19.623770,608.0,180.0,176.0,202.0,178.0,174.0,176.0,176.0,,7,8342614
11.261,2019-09-08 18:22:19.642921,600.0,180.0,176.0,202.0,174.0,174.0,178.0,166.0,,7,8341676
11.28,2019-09-08 18:22:19.659094,596.0,180.0,176.0,202.0,166.0,174.0,178.0,166.0,,7,8341402
11.2964,2019-09-08 18:22:19.684201,596.0,182.0,176.0,204.0,166.0,174.0,178.0,166.0,,7,8342690
11.3213,2019-09-08 18:22:19.695232,206.0,182.0,176.0,206.0,166.0,166.0,174.0,176.0,,6,8342271
11.3324,2019-09-08 18:22:19.713015,610.0,182.0,176.0,208.0,176.0,166.0,166.0,174.0,,6,8341461
11.3504,2019-09-08 18:22:19.737707,624.0,182.0,178.0,212.0,166.0,174.0,176.0,164.0,,6,8342067
11.3748,2019-09-08 18:22:19.751660,642.0,184.0,178.0,214.0,176.0,176.0,166.0,178.0,,6,8344569
11.3888,2019-09-08 18:22:19.783527,186.0,186.0,178.0,218.0,176.0,166.0,166.0,174.0,,4,8347164
11.4208,2019-09-08 18:22:19.794741,648.0,190.0,646.0,646.0,166.0,176.0,178.0,166.0,,4,8350264
11.432,2019-09-08 18:22:19.826892,636.0,192.0,180.0,634.0,166.0,176.0,178.0,174.0,,3,8356116
11.4641,2019-09-08 18:22:19.833616,626.0,194.0,180.0,224.0,166.0,176.0,166.0,166.0,,3,8357157
11.4711,2019-09-08 18:22:19.849374,226.0,196.0,182.0,226.0,166.0,174.0,178.0,176.0,,2,8359922
11.4865,2019-09-08 18:22:19.907725,226.0,226.0,182.0,226.0,166.0,174.0,178.0,178.0,,2,8371382
11.5448,2019-09-08 18:22:19.915926,182.0,200.0,182.0,232.0,174.0,174.0,178.0,194.0,,2,8371095
11.553,2019-09-08 18:22:19.987731,182.0,232.0,182.0,232.0,166.0,228.0,174.0,178.0,,3,8379289
11.6248,2019-09-08 18:22:20.001797,600.0,198.0,600.0,234.0,166.0,238.0,174.0,178.0,,3,8380784
11.6389,2019-09-08 18:22:20.010497,604.0,200.0,182.0,234.0,166.0,176.0,178.0,166.0,,3,8381068
11.6477,2019-09-08 18:22:20.022736,610.0,200.0,182.0,234.0,306.0,180.0,166.0,330.0,,3,8381005
11.6598,2019-09-08 18:22:20.140332,612.0,200.0,182.0,234.0,176.0,180.0,166.0,358.0,,3,8383725
11.7777,2019-09-08 18:22:20.147218,182.0,198.0,198.0,180.0,178.0,182.0,444.0,182.0,,2,8384684
11.7844,2019-09-08 18:22:20.164941,462.0,198.0,180.0,226.0,196.0,178.0,166.0,166.0,,2,8384628
11.802,2019-09-08 18:22:20.173185,380.0,196.0,180.0,222.0,532.0,200.0,178.0,536.0,,2,8384144
11.8103,2019-09-08 18:22:20.193115,296.0,194.0,178.0,218.0,200.0,178.0,166.0,542.0,,2,8383895
11.8302,2019-09-08 18:22:20.200300,232.0,192.0,178.0,216.0,202.0,178.0,166.0,546.0,,2,8383459
11.8375,2019-09-08 18:22:20.213712,200.0,192.0,198.0,212.0,178.0,166.0,550.0,206.0,,2,8383227
11.8508,2019-09-08 18:22:20.226598,196.0,190.0,208.0,192.0,166.0,550.0,208.0,178.0,,2,8380600
11.8637,2019-09-08 18:22:20.248532,194.0,178.0,206.0,204.0,548.0,208.0,178.0,166.0,,2,8378009
11.8856,2019-09-08 18:22:20.261550,192.0,176.0,186.0,190.0,542.0,212.0,178.0,166.0,,1,8374773
11.8987,2019-09-08 18:22:20.285010,190.0,176.0,190.0,176.0,540.0,212.0,178.0,166.0,,1,8372040
11.9222,2019-09-08 18:22:20.300781,180.0,176.0,188.0,196.0,214.0,178.0,166.0,538.0,,1,8365583
11.938,2019-09-08 18:22:20.311360,188.0,180.0,188.0,194.0,218.0,178.0,166.0,538.0,,0,8364957
11.9484,2019-09-08 18:22:20.326962,188.0,180.0,174.0,194.0,178.0,166.0,538.0,220.0,,0,8360652
11.964,2019-09-08 18:22:20.345648,188.0,174.0,180.0,194.0,178.0,166.0,178.0,220.0,,0,8357510
11.9827,2019-09-08 18:22:20.357992,188.0,174.0,194.0,194.0,166.0,538.0,220.0,178.0,,0,8355835
11.9951,2019-09-08 18:22:20.407653,188.0,174.0,194.0,194.0,532.0,220.0,166.0,532.0,,-1,8348849
12.0449,2019-09-08 18:22:20.414604,188.0,180.0,174.0,188.0,220.0,178.0,166.0,530.0,,-1,8347271
12.0517,2019-09-08 18:22:20.498684,188.0,194.0,174.0,192.0,180.0,234.0,492.0,234.0,,-2,8342991
12.1358,2019-09-08 18:22:20.505336,188.0,180.0,192.0,194.0,180.0,234.0,180.0,166.0,,-2,8342939
12.1424,2019-09-08 18:22:20.511887,180.0,186.0,180.0,194.0,476.0,234.0,468.0,234.0,,-1,8343050
12.1492,2019-09-08 18:22:20.524620,180.0,178.0,194.0,194.0,462.0,234.0,234.0,166.0,,-1,8342565
12.1618,2019-09-08 18:22:20.537954,174.0,180.0,174.0,192.0,180.0,168.0,182.0,168.0,,-1,8342582
12.175,2019-09-08 18:22:20.555252,188.0,180.0,174.0,192.0,182.0,168.0,320.0,168.0,,0,8342759
12.1925,2019-09-08 18:22:20.653335,186.0,194.0,174.0,194.0,178.0,178.0,176.0,166.0,,8,8346271
12.2904,2019-09-08 18:22:20.661245,186.0,180.0,186.0,180.0,178.0,178.0,174.0,178.0,,9,8347216
12.2986,2019-09-08 18:22:20.669724,186.0,180.0,176.0,192.0,178.0,178.0,166.0,174.0,,9,8348019
12.3069,2019-09-08 18:22:20.684233,186.0,180.0,180.0,192.0,176.0,166.0,174.0,176.0,,10,8348330
12.3214,2019-09-08 18:22:20.706186,186.0,186.0,174.0,174.0,176.0,178.0,166.0,166.0,,11,8347250
12.3433,2019-09-08 18:22:20.716532,186.0,178.0,174.0,174.0,176.0,178.0,166.0,174.0,,11,8346306
12.3537,2019-09-08 18:22:20.725571,186.0,174.0,192.0,186.0,178.0,166.0,174.0,176.0,,12,8344676
12.3627,2019-09-08 18:22:20.739387,186.0,186.0,180.0,194.0,166.0,172.0,176.0,166.0,,12,8343852
12.3765,2019-09-08 18:22:20.755517,180.0,174.0,192.0,192.0,178.0,176.0,178.0,176.0,,12,8342856
12.3926,2019-09-08 18:22:20.772644,174.0,186.0,174.0,192.0,176.0,178.0,166.0,172.0,,13,8343195
12.4098,2019-09-08 18:22:20.803815,186.0,180.0,174.0,192.0,172.0,176.0,178.0,170.0,,13,8343621
12.441,2019-09-08 18:22:20.814367,186.0,180.0,180.0,174.0,176.0,176.0,166.0,170.0,,12,8343804
12.4514,2019-09-08 18:22:20.860991,192.0,186.0,180.0,176.0,168.0,176.0,178.0,168.0,,12,8343638
12.4982,2019-09-08 18:22:20.872372,186.0,186.0,174.0,192.0,168.0,176.0,178.0,166.0,,11,8345268
12.5094,2019-09-08 18:22:20.909086,186.0,180.0,174.0,192.0,168.0,176.0,166.0,168.0,,10,8350039
12.5462,2019-09-08 18:22:20.916642,186.0,178.0,174.0,192.0,176.0,176.0,166.0,166.0,,10,8351102
12.5537,2019-09-08 18:22:20.928536,186.0,180.0,174.0,192.0,176.0,176.0,166.0,166.0,,9,8351527
12.5656,2019-09-08 18:22:20.941491,186.0,180.0,174.0,192.0,166.0,166.0,176.0,176.0,,9,8351565
12.5787,2019-09-08 18:22:20.962441,186.0,174.0,174.0,174.0,166.0,176.0,176.0,166.0,,8,8352320
12.5996,2019-09-08 18:22:20.980317,174.0,192.0,194.0,192.0,166.0,164.0,174.0,174.0,,7,8352621
12.6173,2019-09-08 18:22:21.011869,186.0,180.0,174.0,194.0,166.0,176.0,178.0,174.0,,6,8351347
12.6487,2019-09-08 18:22:21.018548,174.0,180.0,174.0,192.0,166.0,176.0,178.0,166.0,,5,8349742
12.6555,2019-09-08 18:22:21.029412,174.0,180.0,174.0,192.0,174.0,176.0,166.0,166.0,,5,8348929
12.6662,2019-09-08 18:22:21.044821,174.0,180.0,174.0,194.0,176.0,178.0,178.0,166.0,,4,8346835
12.6823,2019-09-08 18:22:21.062643,186.0,180.0,174.0,192.0,176.0,166.0,164.0,164.0,,4,8344932
12.6997,2019-09-08 18:22:21.077187,186.0,180.0,174.0,192.0,176.0,164.0,164.0,174.0,,3,8342880
12.714,2019-09-08 18:22:21.126713,186.0,180.0,174.0,192.0,166.0,176.0,174.0,176.0,,2,8342344
12.7635,2019-09-08 18:22:21.133035,174.0,180.0,174.0,192.0,174.0,178.0,166.0,172.0,,2,8341977
12.7698,2019-09-08 18:22:21.155969,178.0,180.0,174.0,192.0,166.0,166.0,178.0,174.0,,2,8342797
12.7928,2019-09-08 18:22:21.172824,194.0,180.0,174.0,194.0,166.0,184.0,178.0,166.0,,2,8341894
12.8097,2019-09-08 18:22:21.181991,186.0,180.0,186.0,194.0,174.0,178.0,178.0,194.0,,3,8342088
12.8188,2019-09-08 18:22:21.250312,186.0,180.0,174.0,194.0,166.0,236.0,182.0,166.0,,4,8341787
12.8872,2019-09-08 18:22:21.262452,188.0,178.0,174.0,192.0,240.0,244.0,184.0,180.0,,4,8342257
12.8992,2019-09-08 18:22:21.272614,196.0,180.0,174.0,192.0,250.0,186.0,182.0,166.0,,4,8341679
12.9094,2019-09-08 18:22:21.287199,206.0,180.0,174.0,192.0,192.0,192.0,280.0,192.0,,4,8341669
12.924,2019-09-08 18:22:21.314178,226.0,178.0,174.0,194.0,186.0,290.0,194.0,188.0,,3,8342219
12.951,2019-09-08 18:22:21.339421,250.0,180.0,174.0,180.0,166.0,306.0,166.0,188.0,,2,8341105
12.9762,2019-09-08 18:22:21.345695,180.0,272.0,174.0,194.0,194.0,168.0,380.0,168.0,,2,8341088
12.9825,2019-09-08 18:22:21.355939,306.0,312.0,174.0,196.0,386.0,208.0,194.0,168.0,,2,8341686
12.9927,2019-09-08 18:22:21.369042,358.0,364.0,180.0,204.0,210.0,210.0,196.0,168.0,,1,8341537
13.0058,2019-09-08 18:22:21.385793,436.0,206.0,178.0,206.0,426.0,214.0,430.0,214.0,,1,8341569
13.0226,2019-09-08 18:22:21.401053,178.0,504.0,178.0,208.0,216.0,198.0,168.0,216.0,,1,8341728
13.0378,2019-09-08 18:22:21.415957,530.0,192.0,180.0,212.0,444.0,168.0,448.0,168.0,,1,8341631
13.0528,2019-09-08 18:22:21.428360,214.0,192.0,180.0,180.0,458.0,458.0,220.0,200.0,,0,8341807
13.0652,2019-09-08 18:22:21.443327,544.0,196.0,182.0,220.0,474.0,168.0,476.0,222.0,,0,8340714
13.0801,2019-09-08 18:22:21.460458,548.0,548.0,184.0,224.0,200.0,170.0,482.0,222.0,,0,8341133
13.0974,2019-09-08 18:22:21.476794,556.0,200.0,184.0,558.0,170.0,486.0,220.0,202.0,,0,8340589
13.1136,2019-09-08 18:22:21.489772,562.0,202.0,186.0,562.0,202.0,220.0,222.0,202.0,,0,8341101
13.1265,2019-09-08 18:22:21.533876,562.0,562.0,186.0,562.0,168.0,492.0,168.0,202.0,,0,8341977
13.1708,2019-09-08 18:22:21.598548,558.0,206.0,188.0,186.0,506.0,170.0,508.0,168.0,,-1,8341513
13.2354,2019-09-08 18:22:21.617402,552.0,552.0,188.0,240.0,508.0,214.0,200.0,200.0,,-2,8341378
13.2542,2019-09-08 18:22:21.625148,544.0,214.0,190.0,242.0,200.0,200.0,168.0,508.0,,-2,8342299
13.2619,2019-09-08 18:22:21.639823,540.0,216.0,244.0,244.0,510.0,198.0,198.0,168.0,,-2,8342313
13.2766,2019-09-08 18:22:21.652974,218.0,192.0,248.0,534.0,512.0,168.0,512.0,210.0,,-2,8341434
13.2898,2019-09-08 18:22:21.668626,532.0,220.0,194.0,530.0,212.0,198.0,210.0,514.0,,-3,8341973
13.3054,2019-09-08 18:22:21.684353,194.0,252.0,194.0,224.0,516.0,210.0,198.0,168.0,,-3,8341444
13.3211,2019-09-08 18:22:21.699774,520.0,224.0,518.0,226.0,516.0,210.0,198.0,168.0,,-3,8341648
13.3366,2019-09-08 18:22:21.735947,516.0,228.0,198.0,226.0,514.0,210.0,198.0,168.0,,-4,8341399
13.3727,2019-09-08 18:22:21.742356,510.0,228.0,196.0,198.0,514.0,210.0,198.0,168.0,,-4,8341686
13.3791,2019-09-08 18:22:21.750699,502.0,230.0,198.0,228.0,210.0,200.0,514.0,212.0,,-4,8342084
13.3875,2019-09-08 18:22:21.795439,494.0,494.0,198.0,250.0,198.0,168.0,516.0,168.0,,-4,8342101
13.4322,2019-09-08 18:22:21.801713,480.0,480.0,248.0,246.0,508.0,168.0,506.0,212.0,,-4,8341399
13.4385,2019-09-08 18:22:21.821502,460.0,454.0,222.0,244.0,504.0,214.0,198.0,212.0,,-5,8342610
13.4583,2019-09-08 18:22:21.827746,424.0,218.0,192.0,242.0,494.0,212.0,198.0,490.0,,-5,8341396
13.4645,2019-09-08 18:22:21.843761,372.0,214.0,214.0,188.0,212.0,198.0,168.0,476.0,,-5,8342025
13.4805,2019-09-08 18:22:21.854867,300.0,294.0,186.0,234.0,212.0,198.0,168.0,464.0,,-5,8342074
13.4916,2019-09-08 18:22:21.876340,238.0,206.0,184.0,228.0,168.0,418.0,210.0,168.0,,-6,8342420
13.5131,2019-09-08 18:22:21.890870,202.0,202.0,200.0,222.0,168.0,366.0,204.0,194.0,,-6,8342105
13.5276,2019-09-08 18:22:21.904365,196.0,196.0,194.0,214.0,340.0,202.0,194.0,194.0,,-6,8342555
13.5411,2019-09-08 18:22:21.940422,194.0,192.0,208.0,190.0,226.0,192.0,192.0,166.0,,-4,8342949
13.5774,2019-09-08 18:22:21.949040,192.0,188.0,178.0,202.0,204.0,188.0,194.0,166.0,,-3,8342579
13.5858,2019-09-08 18:22:21.959122,192.0,184.0,178.0,200.0,188.0,194.0,166.0,184.0,,-2,8343624
13.5959,2019-09-08 18:22:21.973756,190.0,190.0,196.0,196.0,192.0,182.0,182.0,190.0,,-1,8345095
13.6105,2019-09-08 18:22:21.991114,190.0,176.0,196.0,194.0,180.0,190.0,166.0,166.0,,1,8348787
13.6279,2019-09-08 18:22:22.007696,190.0,180.0,174.0,194.0,178.0,182.0,176.0,178.0,,2,8351977
13.6445,2019-09-08 18:22:22.051983,176.0,194.0,176.0,194.0,180.0,166.0,178.0,176.0,,5,8354707
13.6888,2019-09-08 18:22:22.060355,174.0,194.0,174.0,194.0,176.0,174.0,176.0,166.0,,6,8355330
13.6974,2019-09-08 18:22:22.073120,180.0,178.0,194.0,194.0,178.0,174.0,178.0,174.0,,7,8357448
13.7099,2019-09-08 18:22:22.102261,190.0,174.0,174.0,194.0,174.0,166.0,174.0,174.0,,8,8357472
13.7391,2019-09-08 18:22:22.116491,190.0,194.0,190.0,180.0,178.0,166.0,174.0,174.0,,8,8357372
13.7532,2019-09-08 18:22:22.168839,190.0,194.0,180.0,176.0,174.0,176.0,174.0,176.0,,9,8349621
13.8058,2019-09-08 18:22:22.175270,190.0,178.0,176.0,194.0,178.0,166.0,172.0,174.0,,9,8347911
13.8121,2019-09-08 18:22:22.189185,190.0,178.0,174.0,194.0,176.0,166.0,172.0,174.0,,9,8347430
13.8261,2019-09-08 18:22:22.205645,190.0,180.0,174.0,194.0,176.0,166.0,174.0,178.0,,9,8346205
13.8425,2019-09-08 18:22:22.216767,190.0,180.0,174.0,194.0,166.0,174.0,176.0,166.0,,8,8345292
13.8535,2019-09-08 18:22:22.236821,190.0,178.0,190.0,180.0,172.0,174.0,178.0,166.0,,8,8344589
13.8738,2019-09-08 18:22:22.255937,190.0,180.0,174.0,192.0,172.0,174.0,176.0,166.0,,8,8343205
13.8928,2019-09-08 18:22:22.298714,190.0,174.0,192.0,192.0,170.0,170.0,176.0,178.0,,7,8341946
13.9355,2019-09-08 18:22:22.305087,188.0,180.0,174.0,194.0,168.0,166.0,176.0,174.0,,7,8341946
13.9419,2019-09-08 18:22:22.315465,188.0,178.0,174.0,192.0,178.0,174.0,168.0,176.0,,7,8342894
13.9523,2019-09-08 18:22:22.341333,174.0,188.0,174.0,194.0,168.0,176.0,176.0,166.0,,6,8342427
13.9781,2019-09-08 18:22:22.351660,188.0,180.0,174.0,192.0,176.0,174.0,166.0,166.0,,6,8343465
13.9885,2019-09-08 18:22:22.359145,188.0,188.0,178.0,174.0,166.0,178.0,166.0,166.0,,6,8341956
13.9961,2019-09-08 18:22:22.375057,188.0,178.0,180.0,174.0,166.0,166.0,166.0,176.0,,5,8343136
14.0118,2019-09-08 18:22:22.395245,188.0,188.0,178.0,174.0,166.0,166.0,174.0,178.0,,4,8342347
14.0321,2019-09-08 18:22:22.408496,188.0,180.0,174.0,192.0,166.0,166.0,176.0,174.0,,4,8342804
14.0453,2019-09-08 18:22:22.478739,186.0,180.0,174.0,188.0,164.0,166.0,174.0,166.0,,1,8342067
14.1156,2019-09-08 18:22:22.515142,186.0,186.0,180.0,180.0,166.0,166.0,176.0,178.0,,0,8342067
14.1521,2019-09-08 18:22:22.521587,186.0,178.0,180.0,174.0,166.0,178.0,174.0,178.0,,0,8342306
14.1592,2019-09-08 18:22:22.556294,186.0,180.0,174.0,194.0,174.0,166.0,174.0,174.0,,-1,8341922
14.1931,2019-09-08 18:22:22.584608,180.0,174.0,194.0,192.0,176.0,178.0,166.0,178.0,,-1,8342659
14.2214,2019-09-08 18:22:22.590842,186.0,192.0,174.0,186.0,182.0,174.0,178.0,166.0,,-1,8342697
14.2276,2019-09-08 18:22:22.613008,186.0,174.0,186.0,180.0,174.0,166.0,166.0,196.0,,0,8342780
14.2499,2019-09-08 18:22:22.625105,184.0,180.0,192.0,180.0,198.0,174.0,202.0,166.0,,1,8343302
14.2621,2019-09-08 18:22:22.685622,184.0,192.0,174.0,194.0,260.0,166.0,264.0,178.0,,2,8347365
14.3225,2019-09-08 18:22:22.692066,196.0,178.0,176.0,194.0,166.0,178.0,180.0,178.0,,2,8348956
14.3289,2019-09-08 18:22:22.702708,212.0,180.0,174.0,194.0,184.0,178.0,166.0,284.0,,2,8350541
14.3398,2019-09-08 18:22:22.716909,244.0,180.0,174.0,180.0,186.0,178.0,178.0,166.0,,2,8353029
14.3538,2019-09-08 18:22:22.761585,304.0,178.0,174.0,196.0,196.0,182.0,166.0,166.0,,2,8351745
14.3984,2019-09-08 18:22:22.767822,470.0,180.0,176.0,206.0,196.0,184.0,166.0,370.0,,1,8351327
14.4046,2019-09-08 18:22:22.778517,520.0,182.0,176.0,208.0,198.0,376.0,198.0,382.0,,1,8351493
14.4153,2019-09-08 18:22:22.792043,210.0,182.0,178.0,212.0,200.0,184.0,166.0,184.0,,1,8351295
14.4289,2019-09-08 18:22:22.807033,564.0,184.0,178.0,214.0,414.0,202.0,202.0,166.0,,0,8351448
14.4444,2019-09-08 18:22:22.823285,588.0,186.0,178.0,216.0,188.0,166.0,448.0,168.0,,0,8351925
14.4602,2019-09-08 18:22:22.844265,604.0,188.0,180.0,218.0,204.0,188.0,168.0,462.0,,0,8352458
14.4811,2019-09-08 18:22:22.877580,612.0,190.0,182.0,218.0,206.0,188.0,168.0,472.0,,-1,8349219
14.5144,2019-09-08 18:22:22.885907,614.0,192.0,180.0,220.0,502.0,208.0,190.0,168.0,,-1,8349915
14.5227,2019-09-08 18:22:22.894475,612.0,194.0,182.0,220.0,508.0,192.0,168.0,512.0,,-1,8348794
14.5313,2019-09-08 18:22:22.907419,610.0,194.0,182.0,222.0,168.0,208.0,192.0,168.0,,-1,8348562
14.5443,2019-09-08 18:22:22.917487,606.0,198.0,182.0,222.0,192.0,210.0,192.0,168.0,,-1,8348091
14.5544,2019-09-08 18:22:22.931980,598.0,198.0,184.0,224.0,168.0,516.0,168.0,192.0,,-2,8347233
14.5689,2019-09-08 18:22:22.956016,592.0,200.0,184.0,226.0,194.0,168.0,514.0,210.0,,-2,8346434
14.5928,2019-09-08 18:22:22.972977,588.0,200.0,184.0,226.0,194.0,210.0,512.0,210.0,,-2,8346700
14.6098,2019-09-08 18:22:22.979215,584.0,200.0,186.0,228.0,168.0,194.0,212.0,168.0,,-2,8346295
14.616,2019-09-08 18:22:23.017378,584.0,200.0,184.0,228.0,168.0,214.0,212.0,198.0,,-3,8345977
14.6542,2019-09-08 18:22:23.025294,582.0,186.0,232.0,232.0,168.0,492.0,214.0,494.0,,-3,8346458
14.6621,2019-09-08 18:22:23.040680,202.0,186.0,232.0,232.0,198.0,168.0,492.0,212.0,,-3,8346915
14.6775,2019-09-08 18:22:23.055203,202.0,186.0,232.0,234.0,200.0,214.0,492.0,214.0,,-4,8347240
14.692,2019-09-08 18:22:23.066204,204.0,186.0,234.0,234.0,168.0,492.0,216.0,202.0,,-4,8346717
14.703,2019-09-08 18:22:23.083067,204.0,186.0,236.0,236.0,168.0,492.0,216.0,202.0,,-4,8347538
14.7199,2019-09-08 18:22:23.096916,578.0,204.0,186.0,236.0,490.0,218.0,170.0,168.0,,-5,8347970
14.7337,2019-09-08 18:22:23.116746,578.0,204.0,186.0,236.0,484.0,206.0,170.0,482.0,,-5,8348645
14.7535,2019-09-08 18:22:23.130007,578.0,206.0,186.0,236.0,222.0,208.0,480.0,222.0,,-5,8347967
14.7669,2019-09-08 18:22:23.151217,578.0,206.0,186.0,238.0,208.0,170.0,208.0,224.0,,-5,8348728
14.788,2019-09-08 18:22:23.168348,578.0,206.0,188.0,240.0,212.0,170.0,468.0,170.0,,-6,8349621
14.8052,2019-09-08 18:22:23.174654,570.0,208.0,186.0,242.0,170.0,226.0,228.0,214.0,,-6,8349825
14.8116,2019-09-08 18:22:23.192461,210.0,188.0,246.0,246.0,170.0,230.0,230.0,216.0,,-6,8350669
14.8292,2019-09-08 18:22:23.205043,550.0,214.0,190.0,250.0,172.0,234.0,220.0,220.0,,-6,8350444
14.8418,2019-09-08 18:22:23.218812,536.0,214.0,190.0,254.0,412.0,236.0,222.0,172.0,,-6,8350773
14.8556,2019-09-08 18:22:23.235383,518.0,216.0,190.0,256.0,400.0,224.0,224.0,172.0,,-6,8352022
14.8721,2019-09-08 18:22:23.263230,500.0,216.0,190.0,258.0,224.0,240.0,224.0,172.0,,-5,8352551
14.9,2019-09-08 18:22:23.271622,478.0,218.0,192.0,262.0,310.0,238.0,224.0,172.0,,-5,8352462
14.9084,2019-09-08 18:22:23.284290,220.0,192.0,264.0,264.0,224.0,172.0,274.0,234.0,,-4,8352987
14.9211,2019-09-08 18:22:23.305601,222.0,192.0,268.0,268.0,238.0,230.0,222.0,172.0,,-3,8353763
14.9424,2019-09-08 18:22:23.314609,224.0,192.0,270.0,270.0,222.0,172.0,220.0,172.0,,-2,8354648
14.9514,2019-09-08 18:22:23.327000,294.0,192.0,192.0,272.0,220.0,172.0,186.0,218.0,,-1,8355340
14.9638,2019-09-08 18:22:23.342389,224.0,192.0,270.0,270.0,204.0,214.0,172.0,178.0,,-1,8356382
14.9793,2019-09-08 18:22:23.365852,198.0,224.0,190.0,264.0,172.0,176.0,176.0,202.0,,1,8357257
15.0026,2019-09-08 18:22:23.372065,194.0,218.0,190.0,252.0,176.0,188.0,196.0,196.0,,3,8357192
15.0088,2019-09-08 18:22:23.387153,192.0,210.0,188.0,236.0,174.0,184.0,188.0,168.0,,4,8358074
15.0239,2019-09-08 18:22:23.408088,190.0,200.0,186.0,222.0,172.0,180.0,180.0,168.0,,7,8357648
15.0449,2019-09-08 18:22:23.424513,188.0,192.0,184.0,212.0,172.0,178.0,178.0,166.0,,10,8356887
15.0613,2019-09-08 18:22:23.434035,188.0,186.0,180.0,206.0,178.0,178.0,166.0,172.0,,11,8357071
15.0708,2019-09-08 18:22:23.507373,188.0,180.0,174.0,196.0,178.0,166.0,172.0,176.0,,14,8349600
15.1444,2019-09-08 18:22:23.571198,188.0,180.0,196.0,196.0,178.0,166.0,172.0,176.0,,14,8347019
15.2083,2019-09-08 18:22:23.578138,186.0,180.0,174.0,196.0,170.0,176.0,176.0,178.0,,14,8345731
15.215,2019-09-08 18:22:23.597620,186.0,180.0,174.0,194.0,170.0,178.0,178.0,170.0,,13,8343825
15.2351,2019-09-08 18:22:23.613136,186.0,180.0,174.0,194.0,176.0,176.0,170.0,166.0,,13,8344572
15.25,2019-09-08 18:22:23.629478,186.0,180.0,174.0,194.0,166.0,168.0,176.0,178.0,,12,8342939
15.2671,2019-09-08 18:22:23.643215,186.0,180.0,174.0,194.0,178.0,176.0,178.0,166.0,,11,8342928
15.2801,2019-09-08 18:22:23.660717,188.0,178.0,174.0,194.0,168.0,176.0,176.0,178.0,,11,8343603
15.2976,2019-09-08 18:22:23.676955,188.0,180.0,174.0,194.0,166.0,176.0,176.0,178.0,,10,8343070
15.3138,2019-09-08 18:22:23.686011,186.0,180.0,174.0,194.0,176.0,178.0,166.0,168.0,,10,8342946
15.3229,2019-09-08 18:22:23.699965,186.0,180.0,174.0,194.0,168.0,178.0,166.0,168.0,,9,8342621
15.3369,2019-09-08 18:22:23.712870,194.0,180.0,176.0,194.0,168.0,178.0,178.0,166.0,,9,8341735
15.3498,2019-09-08 18:22:23.727882,186.0,180.0,176.0,194.0,166.0,166.0,176.0,178.0,,8,8342607
15.3647,2019-09-08 18:22:23.745677,186.0,180.0,174.0,194.0,166.0,166.0,176.0,166.0,,7,8341603
15.3826,2019-09-08 18:22:23.772788,186.0,180.0,174.0,194.0,166.0,166.0,166.0,166.0,,6,8341766
15.4096,2019-09-08 18:22:23.810636,186.0,180.0,176.0,194.0,176.0,178.0,166.0,166.0,,4,8341510
15.4474,2019-09-08 18:22:23.823699,186.0,180.0,176.0,194.0,166.0,176.0,178.0,166.0,,4,8341967
15.4605,2019-09-08 18:22:23.829961,184.0,180.0,174.0,194.0,168.0,176.0,178.0,178.0,,3,8340603
15.4668,2019-09-08 18:22:23.838755,186.0,180.0,174.0,194.0,176.0,166.0,176.0,178.0,,3,8340825
15.4756,2019-09-08 18:22:23.853813,184.0,180.0,174.0,194.0,178.0,176.0,178.0,166.0,,3,8340814
15.4906,2019-09-08 18:22:23.878547,184.0,180.0,174.0,194.0,178.0,166.0,178.0,176.0,,2,8340946
15.5153,2019-09-08 18:22:23.885118,184.0,180.0,174.0,194.0,170.0,166.0,178.0,166.0,,2,8341690
15.5219,2019-09-08 18:22:23.896123,180.0,174.0,194.0,194.0,170.0,172.0,166.0,172.0,,2,8341496
15.5329,2019-09-08 18:22:23.911657,184.0,180.0,174.0,194.0,172.0,178.0,178.0,172.0,,2,8340769
15.5485,2019-09-08 18:22:23.938100,184.0,180.0,174.0,194.0,172.0,176.0,166.0,174.0,,2,8341665
15.5751,2019-09-08 18:22:23.954407,184.0,180.0,174.0,194.0,174.0,178.0,166.0,174.0,,2,8341807
15.5912,2019-09-08 18:22:23.963226,184.0,180.0,174.0,194.0,176.0,178.0,178.0,174.0,,2,8341783
15.6002,2019-09-08 18:22:24.011621,184.0,174.0,194.0,194.0,174.0,178.0,166.0,174.0,,2,8341728
15.6484,2019-09-08 18:22:24.017946,184.0,178.0,174.0,194.0,178.0,178.0,166.0,194.0,,2,8341939
15.6548,2019-09-08 18:22:24.037025,184.0,178.0,176.0,194.0,222.0,178.0,166.0,236.0,,1,8342243
15.674,2019-09-08 18:22:24.050374,184.0,180.0,174.0,194.0,178.0,166.0,178.0,176.0,,1,8342704
15.6873,2019-09-08 18:22:24.068574,184.0,180.0,174.0,194.0,178.0,176.0,178.0,178.0,,1,8342012
15.7053,2019-09-08 18:22:24.086001,186.0,180.0,176.0,192.0,312.0,180.0,178.0,166.0,,1,8343932
15.7228,2019-09-08 18:22:24.094838,192.0,180.0,194.0,194.0,324.0,178.0,166.0,330.0,,1,8344302
15.7316,2019-09-08 18:22:24.109633,208.0,180.0,174.0,194.0,178.0,166.0,348.0,188.0,,1,8343451
15.7474,2019-09-08 18:22:24.123959,234.0,180.0,174.0,194.0,166.0,166.0,180.0,194.0,,1,8343911
15.7607,2019-09-08 18:22:24.141920,278.0,180.0,174.0,196.0,378.0,166.0,386.0,180.0,,2,8344340
15.7787,2019-09-08 18:22:24.167201,340.0,180.0,174.0,196.0,198.0,200.0,182.0,166.0,,1,8344932
15.804,2019-09-08 18:22:24.203391,460.0,182.0,176.0,208.0,474.0,184.0,166.0,478.0,,1,8345634
15.8402,2019-09-08 18:22:24.215254,488.0,178.0,212.0,212.0,184.0,166.0,486.0,206.0,,0,8344773
15.8521,2019-09-08 18:22:24.221604,510.0,178.0,216.0,216.0,166.0,490.0,208.0,186.0,,0,8345285
15.8585,2019-09-08 18:22:24.236651,186.0,178.0,218.0,218.0,166.0,208.0,186.0,186.0,,0,8344538
15.8737,2019-09-08 18:22:24.247437,188.0,180.0,222.0,222.0,210.0,186.0,188.0,510.0,,0,8342849
15.8843,2019-09-08 18:22:24.263038,542.0,180.0,224.0,224.0,212.0,188.0,166.0,514.0,,0,8342451
15.8999,2019-09-08 18:22:24.287729,190.0,180.0,228.0,228.0,514.0,212.0,190.0,168.0,,-1,8341451
15.9246,2019-09-08 18:22:24.312530,550.0,192.0,182.0,232.0,168.0,514.0,190.0,214.0,,-1,8342403
15.9505,2019-09-08 18:22:24.320105,550.0,194.0,184.0,236.0,168.0,510.0,214.0,192.0,,-1,8342409
15.9571,2019-09-08 18:22:24.335055,548.0,196.0,184.0,240.0,510.0,214.0,192.0,168.0,,-1,8342409
15.9723,2019-09-08 18:22:24.346601,542.0,198.0,184.0,540.0,214.0,192.0,168.0,506.0,,-2,8342212
15.9835,2019-09-08 18:22:24.356419,534.0,200.0,186.0,530.0,194.0,168.0,194.0,168.0,,-2,8342669
15.9935,2019-09-08 18:22:24.441185,246.0,202.0,186.0,246.0,194.0,168.0,216.0,194.0,,-4,8342987
16.0781,2019-09-08 18:22:24.451585,512.0,204.0,188.0,248.0,196.0,196.0,196.0,216.0,,-4,8343652
16.0884,2019-09-08 18:22:24.458217,512.0,206.0,188.0,248.0,196.0,198.0,168.0,216.0,,-4,8344866
16.0951,2019-09-08 18:22:24.471281,516.0,206.0,188.0,246.0,168.0,490.0,198.0,198.0,,-4,8345365
16.1081,2019-09-08 18:22:24.489576,522.0,204.0,188.0,246.0,198.0,170.0,490.0,168.0,,-5,8345967
16.1264,2019-09-08 18:22:24.502993,528.0,204.0,188.0,246.0,490.0,216.0,198.0,168.0,,-5,8346738
16.1398,2019-09-08 18:22:24.513188,534.0,204.0,188.0,244.0,488.0,218.0,200.0,170.0,,-5,8346634
16.15,2019-09-08 18:22:24.528655,538.0,204.0,188.0,244.0,168.0,170.0,488.0,220.0,,-5,8347465
16.1654,2019-09-08 18:22:24.547360,542.0,204.0,188.0,244.0,170.0,220.0,220.0,220.0,,-6,8347406
16.1841,2019-09-08 18:22:24.555247,244.0,206.0,188.0,246.0,204.0,170.0,484.0,168.0,,-6,8349243
16.1921,2019-09-08 18:22:24.570102,248.0,206.0,190.0,248.0,480.0,222.0,222.0,204.0,,-6,8348693
16.2071,2019-09-08 18:22:24.594912,250.0,208.0,188.0,252.0,470.0,222.0,204.0,168.0,,-7,8349133
16.2317,2019-09-08 18:22:24.604082,532.0,210.0,190.0,256.0,462.0,222.0,170.0,456.0,,-7,8350555
16.2409,2019-09-08 18:22:24.616408,516.0,214.0,192.0,260.0,204.0,168.0,202.0,220.0,,-7,8349998
16.2532,2019-09-08 18:22:24.632336,498.0,216.0,192.0,264.0,168.0,414.0,218.0,202.0,,-7,8349877
16.2692,2019-09-08 18:22:24.647615,478.0,216.0,192.0,268.0,380.0,372.0,214.0,202.0,,-7,8350237
16.2849,2019-09-08 18:22:24.661683,450.0,218.0,192.0,270.0,350.0,214.0,202.0,168.0,,-6,8350188
16.2988,2019-09-08 18:22:24.694855,272.0,220.0,192.0,274.0,206.0,202.0,168.0,222.0,,-4,8349752
16.332,2019-09-08 18:22:24.702571,372.0,222.0,192.0,274.0,202.0,200.0,202.0,196.0,,-3,8348849
16.3397,2019-09-08 18:22:24.715680,326.0,224.0,192.0,276.0,180.0,168.0,190.0,200.0,,-2,8349115
16.3529,2019-09-08 18:22:24.726951,226.0,224.0,190.0,276.0,200.0,168.0,180.0,198.0,,0,8349711
16.364,2019-09-08 18:22:24.739847,222.0,222.0,188.0,272.0,168.0,178.0,194.0,192.0,,1,8348496
16.377,2019-09-08 18:22:24.756605,196.0,220.0,186.0,262.0,178.0,180.0,184.0,166.0,,4,8349572
16.3937,2019-09-08 18:22:24.797400,192.0,214.0,186.0,192.0,178.0,180.0,166.0,176.0,,5,8350323
16.4345,2019-09-08 18:22:24.831987,186.0,236.0,184.0,190.0,176.0,178.0,166.0,176.0,,9,8348718
16.4691,2019-09-08 18:22:24.838623,186.0,188.0,186.0,180.0,178.0,166.0,174.0,176.0,,10,8348617
16.4759,2019-09-08 18:22:24.855289,186.0,184.0,178.0,202.0,174.0,166.0,172.0,176.0,,11,8348288
16.4924,2019-09-08 18:22:24.866132,186.0,182.0,176.0,200.0,166.0,172.0,166.0,172.0,,11,8346801
16.5034,2019-09-08 18:22:24.893845,186.0,180.0,176.0,198.0,176.0,178.0,166.0,172.0,,11,8346825
16.5312,2019-09-08 18:22:24.900701,186.0,180.0,176.0,196.0,178.0,174.0,172.0,176.0,,11,8346918
16.5379,2019-09-08 18:22:24.918444,186.0,180.0,176.0,196.0,172.0,166.0,172.0,176.0,,12,8346340
16.5556,2019-09-08 18:22:24.930995,186.0,180.0,174.0,196.0,166.0,174.0,178.0,176.0,,12,8347077
16.5681,2019-09-08 18:22:24.945284,186.0,180.0,174.0,194.0,176.0,174.0,178.0,178.0,,12,8347693
16.5824,2019-09-08 18:22:24.962542,186.0,180.0,174.0,194.0,178.0,166.0,178.0,166.0,,12,8346562
16.5996,2019-09-08 18:22:24.974981,186.0,180.0,174.0,194.0,178.0,166.0,170.0,170.0,,11,8347181
16.6121,2019-09-08 18:22:25.002476,186.0,180.0,176.0,194.0,166.0,170.0,174.0,178.0,,11,8348133
16.6395,2019-09-08 18:22:25.008997,186.0,180.0,174.0,194.0,170.0,166.0,170.0,176.0,,10,8346351
16.6461,2019-09-08 18:22:25.022509,186.0,180.0,174.0,194.0,166.0,170.0,166.0,170.0,,10,8344489
16.6598,2019-09-08 18:22:25.036029,186.0,180.0,174.0,194.0,170.0,176.0,178.0,178.0,,10,8343337
16.6732,2019-09-08 18:22:25.053621,184.0,180.0,174.0,194.0,176.0,168.0,178.0,178.0,,8,8343157
16.6912,2019-09-08 18:22:25.067887,180.0,180.0,174.0,194.0,176.0,174.0,174.0,178.0,,8,8342558
16.7056,2019-09-08 18:22:25.083600,186.0,180.0,174.0,194.0,178.0,166.0,166.0,176.0,,7,8342956
16.7215,2019-09-08 18:22:25.104545,184.0,180.0,174.0,194.0,176.0,176.0,166.0,166.0,,6,8343486
16.7422,2019-09-08 18:22:25.125509,186.0,180.0,174.0,194.0,178.0,166.0,166.0,166.0,,5,8342115
16.7626,2019-09-08 18:22:25.132146,186.0,180.0,174.0,194.0,166.0,176.0,178.0,166.0,,5,8343292
16.7693,2019-09-08 18:22:25.146973,186.0,180.0,174.0,194.0,166.0,166.0,178.0,166.0,,5,8343012
16.7845,2019-09-08 18:22:25.167782,186.0,180.0,174.0,194.0,176.0,168.0,176.0,178.0,,4,8343866
16.8046,2019-09-08 18:22:25.178425,186.0,174.0,176.0,194.0,176.0,168.0,176.0,166.0,,3,8342648
16.8152,2019-09-08 18:22:25.191357,186.0,180.0,174.0,184.0,178.0,176.0,178.0,166.0,,3,8343295
16.8281,2019-09-08 18:22:25.209552,184.0,180.0,174.0,194.0,168.0,168.0,178.0,168.0,,3,8342454
16.8465,2019-09-08 18:22:25.327794,184.0,180.0,174.0,174.0,182.0,176.0,184.0,176.0,,3,8342122
16.9646,2019-09-08 18:22:25.337329,184.0,184.0,184.0,194.0,176.0,178.0,166.0,186.0,,3,8342755
16.9741,2019-09-08 18:22:25.350652,184.0,180.0,182.0,194.0,188.0,176.0,178.0,166.0,,3,8343572
16.988,2019-09-08 18:22:25.369638,182.0,180.0,174.0,194.0,196.0,178.0,166.0,204.0,,4,8342361
17.0066,2019-09-08 18:22:25.383378,184.0,182.0,174.0,194.0,216.0,176.0,176.0,178.0,,4,8342088
17.0203,2019-09-08 18:22:25.434971,182.0,182.0,180.0,194.0,308.0,184.0,178.0,166.0,,4,8342686
17.0719,2019-09-08 18:22:25.441384,182.0,194.0,174.0,182.0,322.0,186.0,180.0,166.0,,3,8344375
17.0783,2019-09-08 18:22:25.452197,182.0,180.0,182.0,194.0,180.0,166.0,180.0,188.0,,3,8347288
17.089,2019-09-08 18:22:25.469202,194.0,180.0,174.0,194.0,360.0,192.0,182.0,166.0,,3,8350503
17.106,2019-09-08 18:22:25.493483,182.0,180.0,176.0,194.0,372.0,376.0,196.0,184.0,,2,8354171
17.1305,2019-09-08 18:22:25.519543,186.0,188.0,180.0,176.0,198.0,186.0,166.0,412.0,,1,8355548
17.1563,2019-09-08 18:22:25.533438,192.0,180.0,194.0,194.0,414.0,200.0,188.0,166.0,,1,8356448
17.1705,2019-09-08 18:22:25.552920,200.0,202.0,194.0,194.0,168.0,462.0,208.0,190.0,,1,8357185
17.1899,2019-09-08 18:22:25.566597,216.0,180.0,218.0,180.0,210.0,192.0,168.0,168.0,,1,8359669
17.2034,2019-09-08 18:22:25.572805,176.0,194.0,176.0,194.0,210.0,192.0,168.0,494.0,,1,8358777
17.2096,2019-09-08 18:22:25.583732,256.0,180.0,174.0,194.0,212.0,192.0,168.0,502.0,,0,8358777
17.2205,2019-09-08 18:22:25.600200,196.0,180.0,174.0,194.0,504.0,212.0,168.0,508.0,,0,8359669
17.2372,2019-09-08 18:22:25.615832,322.0,180.0,176.0,332.0,168.0,518.0,212.0,194.0,,0,8361320
17.2526,2019-09-08 18:22:25.629904,354.0,182.0,178.0,362.0,168.0,520.0,212.0,196.0,,0,8362348
17.2667,2019-09-08 18:22:25.643392,388.0,182.0,178.0,398.0,196.0,168.0,520.0,212.0,,-1,8361676
17.2802,2019-09-08 18:22:25.657822,430.0,184.0,178.0,208.0,196.0,212.0,196.0,168.0,,-1,8360770
17.2947,2019-09-08 18:22:25.676183,472.0,188.0,180.0,210.0,518.0,212.0,194.0,168.0,,-1,8361707
17.313,2019-09-08 18:22:25.689669,506.0,190.0,182.0,510.0,168.0,514.0,212.0,168.0,,-1,8361718
17.3265,2019-09-08 18:22:25.718557,518.0,192.0,184.0,220.0,510.0,212.0,196.0,168.0,,-2,8360174
17.3554,2019-09-08 18:22:25.728769,522.0,196.0,184.0,224.0,510.0,212.0,196.0,168.0,,-3,8359704
17.3659,2019-09-08 18:22:25.740361,524.0,200.0,186.0,228.0,510.0,212.0,196.0,168.0,,-3,8360323
17.3773,2019-09-08 18:22:25.751533,530.0,202.0,188.0,232.0,196.0,168.0,198.0,508.0,,-3,8360098
17.3887,2019-09-08 18:22:25.770755,534.0,202.0,190.0,236.0,508.0,212.0,198.0,168.0,,-4,8359711
17.4085,2019-09-08 18:22:25.783554,534.0,204.0,190.0,236.0,200.0,168.0,504.0,214.0,,-4,8359147
17.4208,2019-09-08 18:22:25.795551,526.0,204.0,190.0,238.0,200.0,214.0,216.0,202.0,,-4,8358597
17.4324,2019-09-08 18:22:25.817820,518.0,204.0,192.0,238.0,500.0,218.0,202.0,170.0,,-5,8359486
17.4546,2019-09-08 18:22:25.828900,514.0,236.0,192.0,238.0,498.0,218.0,204.0,170.0,,-5,8358617
17.4657,2019-09-08 18:22:25.842159,512.0,204.0,192.0,236.0,492.0,220.0,204.0,170.0,,-5,8357821
17.479,2019-09-08 18:22:25.859100,514.0,190.0,236.0,236.0,224.0,480.0,170.0,206.0,,-6,8357320
17.4959,2019-09-08 18:22:25.875874,202.0,190.0,234.0,234.0,210.0,170.0,464.0,226.0,,-6,8357732
17.5127,2019-09-08 18:22:25.898600,202.0,190.0,234.0,234.0,170.0,440.0,230.0,212.0,,-7,8357354
17.5354,2019-09-08 18:22:25.907588,200.0,190.0,234.0,232.0,228.0,212.0,170.0,422.0,,-7,8356493
17.5444,2019-09-08 18:22:25.921889,200.0,188.0,232.0,232.0,214.0,170.0,408.0,230.0,,-7,8357441
17.5588,2019-09-08 18:22:25.932530,198.0,188.0,234.0,234.0,228.0,214.0,170.0,216.0,,-7,8357199
17.5694,2019-09-08 18:22:25.948608,562.0,198.0,188.0,232.0,172.0,346.0,226.0,216.0,,-6,8356161
17.5854,2019-09-08 18:22:25.967099,572.0,198.0,188.0,232.0,278.0,222.0,218.0,172.0,,-6,8356323
17.6039,2019-09-08 18:22:25.979796,578.0,198.0,186.0,232.0,252.0,220.0,218.0,170.0,,-6,8356607
17.6166,2019-09-08 18:22:25.995458,584.0,198.0,186.0,232.0,218.0,216.0,170.0,194.0,,-5,8356043
17.6322,2019-09-08 18:22:26.024145,584.0,196.0,186.0,232.0,182.0,180.0,202.0,216.0,,-4,8355686
17.6613,2019-09-08 18:22:26.030929,580.0,186.0,186.0,232.0,178.0,196.0,212.0,170.0,,-2,8355794
17.668,2019-09-08 18:22:26.043075,570.0,196.0,186.0,234.0,192.0,208.0,170.0,178.0,,0,8355289
17.6799,2019-09-08 18:22:26.057571,550.0,194.0,184.0,232.0,206.0,170.0,176.0,188.0,,1,8355704
17.6945,2019-09-08 18:22:26.074231,514.0,194.0,182.0,230.0,170.0,182.0,174.0,180.0,,5,8355150
17.711,2019-09-08 18:22:26.089823,460.0,194.0,182.0,230.0,168.0,172.0,180.0,182.0,,7,8355323
17.7266,2019-09-08 18:22:26.102611,384.0,192.0,180.0,226.0,178.0,172.0,178.0,180.0,,9,8354915
17.7394,2019-09-08 18:22:26.135246,302.0,190.0,178.0,220.0,178.0,178.0,178.0,166.0,,14,8354071
17.7722,2019-09-08 18:22:26.141786,232.0,188.0,178.0,216.0,172.0,176.0,166.0,166.0,,16,8354811
17.7786,2019-09-08 18:22:26.152302,198.0,186.0,176.0,196.0,172.0,176.0,166.0,176.0,,17,8353818
17.7891,2019-09-08 18:22:26.172842,196.0,184.0,204.0,204.0,178.0,166.0,170.0,176.0,,18,8352728
17.8096,2019-09-08 18:22:26.188952,196.0,184.0,176.0,182.0,166.0,170.0,176.0,178.0,,19,8352686
17.8257,2019-09-08 18:22:26.200279,194.0,180.0,194.0,180.0,170.0,166.0,178.0,166.0,,20,8352808
17.8372,2019-09-08 18:22:26.244707,196.0,180.0,174.0,180.0,166.0,170.0,176.0,178.0,,19,8355690
17.8817,2019-09-08 18:22:26.260065,194.0,194.0,178.0,174.0,166.0,170.0,176.0,178.0,,19,8358738
17.8972,2019-09-08 18:22:26.266932,194.0,178.0,176.0,194.0,170.0,170.0,178.0,166.0,,18,8360126
17.9037,2019-09-08 18:22:26.285932,192.0,192.0,180.0,194.0,178.0,166.0,168.0,168.0,,17,8360410
17.9227,2019-09-08 18:22:26.300177,192.0,180.0,174.0,194.0,178.0,168.0,178.0,166.0,,15,8360482
17.9371,2019-09-08 18:22:26.325798,190.0,180.0,174.0,194.0,178.0,166.0,168.0,176.0,,14,8360334
17.9626,2019-09-08 18:22:26.334755,190.0,180.0,174.0,174.0,168.0,176.0,178.0,166.0,,13,8358745
17.9716,2019-09-08 18:22:26.353949,188.0,180.0,174.0,194.0,168.0,176.0,178.0,176.0,,12,8358084
17.9907,2019-09-08 18:22:26.369777,188.0,180.0,174.0,194.0,178.0,176.0,168.0,176.0,,10,8355904
18.0066,2019-09-08 18:22:26.386912,188.0,186.0,180.0,194.0,166.0,166.0,176.0,178.0,,9,8354610
18.0239,2019-09-08 18:22:26.401406,180.0,180.0,174.0,194.0,176.0,166.0,166.0,166.0,,8,8351531
18.0382,2019-09-08 18:22:26.420375,188.0,178.0,176.0,194.0,166.0,166.0,166.0,176.0,,7,8350375
18.0573,2019-09-08 18:22:26.464101,180.0,174.0,194.0,194.0,178.0,166.0,166.0,166.0,,5,8343482
18.1009,2019-09-08 18:22:26.470353,186.0,180.0,176.0,194.0,178.0,176.0,166.0,178.0,,4,8343551
18.1073,2019-09-08 18:22:26.604412,174.0,194.0,174.0,192.0,178.0,166.0,178.0,166.0,,1,8343309
18.2414,2019-09-08 18:22:26.612286,184.0,180.0,174.0,194.0,164.0,176.0,178.0,166.0,,2,8342638
18.2491,2019-09-08 18:22:26.641638,184.0,184.0,180.0,194.0,166.0,188.0,176.0,178.0,,2,8342070
18.2785,2019-09-08 18:22:26.648010,184.0,180.0,174.0,184.0,166.0,198.0,178.0,178.0,,2,8342541
18.2848,2019-09-08 18:22:26.659366,192.0,180.0,174.0,194.0,166.0,206.0,176.0,178.0,,3,8342306
18.2964,2019-09-08 18:22:26.675617,184.0,180.0,176.0,192.0,176.0,176.0,166.0,228.0,,3,8341655
18.3124,2019-09-08 18:22:26.694028,184.0,180.0,184.0,180.0,242.0,166.0,246.0,176.0,,3,8341790
18.331,2019-09-08 18:22:26.707984,184.0,180.0,184.0,180.0,178.0,178.0,178.0,178.0,,3,8342056
18.3448,2019-09-08 18:22:26.737630,184.0,182.0,180.0,174.0,278.0,166.0,178.0,166.0,,3,8341371
18.3744,2019-09-08 18:22:26.781203,184.0,180.0,184.0,180.0,180.0,184.0,292.0,184.0,,2,8341517
18.418,2019-09-08 18:22:26.787546,196.0,180.0,198.0,180.0,198.0,362.0,168.0,368.0,,2,8341185
18.4243,2019-09-08 18:22:26.796919,216.0,180.0,224.0,178.0,372.0,202.0,194.0,168.0,,2,8341859
18.4339,2019-09-08 18:22:26.807952,260.0,266.0,180.0,278.0,168.0,390.0,206.0,394.0,,2,8341389
18.4447,2019-09-08 18:22:26.827467,318.0,182.0,330.0,202.0,406.0,210.0,200.0,168.0,,1,8341150
18.4643,2019-09-08 18:22:26.843306,368.0,182.0,176.0,180.0,170.0,214.0,214.0,202.0,,1,8342306
18.4801,2019-09-08 18:22:26.858606,386.0,176.0,206.0,176.0,432.0,220.0,170.0,170.0,,1,8342025
18.4955,2019-09-08 18:22:26.874862,184.0,408.0,184.0,178.0,222.0,222.0,222.0,210.0,,0,8342074
18.5116,2019-09-08 18:22:26.890174,440.0,444.0,178.0,216.0,170.0,454.0,454.0,172.0,,0,8342358
18.5271,2019-09-08 18:22:26.906603,472.0,474.0,188.0,178.0,226.0,212.0,172.0,214.0,,0,8342025
18.5434,2019-09-08 18:22:26.926860,500.0,504.0,190.0,180.0,452.0,226.0,450.0,226.0,,-1,8341506
18.5636,2019-09-08 18:22:26.948741,530.0,532.0,192.0,180.0,216.0,172.0,216.0,218.0,,-2,8341333
18.5855,2019-09-08 18:22:26.961489,558.0,560.0,180.0,218.0,172.0,226.0,442.0,218.0,,-2,8342053
18.5983,2019-09-08 18:22:26.973789,584.0,584.0,192.0,180.0,218.0,440.0,218.0,218.0,,-2,8341690
18.6106,2019-09-08 18:22:27.005059,602.0,192.0,180.0,220.0,432.0,228.0,220.0,172.0,,-3,8342257
18.642,2019-09-08 18:22:27.013040,614.0,220.0,194.0,220.0,432.0,228.0,222.0,172.0,,-3,8341164
18.6501,2019-09-08 18:22:27.053449,616.0,182.0,218.0,220.0,228.0,224.0,172.0,432.0,,-4,8341496
18.6904,2019-09-08 18:22:27.060025,614.0,614.0,194.0,218.0,226.0,172.0,434.0,228.0,,-4,8341645
18.697,2019-09-08 18:22:27.069668,612.0,612.0,180.0,218.0,228.0,172.0,432.0,172.0,,-4,8341752
18.7064,2019-09-08 18:22:27.082363,194.0,194.0,194.0,218.0,230.0,226.0,230.0,172.0,,-4,8342496
18.7192,2019-09-08 18:22:27.093206,612.0,194.0,612.0,194.0,172.0,432.0,224.0,232.0,,-5,8341140
18.7301,2019-09-08 18:22:27.113392,614.0,194.0,220.0,220.0,426.0,222.0,236.0,172.0,,-5,8342264
18.7502,2019-09-08 18:22:27.166590,194.0,182.0,616.0,222.0,422.0,220.0,238.0,172.0,,-5,8342496
18.8034,2019-09-08 18:22:27.190241,616.0,182.0,618.0,222.0,414.0,220.0,242.0,174.0,,-4,8341631
18.8273,2019-09-08 18:22:27.258601,620.0,198.0,618.0,224.0,174.0,316.0,218.0,248.0,,3,8342492
18.8955,2019-09-08 18:22:27.266851,604.0,604.0,182.0,228.0,234.0,172.0,184.0,192.0,,3,8345361
18.9038,2019-09-08 18:22:27.282644,592.0,592.0,182.0,586.0,182.0,188.0,224.0,170.0,,4,8347084
18.9195,2019-09-08 18:22:27.294064,568.0,196.0,182.0,182.0,182.0,186.0,216.0,172.0,,5,8348382
18.9309,2019-09-08 18:22:27.309529,532.0,196.0,526.0,518.0,178.0,210.0,170.0,182.0,,6,8350316
18.9463,2019-09-08 18:22:27.363021,472.0,194.0,460.0,450.0,168.0,180.0,196.0,168.0,,8,8354133
18.9998,2019-09-08 18:22:27.373025,296.0,190.0,280.0,190.0,190.0,168.0,174.0,178.0,,9,8354212
19.0098,2019-09-08 18:22:27.394760,222.0,188.0,178.0,212.0,182.0,166.0,172.0,176.0,,11,8354783
19.0315,2019-09-08 18:22:27.401195,198.0,188.0,176.0,206.0,166.0,180.0,166.0,172.0,,12,8354631
19.038,2019-09-08 18:22:27.412122,196.0,184.0,176.0,202.0,180.0,166.0,172.0,166.0,,12,8354697
19.0489,2019-09-08 18:22:27.423964,196.0,182.0,176.0,198.0,172.0,178.0,166.0,172.0,,13,8355700
19.061,2019-09-08 18:22:27.437965,196.0,180.0,176.0,196.0,178.0,166.0,178.0,176.0,,13,8355493
19.0747,2019-09-08 18:22:27.458824,194.0,180.0,174.0,194.0,166.0,178.0,176.0,178.0,,14,8355088
19.0958,2019-09-08 18:22:27.467750,194.0,180.0,174.0,194.0,166.0,170.0,178.0,178.0,,15,8354825
19.1047,2019-09-08 18:22:27.483206,194.0,180.0,174.0,194.0,166.0,170.0,176.0,178.0,,15,8354849
19.12,2019-09-08 18:22:27.514092,194.0,180.0,174.0,194.0,166.0,170.0,178.0,178.0,,15,8353417
19.1509,2019-09-08 18:22:27.521921,194.0,180.0,174.0,194.0,178.0,166.0,170.0,176.0,,15,8353763
19.1589,2019-09-08 18:22:27.532458,194.0,180.0,174.0,194.0,166.0,170.0,176.0,176.0,,15,8353289
19.1692,2019-09-08 18:22:27.551246,192.0,194.0,176.0,194.0,166.0,170.0,176.0,178.0,,14,8352098
19.1882,2019-09-08 18:22:27.582821,174.0,194.0,174.0,194.0,166.0,170.0,176.0,178.0,,14,8348673
19.2197,2019-09-08 18:22:27.589196,192.0,194.0,174.0,194.0,178.0,166.0,166.0,170.0,,13,8348562
19.226,2019-09-08 18:22:27.600228,192.0,194.0,174.0,192.0,176.0,178.0,168.0,170.0,,13,8347202
19.2371,2019-09-08 18:22:27.613066,192.0,180.0,174.0,194.0,178.0,176.0,170.0,166.0,,13,8347202
19.2503,2019-09-08 18:22:27.626762,174.0,194.0,190.0,178.0,166.0,168.0,176.0,178.0,,12,8344714
19.2636,2019-09-08 18:22:27.665658,190.0,180.0,174.0,194.0,178.0,166.0,168.0,176.0,,11,8343807
19.3024,2019-09-08 18:22:27.720711,190.0,180.0,174.0,194.0,176.0,178.0,166.0,168.0,,9,8343364
19.3575,2019-09-08 18:22:27.726971,188.0,180.0,174.0,194.0,168.0,166.0,168.0,178.0,,8,8343468
19.3638,2019-09-08 18:22:27.736304,188.0,180.0,174.0,194.0,176.0,178.0,178.0,166.0,,8,8343375
19.3731,2019-09-08 18:22:27.766191,188.0,180.0,174.0,194.0,166.0,176.0,178.0,178.0,,7,8344247
19.403,2019-09-08 18:22:27.773377,188.0,180.0,174.0,194.0,166.0,166.0,166.0,176.0,,6,8344015
19.4102,2019-09-08 18:22:27.785003,188.0,180.0,176.0,194.0,166.0,176.0,178.0,168.0,,6,8343818
19.4218,2019-09-08 18:22:27.798282,186.0,180.0,186.0,180.0,166.0,166.0,166.0,166.0,,6,8345219
19.4351,2019-09-08 18:22:27.814072,186.0,180.0,186.0,180.0,166.0,178.0,166.0,166.0,,5,8345766
19.4511,2019-09-08 18:22:27.834854,186.0,180.0,174.0,194.0,178.0,176.0,166.0,176.0,,4,8346693
19.4717,2019-09-08 18:22:27.848461,186.0,186.0,174.0,194.0,178.0,176.0,178.0,166.0,,4,8346897
19.4853,2019-09-08 18:22:27.912402,186.0,180.0,176.0,176.0,166.0,166.0,178.0,176.0,,2,8350870
19.5492,2019-09-08 18:22:27.918690,186.0,180.0,176.0,180.0,176.0,178.0,166.0,166.0,,2,8351455
19.5557,2019-09-08 18:22:27.931925,184.0,180.0,176.0,194.0,166.0,176.0,176.0,178.0,,2,8352534
19.5687,2019-09-08 18:22:27.985087,184.0,180.0,174.0,194.0,166.0,166.0,166.0,166.0,,1,8352908
19.6221,2019-09-08 18:22:27.991857,184.0,180.0,174.0,194.0,178.0,178.0,166.0,176.0,,0,8352981
19.6287,2019-09-08 18:22:28.003819,194.0,194.0,176.0,194.0,176.0,178.0,166.0,176.0,,0,8353043
19.6408,2019-09-08 18:22:28.019622,184.0,174.0,194.0,194.0,178.0,166.0,176.0,178.0,,0,8353064
19.6564,2019-09-08 18:22:28.037890,180.0,174.0,176.0,192.0,178.0,166.0,176.0,178.0,,0,8352617
19.6747,2019-09-08 18:22:28.132068,180.0,180.0,174.0,194.0,166.0,180.0,176.0,178.0,,2,8350603
19.7689,2019-09-08 18:22:28.138322,202.0,182.0,176.0,202.0,182.0,176.0,178.0,166.0,,2,8351205
19.7751,2019-09-08 18:22:28.151347,330.0,182.0,176.0,204.0,174.0,178.0,178.0,192.0,,2,8351558
19.7881,2019-09-08 18:22:28.234402,340.0,186.0,176.0,206.0,174.0,178.0,166.0,196.0,,3,8350212
19.8712,2019-09-08 18:22:28.241053,404.0,202.0,184.0,224.0,176.0,176.0,166.0,242.0,,3,8350417
19.8778,2019-09-08 18:22:28.247351,424.0,204.0,186.0,228.0,178.0,180.0,166.0,248.0,,4,8350417
19.8841,2019-09-08 18:22:28.264009,446.0,210.0,188.0,232.0,166.0,182.0,252.0,166.0,,4,8350472
19.9008,2019-09-08 18:22:28.280653,464.0,214.0,190.0,238.0,264.0,188.0,180.0,166.0,,4,8350763
19.9176,2019-09-08 18:22:28.296786,474.0,218.0,192.0,242.0,270.0,166.0,274.0,184.0,,4,8349877
19.9338,2019-09-08 18:22:28.306361,482.0,224.0,196.0,246.0,294.0,168.0,188.0,168.0,,4,8349652
19.9432,2019-09-08 18:22:28.320840,486.0,228.0,198.0,250.0,202.0,190.0,190.0,190.0,,4,8349904
19.9581,2019-09-08 18:22:28.347113,484.0,232.0,200.0,254.0,212.0,168.0,352.0,214.0,,3,8349773
19.984,2019-09-08 18:22:28.354344,480.0,238.0,204.0,256.0,198.0,168.0,170.0,168.0,,3,8349531
19.9913,2019-09-08 18:22:28.383815,466.0,244.0,208.0,258.0,204.0,170.0,392.0,206.0,,2,8348724
20.0208,2019-09-08 18:22:28.398749,458.0,246.0,210.0,258.0,170.0,228.0,228.0,206.0,,1,8348821
20.0356,2019-09-08 18:22:28.413450,452.0,246.0,210.0,258.0,170.0,404.0,234.0,210.0,,1,8348645
20.0504,2019-09-08 18:22:28.426221,452.0,246.0,212.0,256.0,406.0,408.0,236.0,210.0,,1,8349333
20.063,2019-09-08 18:22:28.444308,456.0,246.0,210.0,256.0,412.0,238.0,212.0,170.0,,0,8349787
20.0811,2019-09-08 18:22:28.478371,462.0,242.0,210.0,252.0,242.0,242.0,172.0,418.0,,0,8349565
20.1152,2019-09-08 18:22:28.492603,470.0,242.0,208.0,252.0,418.0,242.0,172.0,418.0,,-1,8349814
20.1294,2019-09-08 18:22:28.504478,484.0,240.0,206.0,250.0,172.0,172.0,214.0,172.0,,-1,8349358
20.1413,2019-09-08 18:22:28.510751,496.0,236.0,206.0,248.0,172.0,414.0,414.0,172.0,,-1,8349358
20.1475,2019-09-08 18:22:28.524812,510.0,234.0,202.0,246.0,172.0,412.0,216.0,172.0,,-2,8349711
20.1617,2019-09-08 18:22:28.544961,522.0,232.0,202.0,246.0,412.0,248.0,216.0,172.0,,-2,8350019
20.1818,2019-09-08 18:22:28.556300,534.0,230.0,200.0,244.0,248.0,216.0,172.0,408.0,,-2,8349320
20.1931,2019-09-08 18:22:28.579946,544.0,226.0,198.0,246.0,216.0,248.0,406.0,248.0,,-3,8350012
20.2169,2019-09-08 18:22:28.589393,550.0,224.0,196.0,244.0,172.0,170.0,250.0,214.0,,-3,8350233
20.2262,2019-09-08 18:22:28.603327,556.0,222.0,194.0,244.0,408.0,214.0,172.0,408.0,,-4,8350641
20.2401,2019-09-08 18:22:28.630378,554.0,222.0,194.0,244.0,410.0,410.0,248.0,214.0,,-4,8351541
20.2673,2019-09-08 18:22:28.640749,548.0,220.0,192.0,244.0,410.0,248.0,214.0,248.0,,-5,8352185
20.2776,2019-09-08 18:22:28.647116,534.0,218.0,190.0,244.0,214.0,172.0,410.0,410.0,,-5,8352641
20.2839,2019-09-08 18:22:28.660335,512.0,216.0,190.0,242.0,250.0,214.0,172.0,412.0,,-5,8353195
20.2974,2019-09-08 18:22:28.700015,476.0,214.0,188.0,242.0,412.0,172.0,412.0,250.0,,-6,8353600
20.3371,2019-09-08 18:22:28.706619,416.0,212.0,186.0,240.0,172.0,408.0,252.0,216.0,,-7,8353437
20.3434,2019-09-08 18:22:28.715051,338.0,210.0,184.0,236.0,172.0,408.0,252.0,172.0,,-7,8353790
20.3519,2019-09-08 18:22:28.727154,260.0,210.0,184.0,232.0,216.0,172.0,406.0,216.0,,-7,8353154
20.364,2019-09-08 18:22:28.741397,212.0,210.0,182.0,228.0,252.0,216.0,172.0,252.0,,-7,8354334
20.3786,2019-09-08 18:22:28.792795,194.0,200.0,182.0,208.0,172.0,212.0,170.0,320.0,,-7,8357496
20.4296,2019-09-08 18:22:28.803742,194.0,196.0,180.0,204.0,310.0,170.0,212.0,172.0,,-6,8357313
20.4406,2019-09-08 18:22:28.816495,192.0,192.0,180.0,202.0,210.0,170.0,276.0,236.0,,-5,8358157
20.4534,2019-09-08 18:22:28.834714,192.0,188.0,180.0,200.0,170.0,230.0,228.0,210.0,,-4,8360368
20.4722,2019-09-08 18:22:28.850793,190.0,186.0,178.0,198.0,208.0,184.0,208.0,208.0,,-1,8361192
20.4876,2019-09-08 18:22:28.861342,190.0,182.0,176.0,196.0,178.0,168.0,208.0,170.0,,0,8361614
20.4984,2019-09-08 18:22:28.886667,190.0,182.0,176.0,196.0,176.0,202.0,204.0,168.0,,1,8363195
20.5238,2019-09-08 18:22:28.901197,190.0,188.0,180.0,174.0,190.0,192.0,170.0,174.0,,5,8363538
20.538,2019-09-08 18:22:28.911369,188.0,180.0,174.0,194.0,188.0,174.0,188.0,186.0,,7,8363213
20.5482,2019-09-08 18:22:28.924627,188.0,180.0,180.0,176.0,182.0,168.0,182.0,180.0,,8,8362029
20.5617,2019-09-08 18:22:28.945755,188.0,180.0,174.0,194.0,168.0,172.0,172.0,180.0,,12,8359752
20.5826,2019-09-08 18:22:28.964537,188.0,180.0,176.0,194.0,172.0,178.0,178.0,166.0,,15,8355659
20.6016,2019-09-08 18:22:28.971139,188.0,180.0,176.0,194.0,178.0,178.0,172.0,178.0,,16,8353981
20.6079,2019-09-08 18:22:28.995862,188.0,180.0,174.0,194.0,178.0,166.0,178.0,178.0,,18,8350167
20.633,2019-09-08 18:22:29.007286,188.0,180.0,176.0,194.0,178.0,166.0,178.0,168.0,,18,8347621
20.6442,2019-09-08 18:22:29.031608,188.0,188.0,180.0,174.0,178.0,178.0,178.0,166.0,,19,8344870
20.6685,2019-09-08 18:22:29.039370,188.0,188.0,180.0,188.0,170.0,178.0,178.0,168.0,,19,8343448
20.6763,2019-09-08 18:22:29.053818,188.0,180.0,174.0,194.0,170.0,176.0,178.0,166.0,,19,8342880
20.6907,2019-09-08 18:22:29.069494,188.0,180.0,188.0,194.0,170.0,176.0,178.0,166.0,,19,8343122
20.7063,2019-09-08 18:22:29.097910,188.0,180.0,186.0,194.0,170.0,176.0,178.0,166.0,,18,8343247
20.7348,2019-09-08 18:22:29.104392,188.0,180.0,188.0,180.0,168.0,176.0,178.0,166.0,,17,8343603
20.7414,2019-09-08 18:22:29.116595,188.0,180.0,186.0,186.0,176.0,178.0,166.0,166.0,,17,8343794
20.7535,2019-09-08 18:22:29.133046,186.0,180.0,186.0,180.0,178.0,166.0,168.0,168.0,,16,8344413
20.7698,2019-09-08 18:22:29.154229,186.0,180.0,176.0,194.0,168.0,168.0,166.0,176.0,,15,8344344
20.7911,2019-09-08 18:22:29.167819,186.0,180.0,176.0,186.0,178.0,176.0,178.0,166.0,,14,8344935
20.8046,2019-09-08 18:22:29.183130,186.0,180.0,174.0,186.0,166.0,168.0,178.0,168.0,,12,8345475
20.8199,2019-09-08 18:22:29.201703,186.0,180.0,174.0,194.0,166.0,168.0,176.0,166.0,,12,8346129
20.8386,2019-09-08 18:22:29.211282,186.0,180.0,176.0,194.0,176.0,178.0,166.0,166.0,,11,8346486
20.8484,2019-09-08 18:22:29.227550,186.0,180.0,176.0,194.0,166.0,166.0,166.0,166.0,,9,8347205
20.8644,2019-09-08 18:22:29.242456,186.0,180.0,174.0,194.0,166.0,166.0,166.0,166.0,,8,8347600
20.8793,2019-09-08 18:22:29.257640,186.0,180.0,174.0,194.0,166.0,166.0,176.0,178.0,,7,8348385
20.8946,2019-09-08 18:22:29.273593,184.0,180.0,176.0,194.0,166.0,166.0,178.0,166.0,,6,8347939
20.9104,2019-09-08 18:22:29.309177,186.0,180.0,174.0,194.0,176.0,178.0,166.0,166.0,,4,8348839
20.9461,2019-09-08 18:22:29.315631,184.0,180.0,174.0,194.0,178.0,178.0,166.0,166.0,,3,8347472
20.9526,2019-09-08 18:22:29.323049,184.0,180.0,176.0,194.0,178.0,178.0,166.0,166.0,,3,8347143
20.9599,2019-09-08 18:22:29.337867,184.0,180.0,176.0,194.0,178.0,178.0,166.0,166.0,,2,8348240
20.9748,2019-09-08 18:22:29.376236,184.0,180.0,176.0,194.0,166.0,178.0,164.0,178.0,,1,8347005
21.0131,2019-09-08 18:22:29.384183,184.0,180.0,176.0,194.0,178.0,178.0,164.0,178.0,,0,8347538
21.0211,2019-09-08 18:22:29.408033,184.0,194.0,176.0,194.0,166.0,178.0,178.0,178.0,,0,8348655
21.0449,2019-09-08 18:22:29.421020,184.0,180.0,176.0,194.0,166.0,178.0,178.0,166.0,,0,8348022
21.0579,2019-09-08 18:22:29.427514,184.0,180.0,176.0,194.0,178.0,166.0,166.0,166.0,,0,8348603
21.0643,2019-09-08 18:22:29.524246,184.0,174.0,194.0,194.0,178.0,178.0,176.0,178.0,,-1,8350285
21.1611,2019-09-08 18:22:29.533463,192.0,176.0,194.0,194.0,180.0,166.0,170.0,166.0,,-1,8350638
21.1702,2019-09-08 18:22:29.540475,194.0,180.0,176.0,194.0,172.0,176.0,178.0,166.0,,-1,8350638
21.1774,2019-09-08 18:22:29.557729,194.0,180.0,176.0,194.0,176.0,180.0,178.0,174.0,,-1,8350908
21.1949,2019-09-08 18:22:29.681155,484.0,182.0,176.0,492.0,178.0,180.0,180.0,290.0,,-2,8345513
21.3184,2019-09-08 18:22:29.694610,520.0,184.0,528.0,184.0,178.0,166.0,310.0,190.0,,-2,8345340
21.3319,2019-09-08 18:22:29.747385,550.0,186.0,178.0,216.0,186.0,168.0,386.0,168.0,,-1,8344240
21.3842,2019-09-08 18:22:29.755291,568.0,186.0,570.0,186.0,188.0,168.0,394.0,188.0,,-1,8343852
21.3923,2019-09-08 18:22:29.766379,596.0,190.0,180.0,220.0,402.0,404.0,190.0,168.0,,-1,8343707
21.4034,2019-09-08 18:22:29.819219,604.0,192.0,180.0,224.0,208.0,170.0,466.0,208.0,,-2,8343800
21.4561,2019-09-08 18:22:29.828232,610.0,196.0,180.0,198.0,208.0,208.0,210.0,170.0,,-2,8343752
21.4655,2019-09-08 18:22:29.837888,182.0,200.0,182.0,228.0,478.0,170.0,482.0,210.0,,-2,8343427
21.4749,2019-09-08 18:22:29.879176,600.0,202.0,184.0,228.0,506.0,212.0,202.0,170.0,,-2,8342977
21.516,2019-09-08 18:22:29.885559,584.0,206.0,186.0,230.0,508.0,202.0,170.0,170.0,,-2,8344264
21.5226,2019-09-08 18:22:29.901514,572.0,208.0,232.0,186.0,212.0,202.0,202.0,512.0,,-3,8343558
21.5383,2019-09-08 18:22:29.917464,210.0,186.0,210.0,236.0,202.0,170.0,512.0,212.0,,-3,8343454
21.5542,2019-09-08 18:22:29.933956,558.0,210.0,210.0,238.0,200.0,170.0,514.0,212.0,,-3,8343991
21.5709,2019-09-08 18:22:29.948415,560.0,560.0,212.0,238.0,198.0,170.0,516.0,210.0,,-4,8344354
21.5855,2019-09-08 18:22:29.968291,562.0,212.0,212.0,238.0,518.0,210.0,198.0,518.0,,-4,8344693
21.6059,2019-09-08 18:22:29.980427,566.0,566.0,212.0,240.0,208.0,198.0,170.0,518.0,,-5,8344572
21.6175,2019-09-08 18:22:30.018885,212.0,572.0,186.0,186.0,520.0,208.0,168.0,168.0,,-5,8345655
21.6557,2019-09-08 18:22:30.025661,574.0,212.0,188.0,186.0,208.0,208.0,198.0,168.0,,-5,8345655
21.6625,2019-09-08 18:22:30.036209,576.0,576.0,188.0,576.0,198.0,170.0,522.0,208.0,,-5,8346102
21.6739,2019-09-08 18:22:30.047523,576.0,216.0,574.0,240.0,198.0,170.0,196.0,522.0,,-6,8346762
21.685,2019-09-08 18:22:30.071407,570.0,188.0,242.0,568.0,206.0,198.0,170.0,524.0,,-6,8347693
21.7088,2019-09-08 18:22:30.082372,564.0,218.0,188.0,244.0,524.0,198.0,168.0,524.0,,-6,8347731
21.7192,2019-09-08 18:22:30.100707,218.0,188.0,190.0,244.0,524.0,208.0,198.0,168.0,,-6,8348780
21.7375,2019-09-08 18:22:30.124794,534.0,534.0,218.0,244.0,522.0,206.0,200.0,168.0,,-6,8349842
21.7619,2019-09-08 18:22:30.138393,242.0,218.0,218.0,188.0,522.0,168.0,522.0,208.0,,-6,8349354
21.7752,2019-09-08 18:22:30.148410,478.0,216.0,472.0,242.0,518.0,210.0,200.0,170.0,,-7,8350461
21.7854,2019-09-08 18:22:30.175025,426.0,216.0,414.0,240.0,512.0,210.0,202.0,170.0,,-7,8351468
21.8118,2019-09-08 18:22:30.189255,354.0,214.0,184.0,214.0,168.0,210.0,202.0,168.0,,-7,8351728
21.8261,2019-09-08 18:22:30.203907,276.0,210.0,184.0,258.0,502.0,210.0,202.0,168.0,,-7,8352282
21.8407,2019-09-08 18:22:30.247724,214.0,208.0,208.0,230.0,170.0,438.0,208.0,202.0,,-7,8353448
21.8845,2019-09-08 18:22:30.257259,194.0,200.0,180.0,212.0,424.0,208.0,202.0,168.0,,-6,8354012
21.8941,2019-09-08 18:22:30.268314,192.0,194.0,178.0,206.0,382.0,206.0,168.0,168.0,,-6,8355313
21.9051,2019-09-08 18:22:30.279439,192.0,188.0,180.0,200.0,204.0,204.0,168.0,316.0,,-5,8356302
21.9162,2019-09-08 18:22:30.291819,192.0,186.0,178.0,198.0,202.0,200.0,168.0,282.0,,-4,8357600
21.9287,2019-09-08 18:22:30.303678,190.0,182.0,176.0,198.0,200.0,168.0,256.0,198.0,,-3,8359195
21.9405,2019-09-08 18:22:30.321614,190.0,180.0,176.0,196.0,200.0,196.0,224.0,196.0,,-2,8360534
21.9585,2019-09-08 18:22:30.335351,190.0,180.0,174.0,194.0,182.0,188.0,198.0,168.0,,0,8361638
21.9721,2019-09-08 18:22:30.350673,188.0,180.0,176.0,194.0,184.0,184.0,194.0,184.0,,1,8361898
21.9875,2019-09-08 18:22:30.363385,188.0,176.0,194.0,194.0,168.0,180.0,182.0,188.0,,2,8360600
22.0003,2019-09-08 18:22:30.380979,188.0,176.0,194.0,194.0,178.0,178.0,168.0,166.0,,5,8358140
22.0178,2019-09-08 18:22:30.398117,180.0,176.0,194.0,194.0,178.0,180.0,166.0,176.0,,6,8355659
22.0349,2019-09-08 18:22:30.421703,188.0,174.0,194.0,194.0,176.0,176.0,176.0,176.0,,9,8351244
22.0585,2019-09-08 18:22:30.441153,188.0,176.0,194.0,194.0,178.0,166.0,174.0,176.0,,10,8349486
22.078,2019-09-08 18:22:30.447582,176.0,194.0,174.0,194.0,178.0,166.0,176.0,178.0,,10,8348070
22.0844,2019-09-08 18:22:30.463083,188.0,194.0,188.0,180.0,174.0,176.0,176.0,178.0,,11,8346659
22.1002,2019-09-08 18:22:30.484031,176.0,180.0,180.0,176.0,178.0,176.0,174.0,176.0,,11,8343593
22.121,2019-09-08 18:22:30.498022,188.0,180.0,174.0,194.0,176.0,178.0,166.0,178.0,,11,8344403
22.1349,2019-09-08 18:22:30.536203,188.0,180.0,176.0,194.0,176.0,178.0,166.0,172.0,,10,8344046
22.1732,2019-09-08 18:22:30.542807,188.0,180.0,176.0,194.0,172.0,176.0,178.0,166.0,,10,8343537
22.1797,2019-09-08 18:22:30.554237,188.0,180.0,174.0,194.0,178.0,166.0,178.0,176.0,,10,8343641
22.1911,2019-09-08 18:22:30.570294,186.0,180.0,174.0,194.0,178.0,178.0,178.0,176.0,,9,8343240
22.2072,2019-09-08 18:22:30.587032,186.0,180.0,176.0,194.0,176.0,178.0,166.0,170.0,,9,8343461
22.2239,2019-09-08 18:22:30.604482,186.0,180.0,174.0,194.0,170.0,176.0,178.0,166.0,,8,8343742
22.2414,2019-09-08 18:22:30.633022,186.0,180.0,174.0,194.0,170.0,176.0,178.0,178.0,,7,8344057
22.2699,2019-09-08 18:22:30.641961,186.0,180.0,176.0,194.0,168.0,176.0,178.0,168.0,,6,8344586
22.2788,2019-09-08 18:22:30.651395,186.0,180.0,174.0,194.0,168.0,178.0,178.0,166.0,,5,8343631
22.2882,2019-09-08 18:22:30.672976,186.0,180.0,176.0,194.0,176.0,178.0,166.0,176.0,,5,8344067
22.3099,2019-09-08 18:22:30.757579,186.0,180.0,176.0,194.0,178.0,166.0,166.0,176.0,,-1,8347330
22.3947,2019-09-08 18:22:30.764373,186.0,180.0,174.0,194.0,178.0,166.0,178.0,178.0,,-2,8346454
22.4012,2019-09-08 18:22:30.771718,184.0,180.0,176.0,194.0,166.0,166.0,176.0,178.0,,-2,8348212
22.4085,2019-09-08 18:22:30.779630,184.0,180.0,176.0,194.0,166.0,166.0,178.0,166.0,,-3,8347406
22.4164,2019-09-08 18:22:30.792117,184.0,180.0,176.0,194.0,166.0,176.0,178.0,166.0,,-3,8348569
22.4289,2019-09-08 18:22:30.812714,184.0,180.0,176.0,194.0,164.0,178.0,178.0,166.0,,-3,8348410
22.4496,2019-09-08 18:22:30.835140,184.0,180.0,176.0,194.0,166.0,178.0,166.0,166.0,,-4,8348628
22.4721,2019-09-08 18:22:30.841629,184.0,180.0,176.0,194.0,178.0,178.0,178.0,166.0,,-4,8348936
22.4784,2019-09-08 18:22:30.856838,180.0,180.0,176.0,194.0,178.0,178.0,166.0,178.0,,-4,8348437
22.4938,2019-09-08 18:22:30.866377,184.0,180.0,174.0,194.0,166.0,164.0,178.0,178.0,,-5,8348472
22.5032,2019-09-08 18:22:30.882668,184.0,180.0,176.0,194.0,166.0,176.0,164.0,178.0,,-5,8346309
22.5194,2019-09-08 18:22:30.898484,184.0,180.0,176.0,194.0,166.0,164.0,176.0,178.0,,-5,8344320
22.5355,2019-09-08 18:22:30.913235,184.0,180.0,176.0,194.0,178.0,168.0,176.0,178.0,,-5,8342776
22.5501,2019-09-08 18:22:30.933930,182.0,180.0,176.0,194.0,166.0,170.0,178.0,166.0,,-4,8343050
22.571,2019-09-08 18:22:30.943936,184.0,180.0,176.0,194.0,174.0,176.0,178.0,166.0,,-4,8342378
22.5808,2019-09-08 18:22:30.960758,188.0,180.0,176.0,194.0,184.0,178.0,166.0,178.0,,-3,8343046
22.5976,2019-09-08 18:22:30.976012,196.0,180.0,176.0,194.0,174.0,178.0,178.0,202.0,,-2,8342704
22.613,2019-09-08 18:22:31.036012,206.0,180.0,176.0,194.0,210.0,174.0,174.0,178.0,,-1,8341984
22.6728,2019-09-08 18:22:31.046620,310.0,180.0,174.0,196.0,252.0,176.0,176.0,166.0,,-1,8341503
22.6834,2019-09-08 18:22:31.059234,180.0,180.0,176.0,202.0,176.0,178.0,166.0,320.0,,-1,8342724
22.6961,2019-09-08 18:22:31.105824,450.0,180.0,176.0,204.0,166.0,392.0,194.0,182.0,,0,8341364
22.7426,2019-09-08 18:22:31.115166,520.0,182.0,176.0,210.0,196.0,398.0,184.0,184.0,,0,8341631
22.7521,2019-09-08 18:22:31.136637,544.0,184.0,178.0,212.0,200.0,200.0,186.0,168.0,,0,8341776
22.7734,2019-09-08 18:22:31.148776,556.0,184.0,178.0,216.0,414.0,204.0,188.0,168.0,,-1,8341645
22.786,2019-09-08 18:22:31.155455,562.0,186.0,178.0,218.0,194.0,168.0,456.0,210.0,,-1,8341185
22.7922,2019-09-08 18:22:31.169169,568.0,188.0,178.0,220.0,170.0,474.0,170.0,476.0,,-1,8341769
22.806,2019-09-08 18:22:31.179699,570.0,188.0,180.0,222.0,200.0,170.0,216.0,170.0,,-1,8342472
22.8165,2019-09-08 18:22:31.190474,574.0,190.0,180.0,224.0,170.0,202.0,218.0,204.0,,-1,8341849
22.8274,2019-09-08 18:22:31.208852,572.0,192.0,180.0,228.0,204.0,172.0,204.0,172.0,,-1,8342223
22.8457,2019-09-08 18:22:31.257621,566.0,194.0,180.0,230.0,222.0,206.0,172.0,500.0,,-2,8342704
22.8944,2019-09-08 18:22:31.267015,538.0,202.0,184.0,238.0,496.0,224.0,222.0,206.0,,-2,8342700
22.9038,2019-09-08 18:22:31.301536,528.0,206.0,184.0,242.0,204.0,172.0,488.0,224.0,,-3,8342932
22.9386,2019-09-08 18:22:31.312947,512.0,212.0,188.0,252.0,226.0,204.0,172.0,484.0,,-4,8342797
22.9497,2019-09-08 18:22:31.323138,216.0,190.0,254.0,254.0,226.0,204.0,172.0,480.0,,-4,8342624
22.96,2019-09-08 18:22:31.345228,498.0,192.0,256.0,256.0,172.0,476.0,172.0,204.0,,-4,8343029
22.9825,2019-09-08 18:22:31.352083,490.0,222.0,192.0,258.0,228.0,204.0,172.0,206.0,,-5,8343278
22.989,2019-09-08 18:22:31.362986,478.0,226.0,260.0,260.0,230.0,206.0,172.0,466.0,,-5,8342614
22.9998,2019-09-08 18:22:31.375410,230.0,194.0,264.0,264.0,464.0,232.0,172.0,464.0,,-5,8342607
23.0122,2019-09-08 18:22:31.391638,456.0,196.0,266.0,266.0,232.0,232.0,462.0,234.0,,-5,8342634
23.0288,2019-09-08 18:22:31.409098,448.0,198.0,268.0,268.0,460.0,234.0,210.0,172.0,,-6,8342835
23.046,2019-09-08 18:22:31.422112,238.0,198.0,272.0,272.0,458.0,236.0,172.0,172.0,,-6,8343164
23.0589,2019-09-08 18:22:31.474188,242.0,200.0,274.0,274.0,236.0,212.0,172.0,454.0,,-7,8343600
23.1111,2019-09-08 18:22:31.562468,426.0,202.0,278.0,278.0,216.0,172.0,364.0,360.0,,-8,8344745
23.1993,2019-09-08 18:22:31.571622,400.0,252.0,204.0,278.0,230.0,216.0,172.0,330.0,,-7,8345510
23.2085,2019-09-08 18:22:31.582364,374.0,246.0,200.0,270.0,172.0,314.0,226.0,214.0,,-7,8346063
23.2192,2019-09-08 18:22:31.593019,332.0,240.0,198.0,266.0,292.0,170.0,214.0,214.0,,-6,8348479
23.2298,2019-09-08 18:22:31.609875,236.0,196.0,260.0,258.0,170.0,230.0,170.0,214.0,,-5,8350877
23.2467,2019-09-08 18:22:31.619670,230.0,192.0,252.0,250.0,210.0,212.0,212.0,170.0,,-4,8351572
23.2571,2019-09-08 18:22:31.634099,220.0,190.0,240.0,238.0,204.0,204.0,170.0,182.0,,-3,8354143
23.2709,2019-09-08 18:22:31.659890,210.0,188.0,226.0,224.0,180.0,170.0,204.0,192.0,,-1,8356192
23.2969,2019-09-08 18:22:31.666729,194.0,200.0,186.0,212.0,180.0,170.0,202.0,190.0,,0,8357635
23.3036,2019-09-08 18:22:31.680674,194.0,190.0,182.0,206.0,196.0,170.0,178.0,184.0,,1,8359088
23.3175,2019-09-08 18:22:31.702186,192.0,184.0,178.0,202.0,184.0,184.0,176.0,182.0,,4,8361261
23.339,2019-09-08 18:22:31.715048,192.0,180.0,176.0,198.0,188.0,188.0,168.0,174.0,,7,8362597
23.3519,2019-09-08 18:22:31.725613,192.0,180.0,176.0,196.0,168.0,168.0,180.0,182.0,,9,8362718
23.3628,2019-09-08 18:22:31.781757,192.0,180.0,176.0,196.0,168.0,174.0,182.0,180.0,,14,8361711
23.4189,2019-09-08 18:22:31.790664,190.0,180.0,176.0,196.0,178.0,166.0,172.0,168.0,,14,8361676
23.4278,2019-09-08 18:22:31.805841,190.0,180.0,176.0,196.0,166.0,176.0,178.0,168.0,,15,8358164
23.4427,2019-09-08 18:22:31.819202,190.0,180.0,174.0,196.0,172.0,176.0,178.0,166.0,,15,8356901
23.456,2019-09-08 18:22:31.833822,190.0,180.0,176.0,196.0,176.0,178.0,168.0,172.0,,15,8355264
23.4707,2019-09-08 18:22:31.855811,188.0,180.0,176.0,196.0,176.0,178.0,166.0,176.0,,15,8352932
23.4928,2019-09-08 18:22:31.865442,188.0,180.0,176.0,196.0,178.0,168.0,172.0,176.0,,15,8351057
23.5023,2019-09-08 18:22:31.883434,188.0,180.0,174.0,196.0,166.0,170.0,176.0,178.0,,15,8347638
23.5203,2019-09-08 18:22:31.896049,188.0,180.0,174.0,196.0,176.0,178.0,166.0,178.0,,14,8346392
23.5329,2019-09-08 18:22:31.911174,188.0,180.0,176.0,194.0,170.0,178.0,166.0,166.0,,14,8345077
23.5485,2019-09-08 18:22:31.930773,188.0,180.0,176.0,194.0,176.0,178.0,168.0,170.0,,13,8344430
23.5677,2019-09-08 18:22:31.942209,188.0,180.0,176.0,194.0,170.0,178.0,166.0,170.0,,12,8344105
23.579,2019-09-08 18:22:31.975951,188.0,180.0,176.0,194.0,176.0,178.0,166.0,170.0,,10,8345098
23.6132,2019-09-08 18:22:31.982717,194.0,180.0,174.0,194.0,166.0,178.0,176.0,168.0,,9,8345167
23.6196,2019-09-08 18:22:31.994164,194.0,176.0,176.0,194.0,166.0,168.0,166.0,168.0,,8,8345745
23.6313,2019-09-08 18:22:32.010109,180.0,180.0,176.0,194.0,178.0,178.0,166.0,168.0,,7,8347025
23.6471,2019-09-08 18:22:32.106615,186.0,180.0,174.0,194.0,168.0,176.0,176.0,166.0,,1,8344582
23.7435,2019-09-08 18:22:32.113219,186.0,180.0,176.0,194.0,172.0,178.0,166.0,172.0,,1,8344409
23.7501,2019-09-08 18:22:32.126102,186.0,180.0,176.0,194.0,178.0,166.0,178.0,176.0,,0,8344506
23.7632,2019-09-08 18:22:32.138632,186.0,186.0,176.0,194.0,178.0,166.0,178.0,176.0,,0,8344129
23.7756,2019-09-08 18:22:32.170689,186.0,186.0,180.0,176.0,174.0,176.0,166.0,166.0,,-1,8344223
23.8089,2019-09-08 18:22:32.179809,186.0,184.0,180.0,176.0,176.0,178.0,166.0,176.0,,-1,8344302
23.8167,2019-09-08 18:22:32.196252,184.0,180.0,180.0,176.0,166.0,176.0,176.0,180.0,,-1,8344659
23.8331,2019-09-08 18:22:32.218688,184.0,180.0,176.0,194.0,180.0,176.0,180.0,166.0,,-1,8344171
23.8555,2019-09-08 18:22:32.235331,184.0,184.0,180.0,184.0,186.0,176.0,180.0,166.0,,-1,8345358
23.8722,2019-09-08 18:22:32.247134,184.0,180.0,176.0,194.0,192.0,176.0,180.0,166.0,,-1,8345583
23.884,2019-09-08 18:22:32.285955,184.0,180.0,174.0,180.0,180.0,178.0,180.0,166.0,,0,8346970
23.9228,2019-09-08 18:22:32.296195,184.0,180.0,176.0,184.0,238.0,178.0,178.0,166.0,,0,8348025
23.9331,2019-09-08 18:22:32.304192,180.0,184.0,176.0,194.0,250.0,166.0,180.0,178.0,,0,8348915
23.941,2019-09-08 18:22:32.319471,184.0,184.0,180.0,176.0,276.0,182.0,180.0,166.0,,0,8350835
23.9563,2019-09-08 18:22:32.330760,184.0,184.0,180.0,194.0,178.0,180.0,166.0,186.0,,0,8351057
23.9682,2019-09-08 18:22:32.353834,190.0,190.0,176.0,194.0,306.0,192.0,182.0,166.0,,1,8352392
23.9907,2019-09-08 18:22:32.382398,208.0,208.0,180.0,174.0,344.0,198.0,184.0,168.0,,1,8354749
24.0192,2019-09-08 18:22:32.389061,180.0,174.0,194.0,262.0,166.0,366.0,372.0,168.0,,1,8354949
24.0259,2019-09-08 18:22:32.403317,300.0,176.0,312.0,196.0,202.0,202.0,168.0,396.0,,1,8354050
24.0402,2019-09-08 18:22:32.427277,366.0,180.0,176.0,180.0,208.0,192.0,168.0,446.0,,1,8353731
24.0643,2019-09-08 18:22:32.438143,446.0,180.0,176.0,176.0,212.0,194.0,168.0,472.0,,0,8353448
24.075,2019-09-08 18:22:32.546455,500.0,182.0,176.0,202.0,194.0,168.0,168.0,484.0,,-2,8355389
24.1834,2019-09-08 18:22:32.552805,178.0,210.0,178.0,212.0,516.0,216.0,192.0,168.0,,-3,8356174
24.1897,2019-09-08 18:22:32.651927,652.0,180.0,180.0,216.0,190.0,214.0,190.0,168.0,,-5,8359783
24.2887,2019-09-08 18:22:32.665405,642.0,190.0,182.0,220.0,168.0,212.0,212.0,188.0,,-6,8361797
24.3022,2019-09-08 18:22:32.682250,198.0,184.0,222.0,222.0,212.0,188.0,168.0,510.0,,-6,8362977
24.3191,2019-09-08 18:22:32.689059,604.0,206.0,188.0,596.0,214.0,188.0,168.0,516.0,,-6,8364071
24.3258,2019-09-08 18:22:32.697517,582.0,218.0,192.0,230.0,188.0,214.0,520.0,214.0,,-7,8364320
24.3343,2019-09-08 18:22:32.707208,564.0,224.0,562.0,226.0,188.0,168.0,520.0,190.0,,-7,8364725
24.344,2019-09-08 18:22:32.728838,550.0,548.0,196.0,234.0,168.0,524.0,190.0,190.0,,-7,8365880
24.3657,2019-09-08 18:22:32.743710,198.0,538.0,198.0,536.0,524.0,216.0,192.0,168.0,,-7,8367178
24.3806,2019-09-08 18:22:32.788281,532.0,242.0,200.0,530.0,214.0,194.0,168.0,484.0,,-8,8368725
24.4252,2019-09-08 18:22:32.798097,526.0,246.0,202.0,240.0,212.0,194.0,194.0,472.0,,-8,8368143
24.4349,2019-09-08 18:22:32.808814,528.0,244.0,202.0,244.0,212.0,194.0,210.0,456.0,,-8,8367988
24.4458,2019-09-08 18:22:32.822739,532.0,242.0,202.0,242.0,194.0,168.0,434.0,168.0,,-8,8368351
24.4595,2019-09-08 18:22:32.839509,538.0,238.0,202.0,540.0,194.0,204.0,380.0,202.0,,-7,8368133
24.4763,2019-09-08 18:22:32.855337,548.0,236.0,200.0,550.0,326.0,318.0,194.0,168.0,,-6,8368638
24.4922,2019-09-08 18:22:32.871846,556.0,232.0,200.0,556.0,168.0,252.0,192.0,194.0,,-6,8368244
24.5086,2019-09-08 18:22:32.888377,562.0,228.0,564.0,228.0,168.0,202.0,196.0,196.0,,-4,8367922
24.5251,2019-09-08 18:22:32.903815,568.0,226.0,198.0,570.0,168.0,196.0,166.0,180.0,,-3,8368292
24.5407,2019-09-08 18:22:32.916378,572.0,224.0,198.0,240.0,196.0,168.0,180.0,182.0,,-2,8367444
24.5533,2019-09-08 18:22:32.930782,568.0,220.0,194.0,240.0,180.0,192.0,192.0,180.0,,-1,8367379
24.5677,2019-09-08 18:22:32.950279,558.0,216.0,194.0,240.0,166.0,180.0,180.0,188.0,,1,8366517
24.5873,2019-09-08 18:22:32.961893,538.0,214.0,192.0,240.0,178.0,178.0,184.0,166.0,,3,8365745
24.5988,2019-09-08 18:22:33.000242,508.0,210.0,190.0,238.0,180.0,166.0,176.0,174.0,,7,8364050
24.6372,2019-09-08 18:22:33.009127,396.0,208.0,188.0,234.0,166.0,174.0,176.0,178.0,,8,8364482
24.6459,2019-09-08 18:22:33.022330,318.0,206.0,186.0,232.0,168.0,176.0,178.0,178.0,,9,8365029
24.6597,2019-09-08 18:22:33.043423,244.0,206.0,184.0,228.0,176.0,178.0,168.0,172.0,,10,8364254
24.6803,2019-09-08 18:22:33.064601,204.0,202.0,184.0,198.0,168.0,172.0,176.0,178.0,,11,8364797
24.7015,2019-09-08 18:22:33.103029,196.0,198.0,182.0,216.0,178.0,166.0,178.0,168.0,,12,8366299
24.7399,2019-09-08 18:22:33.109665,194.0,188.0,194.0,188.0,172.0,176.0,166.0,172.0,,12,8365427
24.7465,2019-09-08 18:22:33.126199,194.0,194.0,178.0,200.0,178.0,168.0,168.0,172.0,,12,8367088
24.7634,2019-09-08 18:22:33.134650,194.0,194.0,176.0,198.0,168.0,170.0,176.0,178.0,,12,8366874
24.7715,2019-09-08 18:22:33.233486,194.0,194.0,180.0,176.0,168.0,176.0,176.0,168.0,,8,8362925
24.8703,2019-09-08 18:22:33.276391,192.0,180.0,176.0,194.0,178.0,176.0,178.0,166.0,,6,8355565
24.9132,2019-09-08 18:22:33.334914,190.0,180.0,176.0,194.0,178.0,176.0,178.0,166.0,,3,8344364
24.9717,2019-09-08 18:22:33.341203,188.0,180.0,174.0,194.0,166.0,176.0,178.0,166.0,,3,8344448
24.978,2019-09-08 18:22:33.351313,188.0,180.0,176.0,194.0,166.0,166.0,176.0,178.0,,2,8343437
24.9881,2019-09-08 18:22:33.367428,188.0,180.0,176.0,194.0,166.0,178.0,166.0,166.0,,1,8343911
25.0042,2019-09-08 18:22:33.383061,186.0,180.0,176.0,194.0,178.0,166.0,178.0,176.0,,1,8344081
25.0198,2019-09-08 18:22:33.403872,186.0,180.0,176.0,194.0,178.0,166.0,178.0,178.0,,0,8344538
25.0407,2019-09-08 18:22:33.419306,186.0,180.0,174.0,194.0,178.0,166.0,166.0,178.0,,-1,8343586
25.0561,2019-09-08 18:22:33.435484,186.0,180.0,176.0,194.0,168.0,168.0,176.0,166.0,,-2,8344160
25.0723,2019-09-08 18:22:33.455924,186.0,180.0,176.0,194.0,176.0,178.0,166.0,168.0,,-2,8344434
25.0927,2019-09-08 18:22:33.463939,186.0,180.0,176.0,194.0,166.0,178.0,166.0,170.0,,-3,8344434
25.1007,2019-09-08 18:22:33.479479,186.0,180.0,174.0,194.0,170.0,178.0,166.0,172.0,,-3,8345181
25.1163,2019-09-08 18:22:33.507726,186.0,180.0,176.0,194.0,168.0,176.0,176.0,180.0,,-3,8345105
25.1446,2019-09-08 18:22:33.514076,186.0,180.0,176.0,194.0,178.0,178.0,176.0,180.0,,-2,8345105
25.1508,2019-09-08 18:22:33.523098,186.0,180.0,176.0,194.0,180.0,180.0,180.0,176.0,,-2,8344666
25.1599,2019-09-08 18:22:33.536279,184.0,180.0,176.0,194.0,184.0,176.0,180.0,166.0,,-2,8344755
25.1731,2019-09-08 18:22:33.553798,184.0,180.0,176.0,194.0,184.0,176.0,180.0,166.0,,-1,8344755
25.1907,2019-09-08 18:22:33.568561,184.0,180.0,176.0,194.0,180.0,166.0,190.0,176.0,,-1,8344787
25.2062,2019-09-08 18:22:33.604245,184.0,180.0,176.0,194.0,194.0,176.0,180.0,176.0,,0,8344676
25.2414,2019-09-08 18:22:33.611310,184.0,180.0,176.0,194.0,196.0,176.0,198.0,176.0,,0,8345264
25.2482,2019-09-08 18:22:33.622161,184.0,180.0,176.0,194.0,180.0,168.0,200.0,176.0,,1,8345434
25.259,2019-09-08 18:22:33.643331,184.0,180.0,176.0,194.0,178.0,166.0,202.0,176.0,,1,8345434
25.2802,2019-09-08 18:22:33.655760,184.0,180.0,176.0,194.0,178.0,166.0,178.0,166.0,,1,8344430
25.2926,2019-09-08 18:22:33.662732,186.0,180.0,176.0,194.0,216.0,176.0,180.0,166.0,,1,8344576
25.3002,2019-09-08 18:22:33.675295,196.0,180.0,176.0,194.0,178.0,178.0,180.0,166.0,,1,8346323
25.3122,2019-09-08 18:22:33.703335,216.0,180.0,176.0,194.0,166.0,284.0,180.0,178.0,,1,8344807
25.3401,2019-09-08 18:22:33.709682,248.0,180.0,176.0,194.0,166.0,166.0,190.0,180.0,,1,8346081
25.3466,2019-09-08 18:22:33.722566,288.0,180.0,176.0,196.0,312.0,196.0,180.0,168.0,,1,8344904
25.3594,2019-09-08 18:22:33.742607,350.0,180.0,176.0,196.0,166.0,202.0,182.0,166.0,,0,8345354
25.3794,2019-09-08 18:22:33.754561,410.0,180.0,176.0,200.0,168.0,204.0,184.0,166.0,,0,8343728
25.3914,2019-09-08 18:22:33.779947,456.0,182.0,178.0,202.0,206.0,186.0,168.0,378.0,,0,8343451
25.4169,2019-09-08 18:22:33.789910,478.0,182.0,178.0,204.0,190.0,190.0,190.0,192.0,,-1,8343461
25.4269,2019-09-08 18:22:33.809026,496.0,184.0,178.0,208.0,168.0,412.0,222.0,194.0,,-1,8343181
25.4459,2019-09-08 18:22:33.920107,510.0,186.0,180.0,210.0,448.0,234.0,448.0,236.0,,-3,8343140
25.557,2019-09-08 18:22:33.926806,190.0,240.0,216.0,242.0,448.0,234.0,446.0,234.0,,-3,8343146
25.5636,2019-09-08 18:22:33.937476,502.0,220.0,194.0,246.0,446.0,446.0,170.0,210.0,,-4,8343167
25.5746,2019-09-08 18:22:33.964253,494.0,222.0,194.0,250.0,210.0,170.0,440.0,236.0,,-5,8343081
25.6016,2019-09-08 18:22:33.980756,474.0,472.0,228.0,470.0,172.0,236.0,212.0,170.0,,-5,8343648
25.618,2019-09-08 18:22:34.012314,232.0,198.0,198.0,258.0,212.0,210.0,172.0,170.0,,-6,8344915
25.6491,2019-09-08 18:22:34.023633,442.0,238.0,200.0,262.0,236.0,212.0,172.0,438.0,,-6,8345904
25.6607,2019-09-08 18:22:34.041845,430.0,240.0,202.0,266.0,236.0,212.0,212.0,440.0,,-7,8346095
25.6789,2019-09-08 18:22:34.061108,268.0,268.0,202.0,270.0,236.0,236.0,172.0,170.0,,-7,8347375
25.6984,2019-09-08 18:22:34.134151,204.0,248.0,204.0,274.0,442.0,236.0,212.0,172.0,,-8,8349313
25.7714,2019-09-08 18:22:34.140919,208.0,282.0,208.0,282.0,430.0,248.0,218.0,172.0,,-9,8349448
25.778,2019-09-08 18:22:34.149775,210.0,258.0,258.0,210.0,172.0,250.0,252.0,220.0,,-9,8349645
25.787,2019-09-08 18:22:34.222539,370.0,266.0,212.0,294.0,338.0,274.0,234.0,174.0,,-8,8349925
25.8595,2019-09-08 18:22:34.229381,348.0,274.0,300.0,300.0,322.0,318.0,278.0,236.0,,-8,8349634
25.8666,2019-09-08 18:22:34.236247,340.0,338.0,276.0,304.0,176.0,300.0,278.0,174.0,,-8,8350375
25.8739,2019-09-08 18:22:34.246646,328.0,280.0,218.0,324.0,284.0,278.0,240.0,240.0,,-7,8349212
25.8845,2019-09-08 18:22:34.265266,316.0,310.0,218.0,310.0,228.0,276.0,246.0,176.0,,-7,8349551
25.9024,2019-09-08 18:22:34.284878,312.0,286.0,294.0,314.0,248.0,178.0,190.0,178.0,,-5,8349728
25.9222,2019-09-08 18:22:34.297557,272.0,288.0,266.0,316.0,184.0,246.0,256.0,246.0,,-4,8350468
25.9356,2019-09-08 18:22:34.335237,244.0,242.0,240.0,316.0,216.0,224.0,178.0,170.0,,0,8349403
25.9737,2019-09-08 18:22:34.343223,214.0,290.0,210.0,290.0,216.0,178.0,178.0,178.0,,2,8350441
25.9809,2019-09-08 18:22:34.352608,198.0,286.0,198.0,310.0,202.0,206.0,176.0,200.0,,4,8350527
25.9907,2019-09-08 18:22:34.376384,194.0,278.0,276.0,206.0,192.0,174.0,174.0,190.0,,9,8351098
26.0135,2019-09-08 18:22:34.390501,190.0,190.0,190.0,274.0,188.0,172.0,168.0,186.0,,11,8351275
26.0279,2019-09-08 18:22:34.403304,188.0,244.0,200.0,200.0,182.0,184.0,168.0,184.0,,13,8351451
26.0405,2019-09-08 18:22:34.418307,186.0,186.0,198.0,196.0,180.0,166.0,168.0,182.0,,16,8352538
26.056,2019-09-08 18:22:34.428195,186.0,186.0,194.0,192.0,182.0,166.0,166.0,168.0,,18,8352821
26.0662,2019-09-08 18:22:34.445734,186.0,186.0,190.0,188.0,166.0,180.0,178.0,166.0,,23,8352711
26.0829,2019-09-08 18:22:34.462774,186.0,184.0,210.0,210.0,178.0,180.0,178.0,166.0,,24,8353302
26.1009,2019-09-08 18:22:34.481511,184.0,180.0,180.0,186.0,168.0,180.0,178.0,178.0,,27,8352507
26.1189,2019-09-08 18:22:34.496704,186.0,184.0,178.0,202.0,166.0,178.0,166.0,178.0,,28,8352735
26.1346,2019-09-08 18:22:34.526296,186.0,182.0,176.0,200.0,178.0,166.0,166.0,178.0,,29,8353846
26.1633,2019-09-08 18:22:34.533254,186.0,180.0,176.0,198.0,178.0,166.0,168.0,178.0,,29,8353673
26.1701,2019-09-08 18:22:34.546286,186.0,180.0,176.0,198.0,178.0,166.0,166.0,178.0,,28,8355385
26.1831,2019-09-08 18:22:34.561581,186.0,180.0,176.0,196.0,166.0,166.0,178.0,178.0,,28,8355953
26.1989,2019-09-08 18:22:34.581991,186.0,180.0,174.0,196.0,178.0,166.0,166.0,178.0,,26,8358396
26.2191,2019-09-08 18:22:34.596324,186.0,186.0,174.0,196.0,178.0,166.0,178.0,166.0,,25,8359486
26.2331,2019-09-08 18:22:34.633170,186.0,180.0,176.0,186.0,176.0,166.0,176.0,178.0,,21,8359427
26.2703,2019-09-08 18:22:34.639832,186.0,180.0,174.0,196.0,178.0,178.0,178.0,178.0,,20,8359489
26.277,2019-09-08 18:22:34.650941,186.0,180.0,180.0,176.0,176.0,178.0,166.0,166.0,,18,8359078
26.288,2019-09-08 18:22:34.663492,186.0,180.0,176.0,196.0,176.0,178.0,166.0,166.0,,16,8357856
26.3006,2019-09-08 18:22:34.684450,186.0,180.0,174.0,194.0,164.0,178.0,168.0,166.0,,15,8355192
26.3213,2019-09-08 18:22:34.703404,186.0,180.0,176.0,196.0,178.0,166.0,164.0,164.0,,11,8353842
26.3402,2019-09-08 18:22:34.735762,186.0,180.0,176.0,194.0,178.0,166.0,164.0,178.0,,7,8348828
26.3728,2019-09-08 18:22:34.742898,194.0,180.0,176.0,194.0,164.0,178.0,178.0,166.0,,6,8348607
26.3797,2019-09-08 18:22:34.759085,184.0,180.0,176.0,194.0,164.0,178.0,178.0,166.0,,4,8345828
26.3959,2019-09-08 18:22:34.774717,184.0,180.0,194.0,194.0,164.0,178.0,178.0,166.0,,3,8344046
26.4117,2019-09-08 18:22:34.793886,184.0,184.0,180.0,194.0,164.0,166.0,178.0,166.0,,1,8343769
26.4317,2019-09-08 18:22:34.809304,184.0,180.0,176.0,194.0,180.0,178.0,178.0,164.0,,0,8343579
26.4461,2019-09-08 18:22:34.910937,184.0,180.0,176.0,176.0,180.0,166.0,170.0,178.0,,-3,8347316
26.5477,2019-09-08 18:22:34.930446,184.0,180.0,176.0,194.0,176.0,180.0,178.0,168.0,,-3,8348195
26.5673,2019-09-08 18:22:34.937628,182.0,180.0,176.0,194.0,176.0,176.0,180.0,166.0,,-2,8348081
26.5744,2019-09-08 18:22:34.947037,184.0,180.0,176.0,194.0,166.0,182.0,176.0,178.0,,-2,8349856
26.5838,2019-09-08 18:22:34.962006,184.0,180.0,176.0,194.0,176.0,176.0,180.0,166.0,,-2,8351174
26.5989,2019-09-08 18:22:35.031211,184.0,180.0,176.0,194.0,218.0,176.0,180.0,166.0,,-1,8352202
26.6683,2019-09-08 18:22:35.038886,184.0,182.0,180.0,176.0,166.0,226.0,166.0,230.0,,-1,8354579
26.6766,2019-09-08 18:22:35.048109,190.0,192.0,176.0,194.0,178.0,180.0,166.0,180.0,,-1,8354783
26.6849,2019-09-08 18:22:35.063151,206.0,180.0,176.0,194.0,180.0,166.0,280.0,178.0,,-1,8353967
26.7,2019-09-08 18:22:35.081936,240.0,180.0,176.0,194.0,300.0,180.0,180.0,180.0,,-1,8353877
26.7188,2019-09-08 18:22:35.099909,274.0,176.0,194.0,194.0,166.0,180.0,180.0,166.0,,-1,8353555
26.7368,2019-09-08 18:22:35.113317,318.0,176.0,196.0,196.0,166.0,182.0,180.0,166.0,,-1,8353821
26.7503,2019-09-08 18:22:35.143021,180.0,180.0,176.0,196.0,368.0,180.0,374.0,190.0,,-1,8352814
26.7798,2019-09-08 18:22:35.153377,180.0,176.0,176.0,180.0,190.0,166.0,166.0,388.0,,-1,8352704
26.7902,2019-09-08 18:22:35.170315,182.0,178.0,204.0,204.0,180.0,166.0,434.0,198.0,,-1,8353154
26.8075,2019-09-08 18:22:35.183276,182.0,182.0,178.0,208.0,440.0,166.0,182.0,166.0,,-1,8353133
26.8202,2019-09-08 18:22:35.202272,532.0,534.0,180.0,210.0,202.0,184.0,168.0,202.0,,-2,8353164
26.8394,2019-09-08 18:22:35.248585,546.0,186.0,214.0,216.0,188.0,168.0,204.0,190.0,,-2,8351610
26.8854,2019-09-08 18:22:35.266727,560.0,192.0,184.0,222.0,168.0,206.0,190.0,168.0,,-2,8351102
26.9036,2019-09-08 18:22:35.277086,224.0,194.0,184.0,224.0,210.0,198.0,168.0,512.0,,-3,8351102
26.9139,2019-09-08 18:22:35.294492,578.0,198.0,186.0,186.0,212.0,200.0,168.0,512.0,,-3,8349742
26.9318,2019-09-08 18:22:35.317545,588.0,200.0,188.0,588.0,512.0,170.0,512.0,514.0,,-3,8348673
26.9544,2019-09-08 18:22:35.343610,582.0,202.0,578.0,576.0,212.0,170.0,506.0,218.0,,-3,8348157
26.9804,2019-09-08 18:22:35.358964,238.0,206.0,190.0,238.0,504.0,172.0,218.0,218.0,,-3,8348814
26.9959,2019-09-08 18:22:35.368366,550.0,210.0,190.0,240.0,172.0,484.0,218.0,232.0,,-4,8349448
27.0052,2019-09-08 18:22:35.385795,536.0,212.0,244.0,244.0,216.0,216.0,172.0,474.0,,-4,8348870
27.0227,2019-09-08 18:22:35.401172,518.0,216.0,194.0,244.0,244.0,172.0,172.0,472.0,,-4,8349558
27.038,2019-09-08 18:22:35.416823,508.0,218.0,194.0,506.0,250.0,172.0,214.0,214.0,,-4,8350441
27.0536,2019-09-08 18:22:35.446888,500.0,222.0,222.0,196.0,214.0,264.0,174.0,460.0,,-4,8351230
27.0837,2019-09-08 18:22:35.453159,490.0,226.0,196.0,252.0,268.0,174.0,174.0,456.0,,-5,8351866
27.0901,2019-09-08 18:22:35.467865,482.0,230.0,196.0,256.0,276.0,450.0,216.0,174.0,,-5,8352057
27.1047,2019-09-08 18:22:35.495846,474.0,232.0,198.0,260.0,440.0,438.0,218.0,290.0,,-5,8352828
27.1328,2019-09-08 18:22:35.505807,466.0,234.0,198.0,466.0,436.0,434.0,294.0,294.0,,-5,8353880
27.143,2019-09-08 18:22:35.517960,462.0,236.0,200.0,266.0,220.0,302.0,304.0,306.0,,-6,8353423
27.1551,2019-09-08 18:22:35.549844,462.0,238.0,200.0,268.0,180.0,324.0,230.0,384.0,,-6,8354372
27.1868,2019-09-08 18:22:35.560373,462.0,238.0,462.0,268.0,230.0,332.0,232.0,372.0,,-6,8354223
27.1973,2019-09-08 18:22:35.569059,460.0,238.0,460.0,272.0,232.0,340.0,184.0,362.0,,-6,8354136
27.2063,2019-09-08 18:22:35.576711,456.0,240.0,454.0,242.0,236.0,354.0,236.0,350.0,,-6,8354136
27.2136,2019-09-08 18:22:35.617396,448.0,244.0,202.0,278.0,348.0,356.0,188.0,338.0,,-6,8354385
27.2543,2019-09-08 18:22:35.625945,436.0,246.0,202.0,246.0,252.0,394.0,198.0,200.0,,-6,8354174
27.2627,2019-09-08 18:22:35.638986,422.0,248.0,204.0,288.0,280.0,256.0,402.0,258.0,,-6,8354032
27.276,2019-09-08 18:22:35.652634,404.0,250.0,204.0,292.0,416.0,418.0,250.0,264.0,,-6,8354334
27.2894,2019-09-08 18:22:35.658956,380.0,378.0,204.0,298.0,246.0,210.0,426.0,268.0,,-6,8354818
27.2958,2019-09-08 18:22:35.675862,354.0,352.0,206.0,302.0,236.0,212.0,230.0,270.0,,-6,8354842
27.3127,2019-09-08 18:22:35.688024,322.0,260.0,208.0,306.0,436.0,214.0,220.0,274.0,,-7,8355652
27.3249,2019-09-08 18:22:35.720685,284.0,264.0,208.0,308.0,442.0,218.0,212.0,276.0,,-7,8357870
27.3575,2019-09-08 18:22:35.727084,246.0,266.0,208.0,308.0,234.0,184.0,284.0,236.0,,-7,8358230
27.3641,2019-09-08 18:22:35.769759,212.0,266.0,206.0,306.0,176.0,282.0,466.0,254.0,,-7,8361123
27.4066,2019-09-08 18:22:35.792180,192.0,250.0,202.0,280.0,176.0,464.0,258.0,174.0,,-7,8361392
27.429,2019-09-08 18:22:35.798672,188.0,188.0,222.0,198.0,172.0,452.0,264.0,264.0,,-6,8363863
27.4356,2019-09-08 18:22:35.811538,186.0,210.0,194.0,232.0,270.0,444.0,266.0,266.0,,-6,8363040
27.4484,2019-09-08 18:22:35.883635,186.0,198.0,192.0,222.0,314.0,160.0,220.0,278.0,,0,8364607
27.5205,2019-09-08 18:22:35.896427,186.0,182.0,178.0,200.0,276.0,160.0,214.0,280.0,,2,8363946
27.5332,2019-09-08 18:22:35.906763,186.0,182.0,176.0,198.0,274.0,210.0,270.0,272.0,,3,8363365
27.5436,2019-09-08 18:22:35.917789,186.0,180.0,176.0,198.0,160.0,204.0,234.0,254.0,,5,8362209
27.5547,2019-09-08 18:22:35.932033,186.0,180.0,174.0,196.0,198.0,212.0,236.0,160.0,,6,8360815
27.5689,2019-09-08 18:22:35.953287,186.0,180.0,176.0,196.0,194.0,206.0,226.0,160.0,,8,8359559
27.5902,2019-09-08 18:22:35.974052,186.0,180.0,174.0,196.0,192.0,192.0,160.0,160.0,,12,8357354
27.6109,2019-09-08 18:22:35.982266,186.0,180.0,174.0,186.0,188.0,190.0,160.0,186.0,,15,8357424
27.6191,2019-09-08 18:22:35.996649,180.0,176.0,194.0,186.0,184.0,184.0,184.0,162.0,,18,8355787
27.6335,2019-09-08 18:22:36.018398,186.0,180.0,176.0,186.0,184.0,184.0,160.0,182.0,,25,8355237
27.6552,2019-09-08 18:22:36.031147,186.0,180.0,186.0,180.0,168.0,162.0,180.0,180.0,,28,8355327
27.668,2019-09-08 18:22:36.055673,186.0,186.0,174.0,180.0,162.0,178.0,180.0,178.0,,35,8355479
27.6927,2019-09-08 18:22:36.062641,186.0,180.0,186.0,194.0,176.0,180.0,168.0,160.0,,37,8356337
27.6999,2019-09-08 18:22:36.078167,186.0,180.0,186.0,180.0,162.0,168.0,162.0,176.0,,39,8356285
27.7151,2019-09-08 18:22:36.115843,186.0,180.0,174.0,186.0,166.0,164.0,174.0,180.0,,44,8354171
27.7528,2019-09-08 18:22:36.127187,186.0,180.0,176.0,194.0,164.0,162.0,174.0,180.0,,44,8352507
27.7642,2019-09-08 18:22:36.142879,186.0,180.0,176.0,186.0,164.0,178.0,178.0,168.0,,44,8350835
27.7798,2019-09-08 18:22:36.164092,186.0,180.0,176.0,194.0,166.0,164.0,168.0,178.0,,43,8349783
27.801,2019-09-08 18:22:36.170892,186.0,180.0,174.0,194.0,178.0,174.0,178.0,168.0,,42,8345724
27.8078,2019-09-08 18:22:36.179884,186.0,180.0,176.0,194.0,168.0,168.0,164.0,168.0,,41,8345022
27.8174,2019-09-08 18:22:36.187218,186.0,180.0,174.0,194.0,174.0,178.0,168.0,166.0,,40,8343915
27.8241,2019-09-08 18:22:36.208421,186.0,180.0,176.0,194.0,178.0,166.0,164.0,174.0,,39,8343268
27.8453,2019-09-08 18:22:36.225444,184.0,180.0,176.0,194.0,164.0,174.0,168.0,178.0,,35,8342932
27.8627,2019-09-08 18:22:36.236606,184.0,180.0,176.0,194.0,168.0,174.0,178.0,168.0,,33,8343313
27.8739,2019-09-08 18:22:36.264045,184.0,180.0,174.0,194.0,164.0,178.0,166.0,166.0,,28,8343773
27.9015,2019-09-08 18:22:36.302433,184.0,180.0,176.0,194.0,178.0,178.0,166.0,164.0,,18,8343859
27.9393,2019-09-08 18:22:36.317389,176.0,180.0,176.0,194.0,178.0,166.0,164.0,176.0,,15,8343669
27.9543,2019-09-08 18:22:36.329322,176.0,180.0,174.0,194.0,166.0,164.0,178.0,178.0,,13,8343666
27.9662,2019-09-08 18:22:36.336003,184.0,180.0,194.0,194.0,178.0,162.0,178.0,178.0,,11,8343894
27.9729,2019-09-08 18:22:36.353714,184.0,176.0,194.0,194.0,162.0,178.0,180.0,178.0,,9,8344783
27.9906,2019-09-08 18:22:36.368554,180.0,180.0,176.0,194.0,164.0,178.0,178.0,162.0,,8,8347634
28.0074,2019-09-08 18:22:36.377102,184.0,180.0,176.0,194.0,178.0,178.0,166.0,164.0,,6,8348718
28.014,2019-09-08 18:22:36.390037,184.0,180.0,176.0,194.0,162.0,178.0,180.0,166.0,,5,8350212
28.0274,2019-09-08 18:22:36.406312,184.0,180.0,176.0,196.0,178.0,180.0,166.0,162.0,,2,8350939
28.0433,2019-09-08 18:22:36.425976,184.0,180.0,176.0,196.0,180.0,162.0,176.0,178.0,,1,8352465
28.0645,2019-09-08 18:22:36.437733,188.0,180.0,176.0,196.0,166.0,180.0,166.0,162.0,,0,8352904
28.0747,2019-09-08 18:22:36.456392,196.0,180.0,202.0,196.0,178.0,162.0,166.0,162.0,,-2,8353756
28.0933,2019-09-08 18:22:36.478308,216.0,180.0,196.0,196.0,178.0,178.0,166.0,180.0,,-3,8355946
28.1152,2019-09-08 18:22:36.487010,246.0,250.0,176.0,196.0,176.0,176.0,178.0,166.0,,-3,8356171
28.1239,2019-09-08 18:22:36.503547,180.0,290.0,180.0,196.0,180.0,166.0,164.0,176.0,,-4,8355628
28.1405,2019-09-08 18:22:36.517725,340.0,346.0,176.0,196.0,164.0,176.0,176.0,180.0,,-4,8354904
28.1545,2019-09-08 18:22:36.634083,408.0,180.0,176.0,202.0,166.0,176.0,166.0,166.0,,-3,8357600
28.2709,2019-09-08 18:22:36.640411,610.0,192.0,180.0,216.0,214.0,176.0,180.0,166.0,,-3,8357628
28.2776,2019-09-08 18:22:36.654437,618.0,192.0,180.0,218.0,176.0,180.0,166.0,222.0,,-3,8357590
28.2915,2019-09-08 18:22:36.672543,624.0,194.0,182.0,220.0,166.0,266.0,178.0,180.0,,-3,8357780
28.3094,2019-09-08 18:22:36.685272,622.0,196.0,182.0,620.0,166.0,276.0,176.0,180.0,,-3,8357361
28.3221,2019-09-08 18:22:36.697984,198.0,182.0,222.0,222.0,166.0,178.0,178.0,180.0,,-3,8359074
28.3348,2019-09-08 18:22:36.712431,602.0,200.0,184.0,224.0,322.0,180.0,180.0,166.0,,-3,8359835
28.3493,2019-09-08 18:22:36.728108,588.0,202.0,184.0,584.0,184.0,180.0,166.0,354.0,,-2,8360098
28.365,2019-09-08 18:22:36.741404,230.0,208.0,186.0,208.0,186.0,180.0,168.0,190.0,,-2,8361417
28.3786,2019-09-08 18:22:36.762983,546.0,212.0,188.0,238.0,182.0,168.0,388.0,196.0,,-2,8362607
28.3998,2019-09-08 18:22:36.778667,522.0,520.0,190.0,242.0,170.0,424.0,202.0,198.0,,-2,8363524
28.4158,2019-09-08 18:22:36.796999,504.0,502.0,228.0,194.0,432.0,204.0,202.0,172.0,,-2,8364555
28.4342,2019-09-08 18:22:36.807791,490.0,232.0,196.0,252.0,448.0,208.0,214.0,172.0,,-2,8365386
28.445,2019-09-08 18:22:36.824062,476.0,476.0,236.0,198.0,210.0,228.0,176.0,470.0,,-2,8366316
28.4609,2019-09-08 18:22:36.842621,462.0,242.0,460.0,458.0,178.0,482.0,212.0,244.0,,-2,8365936
28.4795,2019-09-08 18:22:36.860734,446.0,446.0,200.0,268.0,246.0,178.0,212.0,250.0,,-2,8366932
28.4979,2019-09-08 18:22:36.886795,430.0,430.0,428.0,426.0,210.0,274.0,180.0,488.0,,-3,8367839
28.5239,2019-09-08 18:22:36.893569,414.0,258.0,412.0,278.0,210.0,180.0,484.0,208.0,,-3,8367839
28.5304,2019-09-08 18:22:36.909263,400.0,262.0,262.0,206.0,476.0,180.0,472.0,208.0,,-3,8368157
28.5461,2019-09-08 18:22:36.925758,382.0,382.0,288.0,290.0,300.0,182.0,302.0,208.0,,-3,8369316
28.5625,2019-09-08 18:22:36.944476,272.0,294.0,366.0,274.0,184.0,184.0,206.0,316.0,,-3,8369476
28.5813,2019-09-08 18:22:36.957310,356.0,280.0,354.0,302.0,184.0,206.0,318.0,320.0,,-3,8369829
28.5941,2019-09-08 18:22:36.984062,342.0,286.0,338.0,308.0,184.0,438.0,206.0,326.0,,-4,8371476
28.621,2019-09-08 18:22:36.999253,326.0,290.0,320.0,292.0,428.0,206.0,334.0,186.0,,-4,8371431
28.6361,2019-09-08 18:22:37.127766,306.0,294.0,300.0,296.0,424.0,206.0,338.0,188.0,,-7,8369791
28.7648,2019-09-08 18:22:37.134518,188.0,252.0,208.0,264.0,196.0,362.0,210.0,386.0,,-8,8367925
28.7714,2019-09-08 18:22:37.153023,188.0,234.0,206.0,248.0,434.0,222.0,222.0,222.0,,-8,8365226
28.79,2019-09-08 18:22:37.187973,186.0,220.0,202.0,232.0,220.0,228.0,458.0,222.0,,-8,8356607
28.8248,2019-09-08 18:22:37.195769,186.0,194.0,192.0,212.0,232.0,468.0,228.0,244.0,,-9,8355776
28.8327,2019-09-08 18:22:37.224098,186.0,190.0,186.0,208.0,238.0,238.0,484.0,240.0,,-9,8352686
28.861,2019-09-08 18:22:37.239987,184.0,186.0,182.0,204.0,238.0,242.0,204.0,242.0,,-9,8352562
28.8786,2019-09-08 18:22:37.248230,186.0,184.0,178.0,200.0,250.0,192.0,500.0,502.0,,-9,8351160
28.8852,2019-09-08 18:22:37.258407,184.0,182.0,176.0,198.0,502.0,252.0,188.0,246.0,,-9,8351828
28.8952,2019-09-08 18:22:37.270297,186.0,180.0,176.0,198.0,258.0,184.0,246.0,260.0,,-9,8351081
28.9073,2019-09-08 18:22:37.288705,196.0,180.0,174.0,186.0,262.0,182.0,246.0,510.0,,-9,8351372
28.926,2019-09-08 18:22:37.299769,184.0,180.0,186.0,196.0,266.0,178.0,506.0,506.0,,-9,8352545
28.9373,2019-09-08 18:22:37.314816,186.0,180.0,176.0,194.0,272.0,174.0,238.0,272.0,,-8,8352811
28.9517,2019-09-08 18:22:37.330190,186.0,180.0,184.0,196.0,232.0,230.0,276.0,170.0,,-8,8353517
28.9672,2019-09-08 18:22:37.347506,186.0,180.0,174.0,194.0,482.0,226.0,168.0,224.0,,-7,8353610
28.9844,2019-09-08 18:22:37.361522,186.0,180.0,186.0,180.0,458.0,280.0,454.0,216.0,,-7,8354430
28.9984,2019-09-08 18:22:37.391555,186.0,186.0,176.0,194.0,162.0,204.0,284.0,160.0,,-5,8357517
29.0284,2019-09-08 18:22:37.400672,184.0,186.0,180.0,176.0,354.0,282.0,162.0,336.0,,-4,8359289
29.0375,2019-09-08 18:22:37.415756,186.0,180.0,176.0,176.0,282.0,160.0,198.0,198.0,,-2,8361171
29.0525,2019-09-08 18:22:37.427388,186.0,180.0,176.0,194.0,160.0,196.0,160.0,268.0,,-1,8362932
29.0642,2019-09-08 18:22:37.440358,186.0,180.0,176.0,194.0,264.0,264.0,160.0,194.0,,0,8365040
29.0773,2019-09-08 18:22:37.454881,184.0,180.0,176.0,194.0,226.0,242.0,160.0,160.0,,2,8367254
29.0917,2019-09-08 18:22:37.472337,184.0,180.0,176.0,194.0,224.0,160.0,160.0,186.0,,5,8367912
29.1091,2019-09-08 18:22:37.490218,184.0,180.0,176.0,194.0,200.0,212.0,186.0,184.0,,6,8369372
29.1272,2019-09-08 18:22:37.502821,184.0,180.0,176.0,194.0,190.0,160.0,182.0,186.0,,10,8371275
29.1398,2019-09-08 18:22:37.518609,184.0,180.0,176.0,194.0,182.0,160.0,182.0,184.0,,13,8371891
29.1555,2019-09-08 18:22:37.537991,184.0,180.0,176.0,194.0,178.0,160.0,180.0,184.0,,19,8373351
29.1748,2019-09-08 18:22:37.565322,184.0,180.0,176.0,194.0,172.0,160.0,180.0,182.0,,24,8371566
29.2021,2019-09-08 18:22:37.590652,184.0,180.0,176.0,194.0,170.0,162.0,182.0,180.0,,29,8368856
29.2275,2019-09-08 18:22:37.596969,184.0,180.0,176.0,194.0,180.0,168.0,162.0,176.0,,31,8368202
29.2338,2019-09-08 18:22:37.603301,184.0,180.0,176.0,194.0,162.0,180.0,168.0,178.0,,33,8363905
29.2401,2019-09-08 18:22:37.612030,184.0,180.0,176.0,194.0,178.0,168.0,162.0,168.0,,35,8361614
29.249,2019-09-08 18:22:37.632712,184.0,180.0,176.0,194.0,178.0,166.0,162.0,176.0,,35,8355171
29.2695,2019-09-08 18:22:37.641916,184.0,180.0,176.0,194.0,162.0,174.0,162.0,178.0,,36,8347884
29.2788,2019-09-08 18:22:37.659437,182.0,180.0,176.0,194.0,178.0,166.0,162.0,168.0,,36,8342897
29.2963,2019-09-08 18:22:37.674458,184.0,180.0,176.0,194.0,164.0,174.0,174.0,178.0,,36,8342724
29.3113,2019-09-08 18:22:37.704520,184.0,180.0,176.0,194.0,178.0,178.0,168.0,164.0,,34,8342572
29.3414,2019-09-08 18:22:37.711098,182.0,180.0,176.0,194.0,174.0,164.0,178.0,164.0,,32,8342572
29.3489,2019-09-08 18:22:37.720904,186.0,180.0,176.0,194.0,178.0,166.0,178.0,168.0,,31,8342292
29.3578,2019-09-08 18:22:37.737025,188.0,180.0,176.0,194.0,166.0,164.0,174.0,168.0,,29,8341915
29.3742,2019-09-08 18:22:37.752639,192.0,180.0,176.0,196.0,164.0,174.0,178.0,174.0,,27,8341697
29.3905,2019-09-08 18:22:37.772824,196.0,180.0,196.0,194.0,174.0,178.0,166.0,162.0,,22,8342631
29.4097,2019-09-08 18:22:37.825826,180.0,176.0,196.0,196.0,166.0,178.0,178.0,178.0,,11,8342624
29.4626,2019-09-08 18:22:37.834464,180.0,174.0,196.0,196.0,178.0,162.0,178.0,178.0,,9,8344015
29.4714,2019-09-08 18:22:37.841752,182.0,176.0,202.0,202.0,166.0,178.0,178.0,166.0,,7,8342800
29.4786,2019-09-08 18:22:37.867391,182.0,176.0,206.0,206.0,162.0,178.0,166.0,162.0,,3,8349015
29.5043,2019-09-08 18:22:37.877341,420.0,178.0,210.0,210.0,178.0,166.0,166.0,164.0,,1,8349015
29.5143,2019-09-08 18:22:37.902393,190.0,180.0,216.0,216.0,180.0,166.0,164.0,168.0,,-1,8362261
29.5392,2019-09-08 18:22:37.911048,500.0,194.0,182.0,220.0,180.0,180.0,178.0,180.0,,-2,8364496
29.5479,2019-09-08 18:22:37.921373,518.0,184.0,226.0,226.0,180.0,164.0,178.0,166.0,,-4,8370012
29.5582,2019-09-08 18:22:37.935630,532.0,202.0,184.0,230.0,166.0,178.0,180.0,166.0,,-4,8376234
29.5725,2019-09-08 18:22:37.961934,534.0,208.0,186.0,236.0,180.0,166.0,168.0,176.0,,-6,8391102
29.5988,2019-09-08 18:22:37.974734,524.0,214.0,188.0,242.0,176.0,168.0,170.0,170.0,,-6,8392729
29.6116,2019-09-08 18:22:37.997438,512.0,220.0,192.0,248.0,172.0,166.0,166.0,172.0,,-6,8392185
29.6348,2019-09-08 18:22:38.015829,496.0,226.0,194.0,254.0,166.0,184.0,178.0,166.0,,-6,8396078
29.6529,2019-09-08 18:22:38.024117,472.0,232.0,196.0,262.0,190.0,178.0,166.0,198.0,,-6,8395400
29.661,2019-09-08 18:22:38.039247,440.0,240.0,200.0,270.0,178.0,210.0,176.0,180.0,,-6,8389424
29.6761,2019-09-08 18:22:38.049956,408.0,248.0,202.0,276.0,166.0,214.0,176.0,180.0,,-6,8391545
29.687,2019-09-08 18:22:38.067714,380.0,256.0,206.0,282.0,166.0,220.0,180.0,180.0,,-6,8392552
29.7046,2019-09-08 18:22:38.110861,352.0,264.0,210.0,292.0,254.0,176.0,256.0,176.0,,-5,8394926
29.7477,2019-09-08 18:22:38.140629,326.0,272.0,214.0,298.0,176.0,180.0,166.0,274.0,,-5,8393732
29.7776,2019-09-08 18:22:38.169617,288.0,288.0,222.0,316.0,178.0,180.0,290.0,166.0,,-5,8395189
29.8066,2019-09-08 18:22:38.179374,302.0,232.0,330.0,330.0,178.0,166.0,298.0,180.0,,-5,8395134
29.8162,2019-09-08 18:22:38.263510,242.0,310.0,236.0,336.0,198.0,188.0,190.0,448.0,,-5,8398639
29.9003,2019-09-08 18:22:38.269780,200.0,342.0,260.0,366.0,452.0,202.0,196.0,170.0,,-6,8398639
29.9067,2019-09-08 18:22:38.276786,198.0,342.0,262.0,366.0,466.0,204.0,200.0,170.0,,-6,8398701
29.9136,2019-09-08 18:22:38.286640,196.0,340.0,264.0,366.0,204.0,206.0,206.0,206.0,,-6,8398923
29.9235,2019-09-08 18:22:38.308840,194.0,336.0,266.0,362.0,216.0,172.0,498.0,208.0,,-6,8399452
29.946,2019-09-08 18:22:38.320663,194.0,330.0,266.0,356.0,504.0,230.0,174.0,506.0,,-6,8398275
29.9579,2019-09-08 18:22:38.333372,192.0,322.0,264.0,346.0,174.0,212.0,212.0,174.0,,-6,8398404
29.9702,2019-09-08 18:22:38.395266,190.0,304.0,260.0,332.0,220.0,182.0,448.0,220.0,,-7,8386213
30.032,2019-09-08 18:22:38.414937,238.0,234.0,280.0,278.0,292.0,182.0,436.0,434.0,,-7,8379638
30.0517,2019-09-08 18:22:38.421305,216.0,222.0,262.0,260.0,304.0,184.0,414.0,186.0,,-7,8377497
30.0582,2019-09-08 18:22:38.432587,202.0,210.0,246.0,244.0,224.0,312.0,186.0,224.0,,-7,8374189
30.0694,2019-09-08 18:22:38.441343,192.0,196.0,230.0,230.0,318.0,188.0,392.0,226.0,,-7,8370548
30.0781,2019-09-08 18:22:38.459202,184.0,186.0,220.0,220.0,190.0,374.0,226.0,336.0,,-7,8365662
30.096,2019-09-08 18:22:38.473777,184.0,184.0,182.0,210.0,192.0,356.0,230.0,352.0,,-7,8362344
30.1106,2019-09-08 18:22:38.484042,184.0,184.0,178.0,204.0,348.0,346.0,232.0,360.0,,-7,8359552
30.1208,2019-09-08 18:22:38.528947,184.0,180.0,176.0,202.0,396.0,206.0,302.0,402.0,,-6,8352614
30.1657,2019-09-08 18:22:38.538683,184.0,180.0,176.0,198.0,208.0,240.0,410.0,210.0,,-6,8350745
30.1756,2019-09-08 18:22:38.550807,184.0,180.0,176.0,198.0,286.0,244.0,416.0,212.0,,-5,8348787
30.1877,2019-09-08 18:22:38.565036,186.0,180.0,176.0,198.0,266.0,428.0,430.0,260.0,,-5,8346496
30.2021,2019-09-08 18:22:38.593556,184.0,180.0,176.0,196.0,258.0,434.0,436.0,222.0,,-5,8342437
30.2312,2019-09-08 18:22:38.600846,186.0,180.0,176.0,196.0,450.0,230.0,228.0,256.0,,-4,8342492
30.238,2019-09-08 18:22:38.628193,184.0,180.0,176.0,196.0,200.0,468.0,470.0,470.0,,-4,8342717
30.265,2019-09-08 18:22:38.638198,186.0,180.0,176.0,196.0,194.0,266.0,472.0,250.0,,-3,8341977
30.2754,2019-09-08 18:22:38.652216,184.0,180.0,176.0,196.0,266.0,476.0,476.0,254.0,,-3,8342735
30.2906,2019-09-08 18:22:38.660150,186.0,180.0,176.0,194.0,186.0,268.0,478.0,258.0,,-3,8342492
30.2979,2019-09-08 18:22:38.673771,186.0,180.0,176.0,196.0,268.0,268.0,268.0,266.0,,-3,8342461
30.3116,2019-09-08 18:22:38.683617,186.0,180.0,176.0,196.0,480.0,268.0,480.0,270.0,,-2,8342621
30.3204,2019-09-08 18:22:38.699257,186.0,180.0,176.0,196.0,478.0,274.0,476.0,278.0,,-2,8341769
30.336,2019-09-08 18:22:38.718997,184.0,180.0,176.0,196.0,474.0,264.0,176.0,264.0,,-1,8341620
30.3567,2019-09-08 18:22:38.731327,186.0,180.0,176.0,196.0,286.0,176.0,258.0,460.0,,0,8341541
30.369,2019-09-08 18:22:38.744971,184.0,180.0,176.0,196.0,172.0,448.0,446.0,296.0,,-1,8341953
30.3831,2019-09-08 18:22:38.789650,184.0,180.0,176.0,196.0,306.0,306.0,390.0,306.0,,2,8341818
30.4273,2019-09-08 18:22:38.796914,184.0,180.0,176.0,194.0,308.0,166.0,378.0,374.0,,3,8341420
30.4344,2019-09-08 18:22:38.826309,184.0,180.0,176.0,196.0,216.0,340.0,310.0,162.0,,3,8341576
30.4635,2019-09-08 18:22:38.833075,184.0,180.0,176.0,196.0,212.0,324.0,308.0,162.0,,5,8342728
30.4705,2019-09-08 18:22:38.841013,184.0,180.0,176.0,196.0,208.0,308.0,306.0,162.0,,5,8342728
30.4779,2019-09-08 18:22:38.852314,184.0,180.0,176.0,194.0,202.0,278.0,302.0,160.0,,6,8342240
30.4892,2019-09-08 18:22:38.867431,184.0,176.0,196.0,196.0,200.0,160.0,198.0,256.0,,7,8343600
30.5043,2019-09-08 18:22:38.883092,184.0,180.0,176.0,194.0,236.0,284.0,160.0,278.0,,8,8344915
30.52,2019-09-08 18:22:38.899149,176.0,196.0,176.0,194.0,266.0,160.0,208.0,208.0,,11,8345998
30.536,2019-09-08 18:22:38.927671,184.0,180.0,176.0,196.0,160.0,184.0,192.0,232.0,,14,8347219
30.5648,2019-09-08 18:22:38.935577,184.0,180.0,176.0,184.0,192.0,184.0,160.0,188.0,,16,8347814
30.5724,2019-09-08 18:22:38.948642,184.0,180.0,176.0,196.0,188.0,214.0,160.0,182.0,,17,8348949
30.5858,2019-09-08 18:22:38.964252,184.0,180.0,176.0,194.0,160.0,194.0,162.0,180.0,,20,8350766
30.6015,2019-09-08 18:22:38.983685,184.0,180.0,176.0,196.0,160.0,180.0,184.0,182.0,,25,8352745
30.6206,2019-09-08 18:22:38.992318,184.0,180.0,176.0,196.0,174.0,182.0,162.0,162.0,,28,8353856
30.6293,2019-09-08 18:22:39.014124,184.0,180.0,176.0,196.0,180.0,172.0,180.0,170.0,,31,8354949
30.651,2019-09-08 18:22:39.041970,184.0,180.0,176.0,194.0,180.0,168.0,162.0,176.0,,36,8354174
30.6797,2019-09-08 18:22:39.050437,184.0,180.0,176.0,194.0,180.0,176.0,162.0,176.0,,37,8352911
30.6882,2019-09-08 18:22:39.061614,194.0,180.0,176.0,194.0,178.0,168.0,178.0,168.0,,38,8351340
30.6985,2019-09-08 18:22:39.073965,184.0,180.0,176.0,194.0,178.0,168.0,162.0,168.0,,38,8349555
30.7108,2019-09-08 18:22:39.090837,184.0,180.0,176.0,194.0,178.0,178.0,168.0,162.0,,38,8344527
30.7282,2019-09-08 18:22:39.100718,196.0,180.0,176.0,194.0,164.0,176.0,174.0,178.0,,38,8342759
30.7377,2019-09-08 18:22:39.125038,194.0,180.0,176.0,194.0,174.0,178.0,166.0,164.0,,37,8342337
30.7625,2019-09-08 18:22:39.133529,184.0,180.0,176.0,194.0,178.0,166.0,178.0,174.0,,36,8341856
30.7706,2019-09-08 18:22:39.145676,186.0,180.0,176.0,194.0,174.0,178.0,166.0,164.0,,36,8342119
30.7828,2019-09-08 18:22:39.167287,176.0,196.0,176.0,196.0,164.0,166.0,164.0,174.0,,35,8342212
30.8046,2019-09-08 18:22:39.174169,176.0,196.0,176.0,194.0,168.0,178.0,166.0,178.0,,33,8342340
30.8116,2019-09-08 18:22:39.191221,176.0,196.0,176.0,194.0,164.0,174.0,178.0,168.0,,31,8341281
30.8288,2019-09-08 18:22:39.204916,192.0,180.0,176.0,194.0,164.0,178.0,166.0,164.0,,29,8341340
30.8421,2019-09-08 18:22:39.221271,180.0,176.0,196.0,196.0,178.0,166.0,164.0,174.0,,27,8340942
30.8585,2019-09-08 18:22:39.239427,180.0,176.0,196.0,196.0,174.0,178.0,166.0,168.0,,23,8340904
30.877,2019-09-08 18:22:39.256220,182.0,182.0,178.0,202.0,166.0,166.0,164.0,174.0,,22,8339050
30.8933,2019-09-08 18:22:39.266968,220.0,182.0,176.0,200.0,178.0,166.0,164.0,174.0,,20,8340887
30.9041,2019-09-08 18:22:39.281407,228.0,184.0,178.0,198.0,176.0,178.0,178.0,178.0,,18,8341299
30.9185,2019-09-08 18:22:39.298289,186.0,178.0,200.0,200.0,176.0,166.0,166.0,176.0,,14,8342029
30.9354,2019-09-08 18:22:39.311961,190.0,180.0,204.0,204.0,176.0,166.0,164.0,164.0,,12,8343634
30.9491,2019-09-08 18:22:39.333651,238.0,200.0,184.0,210.0,166.0,176.0,176.0,166.0,,9,8345517
30.9708,2019-09-08 18:22:39.346463,236.0,212.0,190.0,216.0,164.0,162.0,176.0,178.0,,7,8347641
30.9833,2019-09-08 18:22:39.360842,238.0,194.0,196.0,220.0,162.0,176.0,178.0,166.0,,5,8347548
30.9976,2019-09-08 18:22:39.376459,246.0,232.0,200.0,224.0,178.0,166.0,162.0,166.0,,2,8345029
31.0132,2019-09-08 18:22:39.405593,268.0,244.0,282.0,234.0,176.0,178.0,166.0,164.0,,-1,8355766
31.0426,2019-09-08 18:22:39.424082,308.0,254.0,212.0,242.0,178.0,166.0,178.0,178.0,,-3,8363683
31.0609,2019-09-08 18:22:39.448863,326.0,326.0,216.0,250.0,166.0,176.0,180.0,166.0,,-5,8369929
31.0856,2019-09-08 18:22:39.466761,352.0,220.0,256.0,256.0,180.0,166.0,180.0,176.0,,-5,8381950
31.1036,2019-09-08 18:22:39.484374,366.0,276.0,224.0,260.0,166.0,168.0,176.0,176.0,,-5,8385241
31.1212,2019-09-08 18:22:39.503576,376.0,226.0,226.0,264.0,176.0,180.0,166.0,168.0,,-5,8387877
31.1408,2019-09-08 18:22:39.581674,380.0,282.0,228.0,266.0,178.0,176.0,198.0,176.0,,-4,8390282
31.2188,2019-09-08 18:22:39.588648,232.0,272.0,232.0,272.0,198.0,180.0,166.0,178.0,,-4,8390172
31.2256,2019-09-08 18:22:39.595701,234.0,274.0,236.0,274.0,166.0,204.0,180.0,168.0,,-4,8389943
31.2325,2019-09-08 18:22:39.604697,324.0,310.0,238.0,278.0,180.0,166.0,210.0,176.0,,-4,8391064
31.2415,2019-09-08 18:22:39.621140,314.0,240.0,282.0,282.0,214.0,214.0,166.0,166.0,,-4,8392760
31.258,2019-09-08 18:22:39.673236,308.0,242.0,288.0,288.0,176.0,176.0,166.0,222.0,,-4,8392431
31.31,2019-09-08 18:22:39.679547,288.0,330.0,246.0,300.0,178.0,176.0,178.0,166.0,,-4,8394812
31.3164,2019-09-08 18:22:39.688265,332.0,246.0,304.0,304.0,166.0,244.0,178.0,250.0,,-5,8393922
31.3252,2019-09-08 18:22:39.705418,262.0,336.0,308.0,310.0,260.0,180.0,180.0,270.0,,-5,8394909
31.3422,2019-09-08 18:22:39.725562,244.0,336.0,246.0,312.0,284.0,182.0,178.0,166.0,,-5,8394615
31.3624,2019-09-08 18:22:39.746333,222.0,246.0,314.0,314.0,180.0,180.0,166.0,322.0,,-6,8394310
31.3831,2019-09-08 18:22:39.755854,204.0,326.0,240.0,312.0,168.0,330.0,186.0,180.0,,-6,8394961
31.3928,2019-09-08 18:22:39.765888,196.0,314.0,234.0,308.0,178.0,166.0,346.0,186.0,,-6,8394390
31.4027,2019-09-08 18:22:39.776589,194.0,228.0,298.0,298.0,372.0,190.0,180.0,192.0,,-6,8391559
31.4134,2019-09-08 18:22:39.791001,280.0,222.0,286.0,284.0,388.0,192.0,180.0,398.0,,-6,8391815
31.4278,2019-09-08 18:22:39.804619,256.0,214.0,272.0,270.0,196.0,196.0,168.0,428.0,,-7,8388313
31.4416,2019-09-08 18:22:39.819943,186.0,230.0,204.0,256.0,200.0,452.0,202.0,180.0,,-7,8384791
31.457,2019-09-08 18:22:39.853924,214.0,198.0,242.0,240.0,168.0,488.0,206.0,182.0,,-7,8372811
31.4909,2019-09-08 18:22:39.860383,186.0,192.0,230.0,228.0,206.0,184.0,168.0,502.0,,-7,8371611
31.4975,2019-09-08 18:22:39.869926,186.0,192.0,186.0,220.0,208.0,184.0,512.0,210.0,,-7,8369171
31.5068,2019-09-08 18:22:39.882419,186.0,186.0,180.0,214.0,210.0,518.0,168.0,168.0,,-7,8364822
31.5194,2019-09-08 18:22:39.895719,186.0,184.0,178.0,208.0,168.0,212.0,212.0,186.0,,-7,8361341
31.5325,2019-09-08 18:22:39.909989,186.0,182.0,176.0,204.0,538.0,538.0,186.0,186.0,,-7,8356804
31.5469,2019-09-08 18:22:39.925874,186.0,180.0,176.0,202.0,188.0,168.0,538.0,168.0,,-7,8353292
31.5628,2019-09-08 18:22:39.962938,186.0,180.0,176.0,200.0,188.0,218.0,534.0,532.0,,-7,8345330
31.5997,2019-09-08 18:22:39.969166,186.0,180.0,176.0,198.0,168.0,222.0,188.0,168.0,,-7,8343385
31.6059,2019-09-08 18:22:39.975439,186.0,180.0,176.0,198.0,520.0,222.0,190.0,168.0,,-7,8342531
31.6124,2019-09-08 18:22:39.989277,186.0,180.0,176.0,196.0,168.0,226.0,226.0,170.0,,-7,8341811
31.6261,2019-09-08 18:22:40.008368,186.0,180.0,176.0,196.0,168.0,226.0,194.0,168.0,,-7,8341797
31.6455,2019-09-08 18:22:40.019393,186.0,176.0,176.0,196.0,228.0,196.0,170.0,502.0,,-7,8342513
31.6562,2019-09-08 18:22:40.052041,186.0,180.0,176.0,196.0,170.0,498.0,232.0,200.0,,-8,8342935
31.6888,2019-09-08 18:22:40.065522,186.0,180.0,176.0,196.0,238.0,206.0,172.0,486.0,,-8,8342641
31.7025,2019-09-08 18:22:40.083600,186.0,180.0,176.0,196.0,242.0,172.0,172.0,244.0,,-8,8342181
31.7217,2019-09-08 18:22:40.098760,186.0,180.0,176.0,196.0,462.0,214.0,172.0,456.0,,-8,8342454
31.7359,2019-09-08 18:22:40.115743,186.0,180.0,176.0,196.0,252.0,450.0,174.0,446.0,,-8,8341655
31.753,2019-09-08 18:22:40.126733,186.0,180.0,176.0,196.0,222.0,174.0,424.0,174.0,,-8,8341115
31.764,2019-09-08 18:22:40.143832,186.0,180.0,176.0,196.0,174.0,402.0,232.0,176.0,,-8,8341420
31.781,2019-09-08 18:22:40.167587,184.0,180.0,176.0,196.0,280.0,282.0,176.0,178.0,,-8,8341347
31.8049,2019-09-08 18:22:40.176369,184.0,180.0,176.0,194.0,244.0,286.0,358.0,288.0,,-8,8341527
31.8135,2019-09-08 18:22:40.188088,184.0,180.0,176.0,194.0,290.0,250.0,250.0,342.0,,-7,8341444
31.8255,2019-09-08 18:22:40.203414,184.0,180.0,176.0,194.0,322.0,300.0,260.0,302.0,,-7,8342302
31.8405,2019-09-08 18:22:40.217013,184.0,180.0,176.0,194.0,182.0,308.0,308.0,184.0,,-7,8341641
31.8541,2019-09-08 18:22:40.242334,184.0,176.0,176.0,196.0,276.0,314.0,278.0,186.0,,-6,8341070
31.8798,2019-09-08 18:22:40.260045,184.0,180.0,176.0,194.0,286.0,188.0,288.0,322.0,,-6,8341738
31.8979,2019-09-08 18:22:40.272271,184.0,180.0,176.0,196.0,290.0,190.0,226.0,324.0,,-5,8341665
31.9104,2019-09-08 18:22:40.284057,184.0,180.0,176.0,194.0,212.0,208.0,206.0,326.0,,-5,8341877
31.9209,2019-09-08 18:22:40.377159,184.0,180.0,176.0,194.0,194.0,326.0,198.0,300.0,,-5,8341229
32.0144,2019-09-08 18:22:40.667695,180.0,180.0,176.0,194.0,170.0,256.0,256.0,256.0,,3,8343915
32.3047,2019-09-08 18:22:40.674215,180.0,182.0,176.0,200.0,168.0,166.0,176.0,178.0,,16,8344368
32.3116,2019-09-08 18:22:40.686711,614.0,180.0,178.0,200.0,168.0,176.0,180.0,168.0,,15,8342226
32.3245,2019-09-08 18:22:40.694369,652.0,182.0,178.0,206.0,166.0,178.0,178.0,168.0,,14,8342005
32.332,2019-09-08 18:22:40.707790,666.0,182.0,178.0,210.0,166.0,168.0,166.0,178.0,,13,8339825
32.3446,2019-09-08 18:22:40.723298,664.0,184.0,180.0,212.0,166.0,166.0,178.0,178.0,,12,8340150
32.3603,2019-09-08 18:22:40.739261,662.0,184.0,180.0,214.0,168.0,166.0,166.0,178.0,,11,8339357
32.3762,2019-09-08 18:22:40.754397,656.0,184.0,180.0,214.0,178.0,176.0,178.0,166.0,,10,8335537
32.3912,2019-09-08 18:22:40.772572,648.0,186.0,180.0,214.0,166.0,178.0,168.0,166.0,,9,8337354
32.4095,2019-09-08 18:22:40.784899,634.0,186.0,182.0,218.0,166.0,166.0,166.0,178.0,,8,8335468
32.4218,2019-09-08 18:22:40.800602,616.0,190.0,182.0,220.0,166.0,166.0,178.0,166.0,,7,8338977
32.4375,2019-09-08 18:22:40.814970,600.0,194.0,184.0,224.0,166.0,178.0,178.0,178.0,,6,8341122
32.4519,2019-09-08 18:22:40.831091,586.0,198.0,186.0,226.0,166.0,166.0,178.0,166.0,,5,8341707
32.468,2019-09-08 18:22:40.845369,578.0,204.0,188.0,230.0,166.0,178.0,178.0,166.0,,4,8342240
32.4822,2019-09-08 18:22:40.872739,570.0,208.0,190.0,232.0,178.0,178.0,166.0,166.0,,3,8342354
32.5095,2019-09-08 18:22:40.890472,558.0,214.0,192.0,236.0,178.0,178.0,168.0,166.0,,3,8342409
32.5275,2019-09-08 18:22:40.900301,550.0,220.0,194.0,238.0,178.0,166.0,166.0,178.0,,3,8342371
32.5378,2019-09-08 18:22:40.937343,536.0,228.0,200.0,242.0,164.0,178.0,178.0,166.0,,2,8344949
32.5749,2019-09-08 18:22:40.944517,512.0,242.0,204.0,250.0,166.0,176.0,178.0,166.0,,2,8345991
32.5818,2019-09-08 18:22:40.960776,500.0,248.0,206.0,250.0,178.0,178.0,178.0,166.0,,2,8346707
32.5981,2019-09-08 18:22:40.974878,492.0,250.0,208.0,254.0,178.0,178.0,178.0,166.0,,1,8346365
32.6117,2019-09-08 18:22:40.985856,486.0,254.0,212.0,254.0,178.0,166.0,164.0,178.0,,1,8347510
32.6238,2019-09-08 18:22:41.001218,480.0,256.0,214.0,256.0,168.0,166.0,164.0,178.0,,1,8347119
32.6389,2019-09-08 18:22:41.015246,472.0,260.0,214.0,256.0,166.0,176.0,178.0,166.0,,1,8347416
32.6521,2019-09-08 18:22:41.031650,468.0,262.0,216.0,260.0,166.0,178.0,166.0,166.0,,0,8351984
32.6685,2019-09-08 18:22:41.045791,464.0,264.0,216.0,262.0,176.0,166.0,166.0,176.0,,0,8354503
32.6827,2019-09-08 18:22:41.063696,458.0,218.0,264.0,264.0,178.0,176.0,166.0,178.0,,0,8356427
32.7015,2019-09-08 18:22:41.081538,450.0,264.0,218.0,264.0,178.0,166.0,178.0,178.0,,-1,8360749
32.7191,2019-09-08 18:22:41.093871,444.0,264.0,216.0,264.0,178.0,166.0,178.0,178.0,,-1,8362361
32.7319,2019-09-08 18:22:41.108009,444.0,262.0,216.0,264.0,178.0,178.0,166.0,164.0,,-1,8365912
32.7458,2019-09-08 18:22:41.123482,448.0,258.0,214.0,262.0,176.0,178.0,166.0,164.0,,-2,8367721
32.7609,2019-09-08 18:22:41.139066,452.0,252.0,212.0,258.0,166.0,176.0,178.0,176.0,,-2,8368919
32.7759,2019-09-08 18:22:41.173360,448.0,244.0,208.0,254.0,176.0,178.0,178.0,166.0,,-2,8368673
32.8102,2019-09-08 18:22:41.183456,436.0,238.0,204.0,248.0,164.0,176.0,164.0,176.0,,-2,8368673
32.8203,2019-09-08 18:22:41.191218,414.0,230.0,200.0,244.0,176.0,180.0,166.0,164.0,,-2,8367240
32.8285,2019-09-08 18:22:41.203397,372.0,224.0,196.0,240.0,178.0,166.0,164.0,176.0,,-2,8365756
32.8406,2019-09-08 18:22:41.216306,316.0,218.0,190.0,236.0,164.0,166.0,164.0,176.0,,-2,8363642
32.8535,2019-09-08 18:22:41.234033,264.0,212.0,188.0,230.0,178.0,166.0,176.0,178.0,,-2,8360323
32.8717,2019-09-08 18:22:41.250464,226.0,208.0,184.0,226.0,166.0,164.0,176.0,178.0,,-2,8356579
32.8885,2019-09-08 18:22:41.267700,204.0,204.0,182.0,222.0,170.0,176.0,172.0,172.0,,-2,8353635
32.9052,2019-09-08 18:22:41.289938,200.0,198.0,180.0,214.0,176.0,178.0,178.0,174.0,,-3,8350482
32.9278,2019-09-08 18:22:41.298362,198.0,194.0,180.0,210.0,174.0,178.0,166.0,176.0,,-3,8349804
32.9357,2019-09-08 18:22:41.311588,198.0,188.0,178.0,206.0,176.0,178.0,166.0,176.0,,-3,8349565
32.9484,2019-09-08 18:22:41.324638,196.0,186.0,178.0,204.0,178.0,166.0,176.0,176.0,,-3,8348230
32.9615,2019-09-08 18:22:41.346791,196.0,184.0,178.0,200.0,176.0,176.0,178.0,176.0,,-3,8347202
32.9837,2019-09-08 18:22:41.356078,196.0,182.0,176.0,198.0,180.0,176.0,178.0,166.0,,-3,8347365
32.9929,2019-09-08 18:22:41.384844,194.0,180.0,176.0,198.0,180.0,176.0,166.0,182.0,,-3,8345178
33.0216,2019-09-08 18:22:41.391151,194.0,180.0,176.0,198.0,176.0,180.0,178.0,186.0,,-3,8344171
33.0283,2019-09-08 18:22:41.401863,192.0,180.0,176.0,198.0,178.0,176.0,188.0,176.0,,-3,8343977
33.0387,2019-09-08 18:22:41.418772,182.0,184.0,176.0,200.0,166.0,194.0,176.0,178.0,,-3,8342717
33.0556,2019-09-08 18:22:41.431353,192.0,188.0,180.0,200.0,200.0,176.0,178.0,168.0,,-3,8343704
33.0681,2019-09-08 18:22:41.445601,192.0,192.0,182.0,202.0,206.0,176.0,176.0,166.0,,-3,8343223
33.0824,2019-09-08 18:22:41.461619,192.0,198.0,186.0,204.0,176.0,176.0,180.0,224.0,,-3,8343146
33.0984,2019-09-08 18:22:41.484273,190.0,200.0,188.0,204.0,178.0,166.0,242.0,178.0,,-3,8343935
33.1215,2019-09-08 18:22:41.493965,190.0,206.0,194.0,206.0,246.0,166.0,248.0,250.0,,-3,8342866
33.1319,2019-09-08 18:22:41.507862,190.0,212.0,198.0,210.0,166.0,262.0,182.0,178.0,,-3,8343569
33.1451,2019-09-08 18:22:41.522754,190.0,218.0,204.0,214.0,268.0,268.0,184.0,180.0,,-3,8343077
33.1606,2019-09-08 18:22:41.546295,188.0,222.0,206.0,216.0,296.0,190.0,180.0,166.0,,-3,8344406
33.1842,2019-09-08 18:22:41.557643,224.0,224.0,210.0,218.0,310.0,182.0,168.0,320.0,,-4,8344434
33.195,2019-09-08 18:22:41.569887,188.0,228.0,212.0,220.0,196.0,196.0,168.0,352.0,,-4,8344569
33.2075,2019-09-08 18:22:41.584961,188.0,232.0,216.0,220.0,200.0,168.0,168.0,370.0,,-4,8345195
33.2227,2019-09-08 18:22:41.601489,188.0,236.0,218.0,220.0,390.0,168.0,398.0,206.0,,-4,8345804
33.2383,2019-09-08 18:22:41.615732,188.0,236.0,218.0,220.0,190.0,424.0,190.0,190.0,,-4,8346351
33.2529,2019-09-08 18:22:41.629015,188.0,236.0,220.0,218.0,192.0,212.0,192.0,168.0,,-5,8346648
33.2658,2019-09-08 18:22:41.646992,188.0,236.0,220.0,216.0,168.0,216.0,170.0,464.0,,-5,8346309
33.2838,2019-09-08 18:22:41.691369,188.0,232.0,220.0,216.0,202.0,222.0,202.0,170.0,,-6,8344538
33.3282,2019-09-08 18:22:41.710829,188.0,234.0,222.0,216.0,204.0,170.0,482.0,204.0,,-6,8344427
33.3476,2019-09-08 18:22:41.721439,188.0,236.0,222.0,216.0,170.0,474.0,232.0,206.0,,-6,8344285
33.3588,2019-09-08 18:22:41.728654,188.0,236.0,224.0,216.0,206.0,170.0,170.0,464.0,,-6,8343704
33.3656,2019-09-08 18:22:41.737684,188.0,234.0,224.0,216.0,462.0,460.0,170.0,208.0,,-7,8343126
33.3745,2019-09-08 18:22:41.753937,188.0,230.0,222.0,216.0,450.0,240.0,212.0,172.0,,-7,8342897
33.3907,2019-09-08 18:22:41.770669,188.0,222.0,218.0,212.0,172.0,246.0,248.0,214.0,,-7,8342922
33.4075,2019-09-08 18:22:41.791323,188.0,214.0,214.0,210.0,172.0,428.0,250.0,216.0,,-8,8342281
33.4283,2019-09-08 18:22:41.798712,188.0,206.0,210.0,206.0,416.0,174.0,256.0,220.0,,-8,8342299
33.4359,2019-09-08 18:22:41.815530,188.0,198.0,202.0,204.0,174.0,224.0,264.0,398.0,,-8,8342825
33.4526,2019-09-08 18:22:41.830616,188.0,192.0,194.0,200.0,230.0,174.0,382.0,174.0,,-8,8342101
33.4674,2019-09-08 18:22:41.848861,190.0,186.0,184.0,200.0,378.0,174.0,234.0,176.0,,-9,8342683
33.4856,2019-09-08 18:22:41.861083,190.0,178.0,198.0,198.0,240.0,240.0,176.0,350.0,,-9,8342524
33.4979,2019-09-08 18:22:41.881235,192.0,176.0,196.0,196.0,252.0,326.0,300.0,178.0,,-9,8341759
33.518,2019-09-08 18:22:41.895542,192.0,180.0,176.0,196.0,256.0,178.0,256.0,258.0,,-9,8341323
33.5324,2019-09-08 18:22:41.909471,192.0,180.0,176.0,196.0,262.0,312.0,264.0,180.0,,-9,8341330
33.5463,2019-09-08 18:22:41.926269,176.0,196.0,176.0,196.0,318.0,180.0,180.0,278.0,,-9,8343039
33.563,2019-09-08 18:22:41.938826,192.0,180.0,174.0,196.0,278.0,182.0,274.0,324.0,,-10,8341794
33.5756,2019-09-08 18:22:41.955931,192.0,180.0,176.0,196.0,328.0,290.0,184.0,294.0,,-10,8342119
33.5932,2019-09-08 18:22:41.971978,192.0,180.0,174.0,196.0,248.0,336.0,304.0,188.0,,-10,8341313
33.6091,2019-09-08 18:22:41.994463,192.0,180.0,176.0,196.0,308.0,188.0,308.0,188.0,,-10,8340247
33.6316,2019-09-08 18:22:42.006665,190.0,180.0,176.0,196.0,340.0,312.0,342.0,314.0,,-10,8340139
33.6434,2019-09-08 18:22:42.017804,188.0,180.0,176.0,196.0,326.0,194.0,204.0,350.0,,-9,8340586
33.6548,2019-09-08 18:22:42.031391,194.0,180.0,176.0,194.0,194.0,192.0,338.0,196.0,,-10,8340707
33.6682,2019-09-08 18:22:42.047012,188.0,180.0,176.0,196.0,188.0,198.0,186.0,356.0,,-10,8340126
33.6839,2019-09-08 18:22:42.060885,186.0,182.0,176.0,194.0,180.0,356.0,354.0,348.0,,-10,8340627
33.6977,2019-09-08 18:22:42.074591,186.0,180.0,176.0,196.0,202.0,352.0,348.0,204.0,,-9,8342012
33.7114,2019-09-08 18:22:42.097686,176.0,196.0,176.0,194.0,350.0,348.0,204.0,204.0,,-9,8341326
33.7345,2019-09-08 18:22:42.109267,176.0,194.0,176.0,196.0,346.0,346.0,206.0,172.0,,-8,8340925
33.7463,2019-09-08 18:22:42.121257,176.0,196.0,176.0,194.0,328.0,326.0,324.0,332.0,,-8,8341212
33.7584,2019-09-08 18:22:42.141397,174.0,194.0,176.0,194.0,210.0,312.0,310.0,210.0,,-7,8341091
33.7783,2019-09-08 18:22:42.155344,186.0,180.0,176.0,194.0,212.0,168.0,302.0,314.0,,-6,8340773
33.7922,2019-09-08 18:22:42.168930,180.0,176.0,194.0,194.0,290.0,302.0,214.0,166.0,,-6,8341018
33.8058,2019-09-08 18:22:42.201951,186.0,180.0,176.0,196.0,282.0,294.0,214.0,164.0,,-4,8340935
33.8388,2019-09-08 18:22:42.208458,186.0,180.0,176.0,196.0,162.0,254.0,162.0,216.0,,-3,8341582
33.8456,2019-09-08 18:22:42.216606,186.0,180.0,176.0,196.0,162.0,246.0,244.0,162.0,,-3,8341326
33.8539,2019-09-08 18:22:42.228332,186.0,176.0,196.0,196.0,242.0,248.0,214.0,162.0,,-2,8340326
33.8652,2019-09-08 18:22:42.243868,180.0,176.0,194.0,196.0,162.0,162.0,226.0,228.0,,-1,8341216
33.8817,2019-09-08 18:22:42.268376,180.0,176.0,194.0,196.0,212.0,210.0,224.0,210.0,,0,8340572
33.9058,2019-09-08 18:22:42.278812,186.0,180.0,176.0,194.0,162.0,210.0,206.0,208.0,,1,8340870
33.9172,2019-09-08 18:22:42.305477,186.0,180.0,176.0,196.0,206.0,160.0,204.0,200.0,,3,8340967
33.9429,2019-09-08 18:22:42.312626,186.0,180.0,176.0,196.0,194.0,198.0,196.0,194.0,,4,8341361
33.9498,2019-09-08 18:22:42.323124,186.0,180.0,176.0,196.0,192.0,162.0,194.0,192.0,,5,8340984
33.9612,2019-09-08 18:22:42.336882,186.0,180.0,176.0,196.0,192.0,190.0,184.0,162.0,,7,8341838
33.9749,2019-09-08 18:22:42.351087,188.0,180.0,176.0,196.0,162.0,188.0,186.0,180.0,,8,8341157
33.9888,2019-09-08 18:22:42.366436,192.0,180.0,176.0,196.0,186.0,184.0,174.0,162.0,,9,8342420
34.004,2019-09-08 18:22:42.382235,208.0,180.0,176.0,198.0,184.0,170.0,182.0,170.0,,12,8342461
34.0191,2019-09-08 18:22:42.429704,248.0,180.0,176.0,198.0,180.0,180.0,168.0,168.0,,16,8341084
34.0668,2019-09-08 18:22:42.436272,478.0,180.0,200.0,202.0,166.0,164.0,180.0,178.0,,16,8342295
34.0733,2019-09-08 18:22:42.448580,182.0,182.0,176.0,202.0,180.0,168.0,162.0,178.0,,17,8341724
34.0858,2019-09-08 18:22:42.463042,690.0,180.0,176.0,202.0,180.0,166.0,162.0,178.0,,17,8341278
34.0999,2019-09-08 18:22:42.476619,718.0,182.0,178.0,204.0,178.0,178.0,178.0,178.0,,18,8342105
34.1134,2019-09-08 18:22:42.497166,726.0,182.0,178.0,202.0,164.0,178.0,178.0,166.0,,18,8339994
34.134,2019-09-08 18:22:42.514207,720.0,182.0,178.0,202.0,164.0,178.0,176.0,178.0,,18,8340472
34.1512,2019-09-08 18:22:42.523899,706.0,180.0,176.0,202.0,164.0,178.0,168.0,166.0,,18,8340935
34.1616,2019-09-08 18:22:42.537282,688.0,182.0,176.0,200.0,178.0,168.0,164.0,166.0,,18,8341984
34.1741,2019-09-08 18:22:42.552577,676.0,182.0,178.0,200.0,168.0,164.0,176.0,178.0,,17,8340063
34.1898,2019-09-08 18:22:42.569447,668.0,180.0,178.0,200.0,176.0,180.0,164.0,176.0,,16,8340932
34.2063,2019-09-08 18:22:42.584357,666.0,180.0,176.0,202.0,166.0,176.0,178.0,180.0,,16,8341050
34.2216,2019-09-08 18:22:42.611377,664.0,180.0,176.0,202.0,176.0,178.0,168.0,166.0,,15,8339596
34.2487,2019-09-08 18:22:42.623043,180.0,180.0,178.0,202.0,178.0,168.0,178.0,180.0,,14,8339793
34.2599,2019-09-08 18:22:42.639235,180.0,178.0,204.0,204.0,176.0,176.0,168.0,168.0,,14,8340877
34.2768,2019-09-08 18:22:42.671975,636.0,182.0,178.0,206.0,166.0,166.0,176.0,178.0,,12,8342340
34.3088,2019-09-08 18:22:42.684041,178.0,184.0,206.0,206.0,178.0,178.0,168.0,166.0,,12,8342859
34.3209,2019-09-08 18:22:42.714554,614.0,178.0,210.0,210.0,166.0,176.0,178.0,168.0,,12,8342641
34.3514,2019-09-08 18:22:42.730761,180.0,212.0,614.0,190.0,166.0,176.0,166.0,176.0,,11,8342800
34.3677,2019-09-08 18:22:42.743800,614.0,192.0,180.0,614.0,176.0,178.0,176.0,168.0,,11,8342762
34.3811,2019-09-08 18:22:42.762852,180.0,194.0,180.0,614.0,178.0,168.0,166.0,168.0,,10,8342984
34.4001,2019-09-08 18:22:42.779570,216.0,196.0,180.0,216.0,166.0,168.0,166.0,174.0,,10,8344022
34.4171,2019-09-08 18:22:42.827199,628.0,196.0,182.0,218.0,178.0,168.0,166.0,176.0,,9,8344091
34.4645,2019-09-08 18:22:42.837105,638.0,198.0,182.0,222.0,178.0,168.0,174.0,166.0,,8,8344084
34.4742,2019-09-08 18:22:42.846533,638.0,198.0,182.0,226.0,178.0,166.0,176.0,174.0,,8,8345524
34.484,2019-09-08 18:22:42.857174,632.0,198.0,182.0,228.0,168.0,164.0,176.0,176.0,,8,8346451
34.4945,2019-09-08 18:22:42.879699,624.0,200.0,182.0,228.0,166.0,176.0,178.0,168.0,,8,8353109
34.5175,2019-09-08 18:22:42.895706,228.0,200.0,184.0,228.0,166.0,168.0,178.0,168.0,,7,8355538
34.5331,2019-09-08 18:22:42.903552,230.0,198.0,184.0,230.0,166.0,176.0,178.0,166.0,,7,8356469
34.5407,2019-09-08 18:22:42.924341,602.0,200.0,184.0,230.0,178.0,168.0,178.0,166.0,,7,8359379
34.5617,2019-09-08 18:22:42.934436,598.0,202.0,184.0,230.0,174.0,178.0,164.0,164.0,,6,8360946
34.5717,2019-09-08 18:22:42.945218,602.0,230.0,184.0,230.0,178.0,166.0,176.0,176.0,,6,8363970
34.5827,2019-09-08 18:22:42.959680,608.0,230.0,186.0,230.0,178.0,164.0,178.0,178.0,,6,8365998
34.5974,2019-09-08 18:22:42.987093,186.0,230.0,186.0,230.0,178.0,166.0,178.0,174.0,,5,8368600
34.6248,2019-09-08 18:22:42.997123,188.0,230.0,188.0,230.0,176.0,178.0,178.0,178.0,,5,8369718
34.6343,2019-09-08 18:22:43.038881,186.0,230.0,188.0,230.0,174.0,178.0,168.0,164.0,,5,8372116
34.6761,2019-09-08 18:22:43.047474,188.0,232.0,188.0,232.0,178.0,168.0,164.0,174.0,,5,8372981
34.6846,2019-09-08 18:22:43.055304,622.0,210.0,188.0,232.0,176.0,178.0,164.0,174.0,,5,8374009
34.6924,2019-09-08 18:22:43.067090,620.0,212.0,188.0,232.0,164.0,178.0,178.0,168.0,,5,8375057
34.7046,2019-09-08 18:22:43.101250,612.0,210.0,188.0,232.0,178.0,166.0,164.0,174.0,,4,8374420
34.7385,2019-09-08 18:22:43.147147,602.0,212.0,186.0,230.0,166.0,174.0,178.0,168.0,,3,8371175
34.7845,2019-09-08 18:22:43.165238,538.0,210.0,186.0,226.0,168.0,164.0,174.0,178.0,,3,8370327
34.8027,2019-09-08 18:22:43.172203,498.0,208.0,184.0,226.0,176.0,178.0,166.0,162.0,,3,8367946
34.8094,2019-09-08 18:22:43.183059,208.0,182.0,226.0,226.0,164.0,166.0,164.0,176.0,,2,8365202
34.8205,2019-09-08 18:22:43.190068,354.0,182.0,222.0,220.0,166.0,178.0,178.0,164.0,,2,8365202
34.8273,2019-09-08 18:22:43.202741,268.0,200.0,180.0,216.0,176.0,178.0,166.0,166.0,,1,8361534
34.84,2019-09-08 18:22:43.221526,214.0,198.0,178.0,210.0,176.0,176.0,180.0,164.0,,1,8358922
34.8588,2019-09-08 18:22:43.234785,202.0,194.0,178.0,204.0,176.0,176.0,166.0,164.0,,0,8353489
34.8724,2019-09-08 18:22:43.249303,202.0,200.0,176.0,200.0,182.0,178.0,184.0,184.0,,-1,8351354
34.8864,2019-09-08 18:22:43.264882,198.0,182.0,176.0,196.0,164.0,180.0,186.0,166.0,,-1,8348859
34.902,2019-09-08 18:22:43.333202,176.0,196.0,176.0,196.0,172.0,192.0,194.0,168.0,,-2,8342721
34.9703,2019-09-08 18:22:43.343585,176.0,196.0,176.0,196.0,194.0,196.0,168.0,196.0,,-3,8342797
34.9809,2019-09-08 18:22:43.352133,194.0,180.0,192.0,196.0,198.0,168.0,168.0,198.0,,-3,8342437
34.9891,2019-09-08 18:22:43.362902,190.0,180.0,176.0,196.0,174.0,168.0,176.0,200.0,,-3,8342063
35.0001,2019-09-08 18:22:43.374057,190.0,180.0,176.0,196.0,200.0,200.0,176.0,176.0,,-3,8342800
35.0115,2019-09-08 18:22:43.388678,188.0,180.0,188.0,196.0,176.0,202.0,202.0,202.0,,-3,8343240
35.0259,2019-09-08 18:22:43.403517,188.0,182.0,176.0,196.0,176.0,204.0,204.0,170.0,,-3,8342209
35.041,2019-09-08 18:22:43.459396,188.0,180.0,176.0,188.0,206.0,208.0,184.0,206.0,,-4,8342174
35.0965,2019-09-08 18:22:43.466068,188.0,182.0,176.0,180.0,170.0,186.0,210.0,206.0,,-4,8341247
35.1033,2019-09-08 18:22:43.479991,188.0,180.0,188.0,194.0,188.0,210.0,206.0,170.0,,-4,8341198
35.1169,2019-09-08 18:22:43.487072,188.0,180.0,176.0,196.0,190.0,210.0,208.0,170.0,,-4,8341783
35.124,2019-09-08 18:22:43.499471,188.0,180.0,176.0,196.0,212.0,212.0,170.0,170.0,,-4,8341679
35.1366,2019-09-08 18:22:43.515419,188.0,180.0,176.0,196.0,202.0,172.0,170.0,204.0,,-4,8341783
35.1525,2019-09-08 18:22:43.535489,188.0,180.0,176.0,196.0,214.0,210.0,172.0,208.0,,-4,8341524
35.1724,2019-09-08 18:22:43.543200,188.0,180.0,176.0,196.0,172.0,210.0,218.0,210.0,,-4,8341572
35.1805,2019-09-08 18:22:43.557916,188.0,180.0,176.0,196.0,212.0,172.0,226.0,222.0,,-4,8341001
35.1948,2019-09-08 18:22:43.577645,186.0,180.0,176.0,196.0,212.0,172.0,238.0,226.0,,-5,8341499
35.2146,2019-09-08 18:22:43.591219,194.0,180.0,176.0,194.0,172.0,252.0,254.0,214.0,,-5,8342278
35.2281,2019-09-08 18:22:43.603973,188.0,180.0,176.0,194.0,172.0,232.0,230.0,172.0,,-6,8340890
35.2408,2019-09-08 18:22:43.623019,186.0,196.0,176.0,194.0,280.0,234.0,214.0,172.0,,-6,8340697
35.2599,2019-09-08 18:22:43.638773,188.0,180.0,176.0,196.0,306.0,238.0,214.0,172.0,,-6,8341001
35.2763,2019-09-08 18:22:43.656262,176.0,196.0,176.0,196.0,214.0,172.0,342.0,240.0,,-7,8340994
35.2931,2019-09-08 18:22:43.666525,196.0,180.0,176.0,194.0,172.0,240.0,214.0,172.0,,-7,8341164
35.3034,2019-09-08 18:22:43.682502,186.0,180.0,176.0,194.0,172.0,368.0,242.0,216.0,,-8,8341146
35.3193,2019-09-08 18:22:43.699395,196.0,180.0,176.0,196.0,390.0,242.0,216.0,172.0,,-8,8341468
35.3364,2019-09-08 18:22:43.713298,196.0,180.0,176.0,196.0,406.0,216.0,172.0,412.0,,-8,8341541
35.3501,2019-09-08 18:22:43.744991,186.0,180.0,176.0,196.0,218.0,172.0,426.0,244.0,,-8,8341859
35.3818,2019-09-08 18:22:43.757355,186.0,180.0,176.0,186.0,218.0,172.0,428.0,244.0,,-9,8341378
35.3942,2019-09-08 18:22:43.768053,186.0,180.0,176.0,194.0,430.0,430.0,218.0,218.0,,-9,8342063
35.405,2019-09-08 18:22:43.778057,186.0,194.0,176.0,196.0,172.0,428.0,244.0,220.0,,-9,8342091
35.4148,2019-09-08 18:22:43.793948,186.0,194.0,176.0,194.0,426.0,246.0,246.0,220.0,,-9,8341970
35.4307,2019-09-08 18:22:43.808958,188.0,180.0,176.0,194.0,220.0,174.0,222.0,222.0,,-9,8341991
35.4457,2019-09-08 18:22:43.827928,194.0,194.0,180.0,176.0,420.0,250.0,420.0,174.0,,-9,8342468
35.4647,2019-09-08 18:22:43.840380,208.0,180.0,176.0,194.0,250.0,224.0,174.0,416.0,,-9,8341977
35.4773,2019-09-08 18:22:43.943717,262.0,186.0,178.0,206.0,226.0,174.0,174.0,408.0,,-9,8341728
35.5808,2019-09-08 18:22:43.950405,466.0,188.0,178.0,212.0,390.0,262.0,240.0,176.0,,-9,8341389
35.5873,2019-09-08 18:22:43.967853,460.0,188.0,178.0,212.0,384.0,264.0,264.0,244.0,,-9,8342316
35.6047,2019-09-08 18:22:44.069182,442.0,186.0,178.0,208.0,176.0,264.0,264.0,266.0,,-10,8342330
35.7077,2019-09-08 18:22:44.077858,200.0,180.0,176.0,194.0,298.0,254.0,254.0,178.0,,-10,8341842
35.715,2019-09-08 18:22:44.105713,198.0,180.0,198.0,180.0,250.0,266.0,256.0,250.0,,-9,8342600
35.743,2019-09-08 18:22:44.251385,198.0,176.0,194.0,194.0,254.0,238.0,176.0,248.0,,-11,8345506
35.8882,2019-09-08 18:22:44.257783,192.0,180.0,176.0,194.0,238.0,238.0,238.0,176.0,,-11,8353157
35.8949,2019-09-08 18:22:44.284029,190.0,180.0,176.0,190.0,252.0,262.0,240.0,264.0,,-11,8355171
35.9214,2019-09-08 18:22:44.384981,190.0,180.0,176.0,194.0,240.0,178.0,264.0,242.0,,-11,8357392
36.0222,2019-09-08 18:22:44.416698,240.0,186.0,178.0,198.0,252.0,274.0,252.0,274.0,,-11,8355648
36.0539,2019-09-08 18:22:44.523817,398.0,196.0,184.0,214.0,216.0,214.0,268.0,256.0,,-11,8352849
36.1609,2019-09-08 18:22:44.530499,444.0,194.0,236.0,236.0,190.0,188.0,256.0,250.0,,-10,8352503
36.1674,2019-09-08 18:22:44.551323,222.0,198.0,242.0,242.0,178.0,186.0,250.0,246.0,,-10,8352551
36.1883,2019-09-08 18:22:44.557972,230.0,230.0,202.0,248.0,180.0,242.0,240.0,176.0,,-10,8351963
36.1952,2019-09-08 18:22:44.577053,464.0,234.0,204.0,252.0,234.0,234.0,234.0,174.0,,-9,8351718
36.2142,2019-09-08 18:22:44.589795,462.0,238.0,204.0,254.0,224.0,226.0,174.0,174.0,,-9,8349991
36.2269,2019-09-08 18:22:44.601816,458.0,238.0,206.0,256.0,222.0,220.0,220.0,176.0,,-8,8349455
36.2391,2019-09-08 18:22:44.644376,454.0,238.0,204.0,258.0,174.0,176.0,210.0,216.0,,-6,8347894
36.2816,2019-09-08 18:22:44.663482,450.0,238.0,204.0,258.0,172.0,174.0,174.0,170.0,,-4,8346461
36.301,2019-09-08 18:22:44.670976,450.0,238.0,202.0,258.0,172.0,186.0,190.0,168.0,,-3,8345631
36.3093,2019-09-08 18:22:44.723193,450.0,236.0,202.0,256.0,170.0,178.0,180.0,168.0,,0,8342994
36.3603,2019-09-08 18:22:44.729830,510.0,198.0,248.0,248.0,170.0,178.0,178.0,168.0,,1,8342984
36.3672,2019-09-08 18:22:44.742128,222.0,196.0,244.0,244.0,168.0,178.0,166.0,170.0,,2,8342548
36.3794,2019-09-08 18:22:44.764067,560.0,194.0,240.0,240.0,178.0,178.0,168.0,170.0,,3,8342693
36.4014,2019-09-08 18:22:44.770941,218.0,194.0,236.0,236.0,176.0,178.0,166.0,172.0,,3,8341821
36.4081,2019-09-08 18:22:44.785634,216.0,192.0,232.0,232.0,176.0,178.0,170.0,170.0,,4,8342690
36.4231,2019-09-08 18:22:44.798360,214.0,192.0,230.0,230.0,178.0,168.0,172.0,166.0,,4,8341960
36.4355,2019-09-08 18:22:44.818371,212.0,192.0,228.0,228.0,168.0,170.0,176.0,178.0,,4,8342292
36.4556,2019-09-08 18:22:44.829491,580.0,210.0,190.0,226.0,168.0,170.0,176.0,168.0,,3,8342122
36.4666,2019-09-08 18:22:44.845071,210.0,210.0,190.0,224.0,170.0,176.0,178.0,168.0,,3,8342115
36.4834,2019-09-08 18:22:44.868743,210.0,210.0,188.0,222.0,170.0,176.0,168.0,170.0,,2,8342852
36.5056,2019-09-08 18:22:44.906275,552.0,208.0,188.0,220.0,176.0,178.0,168.0,170.0,,-1,8343029
36.5431,2019-09-08 18:22:44.917011,480.0,204.0,186.0,216.0,178.0,166.0,168.0,178.0,,-1,8342849
36.5542,2019-09-08 18:22:44.927835,404.0,202.0,184.0,212.0,178.0,178.0,178.0,168.0,,-2,8342721
36.5649,2019-09-08 18:22:44.938356,326.0,198.0,180.0,210.0,178.0,168.0,168.0,168.0,,-3,8342385
36.5754,2019-09-08 18:22:44.980120,260.0,194.0,180.0,206.0,168.0,178.0,168.0,168.0,,-4,8344122
36.6174,2019-09-08 18:22:44.987151,200.0,186.0,178.0,198.0,166.0,178.0,178.0,166.0,,-4,8344897
36.624,2019-09-08 18:22:44.999809,200.0,184.0,176.0,196.0,168.0,168.0,166.0,178.0,,-5,8345008
36.6371,2019-09-08 18:22:45.015675,200.0,180.0,176.0,194.0,178.0,166.0,178.0,178.0,,-5,8344814
36.6527,2019-09-08 18:22:45.031084,180.0,180.0,176.0,196.0,168.0,168.0,168.0,178.0,,-6,8346416
36.6681,2019-09-08 18:22:45.046038,198.0,180.0,176.0,194.0,178.0,176.0,168.0,176.0,,-6,8347645
36.6829,2019-09-08 18:22:45.067009,198.0,180.0,176.0,196.0,166.0,166.0,168.0,176.0,,-7,8349115
36.7042,2019-09-08 18:22:45.079672,198.0,174.0,176.0,196.0,178.0,166.0,178.0,168.0,,-7,8348852
36.7169,2019-09-08 18:22:45.092674,198.0,180.0,176.0,196.0,168.0,178.0,166.0,166.0,,-7,8348534
36.73,2019-09-08 18:22:45.108481,198.0,174.0,196.0,196.0,168.0,168.0,168.0,168.0,,-7,8349012
36.7471,2019-09-08 18:22:45.125496,180.0,176.0,196.0,196.0,178.0,180.0,178.0,168.0,,-7,8348337
36.7624,2019-09-08 18:22:45.139123,180.0,176.0,196.0,196.0,176.0,180.0,168.0,168.0,,-7,8347209
36.7759,2019-09-08 18:22:45.176083,180.0,176.0,196.0,196.0,176.0,178.0,166.0,176.0,,-7,8346005
36.8129,2019-09-08 18:22:45.190999,180.0,176.0,196.0,196.0,178.0,176.0,168.0,176.0,,-7,8345790
36.828,2019-09-08 18:22:45.248297,180.0,176.0,196.0,196.0,166.0,176.0,178.0,180.0,,-6,8344520
36.8852,2019-09-08 18:22:45.254703,192.0,180.0,176.0,196.0,172.0,176.0,178.0,168.0,,-6,8344340
36.8915,2019-09-08 18:22:45.270382,192.0,176.0,194.0,196.0,172.0,180.0,166.0,172.0,,-6,8344236
36.9074,2019-09-08 18:22:45.278329,180.0,176.0,196.0,196.0,176.0,178.0,166.0,174.0,,-6,8343392
36.9152,2019-09-08 18:22:45.292140,180.0,176.0,196.0,196.0,176.0,176.0,178.0,174.0,,-6,8343693
36.9303,2019-09-08 18:22:45.310321,180.0,176.0,194.0,194.0,180.0,166.0,176.0,176.0,,-6,8343022
36.9473,2019-09-08 18:22:45.323454,180.0,176.0,194.0,196.0,178.0,168.0,182.0,166.0,,-6,8342067
36.9606,2019-09-08 18:22:45.343022,190.0,180.0,176.0,196.0,178.0,168.0,188.0,176.0,,-6,8342839
36.98,2019-09-08 18:22:45.418462,190.0,180.0,176.0,194.0,192.0,178.0,166.0,194.0,,-5,8342918
37.0557,2019-09-08 18:22:45.425310,176.0,194.0,176.0,194.0,180.0,168.0,166.0,220.0,,-5,8341773
37.0622,2019-09-08 18:22:45.439591,176.0,196.0,176.0,194.0,222.0,180.0,166.0,226.0,,-5,8342427
37.077,2019-09-08 18:22:45.446997,176.0,196.0,176.0,196.0,248.0,166.0,252.0,188.0,,-4,8342641
37.0839,2019-09-08 18:22:45.461735,188.0,180.0,176.0,194.0,168.0,168.0,194.0,190.0,,-4,8342818
37.0986,2019-09-08 18:22:45.480400,188.0,180.0,176.0,194.0,260.0,200.0,192.0,202.0,,-4,8342084
37.1177,2019-09-08 18:22:45.493371,188.0,180.0,176.0,194.0,268.0,214.0,202.0,170.0,,-4,8342056
37.1309,2019-09-08 18:22:45.506503,188.0,180.0,176.0,194.0,274.0,224.0,210.0,170.0,,-4,8341638
37.1436,2019-09-08 18:22:45.526271,188.0,180.0,176.0,194.0,172.0,234.0,214.0,172.0,,-5,8342112
37.1631,2019-09-08 18:22:45.544522,188.0,182.0,176.0,194.0,172.0,244.0,246.0,248.0,,-6,8342527
37.1817,2019-09-08 18:22:45.557813,188.0,180.0,176.0,194.0,172.0,294.0,224.0,226.0,,-6,8342486
37.1947,2019-09-08 18:22:45.579512,176.0,194.0,176.0,194.0,174.0,302.0,262.0,304.0,,-7,8341883
37.2174,2019-09-08 18:22:45.604518,188.0,180.0,176.0,194.0,176.0,240.0,270.0,242.0,,-8,8342548
37.2417,2019-09-08 18:22:45.612601,194.0,180.0,176.0,188.0,176.0,318.0,244.0,176.0,,-8,8342326
37.2498,2019-09-08 18:22:45.623115,188.0,180.0,176.0,180.0,176.0,322.0,272.0,246.0,,-8,8342056
37.2602,2019-09-08 18:22:45.634321,188.0,180.0,176.0,180.0,178.0,176.0,326.0,250.0,,-8,8341766
37.2717,2019-09-08 18:22:45.650913,186.0,182.0,186.0,182.0,178.0,330.0,278.0,256.0,,-8,8341897
37.2882,2019-09-08 18:22:45.665537,188.0,180.0,188.0,180.0,256.0,280.0,256.0,178.0,,-9,8342316
37.3032,2019-09-08 18:22:45.682703,188.0,180.0,176.0,188.0,280.0,258.0,178.0,328.0,,-9,8342392
37.3207,2019-09-08 18:22:45.698228,188.0,180.0,176.0,188.0,282.0,260.0,326.0,282.0,,-9,8342465
37.3358,2019-09-08 18:22:45.711390,188.0,180.0,174.0,180.0,262.0,178.0,262.0,282.0,,-10,8342922
37.3491,2019-09-08 18:22:45.727460,188.0,180.0,188.0,180.0,178.0,282.0,264.0,180.0,,-10,8342520
37.3647,2019-09-08 18:22:45.742847,188.0,180.0,176.0,186.0,282.0,266.0,180.0,320.0,,-11,8342496
37.3812,2019-09-08 18:22:45.758887,188.0,180.0,176.0,194.0,180.0,320.0,282.0,268.0,,-11,8343005
37.3965,2019-09-08 18:22:45.774233,194.0,180.0,176.0,194.0,180.0,282.0,270.0,270.0,,-11,8343586
37.412,2019-09-08 18:22:45.803759,206.0,182.0,176.0,194.0,320.0,282.0,272.0,182.0,,-12,8343589
37.4409,2019-09-08 18:22:45.810477,224.0,182.0,176.0,198.0,282.0,278.0,182.0,316.0,,-12,8343392
37.448,2019-09-08 18:22:45.820311,242.0,182.0,176.0,198.0,282.0,280.0,316.0,282.0,,-12,8344022
37.4582,2019-09-08 18:22:45.832684,256.0,182.0,176.0,200.0,314.0,184.0,314.0,280.0,,-13,8344039
37.4704,2019-09-08 18:22:45.847627,270.0,182.0,176.0,200.0,282.0,184.0,284.0,280.0,,-13,8344344
37.4848,2019-09-08 18:22:45.864294,202.0,202.0,176.0,202.0,312.0,286.0,184.0,184.0,,-14,8344081
37.5019,2019-09-08 18:22:45.885409,176.0,204.0,176.0,202.0,282.0,290.0,186.0,308.0,,-14,8343641
37.523,2019-09-08 18:22:45.897977,176.0,184.0,176.0,204.0,306.0,290.0,186.0,186.0,,-15,8343108
37.5357,2019-09-08 18:22:45.914364,176.0,184.0,176.0,206.0,282.0,290.0,186.0,298.0,,-15,8343022
37.5513,2019-09-08 18:22:45.930646,424.0,186.0,178.0,208.0,290.0,186.0,288.0,186.0,,-15,8343887
37.5675,2019-09-08 18:22:45.947543,470.0,186.0,210.0,210.0,280.0,278.0,282.0,290.0,,-16,8343309
37.5847,2019-09-08 18:22:45.961717,516.0,178.0,214.0,214.0,288.0,288.0,288.0,186.0,,-16,8343499
37.5986,2019-09-08 18:22:45.978059,558.0,178.0,216.0,216.0,286.0,278.0,286.0,186.0,,-16,8344344
37.6149,2019-09-08 18:22:46.020857,188.0,178.0,218.0,218.0,252.0,276.0,284.0,184.0,,-16,8344672
37.6577,2019-09-08 18:22:46.038428,188.0,188.0,218.0,218.0,244.0,272.0,282.0,184.0,,-15,8344742
37.6753,2019-09-08 18:22:46.045227,634.0,188.0,178.0,220.0,242.0,180.0,180.0,180.0,,-15,8345261
37.6823,2019-09-08 18:22:46.056172,188.0,178.0,178.0,222.0,256.0,176.0,178.0,230.0,,-14,8345323
37.6936,2019-09-08 18:22:46.066698,640.0,188.0,638.0,188.0,180.0,226.0,226.0,248.0,,-13,8346579
37.7039,2019-09-08 18:22:46.080297,634.0,188.0,178.0,222.0,176.0,214.0,240.0,180.0,,-13,8347873
37.7172,2019-09-08 18:22:46.097886,628.0,186.0,188.0,178.0,176.0,210.0,236.0,178.0,,-12,8349136
37.7347,2019-09-08 18:22:46.110107,188.0,188.0,222.0,220.0,174.0,198.0,220.0,176.0,,-12,8348811
37.7473,2019-09-08 18:22:46.128036,620.0,178.0,222.0,220.0,194.0,210.0,174.0,172.0,,-10,8349506
37.7651,2019-09-08 18:22:46.142203,188.0,178.0,222.0,222.0,172.0,188.0,186.0,172.0,,-9,8350202
37.7791,2019-09-08 18:22:46.168640,616.0,188.0,178.0,222.0,170.0,172.0,182.0,192.0,,-7,8351610
37.806,2019-09-08 18:22:46.188597,616.0,188.0,178.0,222.0,182.0,182.0,170.0,172.0,,-6,8352289
37.8261,2019-09-08 18:22:46.196622,618.0,188.0,618.0,224.0,170.0,170.0,170.0,180.0,,-5,8352603
37.8339,2019-09-08 18:22:46.209195,190.0,188.0,224.0,226.0,184.0,168.0,170.0,180.0,,-3,8353188
37.8474,2019-09-08 18:22:46.228176,226.0,622.0,178.0,226.0,166.0,178.0,182.0,182.0,,-2,8354233
37.865,2019-09-08 18:22:46.241801,226.0,190.0,226.0,226.0,178.0,180.0,168.0,168.0,,-2,8354610
37.8787,2019-09-08 18:22:46.259892,226.0,604.0,190.0,224.0,168.0,170.0,178.0,170.0,,0,8356116
37.8968,2019-09-08 18:22:46.274290,224.0,190.0,178.0,224.0,168.0,170.0,178.0,168.0,,0,8357029
37.9114,2019-09-08 18:22:46.293557,522.0,516.0,178.0,220.0,178.0,168.0,170.0,176.0,,1,8357603
37.9309,2019-09-08 18:22:46.307010,452.0,218.0,188.0,176.0,168.0,178.0,168.0,170.0,,1,8358631
37.9439,2019-09-08 18:22:46.323757,364.0,186.0,176.0,214.0,170.0,178.0,166.0,168.0,,1,8359095
37.9611,2019-09-08 18:22:46.338948,292.0,186.0,176.0,212.0,168.0,170.0,176.0,176.0,,1,8361244
37.9759,2019-09-08 18:22:46.356615,236.0,186.0,176.0,212.0,170.0,176.0,178.0,168.0,,1,8361168
37.9938,2019-09-08 18:22:46.369788,204.0,186.0,176.0,208.0,168.0,170.0,176.0,168.0,,1,8361572
38.0071,2019-09-08 18:22:46.386813,200.0,184.0,176.0,200.0,176.0,178.0,170.0,176.0,,1,8361908
38.0237,2019-09-08 18:22:46.405222,176.0,202.0,176.0,202.0,178.0,168.0,170.0,176.0,,0,8361680
38.0421,2019-09-08 18:22:46.562590,198.0,182.0,198.0,198.0,178.0,168.0,168.0,176.0,,-2,8342510
38.1994,2019-09-08 18:22:46.568982,194.0,180.0,194.0,180.0,176.0,178.0,168.0,170.0,,-2,8342323
38.2058,2019-09-08 18:22:46.581255,190.0,180.0,176.0,194.0,178.0,168.0,178.0,176.0,,-2,8342749
38.218,2019-09-08 18:22:46.601087,190.0,180.0,176.0,194.0,168.0,170.0,176.0,178.0,,-3,8343212
38.2379,2019-09-08 18:22:46.610332,188.0,180.0,176.0,194.0,168.0,176.0,178.0,168.0,,-3,8341973
38.2472,2019-09-08 18:22:46.625543,194.0,180.0,176.0,194.0,176.0,178.0,168.0,168.0,,-3,8342191
38.2623,2019-09-08 18:22:46.640081,190.0,188.0,180.0,188.0,176.0,178.0,168.0,168.0,,-3,8342012
38.277,2019-09-08 18:22:46.653291,188.0,190.0,180.0,188.0,176.0,176.0,168.0,168.0,,-3,8342153
38.2901,2019-09-08 18:22:46.670425,188.0,180.0,176.0,188.0,168.0,176.0,178.0,168.0,,-3,8341226
38.3073,2019-09-08 18:22:46.687966,188.0,180.0,176.0,194.0,168.0,176.0,178.0,166.0,,-4,8341991
38.3248,2019-09-08 18:22:46.708707,188.0,188.0,194.0,176.0,168.0,178.0,178.0,168.0,,-4,8341749
38.3455,2019-09-08 18:22:46.726938,180.0,188.0,188.0,194.0,168.0,176.0,178.0,168.0,,-4,8341534
38.3637,2019-09-08 18:22:46.737705,188.0,188.0,188.0,180.0,168.0,168.0,168.0,166.0,,-4,8342126
38.3746,2019-09-08 18:22:46.754656,188.0,180.0,188.0,194.0,178.0,168.0,168.0,176.0,,-4,8342316
38.3915,2019-09-08 18:22:46.771328,194.0,180.0,186.0,180.0,168.0,176.0,168.0,168.0,,-4,8341562
38.4087,2019-09-08 18:22:46.787753,188.0,186.0,180.0,176.0,168.0,176.0,178.0,168.0,,-4,8342119
38.4246,2019-09-08 18:22:46.825960,186.0,186.0,180.0,176.0,168.0,176.0,168.0,168.0,,-4,8342441
38.4633,2019-09-08 18:22:46.832794,186.0,180.0,180.0,176.0,176.0,176.0,168.0,176.0,,-4,8342745
38.4699,2019-09-08 18:22:46.840064,186.0,186.0,180.0,176.0,168.0,166.0,168.0,176.0,,-4,8341475
38.477,2019-09-08 18:22:46.853135,186.0,180.0,180.0,176.0,168.0,178.0,168.0,168.0,,-4,8341223
38.4901,2019-09-08 18:22:46.868885,186.0,180.0,176.0,194.0,178.0,168.0,168.0,168.0,,-4,8341942
38.5058,2019-09-08 18:22:46.885906,186.0,180.0,176.0,186.0,178.0,168.0,168.0,178.0,,-4,8342596
38.5229,2019-09-08 18:22:46.900886,186.0,182.0,176.0,180.0,168.0,168.0,178.0,168.0,,-4,8341361
38.5378,2019-09-08 18:22:46.917264,186.0,180.0,176.0,194.0,168.0,176.0,180.0,166.0,,-4,8342873
38.5541,2019-09-08 18:22:46.930107,186.0,180.0,176.0,194.0,168.0,176.0,168.0,168.0,,-4,8342257
38.5678,2019-09-08 18:22:46.946581,186.0,180.0,176.0,194.0,178.0,178.0,168.0,168.0,,-4,8342984
38.5838,2019-09-08 18:22:46.962115,188.0,180.0,176.0,194.0,168.0,168.0,176.0,168.0,,-4,8343755
38.5994,2019-09-08 18:22:46.975234,190.0,180.0,176.0,194.0,178.0,168.0,168.0,176.0,,-4,8343935
38.6125,2019-09-08 18:22:46.991230,196.0,180.0,176.0,194.0,168.0,176.0,178.0,168.0,,-4,8344375
38.6281,2019-09-08 18:22:47.017928,176.0,194.0,176.0,194.0,168.0,176.0,168.0,168.0,,-4,8344579
38.6547,2019-09-08 18:22:47.024824,216.0,180.0,176.0,194.0,178.0,176.0,178.0,168.0,,-4,8343358
38.6616,2019-09-08 18:22:47.039762,234.0,196.0,176.0,194.0,178.0,166.0,168.0,176.0,,-4,8343666
38.6765,2019-09-08 18:22:47.053456,256.0,180.0,176.0,196.0,176.0,178.0,168.0,178.0,,-4,8343652
38.6903,2019-09-08 18:22:47.073926,286.0,196.0,176.0,196.0,178.0,176.0,180.0,168.0,,-4,8343825
38.7107,2019-09-08 18:22:47.084675,314.0,182.0,176.0,200.0,168.0,176.0,178.0,168.0,,-4,8344160
38.7216,2019-09-08 18:22:47.104082,176.0,202.0,176.0,202.0,178.0,166.0,166.0,176.0,,-4,8345036
38.7409,2019-09-08 18:22:47.124596,362.0,202.0,176.0,202.0,178.0,168.0,168.0,168.0,,-4,8345666
38.7614,2019-09-08 18:22:47.131389,380.0,204.0,178.0,204.0,178.0,166.0,176.0,176.0,,-4,8346534
38.7682,2019-09-08 18:22:47.147337,400.0,184.0,178.0,204.0,168.0,168.0,168.0,176.0,,-5,8347970
38.7842,2019-09-08 18:22:47.168073,178.0,206.0,178.0,206.0,168.0,170.0,174.0,178.0,,-5,8348416
38.8049,2019-09-08 18:22:47.180392,208.0,188.0,188.0,210.0,170.0,176.0,178.0,168.0,,-5,8348846
38.8174,2019-09-08 18:22:47.197484,434.0,192.0,182.0,212.0,172.0,176.0,178.0,166.0,,-5,8350451
38.8344,2019-09-08 18:22:47.220722,452.0,194.0,184.0,216.0,178.0,168.0,176.0,176.0,,-5,8352517
38.8576,2019-09-08 18:22:47.234555,218.0,198.0,184.0,218.0,176.0,180.0,166.0,176.0,,-5,8352994
38.8714,2019-09-08 18:22:47.252099,494.0,200.0,184.0,220.0,176.0,176.0,180.0,168.0,,-5,8353306
38.8898,2019-09-08 18:22:47.265818,514.0,204.0,186.0,224.0,168.0,178.0,180.0,180.0,,-5,8353430
38.9028,2019-09-08 18:22:47.283739,526.0,208.0,188.0,228.0,182.0,180.0,168.0,182.0,,-5,8353704
38.9206,2019-09-08 18:22:47.298912,534.0,212.0,190.0,230.0,176.0,180.0,168.0,166.0,,-4,8354174
38.9358,2019-09-08 18:22:47.328214,538.0,216.0,538.0,234.0,178.0,168.0,192.0,176.0,,-4,8353596
38.9651,2019-09-08 18:22:47.334768,542.0,220.0,542.0,220.0,168.0,208.0,180.0,180.0,,-4,8352347
38.9716,2019-09-08 18:22:47.343642,544.0,544.0,222.0,240.0,176.0,176.0,168.0,166.0,,-4,8351970
38.9805,2019-09-08 18:22:47.353774,542.0,226.0,196.0,242.0,216.0,176.0,178.0,166.0,,-4,8351344
38.9912,2019-09-08 18:22:47.365449,536.0,226.0,196.0,242.0,176.0,178.0,168.0,222.0,,-4,8351320
39.0023,2019-09-08 18:22:47.388920,528.0,228.0,196.0,244.0,232.0,178.0,166.0,178.0,,-4,8351693
39.0257,2019-09-08 18:22:47.422893,508.0,232.0,196.0,248.0,250.0,166.0,254.0,180.0,,-4,8350583
39.0598,2019-09-08 18:22:47.433114,500.0,236.0,198.0,248.0,182.0,182.0,168.0,274.0,,-4,8350932
39.07,2019-09-08 18:22:47.446692,492.0,238.0,198.0,250.0,166.0,188.0,188.0,168.0,,-4,8351001
39.0836,2019-09-08 18:22:47.461461,486.0,240.0,200.0,252.0,192.0,182.0,168.0,330.0,,-4,8350745
39.0983,2019-09-08 18:22:47.485594,482.0,244.0,200.0,252.0,348.0,196.0,186.0,186.0,,-5,8349724
39.1225,2019-09-08 18:22:47.506690,478.0,248.0,202.0,256.0,188.0,168.0,398.0,402.0,,-5,8349416
39.1436,2019-09-08 18:22:47.522238,470.0,252.0,204.0,258.0,206.0,206.0,206.0,190.0,,-5,8349444
39.1596,2019-09-08 18:22:47.537776,452.0,260.0,206.0,264.0,432.0,168.0,438.0,212.0,,-6,8349237
39.1747,2019-09-08 18:22:47.551876,446.0,262.0,208.0,266.0,214.0,196.0,456.0,168.0,,-6,8348797
39.1888,2019-09-08 18:22:47.566577,440.0,266.0,208.0,268.0,218.0,218.0,218.0,220.0,,-6,8349444
39.2035,2019-09-08 18:22:47.583068,432.0,266.0,208.0,268.0,202.0,220.0,202.0,170.0,,-6,8349154
39.2199,2019-09-08 18:22:47.597990,428.0,268.0,210.0,270.0,488.0,222.0,206.0,208.0,,-6,8350050
39.2349,2019-09-08 18:22:47.627056,424.0,268.0,210.0,270.0,222.0,222.0,170.0,502.0,,-7,8349375
39.264,2019-09-08 18:22:47.635849,422.0,270.0,210.0,270.0,222.0,210.0,170.0,502.0,,-7,8350129
39.2735,2019-09-08 18:22:47.648213,422.0,268.0,210.0,272.0,222.0,212.0,210.0,500.0,,-7,8349863
39.2851,2019-09-08 18:22:47.661650,266.0,210.0,272.0,272.0,500.0,222.0,210.0,498.0,,-8,8349617
39.2985,2019-09-08 18:22:47.702672,264.0,210.0,272.0,272.0,494.0,222.0,172.0,170.0,,-9,8349870
39.3395,2019-09-08 18:22:47.712021,262.0,208.0,272.0,272.0,222.0,210.0,210.0,222.0,,-9,8350216
39.3489,2019-09-08 18:22:47.754447,256.0,208.0,272.0,272.0,494.0,222.0,210.0,172.0,,-10,8351673
39.3913,2019-09-08 18:22:47.760832,392.0,244.0,204.0,264.0,494.0,222.0,212.0,172.0,,-10,8351738
39.3983,2019-09-08 18:22:47.770224,370.0,240.0,202.0,262.0,496.0,222.0,210.0,172.0,,-10,8351648
39.4072,2019-09-08 18:22:47.790408,236.0,236.0,198.0,258.0,210.0,172.0,496.0,222.0,,-11,8352531
39.4278,2019-09-08 18:22:47.802407,290.0,230.0,196.0,256.0,496.0,222.0,222.0,210.0,,-11,8352562
39.4393,2019-09-08 18:22:47.830987,246.0,226.0,194.0,252.0,222.0,210.0,172.0,498.0,,-12,8352904
39.4679,2019-09-08 18:22:47.841856,214.0,222.0,192.0,246.0,222.0,498.0,210.0,172.0,,-12,8352448
39.4787,2019-09-08 18:22:47.850239,200.0,218.0,190.0,242.0,494.0,224.0,210.0,170.0,,-12,8352953
39.4872,2019-09-08 18:22:47.868459,198.0,214.0,188.0,234.0,486.0,224.0,210.0,224.0,,-12,8352558
39.5053,2019-09-08 18:22:47.879278,196.0,210.0,188.0,226.0,226.0,210.0,170.0,480.0,,-12,8352635
39.5162,2019-09-08 18:22:47.892946,194.0,188.0,186.0,220.0,212.0,172.0,212.0,226.0,,-13,8353472
39.5304,2019-09-08 18:22:47.907297,192.0,200.0,186.0,216.0,226.0,210.0,172.0,458.0,,-13,8352925
39.5441,2019-09-08 18:22:47.923384,192.0,196.0,186.0,210.0,226.0,212.0,170.0,212.0,,-13,8352112
39.5604,2019-09-08 18:22:47.943531,192.0,194.0,184.0,208.0,172.0,416.0,224.0,212.0,,-13,8353444
39.5808,2019-09-08 18:22:47.955866,190.0,190.0,184.0,206.0,350.0,218.0,212.0,332.0,,-13,8353859
39.5927,2019-09-08 18:22:47.967774,190.0,188.0,182.0,204.0,210.0,170.0,210.0,212.0,,-12,8353915
39.6047,2019-09-08 18:22:47.983839,190.0,186.0,180.0,202.0,208.0,170.0,248.0,242.0,,-12,8354084
39.6207,2019-09-08 18:22:47.998920,190.0,184.0,180.0,200.0,238.0,234.0,206.0,206.0,,-11,8354174
39.6361,2019-09-08 18:22:48.014410,190.0,184.0,178.0,198.0,170.0,202.0,202.0,204.0,,-11,8354458
39.6513,2019-09-08 18:22:48.038244,190.0,182.0,178.0,198.0,202.0,204.0,170.0,204.0,,-9,8354579
39.6755,2019-09-08 18:22:48.061271,190.0,182.0,176.0,198.0,202.0,170.0,182.0,170.0,,-8,8354250
39.6985,2019-09-08 18:22:48.068065,192.0,182.0,176.0,198.0,168.0,178.0,190.0,198.0,,-8,8354212
39.7051,2019-09-08 18:22:48.076595,190.0,180.0,176.0,196.0,196.0,168.0,196.0,196.0,,-7,8353067
39.714,2019-09-08 18:22:48.097037,190.0,180.0,176.0,196.0,168.0,178.0,168.0,176.0,,-6,8351548
39.7349,2019-09-08 18:22:48.109003,190.0,180.0,176.0,196.0,190.0,184.0,176.0,184.0,,-5,8350666
39.7472,2019-09-08 18:22:48.127643,190.0,180.0,176.0,196.0,182.0,188.0,168.0,174.0,,-4,8349399
39.7651,2019-09-08 18:22:48.143301,190.0,180.0,176.0,196.0,168.0,174.0,180.0,180.0,,-3,8348354
39.7811,2019-09-08 18:22:48.155493,190.0,180.0,176.0,196.0,174.0,174.0,182.0,168.0,,-2,8346846
39.7923,2019-09-08 18:22:48.172030,190.0,180.0,174.0,196.0,174.0,180.0,182.0,168.0,,-1,8345818
39.8088,2019-09-08 18:22:48.185120,190.0,180.0,176.0,196.0,174.0,178.0,180.0,168.0,,0,8344454
39.822,2019-09-08 18:22:48.200786,190.0,180.0,176.0,196.0,180.0,168.0,172.0,168.0,,1,8343776
39.838,2019-09-08 18:22:48.217389,190.0,180.0,176.0,194.0,168.0,172.0,168.0,168.0,,2,8342624
39.8543,2019-09-08 18:22:48.232178,190.0,180.0,176.0,196.0,176.0,176.0,180.0,168.0,,2,8343063
39.869,2019-09-08 18:22:48.248079,190.0,180.0,176.0,196.0,172.0,172.0,172.0,178.0,,3,8342247
39.8851,2019-09-08 18:22:48.262107,190.0,180.0,176.0,194.0,180.0,168.0,172.0,168.0,,3,8342890
39.8991,2019-09-08 18:22:48.276201,190.0,180.0,174.0,194.0,172.0,176.0,180.0,172.0,,4,8342399
39.9131,2019-09-08 18:22:48.290724,190.0,180.0,176.0,196.0,178.0,166.0,172.0,172.0,,4,8342153
39.9276,2019-09-08 18:22:48.308954,190.0,180.0,176.0,196.0,178.0,168.0,170.0,176.0,,4,8342510
39.9463,2019-09-08 18:22:48.323052,190.0,180.0,176.0,194.0,168.0,172.0,176.0,176.0,,4,8342593
39.9601,2019-09-08 18:22:48.344067,196.0,180.0,176.0,194.0,168.0,172.0,176.0,178.0,,4,8342219
39.9809,2019-09-08 18:22:48.355892,188.0,180.0,176.0,194.0,176.0,176.0,168.0,168.0,,3,8341980
39.9934,2019-09-08 18:22:48.370344,188.0,180.0,176.0,196.0,172.0,166.0,178.0,176.0,,3,8341849
40.0079,2019-09-08 18:22:48.410650,188.0,180.0,176.0,196.0,180.0,168.0,170.0,170.0,,1,8342247
40.0477,2019-09-08 18:22:48.418701,188.0,180.0,176.0,194.0,176.0,170.0,168.0,168.0,,1,8342274
40.0559,2019-09-08 18:22:48.433396,188.0,180.0,176.0,196.0,170.0,168.0,170.0,176.0,,0,8341991
40.0702,2019-09-08 18:22:48.452459,188.0,180.0,176.0,196.0,170.0,176.0,180.0,168.0,,0,8342762
40.0894,2019-09-08 18:22:48.464093,188.0,180.0,176.0,194.0,168.0,176.0,176.0,178.0,,-1,8342555
40.101,2019-09-08 18:22:48.479327,188.0,180.0,176.0,194.0,176.0,176.0,178.0,176.0,,-1,8342472
40.1162,2019-09-08 18:22:48.495205,188.0,180.0,176.0,188.0,178.0,174.0,172.0,178.0,,-2,8342292
40.132,2019-09-08 18:22:48.511661,186.0,180.0,176.0,194.0,176.0,178.0,168.0,170.0,,-2,8342565
40.1486,2019-09-08 18:22:48.526634,188.0,176.0,188.0,196.0,166.0,166.0,178.0,166.0,,-2,8342783
40.1637,2019-09-08 18:22:48.551114,186.0,176.0,188.0,194.0,166.0,168.0,176.0,168.0,,-2,8343012
40.1881,2019-09-08 18:22:48.561709,188.0,180.0,186.0,180.0,168.0,176.0,176.0,178.0,,-2,8342946
40.1985,2019-09-08 18:22:48.574746,188.0,180.0,176.0,176.0,178.0,166.0,168.0,168.0,,-2,8343050
40.2117,2019-09-08 18:22:48.598413,186.0,180.0,176.0,180.0,168.0,170.0,176.0,178.0,,-2,8342499
40.2353,2019-09-08 18:22:48.611256,186.0,180.0,176.0,194.0,178.0,168.0,170.0,176.0,,-2,8343364
40.2485,2019-09-08 18:22:48.623919,186.0,180.0,180.0,196.0,170.0,170.0,178.0,180.0,,-2,8343451
40.2608,2019-09-08 18:22:48.640477,186.0,180.0,176.0,194.0,170.0,176.0,178.0,168.0,,-2,8342911
40.2775,2019-09-08 18:22:48.658854,186.0,188.0,180.0,194.0,170.0,176.0,180.0,166.0,,-2,8342942
40.2957,2019-09-08 18:22:48.676175,186.0,180.0,176.0,194.0,176.0,176.0,178.0,168.0,,-2,8342811
40.3131,2019-09-08 18:22:48.690049,186.0,196.0,186.0,194.0,172.0,176.0,172.0,166.0,,-2,8343067
40.327,2019-09-08 18:22:48.709389,180.0,176.0,194.0,194.0,172.0,176.0,178.0,166.0,,-2,8343918
40.3462,2019-09-08 18:22:48.724204,186.0,186.0,176.0,196.0,172.0,180.0,180.0,168.0,,-1,8343904
40.3611,2019-09-08 18:22:48.747458,192.0,180.0,176.0,194.0,178.0,168.0,178.0,168.0,,-1,8344631
40.3844,2019-09-08 18:22:48.762228,198.0,180.0,176.0,196.0,178.0,168.0,176.0,178.0,,-1,8343953
40.3993,2019-09-08 18:22:48.773003,210.0,180.0,180.0,176.0,178.0,166.0,172.0,176.0,,-1,8343870
40.4098,2019-09-08 18:22:48.815298,246.0,180.0,176.0,196.0,176.0,178.0,178.0,166.0,,-1,8344821
40.4521,2019-09-08 18:22:48.821905,272.0,180.0,176.0,196.0,176.0,176.0,178.0,166.0,,-1,8343804
40.4587,2019-09-08 18:22:48.835527,304.0,180.0,176.0,198.0,176.0,176.0,168.0,176.0,,-1,8344472
40.4727,2019-09-08 18:22:48.856396,332.0,180.0,176.0,200.0,178.0,176.0,178.0,168.0,,-1,8343821
40.4933,2019-09-08 18:22:48.867356,364.0,182.0,202.0,202.0,180.0,176.0,180.0,176.0,,-1,8344510
40.5042,2019-09-08 18:22:48.886833,382.0,176.0,386.0,202.0,180.0,176.0,166.0,166.0,,-1,8345185
40.524,2019-09-08 18:22:48.941585,398.0,182.0,402.0,204.0,178.0,178.0,166.0,166.0,,-2,8343683
40.5788,2019-09-08 18:22:48.953180,442.0,186.0,178.0,206.0,184.0,168.0,246.0,192.0,,-2,8342465
40.5905,2019-09-08 18:22:48.974954,454.0,186.0,178.0,206.0,312.0,314.0,208.0,198.0,,-3,8342866
40.6118,2019-09-08 18:22:48.985415,466.0,188.0,180.0,206.0,168.0,324.0,210.0,170.0,,-3,8343313
40.6222,2019-09-08 18:22:49.021501,208.0,190.0,180.0,190.0,332.0,212.0,200.0,170.0,,-5,8342589
40.6585,2019-09-08 18:22:49.028213,508.0,198.0,184.0,510.0,170.0,384.0,218.0,206.0,,-5,8342551
40.665,2019-09-08 18:22:49.041334,522.0,202.0,184.0,218.0,392.0,218.0,170.0,170.0,,-6,8342776
40.6781,2019-09-08 18:22:49.067139,534.0,206.0,186.0,538.0,218.0,220.0,206.0,170.0,,-7,8341908
40.704,2019-09-08 18:22:49.073920,546.0,210.0,188.0,548.0,170.0,450.0,208.0,208.0,,-7,8342994
40.7109,2019-09-08 18:22:49.088483,554.0,216.0,190.0,226.0,170.0,222.0,208.0,170.0,,-7,8342095
40.7253,2019-09-08 18:22:49.101976,556.0,220.0,192.0,230.0,208.0,484.0,208.0,222.0,,-8,8342790
40.739,2019-09-08 18:22:49.123817,558.0,226.0,194.0,232.0,170.0,496.0,222.0,208.0,,-8,8342302
40.7608,2019-09-08 18:22:49.134104,556.0,230.0,196.0,234.0,498.0,222.0,208.0,170.0,,-9,8342084
40.7709,2019-09-08 18:22:49.184585,550.0,234.0,198.0,234.0,206.0,170.0,508.0,170.0,,-10,8342863
40.8214,2019-09-08 18:22:49.192545,542.0,238.0,198.0,236.0,170.0,218.0,508.0,218.0,,-10,8342863
40.8298,2019-09-08 18:22:49.201424,522.0,242.0,200.0,236.0,508.0,218.0,206.0,170.0,,-10,8343005
40.8384,2019-09-08 18:22:49.217300,514.0,244.0,200.0,236.0,170.0,510.0,218.0,206.0,,-10,8342970
40.8541,2019-09-08 18:22:49.226902,510.0,244.0,200.0,238.0,512.0,216.0,204.0,170.0,,-11,8342645
40.8649,2019-09-08 18:22:49.237977,506.0,244.0,202.0,240.0,170.0,514.0,204.0,204.0,,-11,8342984
40.8755,2019-09-08 18:22:49.278339,506.0,246.0,200.0,240.0,524.0,216.0,204.0,170.0,,-12,8342710
40.9152,2019-09-08 18:22:49.288083,508.0,242.0,200.0,242.0,214.0,204.0,170.0,170.0,,-12,8342513
40.925,2019-09-08 18:22:49.299751,516.0,244.0,200.0,242.0,528.0,214.0,204.0,204.0,,-12,8343001
40.9366,2019-09-08 18:22:49.313836,524.0,244.0,200.0,240.0,204.0,170.0,204.0,170.0,,-13,8343012
40.9507,2019-09-08 18:22:49.329306,534.0,242.0,200.0,240.0,170.0,214.0,534.0,216.0,,-13,8343198
40.9662,2019-09-08 18:22:49.373573,546.0,240.0,200.0,238.0,218.0,536.0,170.0,536.0,,-13,8342973
41.0107,2019-09-08 18:22:49.380169,566.0,238.0,198.0,236.0,170.0,536.0,170.0,536.0,,-14,8343022
41.0176,2019-09-08 18:22:49.390051,236.0,234.0,196.0,236.0,170.0,534.0,218.0,204.0,,-14,8343562
41.0272,2019-09-08 18:22:49.405686,236.0,232.0,196.0,234.0,528.0,218.0,206.0,170.0,,-14,8342326
41.043,2019-09-08 18:22:49.438035,234.0,228.0,194.0,234.0,170.0,520.0,220.0,518.0,,-14,8343278
41.0751,2019-09-08 18:22:49.448201,568.0,226.0,194.0,234.0,220.0,206.0,172.0,512.0,,-14,8343364
41.0851,2019-09-08 18:22:49.480894,560.0,224.0,192.0,232.0,170.0,220.0,220.0,210.0,,-14,8344025
41.1182,2019-09-08 18:22:49.487724,548.0,232.0,192.0,232.0,170.0,170.0,464.0,458.0,,-14,8344787
41.1249,2019-09-08 18:22:49.504073,530.0,528.0,192.0,230.0,208.0,170.0,430.0,218.0,,-15,8345039
41.1414,2019-09-08 18:22:49.522940,500.0,216.0,190.0,230.0,216.0,208.0,216.0,170.0,,-15,8345538
41.16,2019-09-08 18:22:49.543846,214.0,446.0,188.0,228.0,358.0,214.0,206.0,170.0,,-15,8347375
41.1809,2019-09-08 18:22:49.554137,390.0,380.0,188.0,226.0,170.0,212.0,212.0,206.0,,-15,8347742
41.1912,2019-09-08 18:22:49.577012,312.0,306.0,208.0,222.0,204.0,170.0,170.0,170.0,,-14,8348614
41.2141,2019-09-08 18:22:49.584513,248.0,220.0,186.0,218.0,204.0,170.0,254.0,206.0,,-14,8349797
41.2217,2019-09-08 18:22:49.600792,184.0,208.0,184.0,214.0,204.0,170.0,238.0,204.0,,-14,8349835
41.2379,2019-09-08 18:22:49.615670,200.0,200.0,202.0,208.0,168.0,200.0,202.0,202.0,,-13,8352458
41.2525,2019-09-08 18:22:49.636850,198.0,198.0,182.0,206.0,186.0,186.0,194.0,200.0,,-12,8352939
41.2737,2019-09-08 18:22:49.647169,196.0,194.0,196.0,202.0,192.0,200.0,200.0,168.0,,-12,8353465
41.284,2019-09-08 18:22:49.664717,194.0,180.0,180.0,200.0,180.0,198.0,168.0,180.0,,-11,8353392
41.3016,2019-09-08 18:22:49.681582,194.0,180.0,198.0,198.0,196.0,168.0,178.0,184.0,,-10,8353725
41.3185,2019-09-08 18:22:49.697889,194.0,178.0,198.0,178.0,184.0,192.0,168.0,178.0,,-9,8354468
41.3348,2019-09-08 18:22:49.711912,192.0,192.0,178.0,196.0,168.0,178.0,188.0,168.0,,-8,8353787
41.3488,2019-09-08 18:22:49.735203,192.0,180.0,176.0,192.0,176.0,180.0,180.0,168.0,,-7,8352946
41.3727,2019-09-08 18:22:49.748414,192.0,192.0,192.0,196.0,176.0,184.0,168.0,174.0,,-5,8351801
41.3863,2019-09-08 18:22:49.762966,192.0,192.0,192.0,194.0,178.0,184.0,182.0,178.0,,-5,8352001
41.3999,2019-09-08 18:22:49.781264,192.0,180.0,192.0,180.0,174.0,178.0,178.0,178.0,,-4,8349593
41.419,2019-09-08 18:22:49.797501,192.0,180.0,180.0,196.0,178.0,180.0,180.0,172.0,,-2,8349292
41.4343,2019-09-08 18:22:49.809554,192.0,192.0,180.0,194.0,180.0,180.0,168.0,174.0,,-1,8348579
41.4467,2019-09-08 18:22:49.826318,190.0,180.0,180.0,192.0,180.0,168.0,172.0,176.0,,0,8347115
41.4633,2019-09-08 18:22:49.844945,176.0,194.0,176.0,194.0,168.0,176.0,172.0,178.0,,1,8345894
41.4818,2019-09-08 18:22:49.858735,196.0,180.0,190.0,180.0,168.0,176.0,176.0,178.0,,2,8345579
41.4955,2019-09-08 18:22:49.909343,190.0,180.0,176.0,196.0,176.0,178.0,166.0,172.0,,2,8345610
41.5462,2019-09-08 18:22:49.921427,190.0,180.0,196.0,196.0,178.0,176.0,172.0,176.0,,4,8347067
41.5583,2019-09-08 18:22:49.927909,176.0,194.0,176.0,194.0,178.0,176.0,178.0,176.0,,4,8346444
41.5647,2019-09-08 18:22:49.942137,176.0,194.0,176.0,194.0,178.0,176.0,172.0,168.0,,4,8347188
41.579,2019-09-08 18:22:49.958051,180.0,180.0,176.0,194.0,168.0,172.0,176.0,178.0,,4,8348399
41.5948,2019-09-08 18:22:49.981283,194.0,180.0,176.0,194.0,172.0,174.0,168.0,176.0,,4,8348718
41.6185,2019-09-08 18:22:49.990053,194.0,180.0,190.0,194.0,178.0,168.0,168.0,170.0,,3,8348839
41.627,2019-09-08 18:22:50.006359,190.0,180.0,196.0,194.0,170.0,172.0,170.0,178.0,,3,8348936
41.6434,2019-09-08 18:22:50.025808,180.0,180.0,176.0,194.0,170.0,168.0,170.0,178.0,,2,8348762
41.6626,2019-09-08 18:22:50.063959,190.0,180.0,176.0,194.0,168.0,176.0,178.0,168.0,,1,8347479
41.7009,2019-09-08 18:22:50.084119,174.0,194.0,176.0,194.0,168.0,176.0,176.0,168.0,,-1,8346894
41.7209,2019-09-08 18:22:50.090631,190.0,180.0,190.0,194.0,176.0,176.0,166.0,166.0,,-1,8346610
41.7274,2019-09-08 18:22:50.111397,190.0,180.0,176.0,194.0,178.0,168.0,168.0,176.0,,-2,8347136
41.7486,2019-09-08 18:22:50.128783,188.0,188.0,176.0,194.0,176.0,168.0,168.0,168.0,,-3,8345160
41.7656,2019-09-08 18:22:50.138794,188.0,194.0,176.0,194.0,174.0,176.0,178.0,168.0,,-4,8344714
41.7756,2019-09-08 18:22:50.148063,194.0,180.0,176.0,194.0,176.0,180.0,168.0,176.0,,-4,8344171
41.7854,2019-09-08 18:22:50.163599,188.0,180.0,176.0,194.0,176.0,180.0,168.0,176.0,,-4,8344171
41.8004,2019-09-08 18:22:50.183049,188.0,180.0,176.0,194.0,180.0,168.0,180.0,168.0,,-5,8344077
41.8199,2019-09-08 18:22:50.189384,188.0,180.0,176.0,194.0,180.0,166.0,178.0,176.0,,-5,8343949
41.8262,2019-09-08 18:22:50.205274,188.0,180.0,176.0,188.0,180.0,166.0,178.0,168.0,,-5,8343451
41.8422,2019-09-08 18:22:50.219711,188.0,180.0,176.0,196.0,168.0,180.0,168.0,180.0,,-5,8343773
41.8569,2019-09-08 18:22:50.232819,188.0,180.0,176.0,188.0,176.0,180.0,168.0,182.0,,-5,8343226
41.8696,2019-09-08 18:22:50.265279,188.0,180.0,176.0,194.0,192.0,176.0,180.0,176.0,,-6,8342987
41.9025,2019-09-08 18:22:50.299711,188.0,180.0,176.0,194.0,180.0,168.0,176.0,176.0,,-6,8342112
41.9369,2019-09-08 18:22:50.306809,188.0,180.0,176.0,194.0,166.0,176.0,180.0,166.0,,-6,8342257
41.9438,2019-09-08 18:22:50.318739,188.0,180.0,176.0,188.0,246.0,176.0,256.0,176.0,,-6,8343191
41.9556,2019-09-08 18:22:50.329394,188.0,180.0,176.0,194.0,266.0,178.0,180.0,180.0,,-6,8342278
41.9665,2019-09-08 18:22:50.342578,188.0,180.0,176.0,194.0,302.0,178.0,180.0,166.0,,-6,8342185
41.9794,2019-09-08 18:22:50.360452,188.0,180.0,176.0,194.0,180.0,166.0,320.0,178.0,,-6,8342877
41.9973,2019-09-08 18:22:50.375568,188.0,180.0,176.0,194.0,166.0,340.0,342.0,180.0,,-6,8342330
42.0125,2019-09-08 18:22:50.394549,194.0,180.0,176.0,194.0,166.0,350.0,180.0,166.0,,-6,8341877
42.0313,2019-09-08 18:22:50.409085,188.0,180.0,176.0,194.0,360.0,182.0,180.0,166.0,,-6,8342112
42.0459,2019-09-08 18:22:50.421879,192.0,180.0,176.0,194.0,386.0,184.0,180.0,166.0,,-6,8341842
42.059,2019-09-08 18:22:50.436425,200.0,180.0,176.0,194.0,398.0,184.0,180.0,166.0,,-6,8341939
42.0736,2019-09-08 18:22:50.462590,212.0,180.0,176.0,194.0,186.0,180.0,166.0,446.0,,-7,8342541
42.0994,2019-09-08 18:22:50.510789,258.0,180.0,176.0,196.0,180.0,516.0,186.0,180.0,,-8,8342160
42.1479,2019-09-08 18:22:50.519541,316.0,180.0,176.0,200.0,166.0,188.0,188.0,166.0,,-8,8341724
42.1563,2019-09-08 18:22:50.530253,344.0,182.0,178.0,202.0,536.0,188.0,180.0,166.0,,-8,8342776
42.1672,2019-09-08 18:22:50.544428,364.0,182.0,178.0,204.0,552.0,188.0,180.0,168.0,,-8,8342603
42.1812,2019-09-08 18:22:50.560608,378.0,184.0,178.0,204.0,188.0,180.0,166.0,566.0,,-9,8342306
42.1975,2019-09-08 18:22:50.574868,396.0,186.0,178.0,204.0,188.0,190.0,166.0,582.0,,-9,8342354
42.2117,2019-09-08 18:22:50.601614,412.0,188.0,180.0,204.0,596.0,190.0,180.0,166.0,,-9,8342437
42.2386,2019-09-08 18:22:50.608131,428.0,190.0,182.0,206.0,180.0,166.0,180.0,166.0,,-10,8341707
42.2449,2019-09-08 18:22:50.620324,442.0,192.0,182.0,208.0,612.0,612.0,190.0,180.0,,-10,8341783
42.2577,2019-09-08 18:22:50.636387,456.0,194.0,184.0,210.0,166.0,180.0,190.0,616.0,,-10,8342039
42.2733,2019-09-08 18:22:50.649978,470.0,196.0,184.0,212.0,166.0,622.0,188.0,180.0,,-10,8342513
42.2896,2019-09-08 18:22:50.666790,488.0,198.0,186.0,214.0,180.0,190.0,622.0,190.0,,-10,8342285
42.3036,2019-09-08 18:22:50.680157,506.0,202.0,186.0,218.0,624.0,190.0,180.0,166.0,,-10,8342621
42.3171,2019-09-08 18:22:50.705087,526.0,204.0,188.0,530.0,622.0,190.0,180.0,166.0,,-11,8341579
42.3425,2019-09-08 18:22:50.713128,544.0,206.0,188.0,222.0,166.0,622.0,190.0,180.0,,-11,8342537
42.35,2019-09-08 18:22:50.727541,558.0,208.0,190.0,224.0,166.0,622.0,190.0,166.0,,-11,8341755
42.3644,2019-09-08 18:22:50.743334,566.0,212.0,192.0,226.0,180.0,166.0,180.0,624.0,,-11,8341800
42.3802,2019-09-08 18:22:50.761020,574.0,214.0,192.0,228.0,180.0,166.0,624.0,190.0,,-12,8342250
42.3979,2019-09-08 18:22:50.780411,578.0,216.0,194.0,230.0,190.0,180.0,168.0,622.0,,-12,8342441
42.4175,2019-09-08 18:22:50.830787,576.0,218.0,194.0,230.0,180.0,166.0,620.0,192.0,,-12,8342077
42.4676,2019-09-08 18:22:50.845320,562.0,220.0,220.0,230.0,192.0,620.0,190.0,180.0,,-13,8342060
42.4821,2019-09-08 18:22:50.851701,552.0,220.0,196.0,232.0,168.0,620.0,192.0,178.0,,-13,8342261
42.4886,2019-09-08 18:22:50.858176,544.0,222.0,196.0,234.0,166.0,168.0,192.0,192.0,,-13,8341399
42.495,2019-09-08 18:22:50.873815,536.0,226.0,198.0,236.0,178.0,192.0,180.0,166.0,,-13,8341486
42.511,2019-09-08 18:22:50.886412,528.0,230.0,230.0,198.0,166.0,194.0,192.0,180.0,,-13,8341617
42.5233,2019-09-08 18:22:50.905791,524.0,232.0,200.0,238.0,618.0,194.0,180.0,168.0,,-13,8342319
42.5426,2019-09-08 18:22:50.920623,522.0,234.0,200.0,240.0,618.0,194.0,180.0,168.0,,-13,8342150
42.5575,2019-09-08 18:22:50.931388,522.0,236.0,202.0,242.0,196.0,180.0,168.0,616.0,,-13,8341935
42.5686,2019-09-08 18:22:50.944530,520.0,236.0,202.0,244.0,194.0,180.0,166.0,616.0,,-13,8342053
42.5817,2019-09-08 18:22:50.970281,520.0,236.0,202.0,244.0,180.0,166.0,612.0,196.0,,-13,8342185
42.6077,2019-09-08 18:22:50.981998,522.0,238.0,202.0,246.0,168.0,198.0,198.0,180.0,,-13,8342198
42.6188,2019-09-08 18:22:50.997141,526.0,236.0,202.0,246.0,610.0,608.0,198.0,180.0,,-13,8342361
42.6339,2019-09-08 18:22:51.010679,532.0,236.0,202.0,246.0,168.0,606.0,198.0,180.0,,-13,8342340
42.6476,2019-09-08 18:22:51.023237,538.0,232.0,202.0,246.0,604.0,200.0,180.0,168.0,,-13,8342472
42.6605,2019-09-08 18:22:51.036261,540.0,230.0,200.0,246.0,200.0,200.0,180.0,600.0,,-13,8342105
42.6737,2019-09-08 18:22:51.052000,536.0,228.0,200.0,246.0,182.0,202.0,596.0,204.0,,-13,8342441
42.6906,2019-09-08 18:22:51.067632,530.0,226.0,200.0,244.0,182.0,168.0,590.0,206.0,,-13,8341333
42.7044,2019-09-08 18:22:51.098346,522.0,224.0,198.0,242.0,586.0,206.0,184.0,168.0,,-13,8341932
42.7351,2019-09-08 18:22:51.107631,510.0,222.0,196.0,240.0,168.0,582.0,208.0,184.0,,-13,8343095
42.7451,2019-09-08 18:22:51.130092,494.0,218.0,196.0,238.0,184.0,210.0,184.0,168.0,,-13,8342676
42.7671,2019-09-08 18:22:51.142710,470.0,216.0,192.0,234.0,186.0,186.0,210.0,186.0,,-13,8343728
42.7795,2019-09-08 18:22:51.174729,436.0,212.0,192.0,232.0,168.0,562.0,210.0,168.0,,-14,8343499
42.8115,2019-09-08 18:22:51.233204,334.0,208.0,186.0,226.0,168.0,556.0,212.0,188.0,,-14,8345053
42.87,2019-09-08 18:22:51.239500,216.0,200.0,184.0,216.0,210.0,190.0,168.0,168.0,,-14,8344800
42.8763,2019-09-08 18:22:51.251329,204.0,200.0,182.0,212.0,496.0,210.0,192.0,168.0,,-14,8345275
42.8881,2019-09-08 18:22:51.333570,200.0,196.0,180.0,208.0,168.0,194.0,168.0,372.0,,-12,8348534
42.9704,2019-09-08 18:22:51.339915,182.0,182.0,178.0,198.0,202.0,188.0,194.0,168.0,,-12,8349769
42.9769,2019-09-08 18:22:51.348261,194.0,182.0,176.0,198.0,194.0,192.0,192.0,194.0,,-11,8350088
42.985,2019-09-08 18:22:51.358097,194.0,180.0,176.0,196.0,186.0,184.0,194.0,168.0,,-11,8350510
42.995,2019-09-08 18:22:51.370071,192.0,176.0,176.0,196.0,184.0,184.0,192.0,168.0,,-10,8350548
43.007,2019-09-08 18:22:51.384682,194.0,180.0,176.0,196.0,192.0,182.0,192.0,168.0,,-10,8351167
43.0215,2019-09-08 18:22:51.393274,192.0,182.0,176.0,196.0,192.0,168.0,180.0,180.0,,-9,8350908
43.0301,2019-09-08 18:22:51.409653,192.0,180.0,176.0,196.0,188.0,168.0,180.0,180.0,,-8,8350669
43.0465,2019-09-08 18:22:51.594100,194.0,180.0,176.0,196.0,168.0,174.0,178.0,178.0,,0,8342181
43.2309,2019-09-08 18:22:51.600351,192.0,180.0,176.0,196.0,178.0,168.0,178.0,168.0,,0,8341610
43.2372,2019-09-08 18:22:51.623149,192.0,180.0,176.0,194.0,168.0,178.0,178.0,168.0,,0,8342202
43.26,2019-09-08 18:22:51.637907,192.0,180.0,176.0,194.0,174.0,176.0,178.0,168.0,,0,8341776
43.2747,2019-09-08 18:22:51.650110,192.0,180.0,176.0,194.0,178.0,168.0,174.0,176.0,,0,8342499
43.287,2019-09-08 18:22:51.666289,192.0,180.0,176.0,196.0,168.0,172.0,178.0,178.0,,-1,8341939
43.3031,2019-09-08 18:22:51.680365,192.0,180.0,176.0,194.0,172.0,176.0,178.0,168.0,,-1,8342288
43.3172,2019-09-08 18:22:51.695849,190.0,180.0,176.0,196.0,168.0,172.0,168.0,172.0,,-2,8342617
43.3326,2019-09-08 18:22:51.711637,192.0,180.0,176.0,196.0,178.0,168.0,170.0,168.0,,-2,8341697
43.3484,2019-09-08 18:22:51.726883,190.0,180.0,176.0,196.0,168.0,170.0,170.0,176.0,,-3,8342963
43.3637,2019-09-08 18:22:51.809469,190.0,180.0,176.0,194.0,176.0,178.0,168.0,168.0,,-5,8343257
43.4463,2019-09-08 18:22:51.824217,190.0,180.0,176.0,196.0,176.0,178.0,166.0,170.0,,-5,8343188
43.461,2019-09-08 18:22:51.830638,190.0,180.0,176.0,196.0,180.0,168.0,170.0,176.0,,-5,8342963
43.4675,2019-09-08 18:22:51.865538,190.0,180.0,176.0,194.0,170.0,176.0,178.0,166.0,,-5,8343873
43.5023,2019-09-08 18:22:51.872189,190.0,180.0,176.0,194.0,170.0,176.0,166.0,168.0,,-6,8342333
43.509,2019-09-08 18:22:51.901855,190.0,180.0,176.0,194.0,176.0,168.0,168.0,172.0,,-6,8342503
43.5387,2019-09-08 18:22:51.911682,190.0,180.0,176.0,194.0,178.0,168.0,180.0,166.0,,-6,8343191
43.5485,2019-09-08 18:22:51.927607,190.0,180.0,176.0,194.0,174.0,166.0,174.0,176.0,,-6,8342814
43.5644,2019-09-08 18:22:51.942697,190.0,180.0,176.0,196.0,168.0,176.0,178.0,168.0,,-7,8343053
43.5795,2019-09-08 18:22:51.952616,180.0,180.0,176.0,196.0,178.0,176.0,180.0,168.0,,-7,8343074
43.5894,2019-09-08 18:22:51.958856,188.0,176.0,176.0,194.0,180.0,176.0,180.0,166.0,,-7,8343191
43.5956,2019-09-08 18:22:51.984964,188.0,182.0,176.0,194.0,180.0,180.0,168.0,182.0,,-7,8342911
43.6218,2019-09-08 18:22:51.994081,190.0,180.0,176.0,194.0,180.0,168.0,188.0,176.0,,-7,8342755
43.6308,2019-09-08 18:22:52.005843,190.0,176.0,196.0,194.0,196.0,176.0,180.0,168.0,,-7,8342821
43.6426,2019-09-08 18:22:52.038577,188.0,180.0,176.0,194.0,206.0,176.0,180.0,168.0,,-7,8342835
43.6754,2019-09-08 18:22:52.051400,190.0,180.0,176.0,194.0,222.0,176.0,180.0,168.0,,-8,8343358
43.6882,2019-09-08 18:22:52.057710,190.0,180.0,176.0,194.0,178.0,180.0,168.0,304.0,,-8,8342326
43.6945,2019-09-08 18:22:52.103935,188.0,180.0,176.0,194.0,180.0,166.0,374.0,186.0,,-8,8342707
43.7407,2019-09-08 18:22:52.112175,188.0,180.0,176.0,194.0,166.0,380.0,180.0,166.0,,-8,8341911
43.7489,2019-09-08 18:22:52.133967,188.0,180.0,176.0,196.0,388.0,188.0,180.0,166.0,,-8,8341465
43.7712,2019-09-08 18:22:52.142097,188.0,180.0,176.0,194.0,398.0,188.0,180.0,166.0,,-8,8342032
43.779,2019-09-08 18:22:52.151468,188.0,180.0,176.0,194.0,190.0,180.0,166.0,428.0,,-9,8342665
43.7883,2019-09-08 18:22:52.166019,192.0,180.0,176.0,194.0,448.0,192.0,180.0,168.0,,-9,8342939
43.8028,2019-09-08 18:22:52.173888,194.0,176.0,196.0,194.0,472.0,192.0,180.0,482.0,,-9,8342205
43.8108,2019-09-08 18:22:52.190358,180.0,176.0,194.0,194.0,484.0,192.0,180.0,166.0,,-10,8341679
43.8278,2019-09-08 18:22:52.207215,180.0,176.0,194.0,196.0,192.0,168.0,166.0,516.0,,-10,8342178
43.8441,2019-09-08 18:22:52.235766,180.0,176.0,196.0,196.0,182.0,168.0,524.0,526.0,,-11,8341520
43.8726,2019-09-08 18:22:52.249684,180.0,176.0,196.0,196.0,180.0,166.0,556.0,196.0,,-11,8342548
43.8868,2019-09-08 18:22:52.264786,180.0,176.0,196.0,198.0,166.0,568.0,198.0,182.0,,-11,8341496
43.9016,2019-09-08 18:22:52.281647,182.0,176.0,198.0,200.0,168.0,576.0,200.0,184.0,,-11,8341562
43.9188,2019-09-08 18:22:52.298386,290.0,182.0,176.0,200.0,168.0,580.0,184.0,184.0,,-12,8342326
43.9353,2019-09-08 18:22:52.312445,310.0,184.0,176.0,200.0,582.0,200.0,184.0,168.0,,-12,8341883
43.9495,2019-09-08 18:22:52.341437,332.0,184.0,178.0,202.0,586.0,202.0,184.0,168.0,,-12,8341904
43.9782,2019-09-08 18:22:52.347786,356.0,184.0,178.0,202.0,184.0,168.0,202.0,186.0,,-12,8342098
43.9846,2019-09-08 18:22:52.358799,388.0,178.0,204.0,204.0,168.0,204.0,184.0,168.0,,-12,8341555
43.9956,2019-09-08 18:22:52.370845,186.0,178.0,206.0,206.0,168.0,582.0,204.0,186.0,,-13,8342337
44.0076,2019-09-08 18:22:52.398606,188.0,208.0,178.0,208.0,576.0,204.0,186.0,166.0,,-13,8341939
44.0354,2019-09-08 18:22:52.417684,512.0,178.0,210.0,210.0,186.0,168.0,168.0,570.0,,-13,8341492
44.0545,2019-09-08 18:22:52.447307,190.0,180.0,212.0,190.0,186.0,168.0,570.0,168.0,,-13,8342375
44.0842,2019-09-08 18:22:52.464023,590.0,216.0,180.0,216.0,570.0,204.0,186.0,168.0,,-14,8342278
44.1009,2019-09-08 18:22:52.498390,192.0,180.0,218.0,218.0,188.0,168.0,570.0,206.0,,-14,8342835
44.1352,2019-09-08 18:22:52.513658,628.0,192.0,180.0,220.0,572.0,572.0,206.0,188.0,,-14,8342195
44.1505,2019-09-08 18:22:52.555726,640.0,192.0,182.0,222.0,208.0,190.0,168.0,570.0,,-15,8342482
44.1925,2019-09-08 18:22:52.561948,644.0,194.0,644.0,222.0,190.0,168.0,190.0,208.0,,-15,8341603
44.1987,2019-09-08 18:22:52.574893,644.0,644.0,194.0,222.0,190.0,168.0,190.0,168.0,,-15,8342185
44.2117,2019-09-08 18:22:52.581149,222.0,646.0,222.0,222.0,190.0,168.0,568.0,210.0,,-15,8341883
44.2179,2019-09-08 18:22:52.593399,646.0,180.0,224.0,222.0,210.0,568.0,192.0,192.0,,-15,8341967
44.2302,2019-09-08 18:22:52.609707,644.0,222.0,182.0,222.0,168.0,562.0,196.0,196.0,,-15,8342724
44.2465,2019-09-08 18:22:52.628081,644.0,222.0,180.0,222.0,562.0,212.0,196.0,170.0,,-15,8341967
44.265,2019-09-08 18:22:52.643652,646.0,196.0,182.0,222.0,554.0,214.0,200.0,168.0,,-15,8341593
44.2805,2019-09-08 18:22:52.657573,648.0,196.0,180.0,222.0,216.0,202.0,170.0,544.0,,-15,8342406
44.2944,2019-09-08 18:22:52.680705,646.0,196.0,180.0,646.0,216.0,170.0,170.0,522.0,,-15,8342506
44.3182,2019-09-08 18:22:52.690910,644.0,196.0,180.0,222.0,206.0,170.0,514.0,216.0,,-15,8342607
44.3281,2019-09-08 18:22:52.709504,644.0,196.0,182.0,224.0,204.0,214.0,214.0,204.0,,-15,8342621
44.3464,2019-09-08 18:22:52.726928,640.0,198.0,180.0,224.0,468.0,212.0,206.0,170.0,,-15,8342603
44.3638,2019-09-08 18:22:52.747666,632.0,198.0,180.0,222.0,168.0,436.0,212.0,206.0,,-15,8342593
44.3847,2019-09-08 18:22:52.754586,616.0,196.0,180.0,222.0,210.0,204.0,170.0,416.0,,-15,8342389
44.3914,2019-09-08 18:22:52.772772,196.0,178.0,220.0,578.0,396.0,392.0,170.0,386.0,,-15,8342403
44.4096,2019-09-08 18:22:52.791592,194.0,178.0,218.0,218.0,366.0,208.0,204.0,170.0,,-15,8343070
44.4284,2019-09-08 18:22:52.798113,468.0,178.0,178.0,214.0,352.0,206.0,204.0,170.0,,-15,8342492
44.4349,2019-09-08 18:22:52.812929,396.0,192.0,178.0,212.0,204.0,204.0,204.0,170.0,,-15,8342230
44.4497,2019-09-08 18:22:52.828222,328.0,190.0,178.0,208.0,298.0,202.0,202.0,170.0,,-15,8342271
44.465,2019-09-08 18:22:52.850606,190.0,190.0,206.0,260.0,274.0,200.0,202.0,168.0,,-14,8343036
44.4874,2019-09-08 18:22:52.860819,176.0,188.0,224.0,204.0,198.0,198.0,200.0,168.0,,-14,8342537
44.4977,2019-09-08 18:22:52.877962,176.0,186.0,208.0,202.0,234.0,168.0,228.0,194.0,,-14,8343499
44.5148,2019-09-08 18:22:52.892904,200.0,184.0,204.0,200.0,168.0,210.0,190.0,198.0,,-13,8344804
44.5298,2019-09-08 18:22:52.910256,200.0,184.0,176.0,200.0,198.0,168.0,196.0,168.0,,-12,8343292
44.5475,2019-09-08 18:22:52.924746,198.0,182.0,198.0,176.0,168.0,182.0,184.0,194.0,,-12,8344067
44.5616,2019-09-08 18:22:52.941357,196.0,196.0,176.0,176.0,194.0,168.0,194.0,168.0,,-11,8345849
44.5783,2019-09-08 18:22:52.963173,196.0,180.0,196.0,180.0,168.0,178.0,182.0,192.0,,-10,8346842
44.6,2019-09-08 18:22:52.972575,196.0,180.0,176.0,196.0,190.0,168.0,168.0,178.0,,-9,8347697
44.6096,2019-09-08 18:22:52.988988,196.0,180.0,176.0,196.0,188.0,166.0,176.0,166.0,,-8,8347884
44.626,2019-09-08 18:22:53.005188,196.0,196.0,196.0,180.0,168.0,178.0,178.0,184.0,,-8,8349025
44.643,2019-09-08 18:22:53.021878,194.0,180.0,196.0,196.0,168.0,176.0,178.0,182.0,,-7,8349911
44.6588,2019-09-08 18:22:53.044389,194.0,180.0,196.0,180.0,174.0,176.0,180.0,166.0,,-7,8349565
44.6812,2019-09-08 18:22:53.054740,176.0,194.0,194.0,196.0,180.0,168.0,174.0,176.0,,-5,8348918
44.6917,2019-09-08 18:22:53.074188,194.0,180.0,176.0,180.0,176.0,174.0,176.0,180.0,,-5,8348458
44.7113,2019-09-08 18:22:53.088056,194.0,180.0,194.0,180.0,172.0,176.0,180.0,168.0,,-5,8346524
44.7249,2019-09-08 18:22:53.103732,194.0,180.0,194.0,180.0,178.0,176.0,178.0,176.0,,-4,8345133
44.7406,2019-09-08 18:22:53.119463,194.0,180.0,194.0,196.0,178.0,168.0,172.0,176.0,,-4,8343683
44.7563,2019-09-08 18:22:53.135050,194.0,180.0,176.0,180.0,168.0,172.0,180.0,174.0,,-4,8342977
44.7721,2019-09-08 18:22:53.156488,192.0,180.0,180.0,176.0,180.0,176.0,178.0,168.0,,-4,8342641
44.7933,2019-09-08 18:22:53.169168,192.0,180.0,194.0,196.0,176.0,178.0,168.0,172.0,,-4,8342877
44.8062,2019-09-08 18:22:53.181896,194.0,180.0,176.0,194.0,178.0,168.0,172.0,176.0,,-4,8342987
44.8188,2019-09-08 18:22:53.197335,194.0,180.0,174.0,194.0,170.0,172.0,168.0,172.0,,-4,8343108
44.8341,2019-09-08 18:22:53.215338,192.0,180.0,176.0,196.0,168.0,170.0,176.0,178.0,,-5,8342835
44.8521,2019-09-08 18:22:53.228706,194.0,180.0,176.0,194.0,168.0,170.0,176.0,178.0,,-5,8342915
44.8657,2019-09-08 18:22:53.243598,194.0,180.0,176.0,194.0,170.0,178.0,178.0,170.0,,-6,8342977
44.8806,2019-09-08 18:22:53.259618,194.0,180.0,176.0,196.0,170.0,168.0,178.0,178.0,,-6,8342818
44.897,2019-09-08 18:22:53.278900,192.0,180.0,176.0,194.0,168.0,176.0,178.0,166.0,,-7,8342268
44.9159,2019-09-08 18:22:53.289871,192.0,180.0,176.0,196.0,176.0,168.0,168.0,176.0,,-7,8342299
44.9269,2019-09-08 18:22:53.305076,192.0,180.0,176.0,196.0,178.0,168.0,178.0,176.0,,-8,8342077
44.9419,2019-09-08 18:22:53.321236,192.0,196.0,176.0,196.0,166.0,176.0,176.0,178.0,,-8,8343119
44.9581,2019-09-08 18:22:53.335233,176.0,194.0,176.0,196.0,166.0,176.0,180.0,168.0,,-8,8342437
44.9721,2019-09-08 18:22:53.359930,192.0,180.0,176.0,196.0,180.0,166.0,168.0,176.0,,-9,8342949
44.997,2019-09-08 18:22:53.372323,192.0,180.0,176.0,196.0,166.0,166.0,168.0,176.0,,-9,8343437
45.0106,2019-09-08 18:22:53.381430,192.0,180.0,176.0,196.0,176.0,178.0,168.0,176.0,,-10,8343354
45.0183,2019-09-08 18:22:53.396418,192.0,180.0,176.0,196.0,178.0,168.0,178.0,180.0,,-10,8343226
45.0334,2019-09-08 18:22:53.411423,192.0,180.0,176.0,194.0,168.0,168.0,176.0,178.0,,-10,8343524
45.0483,2019-09-08 18:22:53.427027,192.0,180.0,176.0,194.0,176.0,176.0,178.0,166.0,,-10,8343036
45.0639,2019-09-08 18:22:53.442547,192.0,176.0,194.0,196.0,178.0,176.0,168.0,176.0,,-10,8342970
45.0794,2019-09-08 18:22:53.463481,180.0,176.0,196.0,196.0,168.0,176.0,180.0,168.0,,-11,8343980
45.1004,2019-09-08 18:22:53.472942,192.0,176.0,194.0,194.0,166.0,176.0,178.0,168.0,,-11,8344655
45.1098,2019-09-08 18:22:53.490741,190.0,176.0,196.0,194.0,176.0,176.0,168.0,166.0,,-12,8344783
45.1275,2019-09-08 18:22:53.506436,180.0,176.0,194.0,194.0,178.0,176.0,166.0,178.0,,-12,8344811
45.1437,2019-09-08 18:22:53.545304,192.0,180.0,176.0,196.0,166.0,176.0,166.0,166.0,,-12,8346136
45.1821,2019-09-08 18:22:53.551971,190.0,176.0,194.0,194.0,176.0,166.0,166.0,168.0,,-12,8345901
45.189,2019-09-08 18:22:53.567683,180.0,176.0,196.0,194.0,176.0,178.0,166.0,168.0,,-12,8345953
45.2045,2019-09-08 18:22:53.579704,192.0,180.0,176.0,194.0,178.0,168.0,176.0,180.0,,-12,8346655
45.2165,2019-09-08 18:22:53.595438,192.0,180.0,176.0,194.0,176.0,180.0,166.0,168.0,,-12,8346441
45.2323,2019-09-08 18:22:53.610473,190.0,180.0,176.0,194.0,178.0,180.0,168.0,168.0,,-12,8346807
45.2474,2019-09-08 18:22:53.626913,190.0,180.0,176.0,194.0,168.0,176.0,180.0,168.0,,-12,8346866
45.2637,2019-09-08 18:22:53.642419,190.0,180.0,176.0,196.0,180.0,176.0,178.0,166.0,,-12,8347510
45.2793,2019-09-08 18:22:53.657076,190.0,180.0,176.0,194.0,170.0,178.0,180.0,170.0,,-12,8347593
45.2939,2019-09-08 18:22:53.671480,190.0,180.0,176.0,194.0,166.0,172.0,178.0,180.0,,-12,8347946
45.3087,2019-09-08 18:22:53.693069,190.0,180.0,176.0,194.0,180.0,166.0,174.0,176.0,,-11,8347752
45.3299,2019-09-08 18:22:53.722302,192.0,180.0,176.0,196.0,176.0,178.0,176.0,180.0,,-11,8347884
45.3592,2019-09-08 18:22:53.728812,192.0,180.0,176.0,194.0,166.0,176.0,176.0,180.0,,-11,8346690
45.3658,2019-09-08 18:22:53.745190,194.0,180.0,176.0,196.0,186.0,176.0,180.0,166.0,,-10,8346925
45.382,2019-09-08 18:22:53.759733,196.0,176.0,176.0,194.0,186.0,176.0,180.0,166.0,,-10,8345866
45.3966,2019-09-08 18:22:53.773222,200.0,180.0,176.0,196.0,192.0,176.0,180.0,168.0,,-10,8344759
45.4101,2019-09-08 18:22:53.780602,202.0,180.0,176.0,194.0,194.0,176.0,180.0,166.0,,-10,8344797
45.4174,2019-09-08 18:22:53.795266,206.0,180.0,176.0,194.0,198.0,176.0,180.0,166.0,,-9,8344403
45.4321,2019-09-08 18:22:53.809516,214.0,180.0,176.0,194.0,178.0,180.0,166.0,206.0,,-9,8343880
45.4464,2019-09-08 18:22:53.825782,224.0,180.0,176.0,196.0,176.0,180.0,166.0,208.0,,-9,8343537
45.4627,2019-09-08 18:22:53.839969,234.0,180.0,176.0,196.0,220.0,180.0,166.0,224.0,,-9,8343420
45.4776,2019-09-08 18:22:53.854966,246.0,180.0,176.0,198.0,182.0,180.0,168.0,232.0,,-8,8344102
45.4919,2019-09-08 18:22:53.875681,258.0,180.0,176.0,200.0,184.0,168.0,262.0,192.0,,-8,8343486
45.5137,2019-09-08 18:22:53.894834,272.0,182.0,176.0,202.0,286.0,196.0,190.0,190.0,,-8,8343275
45.5322,2019-09-08 18:22:53.902856,286.0,184.0,178.0,204.0,302.0,196.0,198.0,168.0,,-8,8343458
45.5397,2019-09-08 18:22:53.920332,306.0,184.0,178.0,206.0,336.0,202.0,196.0,168.0,,-8,8343852
45.5579,2019-09-08 18:22:53.935170,328.0,186.0,178.0,206.0,204.0,198.0,170.0,364.0,,-8,8342752
45.572,2019-09-08 18:22:53.948105,358.0,186.0,178.0,208.0,208.0,170.0,202.0,210.0,,-8,8343112
45.585,2019-09-08 18:22:53.975666,396.0,188.0,180.0,212.0,206.0,170.0,436.0,208.0,,-8,8343081
45.6129,2019-09-08 18:22:53.983444,440.0,192.0,180.0,218.0,170.0,208.0,170.0,452.0,,-9,8343593
45.6204,2019-09-08 18:22:53.994148,478.0,194.0,182.0,222.0,220.0,220.0,172.0,172.0,,-9,8342759
45.6311,2019-09-08 18:22:54.010738,506.0,194.0,182.0,226.0,222.0,212.0,172.0,476.0,,-9,8343146
45.648,2019-09-08 18:22:54.023828,526.0,196.0,184.0,226.0,214.0,172.0,226.0,214.0,,-9,8342956
45.6607,2019-09-08 18:22:54.039960,198.0,198.0,184.0,228.0,172.0,490.0,228.0,218.0,,-9,8342531
45.677,2019-09-08 18:22:54.055500,552.0,198.0,186.0,230.0,228.0,218.0,172.0,494.0,,-9,8342281
45.6924,2019-09-08 18:22:54.076504,560.0,200.0,186.0,230.0,218.0,172.0,492.0,228.0,,-10,8343984
45.7137,2019-09-08 18:22:54.086617,564.0,202.0,186.0,230.0,172.0,488.0,230.0,218.0,,-10,8343586
45.7235,2019-09-08 18:22:54.102710,564.0,202.0,186.0,230.0,486.0,228.0,218.0,172.0,,-10,8343527
45.7396,2019-09-08 18:22:54.124220,560.0,202.0,186.0,230.0,228.0,218.0,218.0,172.0,,-10,8343679
45.761,2019-09-08 18:22:54.134138,554.0,202.0,186.0,228.0,228.0,218.0,172.0,172.0,,-11,8343295
45.7714,2019-09-08 18:22:54.146699,554.0,202.0,186.0,228.0,228.0,216.0,172.0,480.0,,-11,8342773
45.7839,2019-09-08 18:22:54.171350,554.0,202.0,184.0,228.0,218.0,172.0,482.0,226.0,,-11,8342928
45.8083,2019-09-08 18:22:54.182458,558.0,202.0,186.0,228.0,216.0,172.0,216.0,226.0,,-12,8342866
45.8194,2019-09-08 18:22:54.193641,562.0,202.0,186.0,228.0,172.0,172.0,216.0,172.0,,-12,8343527
45.8305,2019-09-08 18:22:54.215305,568.0,204.0,186.0,230.0,482.0,226.0,216.0,172.0,,-12,8343399
45.8528,2019-09-08 18:22:54.223784,576.0,202.0,186.0,230.0,226.0,226.0,216.0,172.0,,-13,8343219
45.861,2019-09-08 18:22:54.239370,584.0,204.0,186.0,230.0,484.0,224.0,216.0,172.0,,-13,8343721
45.8769,2019-09-08 18:22:54.254258,592.0,204.0,186.0,230.0,484.0,226.0,216.0,172.0,,-13,8344129
45.8915,2019-09-08 18:22:54.273339,598.0,204.0,186.0,230.0,172.0,226.0,214.0,226.0,,-13,8343603
45.9102,2019-09-08 18:22:54.287748,204.0,204.0,186.0,230.0,172.0,226.0,212.0,172.0,,-13,8343624
45.9256,2019-09-08 18:22:54.306123,606.0,204.0,184.0,230.0,212.0,172.0,172.0,224.0,,-14,8344223
45.943,2019-09-08 18:22:54.317591,202.0,202.0,186.0,230.0,210.0,172.0,450.0,224.0,,-14,8344503
45.9545,2019-09-08 18:22:54.334856,604.0,202.0,184.0,232.0,170.0,418.0,208.0,170.0,,-14,8343873
45.9719,2019-09-08 18:22:54.349566,602.0,202.0,184.0,230.0,208.0,374.0,218.0,206.0,,-14,8345057
45.9864,2019-09-08 18:22:54.366477,598.0,204.0,184.0,230.0,336.0,214.0,206.0,170.0,,-14,8345929
46.0033,2019-09-08 18:22:54.388183,592.0,204.0,184.0,228.0,296.0,212.0,206.0,170.0,,-14,8346589
46.0253,2019-09-08 18:22:54.394992,586.0,204.0,184.0,228.0,278.0,210.0,206.0,170.0,,-14,8347223
46.0319,2019-09-08 18:22:54.408423,578.0,204.0,184.0,228.0,210.0,208.0,206.0,170.0,,-14,8348783
46.0453,2019-09-08 18:22:54.424157,562.0,204.0,184.0,228.0,206.0,170.0,228.0,206.0,,-13,8348970
46.0611,2019-09-08 18:22:54.439583,536.0,204.0,184.0,226.0,204.0,170.0,170.0,204.0,,-13,8349247
46.0764,2019-09-08 18:22:54.456273,486.0,204.0,184.0,224.0,170.0,206.0,204.0,202.0,,-13,8350856
46.0931,2019-09-08 18:22:54.472602,414.0,202.0,182.0,220.0,202.0,170.0,202.0,170.0,,-13,8350808
46.1095,2019-09-08 18:22:54.489294,328.0,200.0,182.0,216.0,186.0,196.0,202.0,202.0,,-12,8351064
46.1266,2019-09-08 18:22:54.513861,254.0,198.0,180.0,214.0,178.0,192.0,200.0,168.0,,-11,8353133
46.151,2019-09-08 18:22:54.521880,212.0,196.0,180.0,208.0,200.0,168.0,178.0,190.0,,-11,8353586
46.1591,2019-09-08 18:22:54.533885,202.0,180.0,204.0,204.0,200.0,170.0,170.0,198.0,,-10,8354001
46.1711,2019-09-08 18:22:54.548442,188.0,178.0,202.0,200.0,168.0,176.0,186.0,196.0,,-10,8354652
46.1855,2019-09-08 18:22:54.563946,186.0,178.0,176.0,198.0,176.0,186.0,194.0,168.0,,-9,8354195
46.201,2019-09-08 18:22:54.579659,194.0,182.0,176.0,198.0,170.0,176.0,184.0,192.0,,-8,8354984
46.2168,2019-09-08 18:22:54.594410,194.0,198.0,176.0,198.0,174.0,182.0,188.0,168.0,,-7,8354680
46.2315,2019-09-08 18:22:54.608063,182.0,176.0,198.0,198.0,182.0,188.0,168.0,174.0,,-6,8353894
46.2454,2019-09-08 18:22:54.626246,192.0,176.0,198.0,198.0,180.0,186.0,186.0,174.0,,-4,8352330
46.2636,2019-09-08 18:22:54.638437,180.0,176.0,198.0,198.0,180.0,184.0,168.0,172.0,,-3,8350811
46.2755,2019-09-08 18:22:54.655090,180.0,176.0,196.0,198.0,180.0,184.0,168.0,172.0,,-2,8349351
46.2922,2019-09-08 18:22:54.669059,192.0,176.0,196.0,198.0,172.0,182.0,168.0,172.0,,-1,8348520
46.3061,2019-09-08 18:22:54.692011,180.0,176.0,196.0,196.0,168.0,172.0,178.0,180.0,,1,8346375
46.3292,2019-09-08 18:22:54.707253,182.0,176.0,176.0,196.0,168.0,170.0,178.0,168.0,,1,8344949
46.3442,2019-09-08 18:22:54.719171,190.0,182.0,176.0,196.0,170.0,178.0,180.0,168.0,,1,8343918
46.3563,2019-09-08 18:22:54.730878,190.0,180.0,176.0,196.0,172.0,180.0,180.0,168.0,,2,8342499
46.3681,2019-09-08 18:22:54.746321,190.0,182.0,176.0,196.0,170.0,176.0,178.0,168.0,,2,8342510
46.3833,2019-09-08 18:22:54.762175,190.0,176.0,196.0,196.0,170.0,176.0,170.0,176.0,,2,8343243
46.3993,2019-09-08 18:22:54.777652,180.0,176.0,196.0,196.0,170.0,180.0,180.0,176.0,,2,8343634
46.4149,2019-09-08 18:22:54.802774,180.0,180.0,176.0,196.0,170.0,176.0,180.0,168.0,,2,8342697
46.44,2019-09-08 18:22:54.811461,190.0,180.0,176.0,196.0,176.0,176.0,178.0,168.0,,2,8342842
46.4486,2019-09-08 18:22:54.837656,190.0,180.0,176.0,196.0,178.0,168.0,178.0,168.0,,1,8343254
46.4747,2019-09-08 18:22:54.862963,190.0,180.0,176.0,196.0,178.0,168.0,170.0,176.0,,0,8342755
46.5002,2019-09-08 18:22:54.870101,190.0,180.0,176.0,196.0,168.0,170.0,176.0,178.0,,0,8343759
46.5075,2019-09-08 18:22:54.877585,190.0,180.0,176.0,196.0,170.0,176.0,178.0,168.0,,0,8343776
46.5146,2019-09-08 18:22:54.908184,190.0,180.0,176.0,196.0,176.0,178.0,166.0,170.0,,-1,8343956
46.5453,2019-09-08 18:22:54.917093,190.0,180.0,176.0,196.0,176.0,178.0,168.0,170.0,,-2,8344586
46.5541,2019-09-08 18:22:54.923649,190.0,180.0,176.0,196.0,178.0,168.0,170.0,176.0,,-2,8343555
46.561,2019-09-08 18:22:54.936376,190.0,180.0,176.0,196.0,178.0,168.0,178.0,178.0,,-3,8344375
46.5733,2019-09-08 18:22:54.947434,190.0,180.0,176.0,196.0,168.0,176.0,176.0,178.0,,-3,8344832
46.5845,2019-09-08 18:22:54.968114,190.0,180.0,176.0,196.0,168.0,176.0,178.0,168.0,,-4,8346147
46.6056,2019-09-08 18:22:55.002066,190.0,180.0,176.0,196.0,168.0,176.0,178.0,168.0,,-6,8347953
46.6391,2019-09-08 18:22:55.015728,188.0,180.0,176.0,196.0,168.0,180.0,168.0,168.0,,-6,8347652
46.6531,2019-09-08 18:22:55.022735,188.0,180.0,176.0,196.0,176.0,178.0,168.0,168.0,,-7,8348441
46.6598,2019-09-08 18:22:55.031362,190.0,180.0,176.0,196.0,168.0,176.0,168.0,168.0,,-7,8349039
46.6685,2019-09-08 18:22:55.041552,180.0,180.0,176.0,196.0,168.0,168.0,176.0,180.0,,-8,8349468
46.6789,2019-09-08 18:22:55.057815,188.0,180.0,176.0,196.0,166.0,168.0,176.0,178.0,,-8,8349773
46.6951,2019-09-08 18:22:55.071625,188.0,180.0,176.0,196.0,168.0,176.0,178.0,166.0,,-8,8349686
46.7087,2019-09-08 18:22:55.085286,188.0,180.0,176.0,196.0,168.0,180.0,168.0,168.0,,-9,8350531
46.7223,2019-09-08 18:22:55.102024,188.0,180.0,176.0,196.0,168.0,180.0,168.0,168.0,,-9,8350181
46.7391,2019-09-08 18:22:55.120386,188.0,180.0,176.0,196.0,180.0,168.0,168.0,178.0,,-9,8350527
46.7577,2019-09-08 18:22:55.131553,188.0,180.0,176.0,196.0,180.0,168.0,176.0,180.0,,-10,8350237
46.7686,2019-09-08 18:22:55.147459,188.0,180.0,176.0,194.0,168.0,168.0,178.0,168.0,,-10,8349589
46.7846,2019-09-08 18:22:55.168474,188.0,180.0,176.0,196.0,168.0,180.0,168.0,168.0,,-11,8349949
46.8054,2019-09-08 18:22:55.179082,188.0,176.0,176.0,196.0,180.0,166.0,168.0,176.0,,-11,8349472
46.8162,2019-09-08 18:22:55.202713,180.0,180.0,176.0,196.0,168.0,178.0,180.0,168.0,,-11,8347960
46.8401,2019-09-08 18:22:55.210847,188.0,180.0,176.0,194.0,170.0,176.0,180.0,170.0,,-11,8348600
46.8482,2019-09-08 18:22:55.224676,188.0,180.0,176.0,194.0,176.0,180.0,168.0,172.0,,-11,8347392
46.8617,2019-09-08 18:22:55.241016,188.0,180.0,176.0,196.0,180.0,168.0,176.0,176.0,,-11,8346458
46.8781,2019-09-08 18:22:55.254994,188.0,180.0,176.0,196.0,168.0,174.0,176.0,168.0,,-11,8345583
46.8922,2019-09-08 18:22:55.270184,188.0,180.0,176.0,196.0,178.0,176.0,180.0,168.0,,-10,8344164
46.9074,2019-09-08 18:22:55.285692,188.0,180.0,176.0,196.0,182.0,176.0,180.0,184.0,,-10,8342984
46.9228,2019-09-08 18:22:55.306915,192.0,180.0,176.0,194.0,184.0,180.0,168.0,186.0,,-10,8343174
46.9441,2019-09-08 18:22:55.317901,198.0,180.0,176.0,196.0,180.0,166.0,194.0,176.0,,-10,8342458
46.9551,2019-09-08 18:22:55.333100,204.0,180.0,176.0,196.0,180.0,168.0,180.0,176.0,,-10,8342942
46.9704,2019-09-08 18:22:55.349318,210.0,180.0,176.0,194.0,180.0,166.0,176.0,180.0,,-10,8343333
46.9864,2019-09-08 18:22:55.369391,226.0,180.0,176.0,196.0,166.0,206.0,176.0,180.0,,-10,8342800
47.0069,2019-09-08 18:22:55.378861,246.0,180.0,176.0,196.0,208.0,208.0,176.0,180.0,,-10,8342745
47.0159,2019-09-08 18:22:55.407765,272.0,180.0,176.0,196.0,176.0,180.0,180.0,166.0,,-9,8342122
47.045,2019-09-08 18:22:55.414790,300.0,182.0,176.0,202.0,176.0,180.0,180.0,166.0,,-9,8342807
47.0519,2019-09-08 18:22:55.426152,322.0,182.0,178.0,204.0,226.0,180.0,180.0,230.0,,-9,8343396
47.0632,2019-09-08 18:22:55.443195,340.0,184.0,178.0,204.0,178.0,180.0,238.0,238.0,,-9,8342960
47.0803,2019-09-08 18:22:55.455313,352.0,184.0,178.0,206.0,178.0,180.0,166.0,252.0,,-9,8341752
47.0922,2019-09-08 18:22:55.471053,366.0,186.0,178.0,206.0,180.0,180.0,266.0,182.0,,-9,8342759
47.1081,2019-09-08 18:22:55.488235,378.0,188.0,180.0,208.0,182.0,166.0,168.0,184.0,,-9,8342551
47.1253,2019-09-08 18:22:55.509510,396.0,398.0,190.0,180.0,180.0,168.0,290.0,186.0,,-9,8342870
47.1466,2019-09-08 18:22:55.536422,418.0,192.0,182.0,214.0,298.0,300.0,180.0,166.0,,-8,8343088
47.1735,2019-09-08 18:22:55.547754,440.0,196.0,182.0,218.0,198.0,188.0,168.0,378.0,,-8,8343115
47.1848,2019-09-08 18:22:55.557495,462.0,198.0,184.0,222.0,200.0,190.0,168.0,394.0,,-8,8343396
47.1946,2019-09-08 18:22:55.569136,484.0,202.0,186.0,224.0,202.0,192.0,168.0,408.0,,-8,8343396
47.2062,2019-09-08 18:22:55.580020,506.0,204.0,186.0,226.0,194.0,168.0,432.0,206.0,,-8,8343437
47.2172,2019-09-08 18:22:55.635684,524.0,206.0,188.0,228.0,196.0,170.0,208.0,168.0,,-8,8343475
47.2728,2019-09-08 18:22:55.682620,556.0,208.0,208.0,188.0,170.0,170.0,466.0,210.0,,-8,8343551
47.3197,2019-09-08 18:22:55.703594,554.0,210.0,188.0,234.0,172.0,526.0,216.0,208.0,,-9,8343223
47.3407,2019-09-08 18:22:55.721591,550.0,210.0,188.0,234.0,524.0,216.0,216.0,208.0,,-9,8342534
47.3589,2019-09-08 18:22:55.728401,550.0,210.0,188.0,232.0,214.0,208.0,208.0,172.0,,-9,8343361
47.3658,2019-09-08 18:22:55.735205,550.0,210.0,188.0,232.0,520.0,214.0,206.0,172.0,,-9,8342721
47.3726,2019-09-08 18:22:55.751738,550.0,210.0,188.0,232.0,520.0,172.0,206.0,170.0,,-10,8342735
47.389,2019-09-08 18:22:55.763700,556.0,208.0,188.0,232.0,518.0,214.0,206.0,170.0,,-10,8343458
47.401,2019-09-08 18:22:55.779248,560.0,208.0,188.0,232.0,518.0,212.0,204.0,170.0,,-10,8343077
47.4164,2019-09-08 18:22:55.793036,566.0,208.0,188.0,232.0,516.0,212.0,204.0,170.0,,-11,8342319
47.4304,2019-09-08 18:22:55.817141,572.0,208.0,188.0,234.0,204.0,170.0,212.0,204.0,,-11,8342413
47.4542,2019-09-08 18:22:55.827623,578.0,208.0,188.0,234.0,204.0,170.0,204.0,212.0,,-11,8343323
47.4647,2019-09-08 18:22:55.839666,582.0,208.0,188.0,234.0,516.0,212.0,516.0,170.0,,-11,8343243
47.477,2019-09-08 18:22:55.855051,584.0,208.0,188.0,236.0,206.0,170.0,516.0,206.0,,-11,8343018
47.4922,2019-09-08 18:22:55.870050,584.0,206.0,186.0,236.0,212.0,212.0,212.0,170.0,,-11,8342977
47.5073,2019-09-08 18:22:55.885108,584.0,206.0,186.0,236.0,496.0,212.0,206.0,170.0,,-10,8343859
47.5224,2019-09-08 18:22:55.902964,582.0,204.0,186.0,236.0,472.0,208.0,206.0,170.0,,-10,8344621
47.5401,2019-09-08 18:22:55.920718,578.0,204.0,186.0,236.0,452.0,208.0,206.0,206.0,,-10,8345091
47.5577,2019-09-08 18:22:55.933513,568.0,204.0,186.0,236.0,202.0,204.0,170.0,368.0,,-9,8344645
47.5706,2019-09-08 18:22:55.947025,236.0,204.0,186.0,236.0,360.0,204.0,204.0,346.0,,-9,8345486
47.5843,2019-09-08 18:22:55.961886,524.0,204.0,184.0,234.0,322.0,196.0,202.0,170.0,,-9,8346506
47.5992,2019-09-08 18:22:55.980991,482.0,204.0,184.0,234.0,200.0,194.0,286.0,198.0,,-8,8347063
47.6181,2019-09-08 18:22:55.992741,420.0,204.0,184.0,232.0,168.0,266.0,192.0,198.0,,-8,8348147
47.6298,2019-09-08 18:22:56.007757,342.0,202.0,182.0,228.0,190.0,254.0,168.0,248.0,,-8,8347839
47.645,2019-09-08 18:22:56.044530,266.0,200.0,180.0,226.0,168.0,244.0,196.0,190.0,,-6,8348711
47.6813,2019-09-08 18:22:56.053076,214.0,196.0,180.0,222.0,186.0,186.0,194.0,168.0,,-6,8348064
47.6899,2019-09-08 18:22:56.064197,202.0,194.0,178.0,214.0,208.0,186.0,168.0,168.0,,-6,8348008
47.701,2019-09-08 18:22:56.072742,200.0,190.0,178.0,208.0,194.0,168.0,166.0,182.0,,-5,8348375
47.7096,2019-09-08 18:22:56.089212,198.0,186.0,178.0,202.0,182.0,182.0,194.0,168.0,,-4,8349302
47.7266,2019-09-08 18:22:56.105367,196.0,182.0,176.0,200.0,182.0,182.0,182.0,168.0,,-4,8349752
47.7428,2019-09-08 18:22:56.126374,194.0,180.0,176.0,198.0,180.0,180.0,192.0,168.0,,-3,8350551
47.7632,2019-09-08 18:22:56.165739,194.0,182.0,176.0,198.0,192.0,192.0,168.0,178.0,,-1,8350735
47.8026,2019-09-08 18:22:56.172222,194.0,180.0,176.0,198.0,178.0,176.0,184.0,176.0,,0,8350918
47.8091,2019-09-08 18:22:56.183575,194.0,180.0,176.0,198.0,184.0,166.0,166.0,178.0,,0,8350250
47.8205,2019-09-08 18:22:56.193602,192.0,180.0,176.0,198.0,176.0,182.0,176.0,176.0,,1,8350081
47.8308,2019-09-08 18:22:56.211614,192.0,180.0,176.0,198.0,176.0,176.0,176.0,180.0,,1,8349340
47.8484,2019-09-08 18:22:56.227517,192.0,180.0,176.0,196.0,176.0,176.0,168.0,174.0,,1,8348340
47.8644,2019-09-08 18:22:56.241599,192.0,180.0,176.0,196.0,174.0,176.0,180.0,166.0,,1,8347057
47.879,2019-09-08 18:22:56.255873,192.0,180.0,176.0,196.0,166.0,174.0,180.0,166.0,,2,8345181
47.8931,2019-09-08 18:22:56.287556,192.0,180.0,176.0,196.0,176.0,178.0,166.0,172.0,,2,8343406
47.9244,2019-09-08 18:22:56.300953,192.0,180.0,176.0,180.0,178.0,168.0,172.0,176.0,,2,8342641
47.938,2019-09-08 18:22:56.321779,190.0,180.0,180.0,176.0,172.0,178.0,168.0,180.0,,1,8343150
47.9588,2019-09-08 18:22:56.351266,190.0,180.0,176.0,196.0,170.0,166.0,178.0,176.0,,0,8342621
47.9885,2019-09-08 18:22:56.367967,190.0,180.0,176.0,196.0,176.0,178.0,168.0,170.0,,-1,8343306
48.0048,2019-09-08 18:22:56.398287,190.0,180.0,176.0,196.0,172.0,172.0,176.0,180.0,,-2,8342527
48.0351,2019-09-08 18:22:56.411279,190.0,180.0,176.0,196.0,176.0,176.0,166.0,172.0,,-2,8343627
48.0481,2019-09-08 18:22:56.433927,190.0,196.0,176.0,176.0,172.0,168.0,172.0,176.0,,-3,8343427
48.0707,2019-09-08 18:22:56.457081,190.0,180.0,176.0,196.0,166.0,170.0,176.0,178.0,,-3,8343316
48.0939,2019-09-08 18:22:56.472310,190.0,180.0,176.0,196.0,168.0,176.0,178.0,166.0,,-4,8342800
48.1092,2019-09-08 18:22:56.491507,190.0,180.0,176.0,196.0,176.0,166.0,180.0,168.0,,-4,8342697
48.1283,2019-09-08 18:22:56.501518,190.0,190.0,176.0,196.0,180.0,166.0,168.0,176.0,,-5,8343063
48.1383,2019-09-08 18:22:56.520409,190.0,190.0,176.0,196.0,168.0,176.0,178.0,166.0,,-5,8342769
48.1573,2019-09-08 18:22:56.537258,190.0,190.0,180.0,176.0,176.0,176.0,178.0,168.0,,-5,8342364
48.174,2019-09-08 18:22:56.551447,190.0,180.0,176.0,196.0,168.0,176.0,178.0,166.0,,-5,8342133
48.1883,2019-09-08 18:22:56.564813,190.0,180.0,176.0,196.0,168.0,168.0,166.0,176.0,,-6,8342091
48.2016,2019-09-08 18:22:56.582735,190.0,180.0,176.0,196.0,166.0,176.0,176.0,168.0,,-6,8342621
48.2195,2019-09-08 18:22:56.596642,188.0,180.0,176.0,196.0,166.0,166.0,166.0,178.0,,-6,8342112
48.2334,2019-09-08 18:22:56.610762,188.0,180.0,176.0,196.0,168.0,166.0,168.0,166.0,,-6,8342254
48.2476,2019-09-08 18:22:56.628609,188.0,180.0,176.0,196.0,180.0,168.0,168.0,180.0,,-7,8343046
48.2654,2019-09-08 18:22:56.645594,188.0,180.0,176.0,194.0,166.0,166.0,180.0,180.0,,-7,8343562
48.2824,2019-09-08 18:22:56.657718,188.0,180.0,176.0,196.0,168.0,176.0,168.0,176.0,,-7,8343911
48.2945,2019-09-08 18:22:56.687838,188.0,180.0,176.0,194.0,178.0,166.0,168.0,166.0,,-7,8343752
48.3247,2019-09-08 18:22:56.703946,188.0,180.0,176.0,196.0,168.0,166.0,168.0,176.0,,-8,8344551
48.3407,2019-09-08 18:22:56.710176,188.0,180.0,176.0,194.0,168.0,176.0,178.0,168.0,,-8,8344029
48.3471,2019-09-08 18:22:56.722220,188.0,180.0,176.0,194.0,170.0,180.0,168.0,168.0,,-8,8343991
48.359,2019-09-08 18:22:56.740105,188.0,180.0,176.0,194.0,180.0,168.0,170.0,176.0,,-8,8344877
48.3773,2019-09-08 18:22:56.753209,188.0,180.0,176.0,196.0,176.0,170.0,166.0,180.0,,-8,8345717
48.3901,2019-09-08 18:22:56.768006,190.0,182.0,176.0,194.0,172.0,166.0,174.0,180.0,,-8,8344015
48.4048,2019-09-08 18:22:56.781329,194.0,180.0,176.0,196.0,166.0,180.0,168.0,174.0,,-7,8344337
48.4181,2019-09-08 18:22:56.799176,200.0,180.0,176.0,196.0,176.0,176.0,176.0,178.0,,-7,8343569
48.4359,2019-09-08 18:22:56.813018,204.0,180.0,176.0,194.0,180.0,176.0,180.0,166.0,,-6,8343250
48.4498,2019-09-08 18:22:56.827008,212.0,180.0,176.0,196.0,176.0,180.0,176.0,178.0,,-6,8343641
48.4638,2019-09-08 18:22:56.844197,226.0,180.0,176.0,196.0,178.0,176.0,180.0,166.0,,-5,8343361
48.481,2019-09-08 18:22:56.858840,244.0,180.0,176.0,196.0,188.0,176.0,176.0,180.0,,-5,8343465
48.4957,2019-09-08 18:22:56.874057,266.0,180.0,176.0,200.0,166.0,176.0,180.0,166.0,,-4,8343486
48.5109,2019-09-08 18:22:56.890768,290.0,182.0,176.0,200.0,168.0,178.0,180.0,180.0,,-3,8343621
48.5276,2019-09-08 18:22:56.917458,310.0,182.0,178.0,204.0,218.0,180.0,166.0,166.0,,-2,8343358
48.5543,2019-09-08 18:22:56.926361,332.0,178.0,178.0,204.0,178.0,178.0,168.0,228.0,,-2,8343880
48.5632,2019-09-08 18:22:56.948323,352.0,184.0,180.0,206.0,240.0,178.0,180.0,166.0,,-1,8344077
48.5851,2019-09-08 18:22:56.954972,374.0,186.0,180.0,208.0,256.0,180.0,180.0,166.0,,-1,8343641
48.5918,2019-09-08 18:22:56.968242,400.0,188.0,180.0,210.0,264.0,182.0,166.0,272.0,,-1,8344482
48.6051,2019-09-08 18:22:56.982827,426.0,192.0,182.0,214.0,180.0,186.0,180.0,186.0,,0,8345247
48.6196,2019-09-08 18:22:56.998208,450.0,196.0,184.0,218.0,182.0,168.0,182.0,318.0,,1,8345358
48.635,2019-09-08 18:22:57.012675,470.0,198.0,184.0,222.0,168.0,324.0,190.0,184.0,,1,8345344
48.6495,2019-09-08 18:22:57.030648,486.0,202.0,186.0,226.0,184.0,166.0,166.0,186.0,,1,8345147
48.6674,2019-09-08 18:22:57.052590,502.0,204.0,188.0,228.0,190.0,168.0,190.0,200.0,,0,8345586
48.6894,2019-09-08 18:22:57.070954,514.0,208.0,190.0,232.0,190.0,168.0,434.0,190.0,,0,8345416
48.7078,2019-09-08 18:22:57.090231,524.0,214.0,236.0,236.0,202.0,192.0,204.0,192.0,,-1,8345053
48.7271,2019-09-08 18:22:57.096554,532.0,218.0,192.0,238.0,168.0,492.0,204.0,192.0,,-1,8345970
48.7333,2019-09-08 18:22:57.110071,536.0,222.0,194.0,240.0,512.0,204.0,168.0,520.0,,-1,8344984
48.747,2019-09-08 18:22:57.122508,226.0,226.0,196.0,242.0,522.0,524.0,194.0,194.0,,-2,8345243
48.7593,2019-09-08 18:22:57.138592,534.0,230.0,198.0,244.0,168.0,532.0,204.0,168.0,,-2,8344839
48.7755,2019-09-08 18:22:57.167565,528.0,232.0,198.0,242.0,196.0,196.0,196.0,168.0,,-3,8344250
48.8043,2019-09-08 18:22:57.173850,520.0,234.0,242.0,242.0,168.0,550.0,206.0,196.0,,-4,8344250
48.8108,2019-09-08 18:22:57.184187,514.0,200.0,200.0,242.0,206.0,208.0,168.0,206.0,,-4,8343890
48.8211,2019-09-08 18:22:57.197887,510.0,238.0,202.0,242.0,198.0,206.0,168.0,546.0,,-4,8344036
48.8347,2019-09-08 18:22:57.213587,506.0,240.0,202.0,242.0,168.0,168.0,546.0,206.0,,-5,8344316
48.8504,2019-09-08 18:22:57.237302,500.0,242.0,202.0,242.0,168.0,544.0,206.0,196.0,,-6,8343621
48.8746,2019-09-08 18:22:57.253000,498.0,242.0,204.0,244.0,544.0,196.0,168.0,542.0,,-6,8343250
48.8901,2019-09-08 18:22:57.262570,244.0,242.0,202.0,244.0,542.0,206.0,196.0,540.0,,-7,8342877
48.8996,2019-09-08 18:22:57.283781,500.0,244.0,202.0,246.0,196.0,168.0,168.0,540.0,,-7,8344828
48.9206,2019-09-08 18:22:57.297009,504.0,242.0,202.0,246.0,168.0,168.0,208.0,196.0,,-8,8342762
48.9338,2019-09-08 18:22:57.306328,506.0,242.0,202.0,244.0,196.0,168.0,540.0,208.0,,-8,8343261
48.9433,2019-09-08 18:22:57.326224,510.0,242.0,202.0,244.0,168.0,540.0,210.0,168.0,,-9,8343655
48.963,2019-09-08 18:22:57.338892,518.0,240.0,200.0,244.0,544.0,200.0,168.0,544.0,,-9,8343749
48.9757,2019-09-08 18:22:57.356032,526.0,238.0,200.0,244.0,210.0,200.0,170.0,544.0,,-9,8343209
48.9928,2019-09-08 18:22:57.369287,534.0,236.0,200.0,244.0,214.0,202.0,170.0,544.0,,-10,8344008
49.0062,2019-09-08 18:22:57.384217,236.0,234.0,198.0,244.0,216.0,206.0,170.0,544.0,,-10,8344178
49.021,2019-09-08 18:22:57.398497,544.0,232.0,198.0,244.0,542.0,542.0,216.0,206.0,,-10,8344344
49.0353,2019-09-08 18:22:57.412650,544.0,230.0,198.0,244.0,170.0,216.0,206.0,170.0,,-11,8344320
49.0494,2019-09-08 18:22:57.429101,540.0,228.0,198.0,244.0,216.0,216.0,170.0,524.0,,-11,8344624
49.0659,2019-09-08 18:22:57.457333,226.0,226.0,196.0,244.0,514.0,170.0,510.0,214.0,,-11,8345558
49.0942,2019-09-08 18:22:57.465611,518.0,226.0,194.0,242.0,216.0,208.0,170.0,502.0,,-11,8346676
49.1028,2019-09-08 18:22:57.475037,494.0,224.0,194.0,240.0,170.0,170.0,486.0,214.0,,-12,8346572
49.1119,2019-09-08 18:22:57.490147,462.0,222.0,192.0,238.0,170.0,476.0,208.0,208.0,,-12,8347143
49.1271,2019-09-08 18:22:57.505299,410.0,220.0,192.0,236.0,206.0,170.0,432.0,208.0,,-12,8347333
49.1425,2019-09-08 18:22:57.520997,340.0,216.0,190.0,234.0,390.0,206.0,202.0,168.0,,-11,8347811
49.1582,2019-09-08 18:22:57.536688,268.0,214.0,188.0,230.0,168.0,168.0,198.0,168.0,,-11,8349219
49.1736,2019-09-08 18:22:57.559907,218.0,208.0,186.0,224.0,168.0,194.0,194.0,196.0,,-10,8351410
49.1968,2019-09-08 18:22:57.571538,202.0,204.0,184.0,216.0,168.0,218.0,192.0,194.0,,-9,8351811
49.2084,2019-09-08 18:22:57.583304,200.0,198.0,184.0,210.0,204.0,194.0,194.0,168.0,,-9,8352347
49.2201,2019-09-08 18:22:57.599836,198.0,194.0,182.0,206.0,194.0,168.0,186.0,186.0,,-8,8353562
49.2366,2019-09-08 18:22:57.613379,196.0,188.0,182.0,202.0,168.0,182.0,184.0,190.0,,-7,8354399
49.2502,2019-09-08 18:22:57.629734,194.0,184.0,180.0,200.0,180.0,180.0,182.0,188.0,,-5,8355206
49.2665,2019-09-08 18:22:57.643782,194.0,182.0,178.0,198.0,180.0,186.0,168.0,178.0,,-4,8355579
49.2806,2019-09-08 18:22:57.666869,192.0,182.0,178.0,198.0,166.0,178.0,178.0,168.0,,-3,8355994
49.3037,2019-09-08 18:22:57.676013,182.0,180.0,178.0,198.0,168.0,176.0,182.0,168.0,,-2,8355977
49.3128,2019-09-08 18:22:57.691483,182.0,178.0,178.0,198.0,176.0,176.0,180.0,168.0,,-2,8356005
49.3283,2019-09-08 18:22:57.706531,192.0,180.0,176.0,198.0,176.0,180.0,168.0,176.0,,-1,8354607
49.3434,2019-09-08 18:22:57.723389,192.0,180.0,176.0,198.0,180.0,168.0,168.0,176.0,,0,8352970
49.3603,2019-09-08 18:22:57.738172,190.0,180.0,176.0,198.0,180.0,168.0,176.0,176.0,,0,8351254
49.3751,2019-09-08 18:22:57.753319,180.0,180.0,176.0,198.0,174.0,174.0,176.0,180.0,,0,8349634
49.3901,2019-09-08 18:22:57.773784,192.0,180.0,176.0,196.0,174.0,176.0,180.0,168.0,,1,8346354
49.4106,2019-09-08 18:22:57.785258,190.0,180.0,178.0,196.0,168.0,174.0,176.0,174.0,,1,8344818
49.4222,2019-09-08 18:22:57.807166,190.0,180.0,176.0,196.0,176.0,176.0,180.0,168.0,,1,8342593
49.4441,2019-09-08 18:22:57.822976,192.0,180.0,176.0,198.0,178.0,176.0,174.0,176.0,,1,8343205
49.4598,2019-09-08 18:22:57.830897,190.0,180.0,176.0,196.0,176.0,176.0,168.0,174.0,,1,8342859
49.4678,2019-09-08 18:22:57.846686,190.0,180.0,176.0,196.0,174.0,176.0,180.0,168.0,,1,8342409
49.4835,2019-09-08 18:22:57.869180,190.0,180.0,176.0,196.0,172.0,176.0,178.0,168.0,,1,8343794
49.5063,2019-09-08 18:22:57.878091,192.0,180.0,176.0,196.0,172.0,176.0,178.0,180.0,,1,8342894
49.5149,2019-09-08 18:22:57.892996,190.0,180.0,176.0,196.0,176.0,168.0,172.0,176.0,,1,8342901
49.5306,2019-09-08 18:22:57.909125,190.0,180.0,176.0,196.0,176.0,178.0,176.0,172.0,,0,8342873
49.5465,2019-09-08 18:22:57.926383,180.0,180.0,176.0,196.0,178.0,176.0,180.0,172.0,,0,8342479
49.5632,2019-09-08 18:22:57.942563,190.0,180.0,176.0,196.0,176.0,180.0,176.0,180.0,,0,8342863
49.5798,2019-09-08 18:22:57.973022,190.0,176.0,176.0,196.0,176.0,178.0,166.0,172.0,,0,8342738
49.6099,2019-09-08 18:22:57.986800,190.0,180.0,176.0,196.0,168.0,166.0,172.0,176.0,,-1,8342081
49.6237,2019-09-08 18:22:58.003926,190.0,180.0,176.0,196.0,168.0,170.0,176.0,168.0,,-1,8342039
49.641,2019-09-08 18:22:58.017300,190.0,180.0,176.0,196.0,170.0,176.0,178.0,168.0,,-1,8342749
49.6547,2019-09-08 18:22:58.032537,190.0,180.0,176.0,196.0,170.0,170.0,178.0,170.0,,-1,8341728
49.6701,2019-09-08 18:22:58.051376,190.0,180.0,176.0,196.0,178.0,168.0,168.0,176.0,,-2,8342980
49.6886,2019-09-08 18:22:58.073691,190.0,180.0,176.0,196.0,170.0,178.0,180.0,168.0,,-3,8342745
49.7105,2019-09-08 18:22:58.080727,190.0,180.0,196.0,196.0,166.0,168.0,176.0,178.0,,-3,8342576
49.7175,2019-09-08 18:22:58.093690,180.0,176.0,196.0,196.0,180.0,168.0,166.0,178.0,,-4,8342596
49.7305,2019-09-08 18:22:58.109738,180.0,176.0,196.0,196.0,178.0,168.0,168.0,168.0,,-4,8343150
49.7466,2019-09-08 18:22:58.125222,180.0,176.0,196.0,196.0,166.0,166.0,180.0,176.0,,-5,8342856
49.762,2019-09-08 18:22:58.139643,180.0,196.0,176.0,196.0,178.0,166.0,166.0,176.0,,-6,8342842
49.7765,2019-09-08 18:22:58.168607,190.0,180.0,176.0,196.0,176.0,178.0,168.0,178.0,,-6,8343416
49.8055,2019-09-08 18:22:58.179037,188.0,180.0,176.0,196.0,166.0,176.0,180.0,168.0,,-7,8343721
49.8158,2019-09-08 18:22:58.190826,190.0,180.0,176.0,196.0,166.0,176.0,180.0,166.0,,-8,8343295
49.8277,2019-09-08 18:22:58.201530,190.0,180.0,176.0,196.0,166.0,176.0,178.0,166.0,,-8,8344191
49.8384,2019-09-08 18:22:58.216835,188.0,180.0,176.0,196.0,166.0,180.0,176.0,178.0,,-9,8345956
49.8541,2019-09-08 18:22:58.232509,188.0,180.0,176.0,196.0,176.0,178.0,166.0,180.0,,-9,8347157
49.8695,2019-09-08 18:22:58.248816,188.0,180.0,176.0,196.0,168.0,176.0,180.0,176.0,,-10,8348171
49.886,2019-09-08 18:22:58.261522,188.0,176.0,196.0,196.0,176.0,176.0,166.0,170.0,,-10,8350105
49.8987,2019-09-08 18:22:58.295314,180.0,176.0,176.0,196.0,180.0,166.0,170.0,176.0,,-11,8349922
49.9321,2019-09-08 18:22:58.303040,190.0,176.0,196.0,196.0,174.0,168.0,176.0,180.0,,-11,8349821
49.9399,2019-09-08 18:22:58.313804,192.0,180.0,176.0,194.0,176.0,176.0,180.0,166.0,,-11,8349690
49.9506,2019-09-08 18:22:58.325151,194.0,180.0,176.0,196.0,180.0,166.0,180.0,176.0,,-10,8349192
49.9619,2019-09-08 18:22:58.340978,176.0,196.0,176.0,200.0,184.0,166.0,186.0,176.0,,-10,8348403
49.9778,2019-09-08 18:22:58.355689,204.0,180.0,176.0,196.0,190.0,176.0,176.0,180.0,,-9,8347223
49.9925,2019-09-08 18:22:58.378675,210.0,180.0,176.0,214.0,176.0,176.0,180.0,166.0,,-9,8345835
50.0154,2019-09-08 18:22:58.387228,224.0,180.0,176.0,196.0,194.0,166.0,166.0,192.0,,-8,8346299
50.0247,2019-09-08 18:22:58.400923,244.0,180.0,176.0,196.0,166.0,194.0,176.0,180.0,,-8,8346704
50.0384,2019-09-08 18:22:58.415369,270.0,180.0,176.0,198.0,166.0,176.0,180.0,168.0,,-8,8346607
50.0527,2019-09-08 18:22:58.433187,296.0,182.0,176.0,200.0,198.0,176.0,180.0,166.0,,-7,8346195
50.07,2019-09-08 18:22:58.448009,312.0,182.0,176.0,202.0,176.0,180.0,166.0,176.0,,-7,8346333
50.0859,2019-09-08 18:22:58.461948,322.0,182.0,178.0,204.0,206.0,166.0,206.0,176.0,,-7,8346846
50.0988,2019-09-08 18:22:58.485581,330.0,184.0,178.0,206.0,180.0,166.0,180.0,176.0,,-7,8347911
50.123,2019-09-08 18:22:58.492549,338.0,186.0,178.0,206.0,180.0,166.0,226.0,176.0,,-7,8348344
50.1294,2019-09-08 18:22:58.506461,206.0,186.0,178.0,206.0,178.0,178.0,166.0,180.0,,-7,8348534
50.1434,2019-09-08 18:22:58.520920,208.0,188.0,180.0,208.0,180.0,166.0,258.0,178.0,,-7,8349531
50.1578,2019-09-08 18:22:58.541035,390.0,190.0,180.0,210.0,182.0,182.0,166.0,304.0,,-7,8349648
50.1785,2019-09-08 18:22:58.561866,436.0,180.0,182.0,216.0,186.0,184.0,168.0,186.0,,-7,8349403
50.1987,2019-09-08 18:22:58.585369,182.0,222.0,182.0,222.0,168.0,358.0,194.0,190.0,,-8,8349057
50.2222,2019-09-08 18:22:58.605704,510.0,516.0,184.0,184.0,198.0,194.0,168.0,404.0,,-8,8348278
50.2426,2019-09-08 18:22:58.621838,532.0,534.0,186.0,234.0,420.0,202.0,198.0,204.0,,-9,8347499
50.2589,2019-09-08 18:22:58.645635,542.0,210.0,188.0,238.0,168.0,444.0,200.0,200.0,,-9,8346496
50.2825,2019-09-08 18:22:58.660475,240.0,190.0,242.0,544.0,170.0,208.0,210.0,170.0,,-10,8346517
50.2974,2019-09-08 18:22:58.686006,542.0,214.0,190.0,242.0,208.0,170.0,494.0,210.0,,-10,8347140
50.3229,2019-09-08 18:22:58.698481,534.0,532.0,190.0,244.0,212.0,212.0,170.0,502.0,,-10,8346063
50.3354,2019-09-08 18:22:58.717002,522.0,216.0,244.0,218.0,508.0,216.0,170.0,214.0,,-10,8346621
50.3539,2019-09-08 18:22:58.733780,514.0,190.0,244.0,246.0,216.0,170.0,508.0,218.0,,-11,8347060
50.3706,2019-09-08 18:22:58.755343,508.0,508.0,192.0,246.0,212.0,220.0,172.0,220.0,,-11,8346738
50.3922,2019-09-08 18:22:58.766530,192.0,246.0,194.0,248.0,172.0,212.0,170.0,508.0,,-11,8346465
50.4034,2019-09-08 18:22:58.789833,500.0,220.0,192.0,246.0,224.0,172.0,170.0,212.0,,-12,8346299
50.4269,2019-09-08 18:22:58.799410,502.0,194.0,192.0,248.0,212.0,224.0,170.0,170.0,,-12,8346887
50.4363,2019-09-08 18:22:58.817234,504.0,192.0,250.0,250.0,224.0,172.0,510.0,212.0,,-12,8347067
50.454,2019-09-08 18:22:58.834252,220.0,510.0,192.0,250.0,210.0,210.0,170.0,510.0,,-12,8347382
50.471,2019-09-08 18:22:58.850767,516.0,220.0,194.0,250.0,512.0,210.0,226.0,172.0,,-13,8348167
50.4876,2019-09-08 18:22:58.864777,518.0,520.0,220.0,192.0,210.0,226.0,226.0,172.0,,-13,8348347
50.5016,2019-09-08 18:22:58.890315,520.0,252.0,194.0,252.0,228.0,172.0,514.0,210.0,,-14,8348686
50.5273,2019-09-08 18:22:58.898591,516.0,222.0,194.0,254.0,210.0,230.0,172.0,512.0,,-14,8349302
50.5355,2019-09-08 18:22:58.910740,508.0,224.0,194.0,256.0,230.0,212.0,230.0,172.0,,-14,8350115
50.5475,2019-09-08 18:22:58.926517,502.0,224.0,194.0,258.0,504.0,232.0,232.0,500.0,,-14,8350479
50.5633,2019-09-08 18:22:58.942934,498.0,226.0,194.0,262.0,212.0,232.0,172.0,492.0,,-15,8351624
50.5797,2019-09-08 18:22:58.958324,226.0,228.0,196.0,488.0,232.0,172.0,486.0,212.0,,-15,8351541
50.5951,2019-09-08 18:22:58.974031,480.0,230.0,476.0,230.0,172.0,214.0,214.0,172.0,,-15,8352254
50.6108,2019-09-08 18:22:58.994185,466.0,230.0,198.0,268.0,214.0,230.0,172.0,458.0,,-15,8352700
50.6312,2019-09-08 18:22:59.006206,198.0,270.0,198.0,270.0,456.0,226.0,172.0,448.0,,-15,8352289
50.643,2019-09-08 18:22:59.021702,424.0,232.0,198.0,270.0,214.0,212.0,212.0,172.0,,-15,8353022
50.6585,2019-09-08 18:22:59.037939,382.0,232.0,198.0,270.0,224.0,172.0,386.0,212.0,,-15,8354313
50.6747,2019-09-08 18:22:59.054024,332.0,234.0,198.0,268.0,172.0,350.0,220.0,340.0,,-14,8354811
50.6911,2019-09-08 18:22:59.068370,274.0,234.0,198.0,266.0,170.0,170.0,204.0,216.0,,-14,8354967
50.7053,2019-09-08 18:22:59.099711,228.0,234.0,224.0,234.0,242.0,200.0,212.0,170.0,,-13,8356759
50.7365,2019-09-08 18:22:59.106179,204.0,232.0,196.0,254.0,212.0,210.0,210.0,170.0,,-13,8357424
50.743,2019-09-08 18:22:59.114888,200.0,224.0,196.0,196.0,210.0,170.0,206.0,196.0,,-12,8357617
50.7517,2019-09-08 18:22:59.131932,196.0,196.0,194.0,194.0,206.0,170.0,204.0,170.0,,-12,8358565
50.7688,2019-09-08 18:22:59.146175,194.0,206.0,192.0,192.0,202.0,182.0,204.0,190.0,,-11,8358687
50.783,2019-09-08 18:22:59.168584,192.0,192.0,190.0,210.0,168.0,186.0,198.0,168.0,,-10,8358251
50.8055,2019-09-08 18:22:59.179812,192.0,192.0,186.0,184.0,168.0,178.0,184.0,196.0,,-9,8359188
50.8167,2019-09-08 18:22:59.203962,192.0,184.0,180.0,192.0,168.0,168.0,178.0,180.0,,-8,8359244
50.8409,2019-09-08 18:22:59.210658,190.0,182.0,178.0,200.0,168.0,176.0,190.0,188.0,,-7,8358842
50.8475,2019-09-08 18:22:59.225420,190.0,182.0,176.0,200.0,176.0,180.0,188.0,168.0,,-6,8357915
50.8623,2019-09-08 18:22:59.245616,190.0,180.0,176.0,198.0,184.0,168.0,174.0,178.0,,-5,8355600
50.8825,2019-09-08 18:22:59.261752,190.0,182.0,176.0,198.0,182.0,166.0,174.0,178.0,,-3,8352832
50.8989,2019-09-08 18:22:59.273969,190.0,182.0,176.0,198.0,174.0,176.0,180.0,168.0,,-2,8352545
50.9108,2019-09-08 18:22:59.286028,190.0,180.0,176.0,198.0,176.0,180.0,166.0,174.0,,-1,8350901
50.9233,2019-09-08 18:22:59.305076,190.0,180.0,176.0,198.0,168.0,174.0,176.0,180.0,,0,8346773
50.9424,2019-09-08 18:22:59.317712,188.0,180.0,176.0,198.0,174.0,176.0,180.0,168.0,,1,8344717
50.955,2019-09-08 18:22:59.332661,188.0,180.0,176.0,190.0,176.0,178.0,168.0,172.0,,2,8344582
50.9696,2019-09-08 18:22:59.348875,188.0,180.0,176.0,196.0,180.0,166.0,172.0,176.0,,2,8342558
50.9859,2019-09-08 18:22:59.366107,188.0,182.0,176.0,188.0,168.0,176.0,178.0,178.0,,3,8341762
51.0029,2019-09-08 18:22:59.377775,188.0,180.0,176.0,188.0,172.0,176.0,180.0,168.0,,3,8342420
51.0148,2019-09-08 18:22:59.400322,188.0,182.0,176.0,196.0,172.0,176.0,178.0,168.0,,3,8343029
51.0373,2019-09-08 18:22:59.409146,188.0,180.0,188.0,180.0,176.0,178.0,168.0,172.0,,3,8342970
51.0459,2019-09-08 18:22:59.425651,188.0,180.0,188.0,196.0,176.0,178.0,168.0,172.0,,3,8341960
51.0624,2019-09-08 18:22:59.442919,188.0,180.0,176.0,196.0,168.0,172.0,176.0,178.0,,3,8342755
51.0797,2019-09-08 18:22:59.455213,188.0,180.0,176.0,196.0,168.0,172.0,176.0,180.0,,3,8342631
51.092,2019-09-08 18:22:59.472525,188.0,180.0,176.0,196.0,172.0,170.0,176.0,178.0,,2,8342434
51.11,2019-09-08 18:22:59.487463,188.0,180.0,176.0,196.0,170.0,176.0,168.0,168.0,,2,8342385
51.1244,2019-09-08 18:22:59.507085,188.0,180.0,176.0,196.0,170.0,176.0,178.0,168.0,,1,8342776
51.1442,2019-09-08 18:22:59.518465,188.0,180.0,176.0,188.0,170.0,178.0,180.0,170.0,,1,8342790
51.1557,2019-09-08 18:22:59.531991,188.0,180.0,176.0,196.0,176.0,178.0,168.0,168.0,,0,8343790
51.1692,2019-09-08 18:22:59.549073,188.0,180.0,188.0,182.0,178.0,168.0,176.0,178.0,,-1,8343240
51.1862,2019-09-08 18:22:59.566838,188.0,182.0,176.0,196.0,168.0,168.0,166.0,168.0,,-2,8342911
51.2037,2019-09-08 18:22:59.580322,188.0,180.0,176.0,196.0,178.0,176.0,180.0,176.0,,-3,8342925
51.2175,2019-09-08 18:22:59.598741,188.0,182.0,176.0,196.0,168.0,166.0,166.0,176.0,,-4,8343672
51.2355,2019-09-08 18:22:59.613001,188.0,180.0,176.0,196.0,178.0,176.0,166.0,168.0,,-4,8344077
51.2498,2019-09-08 18:22:59.626391,188.0,180.0,176.0,196.0,168.0,164.0,176.0,178.0,,-6,8344887
51.2633,2019-09-08 18:22:59.642779,188.0,180.0,176.0,196.0,164.0,166.0,164.0,166.0,,-6,8345603
51.2796,2019-09-08 18:22:59.657487,188.0,188.0,180.0,176.0,166.0,176.0,180.0,180.0,,-7,8346365
51.2943,2019-09-08 18:22:59.673813,188.0,180.0,176.0,196.0,166.0,178.0,168.0,166.0,,-8,8346908
51.3106,2019-09-08 18:22:59.706886,186.0,180.0,176.0,196.0,166.0,176.0,180.0,166.0,,-9,8347759
51.3437,2019-09-08 18:22:59.723402,188.0,180.0,176.0,196.0,168.0,168.0,168.0,176.0,,-9,8348974
51.3602,2019-09-08 18:22:59.729726,186.0,180.0,176.0,196.0,166.0,168.0,168.0,168.0,,-9,8348198
51.3666,2019-09-08 18:22:59.736535,188.0,180.0,176.0,196.0,166.0,176.0,180.0,180.0,,-9,8347970
51.3736,2019-09-08 18:22:59.748788,188.0,180.0,176.0,196.0,176.0,180.0,166.0,168.0,,-10,8348326
51.3858,2019-09-08 18:22:59.768277,196.0,180.0,176.0,196.0,180.0,166.0,168.0,176.0,,-10,8346852
51.4051,2019-09-08 18:22:59.778817,186.0,180.0,176.0,196.0,180.0,168.0,180.0,166.0,,-10,8346544
51.4158,2019-09-08 18:22:59.796470,186.0,180.0,176.0,196.0,180.0,176.0,168.0,180.0,,-10,8344638
51.4335,2019-09-08 18:22:59.814687,196.0,180.0,176.0,196.0,166.0,180.0,166.0,170.0,,-10,8343659
51.4515,2019-09-08 18:22:59.826481,186.0,180.0,176.0,196.0,172.0,176.0,180.0,168.0,,-10,8342676
51.4633,2019-09-08 18:22:59.840097,186.0,180.0,176.0,196.0,172.0,176.0,180.0,168.0,,-10,8342333
51.477,2019-09-08 18:22:59.856402,188.0,188.0,180.0,176.0,180.0,176.0,180.0,176.0,,-10,8342108
51.4934,2019-09-08 18:22:59.873437,186.0,180.0,176.0,196.0,166.0,166.0,176.0,180.0,,-10,8342565
51.5103,2019-09-08 18:22:59.888004,186.0,180.0,176.0,196.0,184.0,184.0,166.0,166.0,,-9,8342697
51.5248,2019-09-08 18:22:59.912279,188.0,182.0,178.0,196.0,166.0,188.0,166.0,190.0,,-9,8343136
51.5491,2019-09-08 18:22:59.921360,192.0,180.0,176.0,196.0,176.0,176.0,180.0,166.0,,-9,8342399
51.5582,2019-09-08 18:22:59.936162,198.0,180.0,178.0,196.0,210.0,176.0,180.0,166.0,,-8,8341330
51.5731,2019-09-08 18:22:59.951047,208.0,180.0,176.0,196.0,214.0,176.0,216.0,178.0,,-8,8342060
51.5879,2019-09-08 18:22:59.964901,222.0,180.0,176.0,196.0,166.0,224.0,224.0,178.0,,-8,8341994
51.6018,2019-09-08 18:22:59.981073,250.0,180.0,176.0,196.0,226.0,178.0,180.0,180.0,,-8,8342029
51.6179,2019-09-08 18:22:59.996995,288.0,180.0,176.0,196.0,242.0,180.0,180.0,246.0,,-8,8341631
51.6349,2019-09-08 18:23:00.021994,324.0,182.0,178.0,202.0,254.0,182.0,166.0,258.0,,-7,8342157
51.6602,2019-09-08 18:23:00.030746,204.0,182.0,178.0,204.0,182.0,166.0,264.0,186.0,,-7,8342818
51.6693,2019-09-08 18:23:00.043033,356.0,184.0,178.0,204.0,182.0,182.0,278.0,188.0,,-7,8341797
51.6808,2019-09-08 18:23:00.056804,368.0,184.0,178.0,206.0,282.0,168.0,288.0,190.0,,-7,8342403
51.6939,2019-09-08 18:23:00.077627,384.0,188.0,178.0,206.0,168.0,314.0,186.0,168.0,,-7,8342136
51.7147,2019-09-08 18:23:00.089374,406.0,188.0,180.0,208.0,198.0,188.0,168.0,168.0,,-8,8341683
51.7265,2019-09-08 18:23:00.123213,212.0,192.0,182.0,214.0,204.0,204.0,190.0,168.0,,-8,8342403
51.7604,2019-09-08 18:23:00.132339,448.0,194.0,182.0,218.0,386.0,168.0,394.0,208.0,,-8,8342928
51.7697,2019-09-08 18:23:00.167316,464.0,184.0,184.0,222.0,214.0,214.0,214.0,198.0,,-9,8342582
51.8045,2019-09-08 18:23:00.176820,502.0,204.0,186.0,226.0,198.0,198.0,170.0,458.0,,-9,8342005
51.8142,2019-09-08 18:23:00.183788,518.0,206.0,188.0,230.0,460.0,216.0,170.0,466.0,,-9,8342012
51.8213,2019-09-08 18:23:00.200128,524.0,210.0,190.0,230.0,218.0,218.0,170.0,484.0,,-10,8341537
51.8371,2019-09-08 18:23:00.227113,532.0,210.0,190.0,534.0,218.0,204.0,170.0,490.0,,-10,8342136
51.8641,2019-09-08 18:23:00.234345,538.0,212.0,192.0,540.0,220.0,206.0,170.0,506.0,,-10,8342012
51.8716,2019-09-08 18:23:00.243467,212.0,192.0,544.0,234.0,220.0,220.0,206.0,170.0,,-10,8341569
51.8804,2019-09-08 18:23:00.259020,546.0,212.0,546.0,236.0,206.0,206.0,518.0,170.0,,-11,8341593
51.8959,2019-09-08 18:23:00.289601,544.0,214.0,192.0,236.0,170.0,520.0,220.0,220.0,,-11,8342243
51.9264,2019-09-08 18:23:00.295942,544.0,214.0,192.0,236.0,518.0,220.0,206.0,170.0,,-11,8341828
51.9332,2019-09-08 18:23:00.310616,544.0,546.0,192.0,546.0,516.0,220.0,206.0,206.0,,-11,8342832
51.9475,2019-09-08 18:23:00.331383,234.0,212.0,192.0,234.0,170.0,512.0,170.0,512.0,,-12,8342112
51.9686,2019-09-08 18:23:00.340997,552.0,212.0,552.0,554.0,220.0,208.0,170.0,510.0,,-12,8342700
51.9779,2019-09-08 18:23:00.353423,558.0,210.0,558.0,558.0,208.0,170.0,508.0,220.0,,-12,8342534
51.9905,2019-09-08 18:23:00.369043,562.0,210.0,190.0,190.0,170.0,508.0,210.0,208.0,,-12,8342084
52.0062,2019-09-08 18:23:00.386309,568.0,208.0,208.0,188.0,510.0,220.0,210.0,170.0,,-12,8342146
52.0231,2019-09-08 18:23:00.400349,576.0,576.0,190.0,188.0,210.0,220.0,170.0,510.0,,-12,8342337
52.0373,2019-09-08 18:23:00.417501,582.0,208.0,188.0,188.0,512.0,220.0,210.0,170.0,,-12,8342389
52.0543,2019-09-08 18:23:00.436792,586.0,208.0,190.0,234.0,220.0,210.0,212.0,170.0,,-13,8342475
52.0736,2019-09-08 18:23:00.450366,590.0,208.0,188.0,234.0,212.0,170.0,512.0,512.0,,-13,8342050
52.0873,2019-09-08 18:23:00.461841,594.0,208.0,188.0,236.0,222.0,212.0,170.0,212.0,,-13,8342347
52.0986,2019-09-08 18:23:00.477288,596.0,208.0,188.0,236.0,512.0,220.0,214.0,172.0,,-13,8342669
52.1141,2019-09-08 18:23:00.493935,596.0,208.0,188.0,236.0,222.0,214.0,172.0,512.0,,-13,8342306
52.1307,2019-09-08 18:23:00.510394,588.0,208.0,188.0,236.0,514.0,514.0,514.0,172.0,,-13,8342077
52.1473,2019-09-08 18:23:00.556097,574.0,208.0,186.0,568.0,222.0,214.0,222.0,214.0,,-14,8342046
52.1929,2019-09-08 18:23:00.562345,508.0,206.0,186.0,496.0,514.0,172.0,514.0,172.0,,-14,8342672
52.1993,2019-09-08 18:23:00.575025,442.0,206.0,184.0,228.0,212.0,172.0,514.0,172.0,,-14,8342762
52.2119,2019-09-08 18:23:00.592449,362.0,204.0,182.0,224.0,212.0,170.0,172.0,172.0,,-14,8342859
52.2293,2019-09-08 18:23:00.602953,290.0,200.0,180.0,220.0,224.0,212.0,170.0,510.0,,-14,8342735
52.2399,2019-09-08 18:23:00.620791,238.0,198.0,180.0,216.0,170.0,508.0,226.0,210.0,,-14,8342015
52.2576,2019-09-08 18:23:00.638968,210.0,196.0,180.0,212.0,210.0,226.0,210.0,172.0,,-14,8341939
52.2758,2019-09-08 18:23:00.648524,202.0,192.0,202.0,208.0,496.0,226.0,226.0,226.0,,-14,8342662
52.2853,2019-09-08 18:23:00.662775,200.0,190.0,178.0,204.0,210.0,170.0,486.0,228.0,,-14,8342247
52.2995,2019-09-08 18:23:00.678222,198.0,188.0,178.0,200.0,226.0,226.0,210.0,172.0,,-14,8342385
52.315,2019-09-08 18:23:00.716367,196.0,186.0,196.0,200.0,226.0,170.0,170.0,424.0,,-14,8342160
52.3531,2019-09-08 18:23:00.722576,194.0,184.0,178.0,198.0,214.0,226.0,214.0,172.0,,-14,8342807
52.3593,2019-09-08 18:23:00.730824,194.0,182.0,194.0,182.0,406.0,226.0,224.0,214.0,,-14,8341967
52.3676,2019-09-08 18:23:00.740208,192.0,182.0,194.0,180.0,386.0,224.0,214.0,170.0,,-14,8342479
52.3772,2019-09-08 18:23:00.755710,192.0,180.0,192.0,180.0,354.0,222.0,216.0,222.0,,-13,8342783
52.3925,2019-09-08 18:23:00.771528,192.0,182.0,176.0,196.0,334.0,220.0,170.0,170.0,,-13,8343392
52.4083,2019-09-08 18:23:00.786221,192.0,192.0,176.0,196.0,218.0,218.0,216.0,170.0,,-12,8344538
52.423,2019-09-08 18:23:00.802151,192.0,180.0,176.0,196.0,216.0,172.0,240.0,212.0,,-12,8346977
52.439,2019-09-08 18:23:00.816782,192.0,180.0,176.0,196.0,214.0,170.0,208.0,214.0,,-10,8347202
52.4536,2019-09-08 18:23:00.838944,192.0,192.0,176.0,196.0,186.0,186.0,202.0,212.0,,-10,8348960
52.4758,2019-09-08 18:23:00.848617,192.0,180.0,176.0,196.0,180.0,196.0,210.0,170.0,,-9,8350645
52.4854,2019-09-08 18:23:00.866182,192.0,192.0,176.0,196.0,170.0,180.0,192.0,206.0,,-7,8349894
52.503,2019-09-08 18:23:00.878613,192.0,180.0,176.0,196.0,190.0,178.0,204.0,204.0,,-7,8349846
52.5154,2019-09-08 18:23:00.895847,192.0,180.0,176.0,196.0,200.0,170.0,176.0,186.0,,-5,8350382
52.5326,2019-09-08 18:23:00.911276,192.0,192.0,176.0,196.0,194.0,184.0,192.0,170.0,,-4,8350102
52.5481,2019-09-08 18:23:00.928190,192.0,192.0,176.0,196.0,174.0,182.0,182.0,168.0,,-3,8348669
52.565,2019-09-08 18:23:00.946573,192.0,192.0,176.0,196.0,180.0,184.0,168.0,172.0,,-1,8348112
52.5834,2019-09-08 18:23:00.957121,192.0,180.0,180.0,176.0,180.0,182.0,168.0,172.0,,0,8349302
52.5939,2019-09-08 18:23:00.972476,192.0,192.0,180.0,176.0,172.0,178.0,180.0,168.0,,1,8347160
52.6093,2019-09-08 18:23:00.989222,192.0,180.0,176.0,196.0,168.0,180.0,180.0,168.0,,3,8346475
52.626,2019-09-08 18:23:01.004557,192.0,180.0,176.0,196.0,178.0,180.0,168.0,180.0,,3,8344299
52.6414,2019-09-08 18:23:01.021545,192.0,192.0,180.0,176.0,168.0,170.0,178.0,178.0,,4,8343745
52.6584,2019-09-08 18:23:01.041945,192.0,180.0,176.0,196.0,170.0,176.0,168.0,170.0,,4,8342939
52.6789,2019-09-08 18:23:01.053595,192.0,180.0,176.0,196.0,170.0,178.0,178.0,168.0,,5,8342825
52.6905,2019-09-08 18:23:01.066666,192.0,180.0,176.0,196.0,168.0,170.0,170.0,176.0,,5,8342385
52.7036,2019-09-08 18:23:01.083311,192.0,180.0,176.0,196.0,170.0,176.0,180.0,168.0,,5,8342617
52.7203,2019-09-08 18:23:01.099209,192.0,180.0,176.0,196.0,170.0,168.0,170.0,168.0,,4,8342330
52.736,2019-09-08 18:23:01.112379,192.0,180.0,176.0,196.0,178.0,168.0,170.0,168.0,,3,8342759
52.7492,2019-09-08 18:23:01.131820,192.0,180.0,176.0,194.0,168.0,180.0,168.0,168.0,,3,8342050
52.7686,2019-09-08 18:23:01.147872,192.0,180.0,176.0,194.0,168.0,168.0,176.0,178.0,,2,8342292
52.7849,2019-09-08 18:23:01.168091,192.0,180.0,176.0,196.0,178.0,178.0,168.0,166.0,,1,8342122
52.805,2019-09-08 18:23:01.178582,192.0,180.0,176.0,196.0,166.0,176.0,180.0,178.0,,0,8342690
52.8155,2019-09-08 18:23:01.190177,190.0,180.0,176.0,194.0,166.0,176.0,180.0,168.0,,-1,8342015
52.8273,2019-09-08 18:23:01.212483,190.0,180.0,176.0,194.0,168.0,164.0,178.0,178.0,,-3,8342202
52.8493,2019-09-08 18:23:01.221920,190.0,180.0,176.0,194.0,164.0,178.0,168.0,164.0,,-4,8342506
52.8589,2019-09-08 18:23:01.245496,180.0,180.0,176.0,194.0,176.0,178.0,166.0,166.0,,-6,8342479
52.8823,2019-09-08 18:23:01.259585,192.0,180.0,176.0,196.0,180.0,166.0,176.0,178.0,,-7,8342714
52.8965,2019-09-08 18:23:01.274800,192.0,180.0,176.0,196.0,168.0,176.0,178.0,168.0,,-8,8342558
52.9121,2019-09-08 18:23:01.285064,190.0,180.0,176.0,196.0,176.0,176.0,180.0,168.0,,-9,8342932
52.9219,2019-09-08 18:23:01.298373,192.0,180.0,176.0,194.0,166.0,176.0,180.0,166.0,,-9,8342939
52.9365,2019-09-08 18:23:01.313947,190.0,180.0,176.0,194.0,176.0,180.0,180.0,166.0,,-10,8343012
52.9511,2019-09-08 18:23:01.327614,192.0,180.0,176.0,194.0,166.0,176.0,180.0,168.0,,-10,8342416
52.965,2019-09-08 18:23:01.348513,190.0,180.0,176.0,196.0,180.0,166.0,166.0,176.0,,-11,8343524
52.9861,2019-09-08 18:23:01.359561,190.0,180.0,176.0,196.0,180.0,168.0,164.0,176.0,,-11,8343306
52.9973,2019-09-08 18:23:01.373488,190.0,180.0,176.0,196.0,178.0,180.0,166.0,168.0,,-11,8343527
53.0107,2019-09-08 18:23:01.390110,190.0,180.0,176.0,196.0,166.0,166.0,180.0,180.0,,-11,8343652
53.0275,2019-09-08 18:23:01.407713,180.0,180.0,176.0,196.0,166.0,164.0,164.0,176.0,,-12,8343852
53.0447,2019-09-08 18:23:01.420290,190.0,180.0,176.0,194.0,166.0,164.0,180.0,166.0,,-12,8343562
53.058,2019-09-08 18:23:01.439162,180.0,180.0,176.0,196.0,166.0,176.0,166.0,176.0,,-12,8343627
53.0763,2019-09-08 18:23:01.469072,190.0,180.0,176.0,196.0,164.0,180.0,168.0,180.0,,-12,8344012
53.1062,2019-09-08 18:23:01.479590,190.0,180.0,176.0,196.0,166.0,176.0,180.0,166.0,,-12,8345060
53.117,2019-09-08 18:23:01.491739,180.0,180.0,176.0,196.0,180.0,166.0,166.0,180.0,,-12,8344012
53.1294,2019-09-08 18:23:01.505623,190.0,180.0,176.0,196.0,166.0,176.0,176.0,176.0,,-12,8344724
53.1445,2019-09-08 18:23:01.514023,190.0,180.0,176.0,194.0,180.0,166.0,180.0,176.0,,-11,8345032
53.1508,2019-09-08 18:23:01.529591,190.0,180.0,176.0,196.0,170.0,176.0,176.0,180.0,,-11,8344652
53.1669,2019-09-08 18:23:01.553704,190.0,180.0,176.0,196.0,172.0,176.0,180.0,166.0,,-11,8344430
53.1906,2019-09-08 18:23:01.561130,196.0,180.0,176.0,194.0,166.0,174.0,176.0,180.0,,-10,8343790
53.198,2019-09-08 18:23:01.576015,204.0,180.0,176.0,196.0,180.0,180.0,168.0,166.0,,-10,8342745
53.2128,2019-09-08 18:23:01.590389,218.0,180.0,176.0,196.0,176.0,176.0,180.0,166.0,,-10,8342752
53.2273,2019-09-08 18:23:01.605298,234.0,180.0,176.0,196.0,176.0,180.0,166.0,186.0,,-10,8343060
53.2421,2019-09-08 18:23:01.624107,254.0,180.0,176.0,196.0,176.0,180.0,180.0,166.0,,-9,8343738
53.2609,2019-09-08 18:23:01.635555,276.0,180.0,176.0,196.0,180.0,168.0,192.0,176.0,,-9,8342697
53.2728,2019-09-08 18:23:01.659870,308.0,180.0,176.0,198.0,180.0,166.0,202.0,176.0,,-8,8342783
53.2967,2019-09-08 18:23:01.667964,338.0,182.0,176.0,198.0,204.0,166.0,206.0,166.0,,-8,8342714
53.3048,2019-09-08 18:23:01.682515,368.0,182.0,176.0,202.0,180.0,214.0,180.0,178.0,,-8,8342454
53.3193,2019-09-08 18:23:01.697149,396.0,182.0,178.0,204.0,166.0,218.0,178.0,180.0,,-7,8342437
53.3339,2019-09-08 18:23:01.729398,414.0,182.0,178.0,206.0,242.0,182.0,182.0,166.0,,-7,8342607
53.3663,2019-09-08 18:23:01.735817,430.0,184.0,178.0,208.0,246.0,184.0,182.0,166.0,,-6,8342070
53.3726,2019-09-08 18:23:01.747867,452.0,184.0,178.0,208.0,250.0,184.0,184.0,168.0,,-6,8342863
53.3848,2019-09-08 18:23:01.760816,476.0,186.0,180.0,210.0,186.0,186.0,168.0,166.0,,-6,8342378
53.3977,2019-09-08 18:23:01.774281,496.0,186.0,180.0,212.0,188.0,186.0,168.0,266.0,,-6,8342596
53.4112,2019-09-08 18:23:01.806608,188.0,190.0,180.0,212.0,168.0,288.0,194.0,192.0,,-7,8343115
53.4434,2019-09-08 18:23:01.817393,534.0,192.0,180.0,214.0,168.0,296.0,196.0,194.0,,-7,8342385
53.4544,2019-09-08 18:23:01.830321,216.0,182.0,216.0,216.0,312.0,198.0,196.0,168.0,,-7,8343451
53.4672,2019-09-08 18:23:01.948259,594.0,212.0,188.0,226.0,216.0,172.0,218.0,212.0,,-8,8342091
53.5852,2019-09-08 18:23:01.975140,588.0,214.0,188.0,226.0,220.0,220.0,172.0,440.0,,-9,8342150
53.6119,2019-09-08 18:23:01.983369,586.0,216.0,188.0,228.0,172.0,226.0,172.0,462.0,,-9,8342683
53.6204,2019-09-08 18:23:01.994825,582.0,218.0,190.0,228.0,174.0,214.0,232.0,174.0,,-9,8342389
53.6319,2019-09-08 18:23:02.009649,582.0,218.0,190.0,230.0,234.0,174.0,214.0,236.0,,-9,8343316
53.6465,2019-09-08 18:23:02.024608,580.0,220.0,190.0,230.0,174.0,486.0,486.0,218.0,,-9,8342980
53.6614,2019-09-08 18:23:02.040717,580.0,220.0,192.0,232.0,244.0,174.0,244.0,486.0,,-9,8342662
53.6775,2019-09-08 18:23:02.059622,576.0,224.0,192.0,236.0,220.0,220.0,484.0,484.0,,-9,8342569
53.697,2019-09-08 18:23:02.073231,572.0,228.0,192.0,238.0,252.0,176.0,254.0,176.0,,-9,8343070
53.71,2019-09-08 18:23:02.084448,566.0,232.0,194.0,240.0,258.0,226.0,258.0,258.0,,-9,8342413
53.7213,2019-09-08 18:23:02.103107,560.0,234.0,194.0,242.0,176.0,466.0,264.0,176.0,,-8,8342607
53.7399,2019-09-08 18:23:02.117259,554.0,236.0,194.0,244.0,228.0,228.0,178.0,178.0,,-8,8342877
53.754,2019-09-08 18:23:02.130759,548.0,236.0,196.0,246.0,460.0,230.0,268.0,178.0,,-8,8343430
53.7676,2019-09-08 18:23:02.145372,540.0,238.0,196.0,248.0,448.0,178.0,444.0,232.0,,-8,8343063
53.7823,2019-09-08 18:23:02.171539,194.0,250.0,194.0,532.0,436.0,282.0,178.0,434.0,,-8,8343157
53.8084,2019-09-08 18:23:02.180037,194.0,250.0,194.0,250.0,180.0,284.0,180.0,432.0,,-8,8343157
53.8171,2019-09-08 18:23:02.192988,518.0,234.0,192.0,516.0,236.0,284.0,284.0,238.0,,-9,8342659
53.8298,2019-09-08 18:23:02.206948,500.0,232.0,190.0,250.0,180.0,238.0,286.0,238.0,,-9,8343271
53.8438,2019-09-08 18:23:02.225693,248.0,228.0,458.0,228.0,238.0,240.0,288.0,240.0,,-9,8343157
53.8625,2019-09-08 18:23:02.238841,422.0,224.0,414.0,224.0,240.0,290.0,180.0,418.0,,-10,8343406
53.8756,2019-09-08 18:23:02.253631,370.0,220.0,186.0,242.0,290.0,180.0,418.0,182.0,,-10,8343368
53.8906,2019-09-08 18:23:02.273939,318.0,216.0,184.0,238.0,182.0,412.0,242.0,292.0,,-10,8342659
53.9109,2019-09-08 18:23:02.284656,274.0,270.0,184.0,210.0,182.0,406.0,244.0,184.0,,-10,8343340
53.9217,2019-09-08 18:23:02.300253,242.0,208.0,184.0,230.0,400.0,246.0,296.0,184.0,,-11,8343230
53.9377,2019-09-08 18:23:02.315852,224.0,206.0,182.0,226.0,392.0,298.0,186.0,390.0,,-11,8343240
53.9527,2019-09-08 18:23:02.333823,210.0,210.0,206.0,182.0,250.0,302.0,186.0,386.0,,-11,8343541
53.9706,2019-09-08 18:23:02.346670,204.0,202.0,182.0,218.0,384.0,186.0,384.0,252.0,,-11,8343430
53.9836,2019-09-08 18:23:02.371486,200.0,200.0,182.0,214.0,188.0,188.0,254.0,310.0,,-11,8344738
54.0085,2019-09-08 18:23:02.385016,200.0,198.0,200.0,210.0,188.0,370.0,258.0,190.0,,-12,8345842
54.0218,2019-09-08 18:23:02.396215,198.0,198.0,180.0,198.0,190.0,362.0,260.0,322.0,,-12,8345842
54.033,2019-09-08 18:23:02.410734,196.0,196.0,196.0,196.0,354.0,262.0,328.0,262.0,,-12,8347001
54.0475,2019-09-08 18:23:02.427005,204.0,194.0,180.0,194.0,264.0,330.0,192.0,332.0,,-12,8347365
54.0641,2019-09-08 18:23:02.446110,194.0,192.0,192.0,178.0,266.0,194.0,334.0,334.0,,-12,8349420
54.083,2019-09-08 18:23:02.463606,194.0,190.0,190.0,178.0,332.0,196.0,330.0,194.0,,-12,8350804
54.1004,2019-09-08 18:23:02.478596,194.0,186.0,194.0,186.0,270.0,196.0,322.0,354.0,,-13,8351728
54.1154,2019-09-08 18:23:02.493354,194.0,184.0,194.0,184.0,314.0,272.0,274.0,198.0,,-13,8352285
54.1302,2019-09-08 18:23:02.512313,194.0,194.0,184.0,178.0,298.0,296.0,276.0,292.0,,-13,8352970
54.1492,2019-09-08 18:23:02.525521,192.0,194.0,182.0,176.0,376.0,200.0,378.0,202.0,,-13,8353098
54.1623,2019-09-08 18:23:02.541508,192.0,180.0,176.0,180.0,276.0,278.0,278.0,204.0,,-13,8352846
54.1783,2019-09-08 18:23:02.597587,192.0,180.0,176.0,192.0,266.0,278.0,388.0,204.0,,-14,8350814
54.2344,2019-09-08 18:23:02.604083,192.0,180.0,176.0,180.0,398.0,210.0,210.0,276.0,,-14,8350025
54.2411,2019-09-08 18:23:02.612242,192.0,180.0,176.0,180.0,276.0,400.0,200.0,274.0,,-14,8350057
54.2492,2019-09-08 18:23:02.626945,192.0,180.0,176.0,180.0,190.0,212.0,186.0,214.0,,-14,8349724
54.2637,2019-09-08 18:23:02.651957,192.0,180.0,176.0,196.0,184.0,396.0,214.0,216.0,,-14,8348967
54.2888,2019-09-08 18:23:02.664706,192.0,180.0,176.0,196.0,218.0,264.0,264.0,220.0,,-14,8349271
54.3016,2019-09-08 18:23:02.699263,192.0,180.0,176.0,196.0,358.0,226.0,172.0,248.0,,-13,8348337
54.3364,2019-09-08 18:23:02.709641,192.0,180.0,176.0,196.0,348.0,248.0,172.0,246.0,,-13,8348140
54.3471,2019-09-08 18:23:02.720854,192.0,180.0,176.0,196.0,170.0,228.0,170.0,244.0,,-12,8347859
54.3579,2019-09-08 18:23:02.736675,192.0,180.0,176.0,196.0,334.0,228.0,170.0,242.0,,-12,8348247
54.374,2019-09-08 18:23:02.745120,192.0,180.0,176.0,196.0,318.0,232.0,168.0,314.0,,-11,8348164
54.3822,2019-09-08 18:23:02.756465,192.0,180.0,176.0,196.0,232.0,168.0,234.0,308.0,,-11,8348918
54.3936,2019-09-08 18:23:02.771613,192.0,180.0,176.0,196.0,234.0,166.0,236.0,166.0,,-10,8348915
54.4085,2019-09-08 18:23:02.795379,194.0,180.0,176.0,194.0,226.0,294.0,238.0,166.0,,-9,8350437
54.4327,2019-09-08 18:23:02.802939,176.0,180.0,176.0,196.0,164.0,220.0,280.0,242.0,,-9,8350794
54.44,2019-09-08 18:23:02.823078,176.0,194.0,176.0,196.0,164.0,220.0,278.0,276.0,,-8,8352240
54.4602,2019-09-08 18:23:02.834136,190.0,196.0,176.0,196.0,218.0,164.0,218.0,272.0,,-7,8352891
54.4712,2019-09-08 18:23:02.850101,180.0,176.0,196.0,196.0,164.0,214.0,264.0,250.0,,-6,8354254
54.4875,2019-09-08 18:23:02.867538,180.0,176.0,196.0,196.0,252.0,162.0,212.0,254.0,,-6,8355109
54.5046,2019-09-08 18:23:02.888512,180.0,176.0,196.0,194.0,210.0,250.0,256.0,256.0,,-4,8355815
54.5257,2019-09-08 18:23:02.901403,190.0,180.0,176.0,196.0,208.0,244.0,256.0,162.0,,-4,8356039
54.5382,2019-09-08 18:23:02.917831,190.0,180.0,176.0,194.0,160.0,256.0,234.0,206.0,,-3,8356808
54.5551,2019-09-08 18:23:02.933040,190.0,180.0,176.0,196.0,160.0,204.0,226.0,204.0,,-2,8357046
54.5701,2019-09-08 18:23:02.952184,190.0,180.0,176.0,196.0,250.0,160.0,200.0,216.0,,-1,8356482
54.5893,2019-09-08 18:23:02.968100,190.0,180.0,176.0,194.0,160.0,198.0,198.0,244.0,,0,8356316
54.6052,2019-09-08 18:23:02.991928,180.0,176.0,194.0,196.0,160.0,196.0,196.0,240.0,,1,8354005
54.629,2019-09-08 18:23:03.000946,180.0,180.0,196.0,180.0,160.0,194.0,198.0,228.0,,2,8353527
54.638,2019-09-08 18:23:03.019709,176.0,190.0,176.0,194.0,162.0,192.0,194.0,220.0,,4,8351420
54.6569,2019-09-08 18:23:03.039493,196.0,188.0,180.0,196.0,160.0,190.0,190.0,210.0,,5,8350109
54.6763,2019-09-08 18:23:03.055560,192.0,192.0,180.0,176.0,160.0,190.0,206.0,162.0,,8,8348264
54.6924,2019-09-08 18:23:03.088083,198.0,180.0,176.0,196.0,186.0,188.0,192.0,160.0,,11,8346410
54.7251,2019-09-08 18:23:03.095129,210.0,180.0,176.0,196.0,162.0,186.0,180.0,162.0,,13,8342133
54.732,2019-09-08 18:23:03.104452,234.0,182.0,176.0,196.0,182.0,184.0,182.0,182.0,,15,8342209
54.7414,2019-09-08 18:23:03.118884,260.0,182.0,176.0,200.0,172.0,162.0,182.0,182.0,,17,8342783
54.7557,2019-09-08 18:23:03.135158,290.0,184.0,178.0,202.0,180.0,180.0,168.0,162.0,,20,8342223
54.7721,2019-09-08 18:23:03.154197,316.0,184.0,322.0,184.0,178.0,180.0,168.0,162.0,,22,8342257
54.791,2019-09-08 18:23:03.170974,178.0,206.0,346.0,186.0,178.0,180.0,168.0,164.0,,23,8342555
54.8078,2019-09-08 18:23:03.195684,370.0,188.0,178.0,210.0,166.0,176.0,176.0,168.0,,24,8343198
54.833,2019-09-08 18:23:03.202451,398.0,190.0,180.0,180.0,168.0,176.0,178.0,168.0,,24,8341551
54.8395,2019-09-08 18:23:03.218669,424.0,192.0,180.0,192.0,178.0,176.0,178.0,168.0,,24,8343191
54.8557,2019-09-08 18:23:03.233585,444.0,194.0,182.0,196.0,168.0,174.0,174.0,178.0,,23,8342333
54.8707,2019-09-08 18:23:03.255602,458.0,198.0,460.0,200.0,166.0,174.0,168.0,166.0,,22,8342202
54.8927,2019-09-08 18:23:03.265831,472.0,202.0,184.0,204.0,166.0,174.0,178.0,168.0,,21,8341271
54.9029,2019-09-08 18:23:03.303790,486.0,206.0,208.0,188.0,168.0,168.0,174.0,178.0,,18,8341783
54.9409,2019-09-08 18:23:03.310371,488.0,214.0,190.0,256.0,168.0,166.0,174.0,178.0,,16,8341783
54.9475,2019-09-08 18:23:03.323008,482.0,218.0,192.0,262.0,168.0,168.0,176.0,168.0,,15,8342486
54.9598,2019-09-08 18:23:03.351871,192.0,268.0,194.0,270.0,168.0,176.0,180.0,168.0,,13,8344458
54.989,2019-09-08 18:23:03.365080,462.0,224.0,194.0,272.0,168.0,180.0,168.0,168.0,,12,8344275
55.0021,2019-09-08 18:23:03.415542,438.0,436.0,228.0,196.0,168.0,168.0,178.0,180.0,,11,8344631
55.0526,2019-09-08 18:23:03.422120,276.0,430.0,196.0,278.0,168.0,174.0,178.0,168.0,,10,8345489
55.0592,2019-09-08 18:23:03.441441,426.0,228.0,196.0,278.0,168.0,174.0,178.0,168.0,,9,8346067
55.0787,2019-09-08 18:23:03.463004,420.0,420.0,228.0,196.0,178.0,168.0,174.0,176.0,,7,8353410
55.1001,2019-09-08 18:23:03.478796,418.0,418.0,230.0,418.0,168.0,182.0,176.0,180.0,,6,8357666
55.1158,2019-09-08 18:23:03.504073,416.0,416.0,232.0,284.0,168.0,176.0,180.0,176.0,,7,8359268
55.1411,2019-09-08 18:23:03.513192,416.0,232.0,416.0,284.0,178.0,178.0,180.0,178.0,,7,8358680
55.1503,2019-09-08 18:23:03.529013,418.0,234.0,418.0,234.0,176.0,180.0,180.0,168.0,,7,8360884
55.1661,2019-09-08 18:23:03.547981,422.0,234.0,424.0,284.0,180.0,168.0,182.0,180.0,,6,8361545
55.185,2019-09-08 18:23:03.563410,426.0,232.0,196.0,232.0,186.0,182.0,168.0,184.0,,6,8359081
55.2005,2019-09-08 18:23:03.581876,430.0,230.0,430.0,278.0,198.0,182.0,168.0,202.0,,6,8357372
55.2195,2019-09-08 18:23:03.604637,430.0,228.0,194.0,274.0,208.0,184.0,168.0,212.0,,5,8356960
55.2418,2019-09-08 18:23:03.614214,422.0,192.0,270.0,418.0,216.0,192.0,216.0,192.0,,4,8356403
55.2513,2019-09-08 18:23:03.630003,192.0,262.0,400.0,222.0,194.0,186.0,168.0,188.0,,4,8356185
55.2672,2019-09-08 18:23:03.645727,190.0,258.0,190.0,256.0,196.0,188.0,196.0,218.0,,3,8356257
55.2828,2019-09-08 18:23:03.661740,354.0,218.0,190.0,252.0,218.0,198.0,188.0,168.0,,3,8355811
55.2989,2019-09-08 18:23:03.675659,326.0,216.0,188.0,216.0,200.0,190.0,168.0,222.0,,2,8354171
55.3129,2019-09-08 18:23:03.693695,292.0,214.0,286.0,214.0,168.0,202.0,204.0,192.0,,2,8353171
55.3308,2019-09-08 18:23:03.713609,258.0,212.0,254.0,238.0,168.0,192.0,204.0,192.0,,2,8351462
55.3507,2019-09-08 18:23:03.724083,234.0,212.0,184.0,232.0,168.0,242.0,212.0,198.0,,1,8350271
55.3611,2019-09-08 18:23:03.738705,216.0,210.0,184.0,228.0,244.0,170.0,198.0,170.0,,1,8349140
55.3758,2019-09-08 18:23:03.753237,206.0,208.0,184.0,220.0,202.0,170.0,252.0,170.0,,1,8347769
55.3903,2019-09-08 18:23:03.771903,200.0,204.0,182.0,214.0,252.0,252.0,224.0,170.0,,0,8347112
55.409,2019-09-08 18:23:03.784064,198.0,200.0,182.0,210.0,258.0,232.0,172.0,172.0,,0,8345323
55.4211,2019-09-08 18:23:03.812996,196.0,194.0,180.0,206.0,236.0,262.0,236.0,264.0,,-1,8346077
55.4501,2019-09-08 18:23:03.822913,194.0,192.0,180.0,202.0,246.0,214.0,172.0,270.0,,-1,8345268
55.46,2019-09-08 18:23:03.833907,194.0,200.0,178.0,200.0,272.0,216.0,272.0,172.0,,-1,8345406
55.471,2019-09-08 18:23:03.846424,178.0,198.0,178.0,198.0,274.0,258.0,222.0,174.0,,-1,8344482
55.4835,2019-09-08 18:23:03.860286,192.0,184.0,178.0,198.0,276.0,276.0,226.0,174.0,,-1,8344700
55.4974,2019-09-08 18:23:03.877509,192.0,196.0,176.0,196.0,276.0,228.0,174.0,276.0,,-1,8343472
55.5146,2019-09-08 18:23:03.899630,190.0,180.0,176.0,196.0,234.0,234.0,176.0,280.0,,-2,8343046
55.5368,2019-09-08 18:23:03.914972,190.0,176.0,196.0,196.0,282.0,238.0,174.0,280.0,,-2,8343012
55.5521,2019-09-08 18:23:03.929784,196.0,176.0,196.0,196.0,176.0,284.0,284.0,176.0,,-2,8343254
55.5666,2019-09-08 18:23:03.962236,196.0,180.0,176.0,196.0,286.0,248.0,248.0,286.0,,-3,8342537
55.5993,2019-09-08 18:23:03.975101,190.0,180.0,196.0,196.0,292.0,178.0,292.0,294.0,,-3,8342537
55.6122,2019-09-08 18:23:03.983360,180.0,180.0,176.0,196.0,294.0,178.0,294.0,296.0,,-3,8341939
55.6202,2019-09-08 18:23:03.991742,190.0,182.0,176.0,196.0,260.0,180.0,294.0,298.0,,-3,8343230
55.6288,2019-09-08 18:23:04.020156,190.0,182.0,176.0,196.0,182.0,286.0,308.0,274.0,,-3,8342690
55.6575,2019-09-08 18:23:04.030428,190.0,180.0,176.0,196.0,282.0,310.0,276.0,182.0,,-3,8342859
55.6679,2019-09-08 18:23:04.040429,190.0,180.0,176.0,196.0,278.0,312.0,278.0,184.0,,-3,8342337
55.6776,2019-09-08 18:23:04.051701,176.0,180.0,176.0,196.0,274.0,280.0,316.0,270.0,,-3,8342344
55.6888,2019-09-08 18:23:04.069885,190.0,180.0,176.0,196.0,284.0,186.0,260.0,322.0,,-3,8342679
55.7071,2019-09-08 18:23:04.084795,176.0,196.0,176.0,190.0,254.0,252.0,324.0,290.0,,-3,8342897
55.7219,2019-09-08 18:23:04.103926,188.0,180.0,176.0,196.0,326.0,292.0,188.0,246.0,,-3,8342354
55.741,2019-09-08 18:23:04.130774,188.0,180.0,190.0,196.0,246.0,328.0,190.0,242.0,,-4,8342738
55.7679,2019-09-08 18:23:04.137509,190.0,176.0,196.0,196.0,332.0,300.0,192.0,234.0,,-4,8342095
55.7748,2019-09-08 18:23:04.149802,180.0,188.0,176.0,196.0,232.0,334.0,192.0,232.0,,-4,8342970
55.7875,2019-09-08 18:23:04.173905,188.0,188.0,176.0,196.0,302.0,336.0,230.0,336.0,,-4,8342185
55.811,2019-09-08 18:23:04.183185,190.0,188.0,176.0,196.0,230.0,192.0,230.0,192.0,,-4,8342420
55.8203,2019-09-08 18:23:04.198139,188.0,190.0,176.0,196.0,192.0,230.0,338.0,302.0,,-4,8343098
55.8353,2019-09-08 18:23:04.239785,188.0,180.0,176.0,196.0,226.0,226.0,340.0,296.0,,-5,8342645
55.877,2019-09-08 18:23:04.250654,188.0,188.0,176.0,188.0,192.0,224.0,296.0,192.0,,-5,8341967
55.888,2019-09-08 18:23:04.258643,190.0,196.0,192.0,196.0,222.0,338.0,294.0,220.0,,-5,8341935
55.8957,2019-09-08 18:23:04.270416,194.0,180.0,180.0,182.0,338.0,294.0,192.0,218.0,,-5,8341973
55.9076,2019-09-08 18:23:04.279913,198.0,182.0,176.0,182.0,292.0,192.0,214.0,336.0,,-5,8342371
55.9171,2019-09-08 18:23:04.295544,200.0,200.0,176.0,182.0,290.0,192.0,210.0,334.0,,-5,8343039
55.9324,2019-09-08 18:23:04.318892,202.0,182.0,202.0,182.0,190.0,206.0,332.0,288.0,,-5,8342212
55.956,2019-09-08 18:23:04.330016,204.0,182.0,204.0,182.0,190.0,202.0,328.0,284.0,,-5,8342562
55.9673,2019-09-08 18:23:04.347145,206.0,182.0,206.0,182.0,326.0,282.0,282.0,190.0,,-5,8343804
55.9842,2019-09-08 18:23:04.366444,208.0,184.0,184.0,184.0,200.0,280.0,188.0,200.0,,-6,8342489
56.0035,2019-09-08 18:23:04.382446,210.0,184.0,184.0,176.0,278.0,190.0,200.0,188.0,,-6,8343202
56.0195,2019-09-08 18:23:04.400279,214.0,184.0,186.0,204.0,200.0,312.0,272.0,310.0,,-6,8342714
56.0375,2019-09-08 18:23:04.422200,220.0,186.0,176.0,204.0,204.0,306.0,268.0,188.0,,-6,8341804
56.0593,2019-09-08 18:23:04.438944,224.0,186.0,176.0,204.0,204.0,184.0,262.0,184.0,,-6,8342043
56.076,2019-09-08 18:23:04.453693,230.0,188.0,178.0,204.0,296.0,260.0,184.0,206.0,,-7,8341396
56.0908,2019-09-08 18:23:04.472530,188.0,176.0,178.0,206.0,290.0,290.0,254.0,182.0,,-7,8342136
56.1096,2019-09-08 18:23:04.491958,188.0,188.0,178.0,206.0,286.0,286.0,182.0,208.0,,-7,8341648
56.1287,2019-09-08 18:23:04.506135,188.0,178.0,206.0,206.0,182.0,210.0,282.0,246.0,,-7,8341908
56.1429,2019-09-08 18:23:04.549057,178.0,208.0,178.0,208.0,210.0,280.0,246.0,180.0,,-7,8342458
56.186,2019-09-08 18:23:04.555648,238.0,208.0,178.0,208.0,180.0,208.0,272.0,272.0,,-7,8342458
56.1927,2019-09-08 18:23:04.563881,240.0,190.0,178.0,208.0,210.0,270.0,180.0,210.0,,-7,8342292
56.2014,2019-09-08 18:23:04.573491,242.0,190.0,178.0,244.0,270.0,236.0,178.0,210.0,,-7,8342344
56.2103,2019-09-08 18:23:04.586407,244.0,190.0,246.0,190.0,178.0,178.0,210.0,234.0,,-7,8342956
56.2233,2019-09-08 18:23:04.605212,248.0,248.0,190.0,178.0,210.0,212.0,264.0,232.0,,-7,8342679
56.2421,2019-09-08 18:23:04.626112,252.0,192.0,178.0,208.0,212.0,264.0,230.0,178.0,,-7,8342209
56.2629,2019-09-08 18:23:04.637290,254.0,190.0,178.0,208.0,212.0,262.0,262.0,230.0,,-7,8342496
56.2741,2019-09-08 18:23:04.650375,256.0,190.0,178.0,208.0,228.0,178.0,212.0,260.0,,-7,8342652
56.2874,2019-09-08 18:23:04.667605,254.0,192.0,178.0,208.0,226.0,176.0,212.0,178.0,,-7,8342870
56.3045,2019-09-08 18:23:04.685889,254.0,192.0,178.0,208.0,214.0,256.0,226.0,176.0,,-7,8342807
56.3227,2019-09-08 18:23:04.696767,254.0,192.0,192.0,178.0,214.0,256.0,224.0,224.0,,-7,8342475
56.3338,2019-09-08 18:23:04.713127,254.0,192.0,178.0,208.0,254.0,224.0,176.0,176.0,,-7,8341832
56.3502,2019-09-08 18:23:04.738308,254.0,192.0,178.0,208.0,212.0,254.0,212.0,254.0,,-7,8342555
56.3754,2019-09-08 18:23:04.747267,256.0,192.0,178.0,208.0,222.0,212.0,254.0,222.0,,-7,8342839
56.3843,2019-09-08 18:23:04.759754,256.0,192.0,178.0,208.0,212.0,254.0,222.0,176.0,,-7,8342236
56.397,2019-09-08 18:23:04.774528,258.0,192.0,178.0,208.0,212.0,212.0,176.0,176.0,,-7,8342499
56.4116,2019-09-08 18:23:04.790898,260.0,192.0,178.0,208.0,254.0,222.0,176.0,222.0,,-7,8341700
56.4282,2019-09-08 18:23:04.805203,262.0,194.0,178.0,208.0,254.0,222.0,222.0,176.0,,-7,8342759
56.4423,2019-09-08 18:23:04.830046,262.0,194.0,178.0,208.0,212.0,256.0,222.0,176.0,,-7,8342877
56.467,2019-09-08 18:23:04.838430,266.0,194.0,178.0,208.0,212.0,176.0,212.0,256.0,,-7,8342430
56.4756,2019-09-08 18:23:04.854113,268.0,194.0,178.0,208.0,176.0,256.0,210.0,176.0,,-7,8342576
56.4913,2019-09-08 18:23:04.866551,270.0,192.0,178.0,208.0,210.0,176.0,222.0,176.0,,-7,8342676
56.5037,2019-09-08 18:23:04.881929,274.0,194.0,178.0,208.0,222.0,176.0,208.0,260.0,,-7,8342877
56.519,2019-09-08 18:23:04.898869,278.0,194.0,178.0,210.0,208.0,176.0,262.0,222.0,,-8,8342852
56.5363,2019-09-08 18:23:04.913067,282.0,194.0,178.0,210.0,206.0,264.0,222.0,174.0,,-8,8342776
56.5501,2019-09-08 18:23:04.934149,286.0,194.0,178.0,210.0,264.0,222.0,176.0,206.0,,-8,8343074
56.5712,2019-09-08 18:23:04.956445,288.0,194.0,178.0,210.0,222.0,222.0,206.0,266.0,,-8,8343233
56.5935,2019-09-08 18:23:04.965240,290.0,196.0,178.0,210.0,222.0,176.0,266.0,266.0,,-8,8342403
56.6023,2019-09-08 18:23:04.975919,196.0,196.0,178.0,210.0,176.0,204.0,266.0,224.0,,-8,8342340
56.6133,2019-09-08 18:23:04.994708,290.0,196.0,178.0,210.0,204.0,268.0,224.0,204.0,,-8,8342863
56.6318,2019-09-08 18:23:05.007166,290.0,196.0,178.0,210.0,268.0,224.0,224.0,204.0,,-8,8343268
56.6443,2019-09-08 18:23:05.033121,292.0,196.0,178.0,210.0,224.0,176.0,204.0,268.0,,-8,8342714
56.6702,2019-09-08 18:23:05.046338,292.0,196.0,180.0,210.0,176.0,202.0,270.0,224.0,,-8,8342468
56.6834,2019-09-08 18:23:05.055701,290.0,196.0,178.0,210.0,204.0,202.0,268.0,176.0,,-8,8343562
56.6928,2019-09-08 18:23:05.067015,290.0,196.0,178.0,210.0,204.0,270.0,224.0,176.0,,-8,8341845
56.7041,2019-09-08 18:23:05.082921,290.0,196.0,178.0,210.0,204.0,270.0,224.0,176.0,,-8,8342344
56.72,2019-09-08 18:23:05.101539,292.0,196.0,178.0,210.0,202.0,270.0,224.0,176.0,,-8,8343060
56.7386,2019-09-08 18:23:05.113861,292.0,198.0,178.0,210.0,270.0,176.0,176.0,204.0,,-8,8343105
56.7509,2019-09-08 18:23:05.138658,292.0,196.0,178.0,210.0,204.0,204.0,270.0,224.0,,-8,8343479
56.7759,2019-09-08 18:23:05.145775,292.0,198.0,178.0,210.0,176.0,204.0,270.0,174.0,,-8,8343292
56.783,2019-09-08 18:23:05.168194,294.0,198.0,178.0,210.0,204.0,272.0,224.0,176.0,,-8,8342807
56.8053,2019-09-08 18:23:05.177765,294.0,198.0,178.0,210.0,270.0,224.0,224.0,176.0,,-8,8342638
56.8148,2019-09-08 18:23:05.199169,294.0,198.0,178.0,210.0,206.0,224.0,176.0,176.0,,-8,8342967
56.8362,2019-09-08 18:23:05.209879,292.0,198.0,178.0,210.0,206.0,176.0,224.0,274.0,,-8,8342243
56.8471,2019-09-08 18:23:05.267008,290.0,196.0,178.0,210.0,224.0,274.0,224.0,176.0,,-8,8342295
56.9041,2019-09-08 18:23:05.273627,284.0,196.0,178.0,208.0,176.0,276.0,224.0,174.0,,-8,8342295
56.9109,2019-09-08 18:23:05.291352,282.0,196.0,178.0,208.0,208.0,176.0,208.0,278.0,,-8,8343060
56.9284,2019-09-08 18:23:05.301859,278.0,196.0,178.0,208.0,278.0,278.0,222.0,176.0,,-8,8343593
56.9389,2019-09-08 18:23:05.317080,276.0,196.0,178.0,208.0,208.0,278.0,222.0,222.0,,-8,8342953
56.9542,2019-09-08 18:23:05.357588,274.0,196.0,178.0,208.0,222.0,208.0,280.0,222.0,,-8,8343271
56.9946,2019-09-08 18:23:05.364169,272.0,196.0,178.0,208.0,222.0,280.0,222.0,176.0,,-8,8342728
57.0012,2019-09-08 18:23:05.376679,272.0,198.0,178.0,208.0,212.0,280.0,222.0,176.0,,-8,8342852
57.0138,2019-09-08 18:23:05.392223,272.0,196.0,178.0,208.0,282.0,176.0,176.0,212.0,,-8,8342998
57.0293,2019-09-08 18:23:05.407800,272.0,196.0,178.0,208.0,176.0,282.0,280.0,220.0,,-8,8343406
57.0448,2019-09-08 18:23:05.423772,270.0,196.0,178.0,208.0,214.0,282.0,222.0,220.0,,-8,8343510
57.0609,2019-09-08 18:23:05.451055,270.0,196.0,178.0,208.0,220.0,174.0,176.0,214.0,,-8,8343063
57.0881,2019-09-08 18:23:05.465389,268.0,196.0,178.0,208.0,174.0,212.0,282.0,220.0,,-8,8343482
57.1025,2019-09-08 18:23:05.474118,268.0,194.0,178.0,208.0,176.0,214.0,282.0,214.0,,-8,8342963
57.1112,2019-09-08 18:23:05.486502,266.0,194.0,178.0,208.0,214.0,282.0,220.0,176.0,,-8,8342780
57.1236,2019-09-08 18:23:05.506810,264.0,194.0,178.0,208.0,176.0,284.0,220.0,176.0,,-9,8343340
57.144,2019-09-08 18:23:05.516173,260.0,194.0,178.0,208.0,174.0,212.0,174.0,174.0,,-9,8342845
57.1532,2019-09-08 18:23:05.532293,258.0,194.0,178.0,206.0,212.0,284.0,220.0,176.0,,-9,8343524
57.1691,2019-09-08 18:23:05.553030,256.0,194.0,178.0,206.0,212.0,174.0,214.0,174.0,,-9,8342797
57.1901,2019-09-08 18:23:05.563910,252.0,194.0,178.0,206.0,220.0,174.0,212.0,284.0,,-9,8342621
57.2013,2019-09-08 18:23:05.576317,248.0,194.0,178.0,206.0,212.0,286.0,220.0,174.0,,-9,8342790
57.2134,2019-09-08 18:23:05.590392,248.0,194.0,178.0,206.0,174.0,286.0,220.0,176.0,,-9,8342562
57.2276,2019-09-08 18:23:05.610946,246.0,192.0,178.0,206.0,212.0,286.0,220.0,176.0,,-9,8343181
57.2481,2019-09-08 18:23:05.622388,244.0,194.0,178.0,206.0,212.0,286.0,220.0,176.0,,-9,8342752
57.2595,2019-09-08 18:23:05.663000,244.0,192.0,178.0,204.0,222.0,174.0,288.0,288.0,,-9,8343098
57.3002,2019-09-08 18:23:05.671484,240.0,192.0,204.0,204.0,220.0,288.0,288.0,222.0,,-9,8344333
57.3086,2019-09-08 18:23:05.683756,238.0,190.0,178.0,204.0,222.0,176.0,210.0,174.0,,-9,8342883
57.3208,2019-09-08 18:23:05.700266,238.0,190.0,178.0,204.0,222.0,176.0,208.0,176.0,,-9,8343586
57.3374,2019-09-08 18:23:05.715684,236.0,190.0,176.0,202.0,222.0,176.0,210.0,222.0,,-9,8343337
57.3527,2019-09-08 18:23:05.731212,234.0,188.0,178.0,202.0,210.0,208.0,290.0,222.0,,-9,8343413
57.3683,2019-09-08 18:23:05.763157,232.0,188.0,178.0,202.0,174.0,176.0,208.0,176.0,,-9,8343769
57.4004,2019-09-08 18:23:05.774235,230.0,188.0,176.0,200.0,208.0,290.0,222.0,174.0,,-9,8343136
57.4115,2019-09-08 18:23:05.788140,226.0,188.0,178.0,200.0,290.0,222.0,290.0,222.0,,-9,8343482
57.4254,2019-09-08 18:23:05.797420,224.0,186.0,176.0,200.0,222.0,290.0,208.0,290.0,,-9,8343178
57.4345,2019-09-08 18:23:05.809051,222.0,186.0,178.0,200.0,208.0,290.0,222.0,176.0,,-9,8343683
57.4461,2019-09-08 18:23:05.824712,222.0,186.0,176.0,200.0,174.0,208.0,290.0,222.0,,-9,8343420
57.4618,2019-09-08 18:23:05.837995,220.0,186.0,176.0,200.0,208.0,176.0,208.0,290.0,,-9,8344112
57.4751,2019-09-08 18:23:05.873015,220.0,186.0,176.0,200.0,208.0,290.0,222.0,176.0,,-9,8343423
57.5101,2019-09-08 18:23:05.879610,218.0,186.0,176.0,198.0,222.0,176.0,208.0,288.0,,-9,8344133
57.5166,2019-09-08 18:23:05.886655,216.0,186.0,176.0,200.0,222.0,174.0,208.0,288.0,,-9,8343181
57.5238,2019-09-08 18:23:05.900215,198.0,186.0,176.0,200.0,210.0,288.0,222.0,176.0,,-9,8343797
57.5377,2019-09-08 18:23:05.916756,198.0,186.0,176.0,200.0,208.0,288.0,288.0,176.0,,-9,8343288
57.5538,2019-09-08 18:23:05.932384,198.0,186.0,176.0,200.0,210.0,210.0,288.0,210.0,,-9,8344212
57.5695,2019-09-08 18:23:05.955825,212.0,186.0,176.0,198.0,288.0,222.0,222.0,174.0,,-9,8343153
57.5929,2019-09-08 18:23:05.968475,212.0,186.0,176.0,198.0,222.0,288.0,222.0,174.0,,-9,8343368
57.6055,2019-09-08 18:23:05.981479,210.0,186.0,176.0,200.0,286.0,222.0,174.0,176.0,,-9,8343403
57.6186,2019-09-08 18:23:05.996631,210.0,186.0,176.0,200.0,210.0,174.0,286.0,286.0,,-9,8342593
57.6337,2019-09-08 18:23:06.008862,212.0,186.0,176.0,198.0,286.0,284.0,220.0,176.0,,-9,8343569
57.6457,2019-09-08 18:23:06.026345,210.0,186.0,176.0,200.0,174.0,284.0,220.0,220.0,,-9,8344095
57.6634,2019-09-08 18:23:06.038936,210.0,186.0,176.0,200.0,210.0,210.0,284.0,220.0,,-9,8343807
57.676,2019-09-08 18:23:06.076242,210.0,188.0,176.0,198.0,174.0,210.0,282.0,220.0,,-9,8343977
57.7133,2019-09-08 18:23:06.082785,210.0,188.0,176.0,200.0,174.0,210.0,218.0,218.0,,-9,8343181
57.7196,2019-09-08 18:23:06.089601,208.0,186.0,176.0,198.0,282.0,282.0,218.0,174.0,,-9,8344344
57.7264,2019-09-08 18:23:06.101998,208.0,186.0,176.0,198.0,210.0,280.0,218.0,174.0,,-9,8343603
57.7391,2019-09-08 18:23:06.118388,208.0,186.0,178.0,198.0,210.0,280.0,216.0,280.0,,-9,8344416
57.7555,2019-09-08 18:23:06.133182,206.0,186.0,176.0,198.0,210.0,218.0,174.0,174.0,,-9,8343243
57.7703,2019-09-08 18:23:06.146677,206.0,186.0,176.0,198.0,210.0,216.0,174.0,210.0,,-9,8343569
57.7841,2019-09-08 18:23:06.171577,206.0,186.0,176.0,198.0,210.0,278.0,216.0,174.0,,-9,8344423
57.8087,2019-09-08 18:23:06.183038,206.0,186.0,176.0,198.0,210.0,210.0,276.0,210.0,,-9,8344285
57.8201,2019-09-08 18:23:06.198373,206.0,186.0,176.0,198.0,210.0,210.0,276.0,216.0,,-9,8343991
57.8355,2019-09-08 18:23:06.215628,204.0,184.0,176.0,198.0,174.0,210.0,216.0,216.0,,-9,8344430
57.8527,2019-09-08 18:23:06.233271,206.0,186.0,176.0,204.0,216.0,174.0,216.0,174.0,,-9,8343524
57.8704,2019-09-08 18:23:06.247887,206.0,206.0,186.0,206.0,214.0,214.0,212.0,274.0,,-9,8343074
57.8852,2019-09-08 18:23:06.272981,206.0,206.0,176.0,198.0,214.0,174.0,214.0,272.0,,-9,8344413
57.9101,2019-09-08 18:23:06.279560,206.0,186.0,176.0,176.0,214.0,174.0,272.0,272.0,,-9,8344589
57.9166,2019-09-08 18:23:06.291331,206.0,186.0,206.0,186.0,174.0,270.0,270.0,214.0,,-9,8344077
57.9284,2019-09-08 18:23:06.305973,206.0,186.0,176.0,200.0,270.0,270.0,214.0,174.0,,-9,8344053
57.943,2019-09-08 18:23:06.324763,208.0,186.0,176.0,200.0,210.0,174.0,212.0,174.0,,-9,8343309
57.9618,2019-09-08 18:23:06.336427,208.0,186.0,176.0,200.0,174.0,212.0,174.0,212.0,,-9,8344091
57.9735,2019-09-08 18:23:06.356480,208.0,186.0,176.0,200.0,174.0,212.0,212.0,212.0,,-9,8343195
57.9938,2019-09-08 18:23:06.371392,208.0,186.0,176.0,200.0,212.0,264.0,264.0,212.0,,-9,8343461
58.0085,2019-09-08 18:23:06.383652,208.0,188.0,176.0,200.0,174.0,212.0,264.0,210.0,,-8,8343735
58.0209,2019-09-08 18:23:06.398065,210.0,188.0,176.0,200.0,210.0,262.0,212.0,262.0,,-8,8344482
58.0351,2019-09-08 18:23:06.413270,210.0,188.0,176.0,200.0,212.0,260.0,210.0,260.0,,-8,8343409
58.0503,2019-09-08 18:23:06.428323,212.0,188.0,176.0,200.0,214.0,260.0,210.0,214.0,,-8,8344063
58.0654,2019-09-08 18:23:06.443291,212.0,188.0,176.0,202.0,260.0,214.0,260.0,210.0,,-8,8343067
58.0804,2019-09-08 18:23:06.467858,202.0,188.0,176.0,200.0,258.0,260.0,210.0,174.0,,-8,8344454
58.1052,2019-09-08 18:23:06.496153,214.0,188.0,176.0,214.0,210.0,174.0,214.0,258.0,,-8,8343136
58.1334,2019-09-08 18:23:06.513923,214.0,188.0,176.0,202.0,210.0,174.0,214.0,258.0,,-8,8343614
58.151,2019-09-08 18:23:06.535357,216.0,188.0,176.0,202.0,210.0,174.0,216.0,214.0,,-8,8343392
58.1724,2019-09-08 18:23:06.542577,220.0,188.0,176.0,204.0,174.0,216.0,256.0,210.0,,-8,8343904
58.1796,2019-09-08 18:23:06.554290,220.0,188.0,178.0,204.0,174.0,216.0,254.0,210.0,,-8,8342704
58.1916,2019-09-08 18:23:06.574891,222.0,222.0,190.0,178.0,174.0,216.0,256.0,210.0,,-8,8343434
58.212,2019-09-08 18:23:06.586313,224.0,190.0,176.0,204.0,216.0,254.0,210.0,172.0,,-8,8343129
58.2234,2019-09-08 18:23:06.599787,226.0,190.0,176.0,204.0,252.0,210.0,174.0,218.0,,-8,8343534
58.237,2019-09-08 18:23:06.615696,228.0,190.0,178.0,204.0,208.0,172.0,218.0,208.0,,-8,8343406
58.2529,2019-09-08 18:23:06.632162,230.0,190.0,176.0,204.0,172.0,218.0,208.0,208.0,,-8,8344102
58.2692,2019-09-08 18:23:06.647954,230.0,190.0,176.0,204.0,218.0,252.0,208.0,174.0,,-8,8343662
58.285,2019-09-08 18:23:06.664419,230.0,190.0,176.0,204.0,218.0,250.0,208.0,172.0,,-8,8343012
58.3015,2019-09-08 18:23:06.684394,230.0,190.0,176.0,204.0,248.0,172.0,172.0,220.0,,-8,8342918
58.3215,2019-09-08 18:23:06.705148,228.0,190.0,178.0,204.0,208.0,172.0,218.0,246.0,,-8,8343205
58.3422,2019-09-08 18:23:06.717038,226.0,190.0,176.0,204.0,220.0,220.0,246.0,172.0,,-8,8342707
58.3543,2019-09-08 18:23:06.730336,224.0,190.0,176.0,204.0,172.0,220.0,244.0,208.0,,-8,8343181
58.3675,2019-09-08 18:23:06.740275,222.0,188.0,178.0,202.0,220.0,244.0,208.0,172.0,,-8,8343240
58.3775,2019-09-08 18:23:06.756320,218.0,188.0,178.0,202.0,244.0,208.0,172.0,220.0,,-8,8343212
58.3934,2019-09-08 18:23:06.781548,216.0,188.0,176.0,202.0,220.0,172.0,220.0,206.0,,-7,8342700
58.4186,2019-09-08 18:23:06.790242,214.0,188.0,178.0,202.0,172.0,220.0,242.0,206.0,,-7,8343306
58.4274,2019-09-08 18:23:06.810205,212.0,188.0,176.0,200.0,222.0,240.0,206.0,172.0,,-7,8342967
58.4474,2019-09-08 18:23:06.818846,212.0,188.0,178.0,200.0,206.0,172.0,222.0,240.0,,-7,8342704
58.4556,2019-09-08 18:23:06.836156,210.0,186.0,176.0,200.0,238.0,224.0,238.0,224.0,,-7,8342935
58.4729,2019-09-08 18:23:06.847097,210.0,186.0,176.0,200.0,206.0,172.0,224.0,236.0,,-7,8342956
58.4844,2019-09-08 18:23:06.861949,208.0,186.0,176.0,200.0,236.0,206.0,172.0,224.0,,-7,8342665
58.499,2019-09-08 18:23:06.883290,206.0,176.0,200.0,198.0,226.0,234.0,204.0,172.0,,-6,8343264
58.5205,2019-09-08 18:23:06.892633,204.0,176.0,200.0,200.0,226.0,234.0,204.0,172.0,,-6,8343257
58.5297,2019-09-08 18:23:06.908396,184.0,176.0,198.0,198.0,234.0,206.0,172.0,226.0,,-6,8342676
58.5455,2019-09-08 18:23:06.930420,184.0,176.0,198.0,198.0,206.0,172.0,206.0,232.0,,-6,8342444
58.5676,2019-09-08 18:23:06.962088,184.0,176.0,198.0,198.0,204.0,172.0,228.0,232.0,,-6,8342873
58.5989,2019-09-08 18:23:06.985215,184.0,176.0,198.0,198.0,172.0,228.0,232.0,206.0,,-6,8343686
58.6222,2019-09-08 18:23:06.998434,184.0,176.0,198.0,196.0,206.0,206.0,172.0,230.0,,-6,8343022
58.6352,2019-09-08 18:23:07.040051,184.0,182.0,176.0,196.0,230.0,230.0,206.0,172.0,,-6,8344015
58.6769,2019-09-08 18:23:07.058129,194.0,180.0,176.0,196.0,232.0,230.0,204.0,172.0,,-6,8344122
58.6949,2019-09-08 18:23:07.108537,176.0,180.0,176.0,196.0,222.0,256.0,222.0,208.0,,-5,8346963
58.7454,2019-09-08 18:23:07.116002,180.0,180.0,176.0,196.0,208.0,222.0,262.0,222.0,,-5,8347783
58.7529,2019-09-08 18:23:07.124705,180.0,180.0,176.0,196.0,210.0,172.0,268.0,224.0,,-5,8348382
58.7615,2019-09-08 18:23:07.138100,192.0,182.0,176.0,196.0,174.0,274.0,224.0,210.0,,-5,8349185
58.7749,2019-09-08 18:23:07.165195,196.0,182.0,176.0,196.0,224.0,210.0,210.0,172.0,,-5,8349780
58.802,2019-09-08 18:23:07.181265,192.0,180.0,176.0,196.0,228.0,212.0,174.0,316.0,,-5,8350212
58.8181,2019-09-08 18:23:07.194381,192.0,180.0,176.0,196.0,338.0,236.0,216.0,174.0,,-5,8353067
58.8313,2019-09-08 18:23:07.200838,192.0,182.0,176.0,194.0,174.0,354.0,238.0,360.0,,-5,8353648
58.8376,2019-09-08 18:23:07.216994,192.0,176.0,196.0,194.0,364.0,238.0,218.0,176.0,,-5,8354060
58.8539,2019-09-08 18:23:07.225641,192.0,178.0,176.0,192.0,218.0,174.0,378.0,240.0,,-5,8354641
58.8624,2019-09-08 18:23:07.248710,192.0,180.0,176.0,194.0,220.0,240.0,402.0,176.0,,-5,8356268
58.8855,2019-09-08 18:23:07.258229,176.0,196.0,176.0,196.0,406.0,408.0,242.0,220.0,,-5,8356212
58.895,2019-09-08 18:23:07.272232,176.0,196.0,178.0,196.0,420.0,242.0,220.0,174.0,,-5,8357621
58.909,2019-09-08 18:23:07.295281,192.0,180.0,176.0,196.0,432.0,174.0,174.0,434.0,,-6,8357161
58.9321,2019-09-08 18:23:07.304208,192.0,180.0,176.0,196.0,174.0,438.0,242.0,220.0,,-6,8357001
58.941,2019-09-08 18:23:07.318095,192.0,180.0,176.0,196.0,446.0,240.0,220.0,174.0,,-6,8356711
58.9549,2019-09-08 18:23:07.337471,194.0,180.0,176.0,194.0,454.0,238.0,220.0,220.0,,-6,8356060
58.9743,2019-09-08 18:23:07.357249,196.0,196.0,180.0,196.0,220.0,174.0,220.0,466.0,,-6,8354894
58.9941,2019-09-08 18:23:07.366184,198.0,180.0,176.0,198.0,236.0,220.0,174.0,470.0,,-6,8354866
59.003,2019-09-08 18:23:07.393871,202.0,180.0,176.0,196.0,220.0,232.0,476.0,230.0,,-6,8354157
59.0308,2019-09-08 18:23:07.400471,208.0,180.0,176.0,196.0,476.0,230.0,230.0,174.0,,-6,8353891
59.0375,2019-09-08 18:23:07.415085,224.0,182.0,176.0,180.0,228.0,218.0,174.0,480.0,,-6,8353399
59.0519,2019-09-08 18:23:07.431702,246.0,182.0,252.0,182.0,482.0,226.0,216.0,174.0,,-6,8353254
59.0688,2019-09-08 18:23:07.456762,274.0,276.0,182.0,178.0,490.0,174.0,494.0,222.0,,-6,8353655
59.0935,2019-09-08 18:23:07.468917,294.0,182.0,178.0,200.0,496.0,222.0,214.0,212.0,,-6,8353617
59.1059,2019-09-08 18:23:07.496357,310.0,182.0,200.0,200.0,174.0,222.0,212.0,212.0,,-6,8353257
59.1332,2019-09-08 18:23:07.503638,316.0,178.0,202.0,178.0,512.0,220.0,210.0,174.0,,-6,8353032
59.1406,2019-09-08 18:23:07.514349,184.0,202.0,324.0,184.0,220.0,220.0,208.0,172.0,,-6,8353067
59.1512,2019-09-08 18:23:07.532922,204.0,338.0,186.0,204.0,218.0,208.0,172.0,218.0,,-6,8352434
59.1697,2019-09-08 18:23:07.546721,360.0,186.0,178.0,206.0,172.0,172.0,526.0,218.0,,-6,8351306
59.1835,2019-09-08 18:23:07.566175,396.0,188.0,180.0,208.0,528.0,216.0,206.0,172.0,,-6,8351704
59.203,2019-09-08 18:23:07.579520,446.0,452.0,180.0,210.0,528.0,528.0,216.0,172.0,,-6,8350389
59.2163,2019-09-08 18:23:07.600762,502.0,506.0,190.0,214.0,216.0,206.0,172.0,530.0,,-6,8349541
59.2376,2019-09-08 18:23:07.613552,190.0,190.0,182.0,560.0,216.0,172.0,528.0,172.0,,-6,8348475
59.2504,2019-09-08 18:23:07.632729,582.0,220.0,590.0,220.0,206.0,526.0,216.0,206.0,,-6,8347544
59.2695,2019-09-08 18:23:07.647037,608.0,190.0,612.0,192.0,172.0,172.0,218.0,172.0,,-6,8347911
59.2838,2019-09-08 18:23:07.666542,192.0,192.0,192.0,222.0,172.0,218.0,208.0,208.0,,-6,8347281
59.3033,2019-09-08 18:23:07.679921,192.0,634.0,182.0,222.0,216.0,206.0,172.0,508.0,,-6,8347316
59.317,2019-09-08 18:23:07.706806,184.0,192.0,182.0,222.0,216.0,206.0,208.0,172.0,,-6,8347032
59.3438,2019-09-08 18:23:07.718475,622.0,192.0,184.0,222.0,216.0,206.0,172.0,492.0,,-6,8348389
59.3554,2019-09-08 18:23:07.728490,616.0,192.0,182.0,222.0,486.0,216.0,206.0,172.0,,-6,8346880
59.3654,2019-09-08 18:23:07.744380,612.0,190.0,182.0,220.0,474.0,206.0,172.0,468.0,,-6,8347493
59.3815,2019-09-08 18:23:07.762435,606.0,190.0,182.0,220.0,172.0,456.0,214.0,172.0,,-6,8349095
59.3993,2019-09-08 18:23:07.775469,600.0,190.0,182.0,598.0,204.0,172.0,434.0,212.0,,-5,8348292
59.4123,2019-09-08 18:23:07.802709,590.0,190.0,182.0,584.0,204.0,424.0,212.0,202.0,,-5,8348821
59.4395,2019-09-08 18:23:07.809335,564.0,188.0,180.0,552.0,382.0,208.0,200.0,172.0,,-5,8348821
59.4463,2019-09-08 18:23:07.821685,506.0,186.0,180.0,216.0,208.0,200.0,172.0,352.0,,-5,8348098
59.4585,2019-09-08 18:23:07.837725,178.0,214.0,444.0,186.0,198.0,172.0,170.0,204.0,,-5,8349122
59.4745,2019-09-08 18:23:07.853260,394.0,386.0,178.0,210.0,196.0,170.0,294.0,196.0,,-4,8348693
59.4905,2019-09-08 18:23:07.870173,336.0,184.0,178.0,208.0,284.0,202.0,196.0,170.0,,-4,8348918
59.5071,2019-09-08 18:23:07.887082,284.0,182.0,176.0,204.0,198.0,194.0,170.0,246.0,,-3,8348735
59.5243,2019-09-08 18:23:07.907141,246.0,182.0,176.0,202.0,194.0,194.0,218.0,192.0,,-3,8348984
59.544,2019-09-08 18:23:07.922882,222.0,182.0,176.0,200.0,214.0,170.0,210.0,192.0,,-2,8348375
59.56,2019-09-08 18:23:07.935047,208.0,182.0,176.0,200.0,168.0,194.0,170.0,194.0,,-2,8346984
59.5724,2019-09-08 18:23:07.946358,204.0,180.0,176.0,198.0,194.0,192.0,168.0,190.0,,-2,8344320
59.5832,2019-09-08 18:23:07.963229,204.0,180.0,176.0,198.0,186.0,184.0,184.0,190.0,,-2,8342821
59.6,2019-09-08 18:23:07.978004,202.0,180.0,176.0,202.0,180.0,182.0,188.0,168.0,,-1,8342998
59.6148,2019-09-08 18:23:07.994213,200.0,180.0,176.0,202.0,180.0,188.0,168.0,168.0,,-1,8342444
59.631,2019-09-08 18:23:08.011319,200.0,180.0,176.0,196.0,180.0,186.0,168.0,174.0,,-1,8342330
59.6484,2019-09-08 18:23:08.026587,200.0,176.0,176.0,180.0,186.0,168.0,186.0,180.0,,-1,8341807
59.6634,2019-09-08 18:23:08.043551,176.0,196.0,176.0,196.0,174.0,178.0,184.0,184.0,,0,8342330
59.6803,2019-09-08 18:23:08.056874,200.0,194.0,176.0,196.0,168.0,172.0,178.0,184.0,,0,8341915
59.6937,2019-09-08 18:23:08.071686,200.0,194.0,176.0,196.0,172.0,178.0,184.0,168.0,,0,8341520
59.7085,2019-09-08 18:23:08.117059,176.0,196.0,176.0,196.0,172.0,172.0,178.0,168.0,,0,8341537
59.7539,2019-09-08 18:23:08.123400,198.0,180.0,176.0,198.0,172.0,178.0,182.0,168.0,,0,8342389
59.7606,2019-09-08 18:23:08.136863,198.0,180.0,176.0,198.0,172.0,176.0,180.0,168.0,,0,8342233
59.7748,2019-09-08 18:23:08.153123,198.0,180.0,176.0,198.0,174.0,176.0,180.0,168.0,,0,8342122
59.7899,2019-09-08 18:23:08.172510,198.0,180.0,176.0,198.0,174.0,176.0,180.0,176.0,,0,8342164
59.8093,2019-09-08 18:23:08.184933,198.0,180.0,176.0,198.0,180.0,168.0,168.0,178.0,,0,8342230
59.8217,2019-09-08 18:23:08.209441,198.0,180.0,176.0,196.0,180.0,180.0,176.0,180.0,,1,8342157
59.8463,2019-09-08 18:23:08.221280,198.0,180.0,176.0,196.0,184.0,176.0,180.0,168.0,,1,8342527
59.8581,2019-09-08 18:23:08.227983,198.0,180.0,176.0,196.0,188.0,168.0,180.0,176.0,,1,8341897
59.8648,2019-09-08 18:23:08.243278,200.0,180.0,176.0,194.0,180.0,178.0,198.0,178.0,,1,8342108
59.8801,2019-09-08 18:23:08.256961,204.0,180.0,176.0,196.0,180.0,168.0,180.0,180.0,,1,8342582
59.8939,2019-09-08 18:23:08.274271,210.0,180.0,176.0,196.0,210.0,182.0,182.0,180.0,,1,8343499
59.9111,2019-09-08 18:23:08.288091,222.0,180.0,176.0,196.0,224.0,186.0,184.0,168.0,,1,8342226
59.9254,2019-09-08 18:23:08.316510,236.0,182.0,176.0,200.0,192.0,192.0,168.0,168.0,,0,8342513
59.9534,2019-09-08 18:23:08.325956,250.0,182.0,176.0,200.0,264.0,198.0,198.0,168.0,,0,8342932
59.9633,2019-09-08 18:23:08.336612,264.0,200.0,178.0,202.0,274.0,202.0,204.0,168.0,,0,8342589
59.9741,2019-09-08 18:23:08.348384,280.0,184.0,178.0,202.0,170.0,212.0,308.0,310.0,,-1,8342489
59.9855,2019-09-08 18:23:08.364266,310.0,184.0,204.0,204.0,172.0,222.0,220.0,222.0,,-1,8342437
60.0012,2019-09-08 18:23:08.379405,358.0,186.0,178.0,206.0,172.0,226.0,224.0,226.0,,-1,8342866
60.0165,2019-09-08 18:23:08.394799,414.0,186.0,178.0,210.0,174.0,342.0,236.0,232.0,,-2,8341510
60.0317,2019-09-08 18:23:08.418722,188.0,180.0,214.0,214.0,346.0,232.0,234.0,174.0,,-3,8342406
60.0556,2019-09-08 18:23:08.431813,190.0,180.0,216.0,216.0,350.0,240.0,234.0,174.0,,-3,8341679
60.0686,2019-09-08 18:23:08.440981,190.0,180.0,218.0,218.0,244.0,174.0,370.0,372.0,,-3,8341254
60.0778,2019-09-08 18:23:08.457584,568.0,192.0,180.0,222.0,240.0,176.0,240.0,244.0,,-4,8341714
60.0944,2019-09-08 18:23:08.482101,598.0,192.0,180.0,224.0,244.0,240.0,176.0,402.0,,-4,8341776
60.119,2019-09-08 18:23:08.488593,616.0,192.0,182.0,226.0,404.0,238.0,176.0,408.0,,-4,8342738
60.1255,2019-09-08 18:23:08.505796,626.0,194.0,182.0,228.0,412.0,244.0,238.0,244.0,,-4,8342932
60.1426,2019-09-08 18:23:08.528083,624.0,194.0,182.0,228.0,238.0,176.0,418.0,242.0,,-4,8342662
60.1649,2019-09-08 18:23:08.535895,616.0,194.0,228.0,228.0,176.0,426.0,242.0,234.0,,-5,8341489
60.1729,2019-09-08 18:23:08.549166,610.0,182.0,228.0,228.0,240.0,232.0,230.0,434.0,,-5,8342281
60.1862,2019-09-08 18:23:08.564975,604.0,182.0,228.0,228.0,438.0,238.0,438.0,174.0,,-5,8341496
60.2019,2019-09-08 18:23:08.582529,598.0,182.0,228.0,228.0,174.0,174.0,234.0,224.0,,-5,8341825
60.2194,2019-09-08 18:23:08.594718,194.0,182.0,228.0,228.0,446.0,446.0,234.0,448.0,,-5,8341977
60.2316,2019-09-08 18:23:08.619922,592.0,182.0,228.0,228.0,220.0,174.0,454.0,174.0,,-5,8342029
60.2568,2019-09-08 18:23:08.635551,590.0,182.0,228.0,230.0,230.0,456.0,230.0,174.0,,-5,8342752
60.2724,2019-09-08 18:23:08.644713,194.0,182.0,228.0,228.0,226.0,226.0,214.0,172.0,,-5,8342731
60.2815,2019-09-08 18:23:08.657137,578.0,196.0,182.0,228.0,224.0,224.0,224.0,224.0,,-5,8343112
60.2939,2019-09-08 18:23:08.673004,566.0,194.0,180.0,228.0,172.0,220.0,220.0,172.0,,-4,8342458
60.3102,2019-09-08 18:23:08.688778,194.0,194.0,180.0,224.0,210.0,210.0,172.0,448.0,,-4,8342396
60.326,2019-09-08 18:23:08.703348,482.0,192.0,180.0,222.0,208.0,172.0,172.0,438.0,,-4,8343133
60.3405,2019-09-08 18:23:08.727221,424.0,190.0,178.0,220.0,208.0,172.0,208.0,206.0,,-4,8342364
60.3642,2019-09-08 18:23:08.769541,368.0,190.0,178.0,216.0,172.0,172.0,208.0,206.0,,-3,8341845
60.407,2019-09-08 18:23:08.780268,186.0,178.0,210.0,210.0,380.0,198.0,200.0,170.0,,-3,8342839
60.4177,2019-09-08 18:23:08.790038,238.0,186.0,176.0,232.0,198.0,168.0,360.0,194.0,,-3,8342610
60.4273,2019-09-08 18:23:08.802071,176.0,208.0,176.0,208.0,170.0,352.0,192.0,170.0,,-3,8342271
60.4395,2019-09-08 18:23:08.820487,210.0,206.0,176.0,206.0,348.0,190.0,194.0,168.0,,-3,8342434
60.4577,2019-09-08 18:23:08.833491,176.0,204.0,176.0,204.0,334.0,332.0,188.0,192.0,,-3,8342195
60.4711,2019-09-08 18:23:08.844742,202.0,204.0,176.0,204.0,328.0,186.0,192.0,168.0,,-3,8343025
60.482,2019-09-08 18:23:08.856850,202.0,202.0,176.0,202.0,190.0,168.0,314.0,186.0,,-3,8342939
60.4942,2019-09-08 18:23:08.872608,176.0,200.0,176.0,200.0,184.0,190.0,184.0,190.0,,-3,8342766
60.5099,2019-09-08 18:23:08.887774,200.0,182.0,176.0,198.0,188.0,168.0,296.0,182.0,,-3,8343292
60.5251,2019-09-08 18:23:08.903626,198.0,180.0,176.0,198.0,294.0,182.0,188.0,168.0,,-3,8343614
60.5407,2019-09-08 18:23:08.955049,198.0,180.0,176.0,198.0,250.0,178.0,246.0,168.0,,-3,8343534
60.5924,2019-09-08 18:23:08.962004,196.0,180.0,176.0,198.0,178.0,184.0,178.0,178.0,,-3,8344233
60.5995,2019-09-08 18:23:08.972050,196.0,180.0,176.0,196.0,234.0,178.0,182.0,182.0,,-3,8345036
60.6095,2019-09-08 18:23:08.981558,196.0,180.0,176.0,196.0,168.0,178.0,182.0,166.0,,-3,8344413
60.619,2019-09-08 18:23:08.996045,194.0,180.0,176.0,196.0,176.0,182.0,168.0,212.0,,-3,8345517
60.6336,2019-09-08 18:23:09.009288,194.0,180.0,176.0,196.0,210.0,176.0,180.0,166.0,,-3,8345977
60.6468,2019-09-08 18:23:09.028297,196.0,180.0,176.0,196.0,180.0,168.0,204.0,166.0,,-3,8347330
60.666,2019-09-08 18:23:09.040500,194.0,180.0,176.0,196.0,176.0,180.0,168.0,192.0,,-3,8346949
60.6779,2019-09-08 18:23:09.061275,194.0,180.0,176.0,196.0,190.0,176.0,180.0,188.0,,-2,8347102
60.6991,2019-09-08 18:23:09.075390,194.0,180.0,176.