time_index,time_stamp,L1,L2,L3,L4,R1,R2,R3,R4,Futek,ENC2
0.0005,2019-09-08 18:25:12.296915,232.0,212.0,186.0,232.0,336.0,226.0,222.0,222.0,,-11,8350638
0.5953,2019-09-08 18:25:12.334461,362.0,210.0,186.0,210.0,334.0,334.0,228.0,222.0,,-11,8350403
0.6329,2019-09-08 18:25:12.340858,364.0,210.0,364.0,364.0,332.0,228.0,224.0,176.0,,-11,8350991
0.6393,2019-09-08 18:25:12.367400,364.0,210.0,364.0,364.0,224.0,176.0,222.0,178.0,,-11,8350679
0.6659,2019-09-08 18:25:12.465249,364.0,210.0,186.0,230.0,330.0,230.0,224.0,176.0,,-11,8350583
0.7637,2019-09-08 18:25:12.473767,366.0,210.0,186.0,186.0,330.0,230.0,330.0,330.0,,-11,8349787
0.7722,2019-09-08 18:25:12.480043,366.0,366.0,210.0,210.0,226.0,176.0,328.0,326.0,,-11,8350036
0.7787,2019-09-08 18:25:12.490834,366.0,210.0,232.0,366.0,176.0,326.0,232.0,226.0,,-11,8349981
0.7892,2019-09-08 18:25:12.504391,186.0,232.0,186.0,232.0,176.0,328.0,232.0,176.0,,-11,8349423
0.8028,2019-09-08 18:25:12.536277,232.0,210.0,186.0,366.0,176.0,328.0,176.0,226.0,,-11,8349977
0.8347,2019-09-08 18:25:12.547977,366.0,210.0,186.0,186.0,326.0,232.0,224.0,176.0,,-11,8350053
0.8463,2019-09-08 18:25:12.561709,368.0,210.0,186.0,232.0,326.0,326.0,232.0,226.0,,-11,8350192
0.8601,2019-09-08 18:25:12.567969,366.0,210.0,186.0,234.0,232.0,224.0,178.0,176.0,,-11,8349645
0.8663,2019-09-08 18:25:12.586639,368.0,368.0,210.0,368.0,226.0,226.0,326.0,232.0,,-11,8349811
0.8852,2019-09-08 18:25:12.599589,366.0,212.0,210.0,212.0,226.0,176.0,226.0,176.0,,-11,8349143
0.898,2019-09-08 18:25:12.630834,366.0,212.0,186.0,232.0,226.0,232.0,176.0,326.0,,-11,8349821
0.9292,2019-09-08 18:25:12.657328,368.0,212.0,186.0,232.0,226.0,178.0,226.0,326.0,,-11,8349420
0.9558,2019-09-08 18:25:12.663875,368.0,212.0,186.0,234.0,234.0,178.0,234.0,226.0,,-11,8349513
0.9622,2019-09-08 18:25:12.680036,368.0,186.0,234.0,234.0,178.0,326.0,326.0,226.0,,-11,8348738
0.9786,2019-09-08 18:25:12.699536,368.0,212.0,186.0,232.0,326.0,176.0,226.0,178.0,,-11,8349942
0.9979,2019-09-08 18:25:12.715427,368.0,212.0,186.0,232.0,326.0,234.0,226.0,176.0,,-11,8349579
1.0138,2019-09-08 18:25:12.743302,186.0,234.0,186.0,234.0,326.0,234.0,226.0,178.0,,-11,8349171
1.0417,2019-09-08 18:25:12.749596,368.0,232.0,186.0,234.0,226.0,176.0,326.0,176.0,,-11,8349261
1.048,2019-09-08 18:25:12.762182,212.0,212.0,186.0,232.0,234.0,176.0,178.0,326.0,,-11,8349025
1.0606,2019-09-08 18:25:12.776100,368.0,232.0,186.0,234.0,226.0,178.0,226.0,326.0,,-11,8349503
1.0745,2019-09-08 18:25:12.793820,212.0,212.0,186.0,232.0,176.0,176.0,326.0,232.0,,-11,8349188
1.0922,2019-09-08 18:25:12.806572,186.0,212.0,186.0,232.0,178.0,226.0,178.0,234.0,,-11,8349285
1.1049,2019-09-08 18:25:12.822526,186.0,234.0,186.0,234.0,226.0,224.0,176.0,326.0,,-11,8348873
1.121,2019-09-08 18:25:12.839832,368.0,232.0,186.0,234.0,232.0,178.0,226.0,226.0,,-11,8349617
1.1382,2019-09-08 18:25:12.854080,368.0,214.0,186.0,234.0,226.0,224.0,232.0,328.0,,-11,8349192
1.1525,2019-09-08 18:25:12.872355,368.0,186.0,186.0,186.0,176.0,328.0,328.0,232.0,,-11,8349316
1.1708,2019-09-08 18:25:12.890206,368.0,368.0,186.0,234.0,328.0,232.0,328.0,232.0,,-11,8348371
1.1888,2019-09-08 18:25:12.904640,234.0,366.0,214.0,366.0,176.0,328.0,226.0,224.0,,-11,8348821
1.2032,2019-09-08 18:25:12.925362,366.0,214.0,186.0,366.0,176.0,224.0,178.0,232.0,,-11,8348963
1.2237,2019-09-08 18:25:12.941168,366.0,214.0,186.0,234.0,328.0,176.0,330.0,232.0,,-11,8349074
1.2396,2019-09-08 18:25:12.954130,212.0,212.0,188.0,234.0,232.0,232.0,224.0,176.0,,-11,8348358
1.2525,2019-09-08 18:25:12.965849,364.0,214.0,186.0,234.0,224.0,226.0,330.0,328.0,,-11,8348510
1.2642,2019-09-08 18:25:12.981952,234.0,212.0,186.0,234.0,224.0,224.0,330.0,328.0,,-11,8347925
1.2803,2019-09-08 18:25:13.004102,186.0,186.0,186.0,362.0,176.0,330.0,232.0,224.0,,-11,8348119
1.3025,2019-09-08 18:25:13.018787,212.0,186.0,186.0,234.0,232.0,224.0,232.0,330.0,,-11,8348541
1.3171,2019-09-08 18:25:13.059956,214.0,186.0,360.0,360.0,176.0,176.0,330.0,226.0,,-11,8347773
1.3585,2019-09-08 18:25:13.069153,360.0,212.0,360.0,214.0,330.0,226.0,178.0,224.0,,-11,8348185
1.3675,2019-09-08 18:25:13.078713,236.0,212.0,358.0,358.0,232.0,226.0,176.0,330.0,,-11,8348441
1.3772,2019-09-08 18:25:13.094777,358.0,214.0,186.0,358.0,232.0,176.0,330.0,232.0,,-11,8347835
1.3934,2019-09-08 18:25:13.104850,356.0,214.0,186.0,236.0,226.0,232.0,176.0,330.0,,-11,8348119
1.4032,2019-09-08 18:25:13.118676,356.0,212.0,186.0,236.0,226.0,176.0,176.0,226.0,,-11,8348247
1.417,2019-09-08 18:25:13.145223,356.0,212.0,186.0,236.0,178.0,226.0,234.0,328.0,,-11,8348420
1.4436,2019-09-08 18:25:13.151516,186.0,212.0,186.0,236.0,176.0,328.0,178.0,328.0,,-11,8348247
1.4499,2019-09-08 18:25:13.172103,360.0,214.0,186.0,236.0,234.0,178.0,328.0,226.0,,-11,8347859
1.4705,2019-09-08 18:25:13.185448,186.0,236.0,236.0,236.0,226.0,178.0,328.0,234.0,,-11,8347666
1.484,2019-09-08 18:25:13.200744,186.0,212.0,186.0,212.0,326.0,234.0,228.0,178.0,,-11,8348160
1.4991,2019-09-08 18:25:13.214199,186.0,212.0,364.0,212.0,178.0,326.0,178.0,178.0,,-11,8347918
1.5126,2019-09-08 18:25:13.256721,366.0,212.0,212.0,186.0,178.0,324.0,178.0,228.0,,-11,8348233
1.5551,2019-09-08 18:25:13.263071,368.0,368.0,186.0,186.0,236.0,228.0,176.0,324.0,,-11,8348645
1.5615,2019-09-08 18:25:13.272199,368.0,368.0,212.0,186.0,324.0,236.0,228.0,176.0,,-11,8348219
1.5706,2019-09-08 18:25:13.282754,368.0,368.0,212.0,234.0,324.0,236.0,178.0,324.0,,-11,8347932
1.5811,2019-09-08 18:25:13.303269,368.0,368.0,186.0,234.0,236.0,178.0,324.0,236.0,,-12,8347762
1.6017,2019-09-08 18:25:13.321344,368.0,368.0,186.0,234.0,228.0,178.0,228.0,178.0,,-12,8347960
1.6199,2019-09-08 18:25:13.354759,368.0,368.0,212.0,186.0,324.0,178.0,236.0,236.0,,-12,8347278
1.6532,2019-09-08 18:25:13.361251,368.0,210.0,186.0,234.0,228.0,178.0,324.0,236.0,,-12,8348147
1.6596,2019-09-08 18:25:13.371020,368.0,212.0,186.0,368.0,228.0,178.0,178.0,324.0,,-12,8347804
1.6694,2019-09-08 18:25:13.383681,368.0,210.0,186.0,234.0,324.0,234.0,178.0,324.0,,-12,8347437
1.6821,2019-09-08 18:25:13.397773,368.0,212.0,368.0,212.0,178.0,326.0,234.0,228.0,,-12,8347610
1.6964,2019-09-08 18:25:13.413756,368.0,212.0,212.0,186.0,228.0,226.0,176.0,324.0,,-12,8347866
1.7121,2019-09-08 18:25:13.431002,366.0,210.0,186.0,234.0,324.0,234.0,176.0,178.0,,-12,8348091
1.7294,2019-09-08 18:25:13.454733,366.0,212.0,186.0,234.0,326.0,234.0,228.0,178.0,,-12,8347185
1.7533,2019-09-08 18:25:13.469426,366.0,212.0,186.0,234.0,226.0,178.0,326.0,226.0,,-12,8346839
1.7678,2019-09-08 18:25:13.481683,368.0,368.0,212.0,186.0,232.0,226.0,176.0,328.0,,-12,8348309
1.7801,2019-09-08 18:25:13.496377,368.0,366.0,186.0,212.0,226.0,178.0,328.0,178.0,,-12,8349122
1.7949,2019-09-08 18:25:13.513427,366.0,212.0,212.0,186.0,226.0,178.0,328.0,176.0,,-12,8347344
1.8119,2019-09-08 18:25:13.628297,366.0,366.0,212.0,186.0,226.0,176.0,226.0,328.0,,-12,8347704
1.9267,2019-09-08 18:25:13.638953,234.0,212.0,364.0,212.0,176.0,332.0,228.0,176.0,,-12,8348794
1.9373,2019-09-08 18:25:13.662603,364.0,362.0,186.0,186.0,332.0,230.0,224.0,176.0,,-12,8348403
1.9611,2019-09-08 18:25:13.676863,362.0,362.0,186.0,186.0,332.0,176.0,334.0,332.0,,-12,8348250
1.9754,2019-09-08 18:25:13.683322,362.0,364.0,186.0,362.0,176.0,332.0,228.0,222.0,,-12,8347738
1.9817,2019-09-08 18:25:13.695529,212.0,186.0,234.0,234.0,332.0,224.0,176.0,332.0,,-12,8348385
1.9939,2019-09-08 18:25:13.710380,362.0,362.0,212.0,186.0,176.0,332.0,222.0,332.0,,-12,8348932
2.009,2019-09-08 18:25:13.727965,362.0,212.0,186.0,234.0,332.0,176.0,332.0,228.0,,-12,8347911
2.0263,2019-09-08 18:25:13.744098,362.0,212.0,186.0,234.0,224.0,176.0,332.0,228.0,,-12,8347638
2.0425,2019-09-08 18:25:13.763397,362.0,212.0,186.0,234.0,176.0,332.0,228.0,224.0,,-12,8348541
2.0618,2019-09-08 18:25:13.795976,362.0,212.0,186.0,234.0,176.0,332.0,226.0,224.0,,-12,8348347
2.0945,2019-09-08 18:25:13.802421,362.0,234.0,186.0,234.0,176.0,226.0,228.0,224.0,,-12,8349043
2.1008,2019-09-08 18:25:13.814263,186.0,234.0,186.0,234.0,176.0,332.0,224.0,226.0,,-12,8349171
2.1127,2019-09-08 18:25:13.826288,366.0,234.0,186.0,234.0,226.0,176.0,330.0,226.0,,-12,8348517
2.1247,2019-09-08 18:25:13.844536,366.0,212.0,186.0,366.0,330.0,226.0,176.0,176.0,,-12,8348756
2.1429,2019-09-08 18:25:13.917597,366.0,212.0,366.0,234.0,226.0,330.0,226.0,226.0,,-12,8349150
2.216,2019-09-08 18:25:13.991328,366.0,212.0,186.0,234.0,226.0,224.0,176.0,330.0,,-12,8348894
2.2899,2019-09-08 18:25:14.000653,364.0,212.0,186.0,234.0,226.0,328.0,176.0,328.0,,-12,8349365
2.299,2019-09-08 18:25:14.029572,212.0,186.0,234.0,366.0,176.0,328.0,226.0,224.0,,-12,8349399
2.3279,2019-09-08 18:25:14.038486,186.0,212.0,186.0,234.0,324.0,326.0,228.0,224.0,,-12,8349534
2.3368,2019-09-08 18:25:14.087362,364.0,212.0,364.0,234.0,224.0,224.0,324.0,228.0,,-12,8349074
2.3857,2019-09-08 18:25:14.102266,362.0,212.0,364.0,214.0,228.0,224.0,324.0,324.0,,-12,8349842
2.4006,2019-09-08 18:25:14.108721,364.0,212.0,186.0,234.0,322.0,176.0,322.0,224.0,,-12,8349205
2.4071,2019-09-08 18:25:14.136383,364.0,214.0,186.0,234.0,226.0,176.0,322.0,322.0,,-12,8348873
2.4348,2019-09-08 18:25:14.142687,234.0,212.0,186.0,234.0,226.0,224.0,178.0,176.0,,-12,8348873
2.4412,2019-09-08 18:25:14.170278,234.0,212.0,186.0,234.0,176.0,322.0,228.0,226.0,,-12,8349413
2.4688,2019-09-08 18:25:14.179572,364.0,212.0,186.0,236.0,176.0,320.0,228.0,226.0,,-12,8349288
2.4779,2019-09-08 18:25:14.190771,364.0,212.0,186.0,236.0,178.0,320.0,230.0,226.0,,-12,8349925
2.4893,2019-09-08 18:25:14.204132,234.0,212.0,186.0,236.0,176.0,318.0,226.0,226.0,,-12,8349185
2.5027,2019-09-08 18:25:14.221816,364.0,212.0,186.0,234.0,178.0,230.0,226.0,178.0,,-12,8349039
2.5204,2019-09-08 18:25:14.235904,364.0,212.0,186.0,234.0,316.0,230.0,226.0,176.0,,-12,8349347
2.5343,2019-09-08 18:25:14.255538,366.0,212.0,186.0,236.0,316.0,316.0,230.0,176.0,,-12,8349576
2.554,2019-09-08 18:25:14.274167,364.0,212.0,186.0,234.0,176.0,230.0,226.0,176.0,,-12,8349489
2.5725,2019-09-08 18:25:14.283919,366.0,212.0,186.0,236.0,314.0,230.0,178.0,314.0,,-12,8349766
2.5825,2019-09-08 18:25:14.297833,366.0,212.0,186.0,236.0,314.0,230.0,228.0,312.0,,-12,8348956
2.5962,2019-09-08 18:25:14.316870,366.0,212.0,186.0,366.0,230.0,226.0,312.0,312.0,,-12,8350333
2.6153,2019-09-08 18:25:14.331343,212.0,186.0,366.0,234.0,230.0,176.0,312.0,312.0,,-12,8349226
2.6297,2019-09-08 18:25:14.352951,366.0,212.0,186.0,234.0,228.0,178.0,312.0,232.0,,-12,8350029
2.6513,2019-09-08 18:25:14.496056,366.0,186.0,366.0,212.0,228.0,178.0,232.0,228.0,,-12,8349015
2.7944,2019-09-08 18:25:14.760004,366.0,212.0,366.0,212.0,308.0,228.0,176.0,308.0,,-11,8349704
3.0586,2019-09-08 18:25:14.774882,368.0,212.0,186.0,234.0,230.0,228.0,176.0,176.0,,-11,8348787
3.0733,2019-09-08 18:25:14.781949,368.0,212.0,186.0,234.0,310.0,232.0,228.0,178.0,,-11,8349320
3.0805,2019-09-08 18:25:14.802720,186.0,212.0,186.0,234.0,310.0,232.0,178.0,178.0,,-11,8349756
3.1013,2019-09-08 18:25:14.809146,368.0,212.0,186.0,234.0,310.0,232.0,228.0,178.0,,-11,8348500
3.1075,2019-09-08 18:25:14.816620,186.0,212.0,186.0,234.0,312.0,228.0,178.0,312.0,,-11,8348887
3.115,2019-09-08 18:25:14.835840,368.0,212.0,186.0,234.0,228.0,232.0,228.0,178.0,,-11,8349198
3.1342,2019-09-08 18:25:14.864825,186.0,212.0,234.0,234.0,228.0,228.0,228.0,312.0,,-11,8348987
3.1632,2019-09-08 18:25:14.954073,212.0,186.0,234.0,212.0,232.0,228.0,178.0,178.0,,-11,8348333
3.2525,2019-09-08 18:25:14.960363,366.0,212.0,186.0,234.0,232.0,178.0,312.0,312.0,,-11,8349015
3.259,2019-09-08 18:25:15.050814,366.0,212.0,186.0,234.0,228.0,176.0,232.0,228.0,,-11,8348821
3.3492,2019-09-08 18:25:15.058227,366.0,212.0,186.0,234.0,228.0,314.0,314.0,228.0,,-11,8348333
3.3566,2019-09-08 18:25:15.103105,366.0,212.0,186.0,366.0,228.0,178.0,314.0,234.0,,-11,8348420
3.4015,2019-09-08 18:25:15.137655,366.0,212.0,186.0,366.0,234.0,228.0,234.0,178.0,,-11,8348333
3.436,2019-09-08 18:25:15.144924,366.0,212.0,186.0,234.0,316.0,316.0,228.0,178.0,,-11,8348593
3.4433,2019-09-08 18:25:15.167080,366.0,212.0,186.0,212.0,316.0,234.0,230.0,178.0,,-11,8348877
3.4658,2019-09-08 18:25:15.204048,368.0,212.0,186.0,234.0,178.0,234.0,232.0,178.0,,-11,8348046
3.5024,2019-09-08 18:25:15.210333,366.0,212.0,186.0,234.0,228.0,178.0,318.0,234.0,,-11,8348693
3.5091,2019-09-08 18:25:15.221552,368.0,186.0,234.0,234.0,234.0,234.0,228.0,178.0,,-11,8348617
3.52,2019-09-08 18:25:15.236492,186.0,234.0,186.0,234.0,228.0,178.0,318.0,232.0,,-11,8347842
3.5349,2019-09-08 18:25:15.255421,368.0,212.0,366.0,234.0,228.0,178.0,320.0,234.0,,-11,8347759
3.554,2019-09-08 18:25:15.269958,368.0,212.0,234.0,234.0,228.0,176.0,318.0,234.0,,-11,8347839
3.5684,2019-09-08 18:25:15.319973,368.0,234.0,186.0,234.0,228.0,178.0,232.0,232.0,,-11,8348340
3.6185,2019-09-08 18:25:15.346933,368.0,212.0,186.0,234.0,228.0,178.0,318.0,234.0,,-11,8348212
3.6454,2019-09-08 18:25:15.353376,368.0,212.0,186.0,366.0,178.0,318.0,320.0,228.0,,-11,8347915
3.6518,2019-09-08 18:25:15.417125,366.0,212.0,186.0,366.0,234.0,320.0,176.0,228.0,,-11,8347873
3.7155,2019-09-08 18:25:15.423502,366.0,212.0,186.0,234.0,178.0,318.0,232.0,228.0,,-11,8348655
3.7219,2019-09-08 18:25:15.434796,368.0,212.0,186.0,234.0,178.0,318.0,228.0,234.0,,-11,8348309
3.7332,2019-09-08 18:25:15.452181,366.0,212.0,368.0,234.0,318.0,234.0,228.0,178.0,,-11,8348292
3.7507,2019-09-08 18:25:15.471649,368.0,212.0,366.0,210.0,320.0,178.0,228.0,176.0,,-11,8348423
3.7701,2019-09-08 18:25:15.504286,368.0,186.0,210.0,234.0,320.0,176.0,228.0,178.0,,-11,8347489
3.8028,2019-09-08 18:25:15.510893,368.0,212.0,234.0,234.0,234.0,228.0,178.0,318.0,,-11,8348212
3.8101,2019-09-08 18:25:15.525910,368.0,212.0,186.0,234.0,232.0,228.0,178.0,234.0,,-11,8348461
3.8251,2019-09-08 18:25:15.565522,186.0,368.0,212.0,234.0,318.0,234.0,228.0,178.0,,-11,8348067
3.8647,2019-09-08 18:25:15.572729,368.0,212.0,186.0,186.0,178.0,320.0,234.0,228.0,,-11,8347631
3.8712,2019-09-08 18:25:15.592258,234.0,368.0,186.0,234.0,178.0,234.0,234.0,228.0,,-11,8347693
3.8907,2019-09-08 18:25:15.613371,368.0,212.0,186.0,234.0,320.0,320.0,234.0,178.0,,-11,8348019
3.9118,2019-09-08 18:25:15.619826,368.0,234.0,186.0,234.0,320.0,176.0,320.0,234.0,,-11,8347880
3.9182,2019-09-08 18:25:15.630076,368.0,212.0,186.0,234.0,228.0,234.0,234.0,228.0,,-11,8348420
3.9286,2019-09-08 18:25:15.648084,368.0,212.0,186.0,234.0,178.0,320.0,234.0,228.0,,-11,8347904
3.9465,2019-09-08 18:25:15.668714,212.0,186.0,186.0,234.0,178.0,234.0,228.0,228.0,,-11,8348219
3.9671,2019-09-08 18:25:15.684425,368.0,212.0,186.0,234.0,178.0,234.0,178.0,320.0,,-11,8348046
3.9828,2019-09-08 18:25:15.707651,234.0,186.0,234.0,234.0,318.0,234.0,178.0,320.0,,-11,8347932
4.0063,2019-09-08 18:25:15.720250,234.0,186.0,234.0,234.0,234.0,228.0,228.0,178.0,,-11,8347967
4.0188,2019-09-08 18:25:15.738353,368.0,212.0,186.0,234.0,320.0,234.0,228.0,178.0,,-11,8348472
4.0367,2019-09-08 18:25:15.753680,366.0,212.0,186.0,234.0,234.0,228.0,178.0,320.0,,-11,8347579
4.0522,2019-09-08 18:25:15.767547,368.0,212.0,368.0,234.0,230.0,178.0,320.0,320.0,,-11,8347655
4.0661,2019-09-08 18:25:15.786070,366.0,366.0,186.0,234.0,234.0,228.0,178.0,320.0,,-11,8347676
4.0844,2019-09-08 18:25:15.881343,368.0,366.0,186.0,234.0,228.0,178.0,318.0,234.0,,-11,8347987
4.1797,2019-09-08 18:25:15.891399,366.0,212.0,186.0,234.0,228.0,178.0,228.0,178.0,,-11,8348486
4.1898,2019-09-08 18:25:15.917644,366.0,212.0,186.0,234.0,318.0,178.0,320.0,234.0,,-11,8348074
4.216,2019-09-08 18:25:15.924715,366.0,212.0,186.0,234.0,176.0,320.0,320.0,228.0,,-11,8347870
4.2232,2019-09-08 18:25:15.935422,366.0,212.0,186.0,234.0,178.0,318.0,234.0,228.0,,-11,8348202
4.234,2019-09-08 18:25:15.949675,366.0,234.0,186.0,234.0,178.0,320.0,234.0,178.0,,-11,8348012
4.248,2019-09-08 18:25:15.960984,366.0,212.0,366.0,212.0,320.0,234.0,318.0,234.0,,-11,8348534
4.2596,2019-09-08 18:25:15.974915,234.0,366.0,186.0,234.0,320.0,234.0,228.0,176.0,,-11,8348067
4.2734,2019-09-08 18:25:15.991144,234.0,212.0,186.0,234.0,318.0,176.0,234.0,228.0,,-11,8348711
4.2895,2019-09-08 18:25:16.011945,366.0,212.0,366.0,212.0,228.0,178.0,228.0,178.0,,-11,8347762
4.3105,2019-09-08 18:25:16.025522,366.0,212.0,234.0,186.0,320.0,234.0,228.0,228.0,,-11,8348413
4.3239,2019-09-08 18:25:16.040705,212.0,186.0,186.0,186.0,234.0,318.0,178.0,230.0,,-11,8348254
4.3391,2019-09-08 18:25:16.059308,366.0,212.0,186.0,234.0,234.0,234.0,176.0,318.0,,-11,8348216
4.3579,2019-09-08 18:25:16.073882,366.0,234.0,186.0,366.0,228.0,178.0,318.0,234.0,,-11,8348084
4.3722,2019-09-08 18:25:16.088407,366.0,212.0,186.0,234.0,228.0,178.0,318.0,234.0,,-11,8347621
4.3868,2019-09-08 18:25:16.117161,366.0,212.0,366.0,212.0,178.0,318.0,234.0,234.0,,-11,8349434
4.4157,2019-09-08 18:25:16.125894,366.0,366.0,186.0,234.0,176.0,318.0,234.0,230.0,,-11,8348050
4.4243,2019-09-08 18:25:16.141054,186.0,212.0,186.0,234.0,178.0,178.0,318.0,234.0,,-11,8348994
4.4394,2019-09-08 18:25:16.153733,186.0,234.0,366.0,212.0,318.0,234.0,230.0,176.0,,-11,8348043
4.4521,2019-09-08 18:25:16.172742,366.0,212.0,366.0,234.0,318.0,234.0,230.0,178.0,,-11,8348032
4.4713,2019-09-08 18:25:16.190677,366.0,212.0,212.0,186.0,318.0,234.0,230.0,178.0,,-11,8348005
4.489,2019-09-08 18:25:16.231012,366.0,212.0,186.0,366.0,234.0,318.0,234.0,316.0,,-11,8348164
4.5294,2019-09-08 18:25:16.245356,366.0,186.0,186.0,186.0,234.0,230.0,178.0,316.0,,-11,8348271
4.5438,2019-09-08 18:25:16.252422,186.0,234.0,186.0,186.0,234.0,230.0,178.0,316.0,,-11,8348479
4.5508,2019-09-08 18:25:16.268808,366.0,212.0,366.0,212.0,316.0,236.0,230.0,316.0,,-11,8348095
4.5674,2019-09-08 18:25:16.276451,366.0,212.0,186.0,234.0,230.0,178.0,316.0,178.0,,-11,8348223
4.5748,2019-09-08 18:25:16.288626,234.0,212.0,186.0,234.0,316.0,234.0,316.0,234.0,,-11,8348025
4.587,2019-09-08 18:25:16.311628,366.0,212.0,186.0,236.0,230.0,178.0,234.0,230.0,,-11,8347807
4.61,2019-09-08 18:25:16.337158,186.0,212.0,186.0,234.0,234.0,230.0,178.0,314.0,,-11,8348731
4.6355,2019-09-08 18:25:16.344526,186.0,212.0,186.0,236.0,316.0,316.0,230.0,178.0,,-11,8347711
4.6429,2019-09-08 18:25:16.358385,212.0,186.0,234.0,236.0,230.0,178.0,314.0,236.0,,-11,8348863
4.6567,2019-09-08 18:25:16.380298,366.0,212.0,186.0,236.0,316.0,234.0,230.0,178.0,,-11,8348240
4.6788,2019-09-08 18:25:16.390132,366.0,366.0,212.0,366.0,236.0,230.0,230.0,314.0,,-11,8348638
4.6886,2019-09-08 18:25:16.406000,186.0,234.0,184.0,236.0,314.0,230.0,230.0,178.0,,-11,8347984
4.7044,2019-09-08 18:25:16.426320,366.0,212.0,184.0,236.0,314.0,230.0,178.0,314.0,,-11,8348316
4.7247,2019-09-08 18:25:16.437031,366.0,212.0,366.0,212.0,178.0,230.0,178.0,314.0,,-11,8348178
4.7354,2019-09-08 18:25:16.452740,212.0,184.0,236.0,366.0,230.0,178.0,178.0,314.0,,-11,8348171
4.7511,2019-09-08 18:25:16.468789,366.0,212.0,186.0,236.0,232.0,236.0,314.0,178.0,,-11,8347918
4.7672,2019-09-08 18:25:16.490839,366.0,212.0,184.0,236.0,232.0,314.0,312.0,236.0,,-11,8348029
4.7892,2019-09-08 18:25:16.501430,366.0,212.0,184.0,236.0,232.0,178.0,312.0,232.0,,-11,8348368
4.7998,2019-09-08 18:25:16.527566,366.0,212.0,184.0,236.0,236.0,236.0,236.0,232.0,,-11,8347949
4.8259,2019-09-08 18:25:16.544643,366.0,236.0,184.0,366.0,178.0,312.0,236.0,232.0,,-11,8348292
4.843,2019-09-08 18:25:16.553417,366.0,236.0,184.0,236.0,232.0,236.0,232.0,178.0,,-11,8347697
4.8518,2019-09-08 18:25:16.566070,366.0,212.0,184.0,236.0,236.0,236.0,232.0,178.0,,-11,8348150
4.8644,2019-09-08 18:25:16.580484,366.0,212.0,184.0,236.0,312.0,236.0,232.0,232.0,,-11,8347742
4.879,2019-09-08 18:25:16.597524,366.0,184.0,236.0,236.0,312.0,236.0,232.0,178.0,,-11,8348278
4.8959,2019-09-08 18:25:16.641508,364.0,366.0,212.0,366.0,178.0,236.0,232.0,232.0,,-11,8348299
4.9401,2019-09-08 18:25:16.658727,236.0,212.0,364.0,364.0,236.0,232.0,178.0,310.0,,-11,8348299
4.9571,2019-09-08 18:25:16.666731,364.0,212.0,212.0,184.0,310.0,238.0,232.0,178.0,,-11,8347724
4.9653,2019-09-08 18:25:16.682439,364.0,364.0,212.0,184.0,310.0,178.0,232.0,238.0,,-11,8348167
4.981,2019-09-08 18:25:16.700709,364.0,212.0,184.0,364.0,238.0,178.0,308.0,238.0,,-11,8348005
4.9992,2019-09-08 18:25:16.749590,364.0,212.0,184.0,362.0,232.0,178.0,310.0,238.0,,-11,8348147
5.048,2019-09-08 18:25:16.756413,236.0,212.0,184.0,236.0,178.0,178.0,308.0,234.0,,-11,8348659
5.0548,2019-09-08 18:25:16.767348,184.0,212.0,184.0,214.0,178.0,308.0,238.0,234.0,,-11,8348607
5.0659,2019-09-08 18:25:16.781415,184.0,364.0,214.0,184.0,178.0,308.0,238.0,234.0,,-11,8347807
5.0799,2019-09-08 18:25:16.796134,364.0,212.0,184.0,236.0,308.0,238.0,234.0,178.0,,-11,8348427
5.0946,2019-09-08 18:25:16.815294,364.0,214.0,184.0,236.0,178.0,308.0,238.0,234.0,,-11,8348306
5.1137,2019-09-08 18:25:16.839044,364.0,212.0,184.0,364.0,178.0,308.0,238.0,178.0,,-11,8347935
5.1374,2019-09-08 18:25:16.855915,364.0,212.0,184.0,236.0,306.0,238.0,234.0,178.0,,-11,8349012
5.1546,2019-09-08 18:25:16.867103,364.0,212.0,236.0,236.0,238.0,234.0,178.0,306.0,,-11,8348821
5.1656,2019-09-08 18:25:16.888056,364.0,212.0,184.0,364.0,234.0,178.0,306.0,306.0,,-11,8348544
5.1867,2019-09-08 18:25:16.897446,364.0,212.0,184.0,364.0,238.0,236.0,178.0,306.0,,-11,8348534
5.1959,2019-09-08 18:25:16.913511,364.0,212.0,184.0,236.0,234.0,178.0,306.0,306.0,,-11,8348185
5.212,2019-09-08 18:25:16.933252,364.0,212.0,184.0,234.0,234.0,178.0,306.0,238.0,,-11,8348756
5.2317,2019-09-08 18:25:16.944824,236.0,212.0,184.0,236.0,236.0,178.0,306.0,240.0,,-11,8349070
5.2433,2019-09-08 18:25:16.959278,364.0,184.0,364.0,236.0,236.0,178.0,306.0,238.0,,-11,8348693
5.258,2019-09-08 18:25:16.975192,236.0,212.0,184.0,234.0,234.0,178.0,240.0,238.0,,-11,8348192
5.2738,2019-09-08 18:25:16.995314,364.0,364.0,212.0,184.0,178.0,304.0,238.0,236.0,,-11,8348036
5.2937,2019-09-08 18:25:17.008898,364.0,212.0,184.0,236.0,238.0,234.0,240.0,234.0,,-11,8347991
5.3074,2019-09-08 18:25:17.153071,364.0,364.0,212.0,234.0,178.0,178.0,238.0,306.0,,-11,8348901
5.4515,2019-09-08 18:25:17.166867,364.0,212.0,184.0,234.0,178.0,178.0,306.0,238.0,,-11,8348171
5.4654,2019-09-08 18:25:17.177990,362.0,184.0,184.0,234.0,234.0,178.0,238.0,234.0,,-11,8348340
5.4765,2019-09-08 18:25:17.190383,236.0,212.0,184.0,234.0,238.0,234.0,238.0,306.0,,-11,8348766
5.4893,2019-09-08 18:25:17.199700,234.0,212.0,234.0,234.0,238.0,238.0,232.0,178.0,,-11,8347977
5.4986,2019-09-08 18:25:17.212889,364.0,184.0,212.0,234.0,178.0,306.0,238.0,234.0,,-11,8348382
5.5114,2019-09-08 18:25:17.243106,212.0,234.0,184.0,234.0,238.0,306.0,238.0,306.0,,-11,8348081
5.5416,2019-09-08 18:25:17.284885,234.0,184.0,184.0,234.0,308.0,232.0,178.0,178.0,,-11,8348655
5.5834,2019-09-08 18:25:17.306855,364.0,212.0,212.0,184.0,232.0,238.0,232.0,178.0,,-11,8348441
5.6052,2019-09-08 18:25:17.553775,364.0,212.0,184.0,184.0,178.0,308.0,238.0,232.0,,-11,8348333
5.8522,2019-09-08 18:25:17.574944,212.0,212.0,364.0,234.0,236.0,310.0,178.0,310.0,,-11,8347980
5.8734,2019-09-08 18:25:17.671324,184.0,234.0,212.0,184.0,234.0,178.0,176.0,314.0,,-11,8348891
5.9702,2019-09-08 18:25:17.683314,234.0,212.0,184.0,234.0,314.0,234.0,230.0,234.0,,-11,8348901
5.9818,2019-09-08 18:25:17.696342,184.0,234.0,184.0,234.0,228.0,234.0,314.0,234.0,,-11,8348358
5.9948,2019-09-08 18:25:17.710685,184.0,366.0,212.0,184.0,228.0,176.0,314.0,234.0,,-11,8348375
6.0092,2019-09-08 18:25:17.725290,366.0,234.0,212.0,184.0,314.0,234.0,230.0,178.0,,-11,8348389
6.0237,2019-09-08 18:25:17.772159,366.0,212.0,184.0,234.0,316.0,316.0,178.0,228.0,,-11,8348866
6.0706,2019-09-08 18:25:17.778760,366.0,366.0,212.0,184.0,234.0,316.0,316.0,234.0,,-11,8348859
6.0776,2019-09-08 18:25:17.789020,366.0,212.0,184.0,234.0,178.0,176.0,316.0,234.0,,-11,8348115
6.0875,2019-09-08 18:25:17.805469,366.0,366.0,184.0,234.0,316.0,234.0,228.0,316.0,,-11,8348901
6.1039,2019-09-08 18:25:17.819568,366.0,184.0,212.0,184.0,314.0,230.0,228.0,234.0,,-11,8349019
6.1179,2019-09-08 18:25:17.837379,366.0,212.0,234.0,234.0,176.0,316.0,234.0,230.0,,-11,8348254
6.1361,2019-09-08 18:25:17.850469,366.0,212.0,234.0,234.0,178.0,178.0,234.0,228.0,,-11,8348942
6.1498,2019-09-08 18:25:17.869076,366.0,212.0,234.0,234.0,230.0,230.0,316.0,234.0,,-11,8349991
6.1679,2019-09-08 18:25:17.881091,366.0,212.0,234.0,234.0,178.0,234.0,228.0,176.0,,-11,8348437
6.18,2019-09-08 18:25:17.891837,366.0,212.0,184.0,234.0,316.0,234.0,234.0,178.0,,-11,8348237
6.1902,2019-09-08 18:25:17.913690,366.0,212.0,184.0,234.0,178.0,316.0,234.0,228.0,,-11,8348416
6.2121,2019-09-08 18:25:17.922558,366.0,212.0,184.0,234.0,178.0,316.0,234.0,178.0,,-11,8348929
6.2209,2019-09-08 18:25:17.942194,366.0,212.0,184.0,234.0,316.0,316.0,234.0,228.0,,-11,8347942
6.2405,2019-09-08 18:25:17.959466,184.0,234.0,184.0,234.0,234.0,316.0,228.0,178.0,,-11,8349143
6.2579,2019-09-08 18:25:17.972451,184.0,234.0,184.0,234.0,316.0,234.0,176.0,316.0,,-11,8348150
6.2709,2019-09-08 18:25:17.986280,366.0,234.0,184.0,234.0,316.0,234.0,178.0,178.0,,-11,8349136
6.2846,2019-09-08 18:25:18.002445,366.0,234.0,184.0,366.0,234.0,228.0,316.0,234.0,,-11,8348967
6.3008,2019-09-08 18:25:18.019447,366.0,212.0,184.0,366.0,228.0,178.0,178.0,178.0,,-11,8348738
6.318,2019-09-08 18:25:18.086955,366.0,212.0,184.0,234.0,228.0,178.0,178.0,176.0,,-11,8348015
6.3854,2019-09-08 18:25:18.095756,366.0,184.0,184.0,234.0,234.0,228.0,178.0,316.0,,-11,8348316
6.3941,2019-09-08 18:25:18.102049,212.0,212.0,184.0,366.0,228.0,176.0,316.0,228.0,,-11,8349095
6.4004,2019-09-08 18:25:18.119837,368.0,212.0,234.0,234.0,178.0,316.0,232.0,228.0,,-11,8348302
6.4182,2019-09-08 18:25:18.135163,212.0,184.0,234.0,366.0,176.0,316.0,232.0,228.0,,-11,8348181
6.4336,2019-09-08 18:25:18.183412,184.0,184.0,366.0,234.0,178.0,316.0,232.0,228.0,,-11,8348925
6.4818,2019-09-08 18:25:18.270229,184.0,212.0,368.0,212.0,232.0,232.0,228.0,176.0,,-11,8348506
6.5687,2019-09-08 18:25:18.276648,234.0,212.0,366.0,212.0,316.0,232.0,228.0,178.0,,-11,8348814
6.575,2019-09-08 18:25:18.284896,184.0,366.0,184.0,234.0,318.0,232.0,226.0,176.0,,-11,8348787
6.5833,2019-09-08 18:25:18.298890,234.0,212.0,184.0,236.0,232.0,232.0,226.0,318.0,,-11,8348143
6.5972,2019-09-08 18:25:18.317388,234.0,212.0,184.0,234.0,232.0,226.0,318.0,232.0,,-11,8348565
6.6159,2019-09-08 18:25:18.331408,364.0,212.0,184.0,236.0,232.0,228.0,176.0,320.0,,-11,8347908
6.6298,2019-09-08 18:25:18.367393,364.0,212.0,184.0,234.0,232.0,226.0,176.0,318.0,,-11,8348243
6.6658,2019-09-08 18:25:18.373783,364.0,364.0,364.0,212.0,232.0,226.0,178.0,318.0,,-11,8347963
6.6721,2019-09-08 18:25:18.387277,364.0,364.0,212.0,184.0,178.0,176.0,230.0,226.0,,-11,8348095
6.6857,2019-09-08 18:25:18.402964,212.0,364.0,234.0,234.0,226.0,178.0,320.0,230.0,,-11,8348361
6.7014,2019-09-08 18:25:18.420484,364.0,212.0,184.0,234.0,176.0,320.0,230.0,226.0,,-11,8348399
6.719,2019-09-08 18:25:18.440753,364.0,212.0,212.0,184.0,176.0,226.0,230.0,226.0,,-11,8348212
6.7392,2019-09-08 18:25:18.473407,210.0,184.0,210.0,184.0,318.0,230.0,226.0,176.0,,-11,8348005
6.7718,2019-09-08 18:25:18.487416,364.0,210.0,364.0,210.0,318.0,230.0,226.0,230.0,,-11,8347956
6.7858,2019-09-08 18:25:18.493660,366.0,210.0,184.0,234.0,318.0,230.0,226.0,178.0,,-11,8348762
6.792,2019-09-08 18:25:18.506933,366.0,210.0,184.0,232.0,178.0,226.0,230.0,226.0,,-11,8348572
6.8053,2019-09-08 18:25:18.522296,232.0,210.0,184.0,234.0,230.0,226.0,178.0,230.0,,-11,8349008
6.8207,2019-09-08 18:25:18.534460,232.0,210.0,184.0,232.0,226.0,178.0,318.0,230.0,,-11,8348987
6.8329,2019-09-08 18:25:18.572717,210.0,184.0,184.0,234.0,226.0,178.0,320.0,230.0,,-11,8348326
6.8711,2019-09-08 18:25:18.579046,232.0,370.0,184.0,184.0,226.0,178.0,230.0,226.0,,-11,8349119
6.8775,2019-09-08 18:25:18.588654,370.0,210.0,184.0,232.0,176.0,226.0,178.0,318.0,,-11,8348482
6.887,2019-09-08 18:25:18.605892,370.0,372.0,210.0,184.0,178.0,318.0,230.0,226.0,,-11,8348908
6.9043,2019-09-08 18:25:18.625516,372.0,210.0,184.0,210.0,178.0,176.0,230.0,176.0,,-11,8348873
6.9239,2019-09-08 18:25:18.646368,232.0,184.0,232.0,232.0,320.0,230.0,230.0,226.0,,-11,8349378
6.9448,2019-09-08 18:25:18.673418,372.0,210.0,184.0,232.0,176.0,230.0,226.0,178.0,,-11,8348724
6.9718,2019-09-08 18:25:18.684830,372.0,208.0,372.0,234.0,320.0,230.0,226.0,176.0,,-11,8348977
6.9832,2019-09-08 18:25:18.697047,372.0,372.0,184.0,372.0,176.0,320.0,230.0,226.0,,-11,8348742
6.996,2019-09-08 18:25:18.714374,184.0,232.0,184.0,372.0,176.0,320.0,230.0,178.0,,-11,8348780
7.0131,2019-09-08 18:25:18.733585,372.0,232.0,372.0,210.0,230.0,226.0,176.0,178.0,,-11,8349721
7.0325,2019-09-08 18:25:18.747532,372.0,210.0,184.0,232.0,230.0,226.0,178.0,176.0,,-11,8349676
7.0466,2019-09-08 18:25:18.790421,370.0,210.0,184.0,232.0,226.0,176.0,320.0,230.0,,-11,8348610
7.0896,2019-09-08 18:25:18.801044,370.0,210.0,184.0,210.0,226.0,176.0,320.0,230.0,,-11,8348984
7.0998,2019-09-08 18:25:18.813467,232.0,210.0,184.0,234.0,226.0,178.0,320.0,320.0,,-11,8349147
7.1122,2019-09-08 18:25:18.830070,232.0,210.0,184.0,232.0,178.0,320.0,230.0,226.0,,-11,8348558
7.1291,2019-09-08 18:25:18.842639,368.0,210.0,184.0,232.0,178.0,320.0,232.0,226.0,,-11,8348731
7.1411,2019-09-08 18:25:18.877672,368.0,234.0,234.0,368.0,176.0,320.0,230.0,226.0,,-11,8348697
7.1762,2019-09-08 18:25:18.909603,368.0,184.0,368.0,234.0,176.0,178.0,320.0,232.0,,-11,8348371
7.2086,2019-09-08 18:25:18.916493,368.0,210.0,184.0,210.0,320.0,320.0,232.0,176.0,,-11,8348157
7.2154,2019-09-08 18:25:18.923644,366.0,210.0,184.0,210.0,178.0,320.0,230.0,226.0,,-11,8349282
7.2221,2019-09-08 18:25:18.940658,368.0,210.0,184.0,234.0,176.0,230.0,226.0,176.0,,-11,8348887
7.2391,2019-09-08 18:25:18.952839,368.0,210.0,184.0,368.0,320.0,230.0,226.0,178.0,,-11,8348634
7.2512,2019-09-08 18:25:18.981656,366.0,210.0,184.0,368.0,320.0,232.0,226.0,226.0,,-11,8348174
7.28,2019-09-08 18:25:18.987897,366.0,212.0,366.0,366.0,178.0,320.0,226.0,226.0,,-11,8349541
7.2862,2019-09-08 18:25:19.003212,366.0,210.0,366.0,210.0,178.0,320.0,232.0,178.0,,-11,8348804
7.3016,2019-09-08 18:25:19.020412,366.0,210.0,184.0,234.0,232.0,232.0,176.0,178.0,,-11,8348084
7.319,2019-09-08 18:25:19.046113,210.0,210.0,184.0,234.0,320.0,226.0,226.0,176.0,,-11,8348953
7.3445,2019-09-08 18:25:19.057125,212.0,184.0,234.0,234.0,320.0,232.0,226.0,176.0,,-11,8348752
7.3555,2019-09-08 18:25:19.099677,212.0,184.0,234.0,234.0,232.0,176.0,320.0,320.0,,-11,8348320
7.3981,2019-09-08 18:25:19.110683,366.0,234.0,184.0,232.0,232.0,226.0,178.0,320.0,,-11,8348662
7.4091,2019-09-08 18:25:19.124650,366.0,210.0,184.0,366.0,226.0,176.0,320.0,232.0,,-11,8349091
7.423,2019-09-08 18:25:19.139072,366.0,210.0,184.0,234.0,178.0,320.0,232.0,226.0,,-11,8348299
7.4374,2019-09-08 18:25:19.155676,366.0,366.0,184.0,234.0,176.0,320.0,232.0,226.0,,-11,8348157
7.4541,2019-09-08 18:25:19.208365,366.0,368.0,210.0,234.0,178.0,320.0,232.0,226.0,,-11,8348714
7.5067,2019-09-08 18:25:19.214668,232.0,210.0,184.0,366.0,232.0,232.0,226.0,318.0,,-11,8348714
7.5131,2019-09-08 18:25:19.224025,366.0,210.0,184.0,232.0,320.0,232.0,226.0,176.0,,-11,8348538
7.5224,2019-09-08 18:25:19.238812,366.0,210.0,184.0,232.0,318.0,232.0,228.0,178.0,,-11,8348901
7.5374,2019-09-08 18:25:19.250931,366.0,210.0,184.0,232.0,318.0,232.0,178.0,232.0,,-11,8348749
7.5493,2019-09-08 18:25:19.265376,184.0,210.0,184.0,232.0,232.0,226.0,178.0,318.0,,-11,8348475
7.5638,2019-09-08 18:25:19.289561,366.0,210.0,184.0,232.0,232.0,226.0,178.0,318.0,,-11,8349029
7.5888,2019-09-08 18:25:19.301731,366.0,210.0,366.0,210.0,226.0,176.0,228.0,232.0,,-11,8348143
7.6002,2019-09-08 18:25:19.319648,366.0,366.0,366.0,184.0,228.0,178.0,318.0,232.0,,-11,8348437
7.6181,2019-09-08 18:25:19.336342,368.0,366.0,184.0,184.0,228.0,178.0,318.0,232.0,,-11,8349202
7.6352,2019-09-08 18:25:19.353371,368.0,210.0,368.0,210.0,318.0,316.0,232.0,228.0,,-11,8348721
7.6521,2019-09-08 18:25:19.371139,368.0,210.0,184.0,366.0,178.0,318.0,234.0,318.0,,-11,8349015
7.6695,2019-09-08 18:25:19.430889,368.0,210.0,184.0,232.0,232.0,228.0,232.0,228.0,,-11,8348721
7.7293,2019-09-08 18:25:19.444066,210.0,184.0,232.0,232.0,178.0,234.0,228.0,178.0,,-11,8349385
7.7424,2019-09-08 18:25:19.455967,210.0,366.0,184.0,232.0,316.0,234.0,228.0,178.0,,-11,8348614
7.7543,2019-09-08 18:25:19.469299,366.0,210.0,184.0,232.0,228.0,230.0,178.0,316.0,,-11,8348718
7.7677,2019-09-08 18:25:19.496438,366.0,210.0,184.0,234.0,230.0,178.0,178.0,234.0,,-11,8348569
7.7948,2019-09-08 18:25:19.507054,366.0,210.0,366.0,232.0,230.0,230.0,178.0,314.0,,-11,8348780
7.8055,2019-09-08 18:25:19.518728,366.0,234.0,184.0,184.0,230.0,234.0,230.0,178.0,,-11,8348562
7.8171,2019-09-08 18:25:19.538320,366.0,366.0,210.0,184.0,314.0,234.0,230.0,178.0,,-11,8348776
7.8367,2019-09-08 18:25:19.554033,366.0,210.0,210.0,184.0,178.0,236.0,312.0,236.0,,-11,8349136
7.8524,2019-09-08 18:25:19.569485,364.0,210.0,366.0,184.0,230.0,178.0,236.0,230.0,,-11,8349091
7.8679,2019-09-08 18:25:19.607867,364.0,364.0,210.0,364.0,230.0,178.0,312.0,230.0,,-11,8349278
7.9062,2019-09-08 18:25:19.615035,364.0,364.0,210.0,232.0,312.0,312.0,232.0,178.0,,-11,8349482
7.9134,2019-09-08 18:25:19.624854,364.0,210.0,184.0,184.0,312.0,236.0,230.0,312.0,,-11,8348455
7.9233,2019-09-08 18:25:19.651157,366.0,210.0,184.0,234.0,230.0,178.0,312.0,236.0,,-11,8348441
7.9496,2019-09-08 18:25:19.713315,364.0,210.0,184.0,234.0,236.0,178.0,178.0,312.0,,-11,8349351
8.0119,2019-09-08 18:25:19.724923,212.0,210.0,184.0,366.0,178.0,312.0,236.0,232.0,,-11,8349015
8.0235,2019-09-08 18:25:19.736704,210.0,184.0,364.0,210.0,236.0,236.0,178.0,310.0,,-11,8348662
8.0351,2019-09-08 18:25:19.756399,212.0,210.0,234.0,234.0,236.0,232.0,178.0,310.0,,-11,8348375
8.0547,2019-09-08 18:25:19.774040,364.0,210.0,184.0,234.0,236.0,178.0,178.0,232.0,,-11,8347749
8.0725,2019-09-08 18:25:19.799851,364.0,210.0,184.0,364.0,232.0,310.0,236.0,236.0,,-11,8348292
8.0984,2019-09-08 18:25:19.814928,364.0,210.0,184.0,234.0,232.0,178.0,236.0,232.0,,-11,8349160
8.1134,2019-09-08 18:25:19.821674,364.0,210.0,184.0,234.0,178.0,310.0,310.0,310.0,,-11,8347749
8.1204,2019-09-08 18:25:19.835092,364.0,210.0,184.0,234.0,178.0,312.0,232.0,178.0,,-11,8348012
8.1335,2019-09-08 18:25:19.848719,364.0,210.0,184.0,234.0,178.0,236.0,232.0,178.0,,-11,8348178
8.1472,2019-09-08 18:25:19.864623,366.0,212.0,234.0,234.0,312.0,236.0,312.0,236.0,,-11,8348368
8.1631,2019-09-08 18:25:19.925397,364.0,212.0,184.0,234.0,312.0,238.0,232.0,178.0,,-11,8348593
8.2239,2019-09-08 18:25:19.934535,364.0,212.0,184.0,234.0,178.0,312.0,178.0,312.0,,-11,8348112
8.233,2019-09-08 18:25:19.941104,210.0,184.0,234.0,234.0,238.0,232.0,178.0,312.0,,-11,8348423
8.2401,2019-09-08 18:25:19.952133,366.0,234.0,184.0,234.0,238.0,230.0,178.0,312.0,,-11,8348721
8.2506,2019-09-08 18:25:19.971079,366.0,210.0,184.0,234.0,236.0,230.0,178.0,178.0,,-11,8348565
8.2695,2019-09-08 18:25:20.007507,366.0,212.0,184.0,234.0,232.0,178.0,178.0,178.0,,-11,8348558
8.3059,2019-09-08 18:25:20.018198,212.0,210.0,184.0,234.0,236.0,232.0,312.0,312.0,,-11,8349122
8.3173,2019-09-08 18:25:20.043167,366.0,210.0,234.0,210.0,238.0,232.0,178.0,312.0,,-11,8347797
8.3419,2019-09-08 18:25:20.117197,366.0,212.0,184.0,234.0,236.0,232.0,312.0,312.0,,-11,8348461
8.4156,2019-09-08 18:25:20.123532,210.0,210.0,184.0,234.0,312.0,236.0,230.0,232.0,,-11,8348617
8.4219,2019-09-08 18:25:20.215374,366.0,210.0,184.0,234.0,312.0,312.0,232.0,312.0,,-11,8348617
8.5138,2019-09-08 18:25:20.221812,364.0,210.0,184.0,234.0,238.0,230.0,178.0,178.0,,-11,8347980
8.5202,2019-09-08 18:25:20.249178,212.0,212.0,212.0,364.0,312.0,238.0,178.0,312.0,,-11,8348378
8.5476,2019-09-08 18:25:20.375555,362.0,212.0,184.0,184.0,236.0,232.0,178.0,178.0,,-11,8347918
8.6739,2019-09-08 18:25:20.382078,362.0,184.0,184.0,234.0,236.0,230.0,314.0,236.0,,-11,8348095
8.6805,2019-09-08 18:25:20.396026,362.0,212.0,184.0,184.0,236.0,178.0,178.0,312.0,,-11,8348413
8.6944,2019-09-08 18:25:20.425394,362.0,362.0,184.0,362.0,178.0,314.0,314.0,236.0,,-11,8347666
8.7238,2019-09-08 18:25:20.516550,362.0,212.0,362.0,234.0,230.0,178.0,314.0,236.0,,-11,8348631
8.8151,2019-09-08 18:25:20.523272,236.0,362.0,184.0,234.0,314.0,314.0,236.0,230.0,,-11,8347586
8.8218,2019-09-08 18:25:20.529698,234.0,212.0,184.0,234.0,314.0,236.0,230.0,178.0,,-11,8348057
8.8282,2019-09-08 18:25:20.661448,362.0,212.0,184.0,236.0,236.0,236.0,230.0,178.0,,-11,8348513
8.9599,2019-09-08 18:25:20.669827,362.0,212.0,184.0,234.0,178.0,314.0,234.0,230.0,,-11,8347994
8.9682,2019-09-08 18:25:20.676101,362.0,212.0,184.0,234.0,178.0,314.0,234.0,230.0,,-11,8348413
8.9746,2019-09-08 18:25:20.689437,364.0,212.0,184.0,234.0,178.0,316.0,234.0,230.0,,-11,8348524
8.9878,2019-09-08 18:25:20.706198,236.0,212.0,184.0,234.0,314.0,234.0,230.0,178.0,,-11,8348240
9.0045,2019-09-08 18:25:20.849096,370.0,212.0,184.0,236.0,316.0,234.0,230.0,178.0,,-11,8348119
9.1476,2019-09-08 18:25:20.855518,434.0,214.0,186.0,240.0,230.0,178.0,318.0,234.0,,-11,8347084
9.1539,2019-09-08 18:25:20.865730,440.0,214.0,186.0,240.0,230.0,176.0,318.0,234.0,,-11,8346506
9.1642,2019-09-08 18:25:20.884704,448.0,214.0,186.0,240.0,178.0,178.0,318.0,234.0,,-11,8346807
9.1831,2019-09-08 18:25:20.900758,214.0,214.0,238.0,238.0,178.0,318.0,236.0,230.0,,-11,8347133
9.1991,2019-09-08 18:25:20.949312,238.0,212.0,186.0,238.0,178.0,318.0,234.0,230.0,,-11,8347614
9.2479,2019-09-08 18:25:21.029289,474.0,212.0,238.0,476.0,316.0,236.0,230.0,178.0,,-11,8348496
9.3277,2019-09-08 18:25:21.035621,490.0,490.0,234.0,234.0,236.0,228.0,178.0,316.0,,-11,8348818
9.334,2019-09-08 18:25:21.064628,490.0,490.0,208.0,184.0,236.0,230.0,178.0,318.0,,-11,8349219
9.3632,2019-09-08 18:25:21.136236,454.0,204.0,184.0,226.0,236.0,228.0,178.0,318.0,,-11,8349852
9.4346,2019-09-08 18:25:21.143293,184.0,220.0,360.0,220.0,178.0,318.0,318.0,236.0,,-11,8351032
9.4418,2019-09-08 18:25:21.437712,200.0,182.0,218.0,182.0,228.0,178.0,234.0,228.0,,-9,8350994
9.7361,2019-09-08 18:25:21.444929,200.0,186.0,204.0,198.0,396.0,218.0,402.0,220.0,,-7,8346465
9.7434,2019-09-08 18:25:21.454056,204.0,204.0,184.0,180.0,230.0,228.0,234.0,176.0,,-7,8347001
9.7528,2019-09-08 18:25:21.463053,204.0,184.0,184.0,180.0,176.0,448.0,178.0,448.0,,-7,8345181
9.7618,2019-09-08 18:25:21.475210,204.0,180.0,198.0,198.0,232.0,252.0,180.0,446.0,,-7,8345371
9.7736,2019-09-08 18:25:21.489959,204.0,184.0,180.0,198.0,232.0,262.0,180.0,442.0,,-6,8345333
9.7885,2019-09-08 18:25:21.543008,204.0,198.0,186.0,204.0,268.0,438.0,234.0,274.0,,-6,8344859
9.8414,2019-09-08 18:25:21.584028,202.0,204.0,184.0,184.0,408.0,406.0,236.0,288.0,,-6,8344236
9.8824,2019-09-08 18:25:21.590452,180.0,198.0,180.0,184.0,186.0,398.0,236.0,286.0,,-6,8343313
9.8889,2019-09-08 18:25:21.604135,202.0,184.0,204.0,178.0,186.0,392.0,236.0,236.0,,-6,8342724
9.9026,2019-09-08 18:25:21.620169,184.0,202.0,204.0,184.0,362.0,358.0,282.0,282.0,,-6,8343022
9.9187,2019-09-08 18:25:21.775689,202.0,184.0,204.0,184.0,186.0,188.0,336.0,236.0,,-5,8343022
10.0744,2019-09-08 18:25:21.782276,202.0,184.0,180.0,198.0,226.0,236.0,180.0,188.0,,4,8344773
10.0807,2019-09-08 18:25:21.791455,202.0,184.0,198.0,198.0,186.0,216.0,178.0,184.0,,5,8345496
10.0901,2019-09-08 18:25:21.802114,198.0,202.0,180.0,184.0,210.0,208.0,220.0,176.0,,6,8345022
10.1008,2019-09-08 18:25:21.813702,202.0,198.0,184.0,198.0,216.0,182.0,182.0,212.0,,8,8345160
10.1123,2019-09-08 18:25:21.826814,202.0,198.0,184.0,198.0,196.0,174.0,174.0,192.0,,9,8345316
10.1252,2019-09-08 18:25:21.874189,180.0,202.0,180.0,198.0,202.0,174.0,178.0,178.0,,16,8346122
10.1729,2019-09-08 18:25:21.989329,200.0,200.0,184.0,202.0,186.0,172.0,178.0,186.0,,26,8345534
10.288,2019-09-08 18:25:22.058230,200.0,184.0,180.0,198.0,172.0,178.0,178.0,182.0,,26,8344382
10.3569,2019-09-08 18:25:22.064817,198.0,186.0,198.0,198.0,178.0,182.0,178.0,172.0,,23,8342970
10.3636,2019-09-08 18:25:22.111804,198.0,184.0,180.0,198.0,170.0,170.0,178.0,182.0,,19,8345074
10.4105,2019-09-08 18:25:22.122384,200.0,198.0,200.0,186.0,172.0,178.0,182.0,172.0,,17,8345835
10.4211,2019-09-08 18:25:22.145000,184.0,184.0,180.0,198.0,182.0,172.0,168.0,178.0,,16,8345403
10.4437,2019-09-08 18:25:22.168540,180.0,198.0,180.0,180.0,180.0,182.0,170.0,166.0,,14,8349624
10.4672,2019-09-08 18:25:22.178657,200.0,184.0,180.0,198.0,170.0,172.0,182.0,180.0,,13,8350590
10.4773,2019-09-08 18:25:22.203507,200.0,200.0,184.0,198.0,182.0,166.0,180.0,180.0,,10,8352133
10.5026,2019-09-08 18:25:22.210588,200.0,200.0,184.0,198.0,178.0,166.0,172.0,166.0,,10,8353413
10.5092,2019-09-08 18:25:22.222915,200.0,200.0,186.0,180.0,180.0,182.0,172.0,182.0,,9,8354500
10.5216,2019-09-08 18:25:22.229499,200.0,184.0,180.0,198.0,182.0,170.0,166.0,166.0,,8,8355344
10.5282,2019-09-08 18:25:22.263546,204.0,186.0,180.0,198.0,182.0,172.0,182.0,170.0,,7,8356517
10.5624,2019-09-08 18:25:22.413026,184.0,186.0,200.0,200.0,166.0,166.0,182.0,170.0,,8,8357520
10.7117,2019-09-08 18:25:22.444373,396.0,186.0,180.0,202.0,170.0,184.0,178.0,182.0,,8,8356635
10.7431,2019-09-08 18:25:22.478661,478.0,188.0,182.0,210.0,170.0,172.0,182.0,172.0,,9,8356302
10.7773,2019-09-08 18:25:22.504716,184.0,516.0,192.0,184.0,172.0,182.0,182.0,170.0,,9,8356351
10.8036,2019-09-08 18:25:22.570051,218.0,548.0,194.0,554.0,238.0,184.0,182.0,170.0,,9,8355430
10.8689,2019-09-08 18:25:22.576747,582.0,196.0,184.0,184.0,192.0,186.0,344.0,194.0,,7,8353441
10.8755,2019-09-08 18:25:22.606718,606.0,200.0,230.0,200.0,200.0,192.0,170.0,400.0,,6,8352503
10.9054,2019-09-08 18:25:22.700702,610.0,608.0,240.0,240.0,196.0,412.0,204.0,204.0,,6,8352209
10.9994,2019-09-08 18:25:22.707421,526.0,218.0,188.0,262.0,532.0,210.0,244.0,176.0,,4,8351569
11.0061,2019-09-08 18:25:22.713976,266.0,220.0,190.0,266.0,176.0,212.0,210.0,532.0,,3,8352562
11.0128,2019-09-08 18:25:22.728315,190.0,226.0,190.0,272.0,210.0,248.0,176.0,528.0,,3,8351496
11.0272,2019-09-08 18:25:22.740365,466.0,190.0,276.0,276.0,176.0,524.0,252.0,176.0,,2,8350863
11.0392,2019-09-08 18:25:22.804039,192.0,278.0,192.0,234.0,518.0,212.0,254.0,176.0,,1,8350268
11.1027,2019-09-08 18:25:22.813966,454.0,242.0,194.0,452.0,176.0,490.0,212.0,260.0,,0,8349558
11.1126,2019-09-08 18:25:22.827555,452.0,244.0,196.0,282.0,176.0,486.0,212.0,262.0,,0,8349479
11.1266,2019-09-08 18:25:22.844103,450.0,246.0,196.0,282.0,214.0,266.0,176.0,214.0,,-1,8349780
11.1429,2019-09-08 18:25:22.865037,282.0,248.0,196.0,282.0,482.0,214.0,482.0,216.0,,-1,8350129
11.1637,2019-09-08 18:25:22.871677,444.0,250.0,198.0,284.0,270.0,480.0,178.0,478.0,,-2,8350095
11.1703,2019-09-08 18:25:22.885256,436.0,252.0,198.0,286.0,218.0,274.0,178.0,476.0,,-2,8350039
11.1839,2019-09-08 18:25:22.900291,424.0,288.0,200.0,290.0,178.0,468.0,226.0,282.0,,-3,8349977
11.1991,2019-09-08 18:25:22.982601,202.0,258.0,202.0,292.0,180.0,458.0,230.0,452.0,,-3,8350008
11.2813,2019-09-08 18:25:22.989234,412.0,258.0,204.0,292.0,240.0,240.0,284.0,334.0,,-4,8354029
11.288,2019-09-08 18:25:22.996051,418.0,256.0,204.0,292.0,240.0,280.0,240.0,280.0,,-4,8354077
11.2947,2019-09-08 18:25:23.010171,420.0,252.0,204.0,204.0,240.0,278.0,182.0,238.0,,-3,8356673
11.309,2019-09-08 18:25:23.021972,414.0,412.0,204.0,296.0,274.0,180.0,216.0,232.0,,-2,8358832
11.3207,2019-09-08 18:25:23.044702,398.0,252.0,204.0,298.0,268.0,180.0,188.0,262.0,,-1,8362161
11.3434,2019-09-08 18:25:23.054557,376.0,254.0,204.0,302.0,180.0,180.0,214.0,250.0,,1,8364240
11.3533,2019-09-08 18:25:23.079970,354.0,306.0,206.0,306.0,178.0,176.0,196.0,222.0,,4,8372140
11.3788,2019-09-08 18:25:23.088157,326.0,262.0,206.0,312.0,176.0,174.0,190.0,210.0,,5,8372140
11.3868,2019-09-08 18:25:23.099178,298.0,316.0,266.0,206.0,204.0,174.0,172.0,186.0,,7,8377171
11.398,2019-09-08 18:25:23.126561,208.0,320.0,208.0,320.0,172.0,184.0,190.0,188.0,,11,8381140
11.4255,2019-09-08 18:25:23.138653,222.0,268.0,208.0,320.0,182.0,186.0,172.0,172.0,,13,8384559
11.4371,2019-09-08 18:25:23.158296,262.0,208.0,208.0,316.0,180.0,182.0,172.0,170.0,,18,8388255
11.457,2019-09-08 18:25:23.184981,304.0,250.0,200.0,248.0,182.0,182.0,170.0,180.0,,23,8391874
11.4837,2019-09-08 18:25:23.297826,200.0,234.0,278.0,276.0,182.0,170.0,170.0,172.0,,30,8391874
11.5966,2019-09-08 18:25:23.304533,198.0,186.0,180.0,206.0,170.0,172.0,180.0,178.0,,30,8371922
11.6032,2019-09-08 18:25:23.311319,198.0,186.0,180.0,206.0,182.0,172.0,170.0,170.0,,30,8367953
11.61,2019-09-08 18:25:23.325706,204.0,184.0,180.0,204.0,178.0,182.0,170.0,170.0,,30,8364576
11.6244,2019-09-08 18:25:23.345505,198.0,184.0,180.0,204.0,178.0,180.0,178.0,182.0,,29,8358818
11.6442,2019-09-08 18:25:23.357473,198.0,184.0,178.0,202.0,172.0,170.0,178.0,178.0,,29,8353832
11.6559,2019-09-08 18:25:23.391583,196.0,184.0,180.0,196.0,170.0,178.0,180.0,180.0,,26,8345873
11.6903,2019-09-08 18:25:23.401802,200.0,184.0,180.0,200.0,170.0,170.0,178.0,180.0,,25,8344735
11.7003,2019-09-08 18:25:23.413574,180.0,184.0,184.0,200.0,170.0,168.0,178.0,180.0,,24,8343337
11.712,2019-09-08 18:25:23.428754,200.0,198.0,184.0,200.0,172.0,180.0,182.0,172.0,,22,8342506
11.7272,2019-09-08 18:25:23.447037,196.0,184.0,180.0,200.0,168.0,178.0,182.0,172.0,,19,8342731
11.7458,2019-09-08 18:25:23.460710,196.0,184.0,184.0,200.0,168.0,180.0,182.0,180.0,,18,8343690
11.7594,2019-09-08 18:25:23.486194,180.0,184.0,180.0,180.0,180.0,180.0,168.0,180.0,,16,8343067
11.7849,2019-09-08 18:25:23.664279,196.0,184.0,180.0,180.0,180.0,182.0,172.0,166.0,,6,8342825
11.9629,2019-09-08 18:25:23.680959,212.0,180.0,200.0,200.0,234.0,180.0,182.0,172.0,,6,8343614
11.9797,2019-09-08 18:25:23.700875,184.0,180.0,198.0,200.0,182.0,182.0,172.0,414.0,,5,8344140
11.9997,2019-09-08 18:25:23.709349,184.0,180.0,200.0,296.0,184.0,184.0,172.0,442.0,,5,8343347
12.0077,2019-09-08 18:25:23.719443,332.0,180.0,340.0,208.0,182.0,172.0,172.0,462.0,,5,8342551
12.0181,2019-09-08 18:25:23.730460,378.0,182.0,214.0,390.0,184.0,170.0,482.0,184.0,,5,8342153
12.0292,2019-09-08 18:25:23.745089,196.0,416.0,198.0,184.0,500.0,172.0,516.0,186.0,,4,8343593
12.0442,2019-09-08 18:25:23.760790,428.0,230.0,430.0,206.0,184.0,170.0,184.0,172.0,,4,8342081
12.0594,2019-09-08 18:25:23.798949,440.0,212.0,442.0,214.0,182.0,172.0,632.0,190.0,,4,8343112
12.0973,2019-09-08 18:25:23.805573,238.0,220.0,192.0,192.0,182.0,182.0,650.0,182.0,,4,8342531
12.1043,2019-09-08 18:25:23.817607,474.0,476.0,478.0,242.0,172.0,662.0,190.0,182.0,,4,8342351
12.1165,2019-09-08 18:25:23.831336,492.0,236.0,492.0,236.0,172.0,672.0,672.0,190.0,,4,8342790
12.13,2019-09-08 18:25:23.846805,498.0,240.0,198.0,242.0,184.0,172.0,184.0,172.0,,4,8343631
12.1452,2019-09-08 18:25:23.859189,500.0,246.0,498.0,246.0,674.0,190.0,186.0,172.0,,3,8344666
12.1579,2019-09-08 18:25:24.060711,488.0,254.0,202.0,248.0,672.0,190.0,186.0,172.0,,3,8344316
12.3597,2019-09-08 18:25:24.067653,360.0,250.0,274.0,276.0,174.0,256.0,174.0,394.0,,-2,8356790
12.3664,2019-09-08 18:25:24.075295,256.0,378.0,380.0,258.0,176.0,364.0,224.0,266.0,,-2,8358517
12.3739,2019-09-08 18:25:24.130206,258.0,256.0,262.0,284.0,176.0,320.0,226.0,272.0,,4,8365206
12.429,2019-09-08 18:25:24.139328,224.0,406.0,270.0,288.0,196.0,214.0,272.0,210.0,,6,8367040
12.438,2019-09-08 18:25:24.152245,216.0,412.0,274.0,288.0,268.0,178.0,182.0,200.0,,8,8369552
12.4509,2019-09-08 18:25:24.170692,274.0,286.0,274.0,284.0,190.0,176.0,188.0,174.0,,11,8375358
12.4691,2019-09-08 18:25:24.186331,210.0,404.0,272.0,278.0,186.0,204.0,184.0,174.0,,17,8379420
12.4847,2019-09-08 18:25:24.215411,208.0,208.0,266.0,266.0,192.0,172.0,174.0,182.0,,22,8388054
12.5138,2019-09-08 18:25:24.221946,258.0,354.0,258.0,254.0,172.0,172.0,172.0,180.0,,24,8388528
12.5205,2019-09-08 18:25:24.247298,242.0,310.0,306.0,246.0,172.0,180.0,180.0,182.0,,26,8392251
12.5457,2019-09-08 18:25:24.256417,228.0,260.0,232.0,226.0,172.0,180.0,182.0,182.0,,27,8392680
12.5548,2019-09-08 18:25:24.414795,200.0,218.0,198.0,216.0,172.0,172.0,180.0,182.0,,27,8392511
12.7132,2019-09-08 18:25:24.421169,180.0,202.0,180.0,202.0,182.0,182.0,172.0,182.0,,25,8348403
12.7196,2019-09-08 18:25:24.434696,184.0,180.0,180.0,202.0,180.0,182.0,172.0,168.0,,23,8347558
12.7331,2019-09-08 18:25:24.451634,186.0,186.0,180.0,202.0,182.0,172.0,180.0,180.0,,21,8343074
12.75,2019-09-08 18:25:24.467658,198.0,186.0,180.0,200.0,172.0,172.0,180.0,182.0,,20,8342243
12.7662,2019-09-08 18:25:24.486234,202.0,186.0,180.0,200.0,170.0,168.0,180.0,182.0,,17,8342112
12.7847,2019-09-08 18:25:24.524871,202.0,186.0,180.0,196.0,182.0,180.0,168.0,180.0,,13,8341707
12.8233,2019-09-08 18:25:24.555027,200.0,186.0,180.0,200.0,170.0,168.0,180.0,182.0,,11,8342326
12.8536,2019-09-08 18:25:24.563233,196.0,186.0,180.0,202.0,174.0,190.0,184.0,192.0,,11,8342569
12.8617,2019-09-08 18:25:24.571553,200.0,186.0,180.0,202.0,180.0,184.0,172.0,172.0,,11,8342728
12.87,2019-09-08 18:25:24.583339,196.0,186.0,180.0,200.0,180.0,180.0,172.0,192.0,,11,8342973
12.8818,2019-09-08 18:25:24.622781,194.0,186.0,180.0,200.0,180.0,184.0,172.0,208.0,,12,8341634
12.9212,2019-09-08 18:25:24.633384,194.0,186.0,194.0,186.0,180.0,172.0,230.0,182.0,,12,8342174
12.9318,2019-09-08 18:25:24.644823,194.0,186.0,180.0,180.0,246.0,172.0,268.0,184.0,,12,8342188
12.9433,2019-09-08 18:25:24.657780,194.0,186.0,180.0,196.0,184.0,172.0,310.0,184.0,,12,8342946
12.9562,2019-09-08 18:25:24.669698,194.0,186.0,196.0,194.0,172.0,358.0,184.0,184.0,,12,8342569
12.9681,2019-09-08 18:25:24.886491,194.0,186.0,194.0,194.0,172.0,406.0,416.0,184.0,,9,8347769
13.1849,2019-09-08 18:25:25.329940,452.0,298.0,234.0,252.0,498.0,232.0,192.0,172.0,,33,8343973
13.6285,2019-09-08 18:25:25.336648,200.0,186.0,178.0,202.0,182.0,190.0,172.0,164.0,,37,8345050
13.635,2019-09-08 18:25:25.351394,200.0,184.0,180.0,200.0,186.0,172.0,164.0,180.0,,44,8344603
13.6498,2019-09-08 18:25:25.364563,200.0,184.0,180.0,200.0,184.0,172.0,162.0,178.0,,47,8344942
13.663,2019-09-08 18:25:25.383101,200.0,184.0,178.0,200.0,184.0,172.0,164.0,178.0,,50,8346804
13.6815,2019-09-08 18:25:25.398495,198.0,184.0,198.0,202.0,172.0,164.0,178.0,182.0,,51,8348271
13.6969,2019-09-08 18:25:25.427622,198.0,186.0,200.0,200.0,172.0,164.0,178.0,182.0,,52,8348365
13.7261,2019-09-08 18:25:25.436865,184.0,198.0,180.0,200.0,172.0,164.0,178.0,182.0,,53,8349285
13.7353,2019-09-08 18:25:25.446938,198.0,198.0,180.0,178.0,172.0,164.0,178.0,184.0,,53,8348005
13.7454,2019-09-08 18:25:25.461184,198.0,184.0,180.0,202.0,172.0,166.0,178.0,172.0,,53,8348140
13.7597,2019-09-08 18:25:25.476471,200.0,198.0,184.0,178.0,178.0,182.0,172.0,166.0,,52,8347499
13.7752,2019-09-08 18:25:25.492712,198.0,184.0,180.0,200.0,166.0,178.0,182.0,172.0,,51,8347330
13.7912,2019-09-08 18:25:25.508035,200.0,184.0,178.0,200.0,164.0,178.0,182.0,166.0,,50,8347316
13.8065,2019-09-08 18:25:25.545720,198.0,184.0,180.0,200.0,178.0,182.0,172.0,166.0,,46,8345029
13.8445,2019-09-08 18:25:25.552577,200.0,186.0,180.0,198.0,182.0,172.0,172.0,166.0,,44,8343991
13.8524,2019-09-08 18:25:25.568025,200.0,184.0,200.0,198.0,182.0,172.0,180.0,182.0,,42,8343776
13.8664,2019-09-08 18:25:25.579987,184.0,184.0,200.0,200.0,172.0,172.0,166.0,182.0,,40,8343164
13.8786,2019-09-08 18:25:25.596354,198.0,184.0,198.0,184.0,172.0,180.0,182.0,182.0,,35,8342544
13.8954,2019-09-08 18:25:25.609661,198.0,200.0,180.0,200.0,172.0,164.0,180.0,182.0,,32,8343319
13.9081,2019-09-08 18:25:25.646875,196.0,184.0,180.0,196.0,172.0,180.0,182.0,172.0,,24,8343762
13.9454,2019-09-08 18:25:25.653512,186.0,180.0,198.0,200.0,164.0,182.0,172.0,172.0,,21,8342973
13.9519,2019-09-08 18:25:25.714257,196.0,196.0,184.0,196.0,180.0,180.0,182.0,164.0,,11,8346153
14.0127,2019-09-08 18:25:25.732153,196.0,196.0,196.0,200.0,180.0,182.0,170.0,164.0,,9,8346198
14.0306,2019-09-08 18:25:25.738515,196.0,184.0,180.0,200.0,180.0,184.0,172.0,166.0,,7,8346198
14.0369,2019-09-08 18:25:25.747663,194.0,196.0,196.0,200.0,184.0,172.0,172.0,180.0,,6,8347589
14.0462,2019-09-08 18:25:25.758475,198.0,186.0,198.0,184.0,184.0,172.0,172.0,172.0,,5,8347420
14.0568,2019-09-08 18:25:25.769792,208.0,186.0,210.0,180.0,180.0,184.0,174.0,176.0,,5,8347281
14.0688,2019-09-08 18:25:25.786665,224.0,184.0,228.0,186.0,180.0,184.0,178.0,180.0,,4,8348797
14.0852,2019-09-08 18:25:25.808832,250.0,184.0,254.0,186.0,184.0,172.0,184.0,180.0,,5,8350098
14.1073,2019-09-08 18:25:25.827775,202.0,186.0,180.0,202.0,184.0,172.0,214.0,180.0,,5,8349766
14.1262,2019-09-08 18:25:25.859975,368.0,374.0,184.0,180.0,172.0,172.0,180.0,182.0,,6,8347977
14.1586,2019-09-08 18:25:25.866693,434.0,186.0,180.0,202.0,246.0,180.0,182.0,172.0,,6,8346915
14.1652,2019-09-08 18:25:25.873080,498.0,186.0,182.0,514.0,268.0,182.0,182.0,182.0,,6,8347382
14.1715,2019-09-08 18:25:25.879735,538.0,540.0,182.0,212.0,284.0,290.0,182.0,182.0,,7,8349493
14.1781,2019-09-08 18:25:25.898134,562.0,196.0,186.0,214.0,300.0,182.0,180.0,172.0,,7,8351669
14.1966,2019-09-08 18:25:25.925242,572.0,572.0,202.0,574.0,316.0,182.0,184.0,184.0,,7,8351866
14.2239,2019-09-08 18:25:25.960028,580.0,208.0,188.0,582.0,330.0,186.0,186.0,172.0,,8,8356974
14.2589,2019-09-08 18:25:25.966940,586.0,222.0,192.0,224.0,188.0,190.0,172.0,194.0,,8,8357994
14.2656,2019-09-08 18:25:25.977645,580.0,580.0,232.0,578.0,224.0,172.0,460.0,464.0,,8,8359406
14.2761,2019-09-08 18:25:26.002246,568.0,240.0,198.0,562.0,194.0,260.0,496.0,496.0,,8,8359839
14.3006,2019-09-08 18:25:26.022627,250.0,252.0,228.0,228.0,288.0,292.0,196.0,506.0,,8,8362811
14.321,2019-09-08 18:25:26.179723,258.0,260.0,200.0,230.0,186.0,186.0,196.0,320.0,,4,8368676
14.4781,2019-09-08 18:25:26.214667,420.0,330.0,408.0,336.0,322.0,188.0,196.0,326.0,,2,8370770
14.5132,2019-09-08 18:25:26.225929,272.0,394.0,250.0,260.0,210.0,464.0,220.0,470.0,,1,8371441
14.5244,2019-09-08 18:25:26.244947,244.0,404.0,240.0,260.0,212.0,476.0,214.0,254.0,,1,8372095
14.5433,2019-09-08 18:25:26.254520,410.0,410.0,262.0,410.0,218.0,500.0,238.0,506.0,,1,8373351
14.5529,2019-09-08 18:25:26.272275,218.0,402.0,264.0,254.0,222.0,218.0,242.0,212.0,,0,8372791
14.5707,2019-09-08 18:25:26.287797,212.0,212.0,378.0,210.0,518.0,520.0,250.0,524.0,,0,8371953
14.5862,2019-09-08 18:25:26.308212,206.0,342.0,252.0,332.0,530.0,260.0,186.0,224.0,,0,8369787
14.6066,2019-09-08 18:25:26.321902,202.0,290.0,240.0,226.0,532.0,264.0,182.0,220.0,,0,8367874
14.6203,2019-09-08 18:25:26.339257,200.0,242.0,226.0,216.0,268.0,182.0,180.0,526.0,,1,8366275
14.6377,2019-09-08 18:25:26.360226,198.0,212.0,198.0,210.0,514.0,176.0,176.0,210.0,,2,8364510
14.6587,2019-09-08 18:25:26.369757,208.0,198.0,208.0,208.0,278.0,174.0,210.0,464.0,,4,8363213
14.6681,2019-09-08 18:25:26.386439,198.0,180.0,204.0,204.0,282.0,170.0,208.0,424.0,,5,8362870
14.6848,2019-09-08 18:25:26.407568,204.0,186.0,180.0,206.0,206.0,404.0,204.0,382.0,,8,8360548
14.706,2019-09-08 18:25:26.423674,198.0,180.0,204.0,204.0,282.0,314.0,278.0,164.0,,11,8359199
14.7222,2019-09-08 18:25:26.452465,198.0,186.0,180.0,204.0,256.0,164.0,188.0,218.0,,15,8356558
14.751,2019-09-08 18:25:26.459283,198.0,186.0,180.0,202.0,232.0,164.0,186.0,200.0,,18,8355610
14.7577,2019-09-08 18:25:26.472356,198.0,186.0,180.0,202.0,212.0,164.0,184.0,192.0,,21,8353686
14.7707,2019-09-08 18:25:26.488975,198.0,186.0,180.0,198.0,192.0,164.0,182.0,178.0,,28,8351451
14.7874,2019-09-08 18:25:26.505301,198.0,186.0,180.0,202.0,164.0,180.0,186.0,174.0,,31,8351299
14.8037,2019-09-08 18:25:26.777895,198.0,186.0,180.0,202.0,180.0,182.0,172.0,164.0,,23,8351621
15.0763,2019-09-08 18:25:26.788455,200.0,186.0,180.0,198.0,180.0,166.0,172.0,164.0,,21,8352766
15.0868,2019-09-08 18:25:26.800146,196.0,202.0,180.0,200.0,172.0,164.0,164.0,164.0,,19,8352392
15.0989,2019-09-08 18:25:26.813668,196.0,186.0,196.0,202.0,182.0,172.0,182.0,184.0,,17,8353334
15.112,2019-09-08 18:25:26.825371,196.0,184.0,180.0,186.0,172.0,164.0,182.0,182.0,,15,8354420
15.1238,2019-09-08 18:25:26.838826,196.0,184.0,180.0,196.0,172.0,172.0,180.0,186.0,,13,8355475
15.1372,2019-09-08 18:25:26.866401,194.0,184.0,180.0,202.0,184.0,172.0,170.0,184.0,,12,8355898
15.165,2019-09-08 18:25:26.873023,196.0,184.0,180.0,200.0,184.0,172.0,182.0,184.0,,12,8355507
15.1714,2019-09-08 18:25:26.885250,194.0,186.0,180.0,202.0,172.0,180.0,182.0,172.0,,12,8354614
15.1837,2019-09-08 18:25:26.900903,184.0,180.0,200.0,202.0,180.0,184.0,172.0,184.0,,12,8353417
15.1993,2019-09-08 18:25:26.933561,186.0,180.0,180.0,202.0,180.0,184.0,172.0,184.0,,13,8349589
15.2321,2019-09-08 18:25:26.939976,180.0,202.0,180.0,202.0,178.0,182.0,192.0,180.0,,14,8349538
15.2385,2019-09-08 18:25:26.954051,202.0,366.0,180.0,202.0,182.0,180.0,182.0,220.0,,14,8349496
15.2525,2019-09-08 18:25:26.970772,488.0,184.0,178.0,204.0,182.0,172.0,242.0,182.0,,14,8346278
15.2692,2019-09-08 18:25:26.983919,618.0,186.0,180.0,206.0,182.0,172.0,278.0,288.0,,14,8345825
15.2823,2019-09-08 18:25:27.000813,678.0,186.0,182.0,216.0,192.0,186.0,306.0,194.0,,14,8345672
15.2997,2019-09-08 18:25:27.024270,190.0,184.0,686.0,190.0,196.0,348.0,202.0,200.0,,13,8345935
15.3231,2019-09-08 18:25:27.036194,184.0,184.0,220.0,220.0,368.0,204.0,204.0,206.0,,13,8345243
15.335,2019-09-08 18:25:27.054283,692.0,184.0,220.0,690.0,206.0,206.0,210.0,174.0,,12,8345102
15.3532,2019-09-08 18:25:27.073165,688.0,204.0,186.0,686.0,454.0,220.0,176.0,176.0,,11,8344714
15.3719,2019-09-08 18:25:27.084280,228.0,208.0,186.0,228.0,468.0,228.0,230.0,176.0,,10,8343458
15.383,2019-09-08 18:25:27.099918,232.0,214.0,186.0,234.0,222.0,236.0,236.0,176.0,,10,8343025
15.3989,2019-09-08 18:25:27.118559,606.0,220.0,188.0,592.0,474.0,226.0,244.0,178.0,,9,8343018
15.4172,2019-09-08 18:25:27.146073,228.0,194.0,248.0,248.0,464.0,230.0,178.0,232.0,,8,8343105
15.4447,2019-09-08 18:25:27.179463,240.0,198.0,494.0,252.0,180.0,416.0,238.0,278.0,,6,8344271
15.4784,2019-09-08 18:25:27.192826,204.0,260.0,204.0,260.0,240.0,180.0,242.0,288.0,,6,8343949
15.4916,2019-09-08 18:25:27.212977,410.0,270.0,210.0,398.0,380.0,246.0,298.0,182.0,,4,8344839
15.5117,2019-09-08 18:25:27.240024,284.0,216.0,282.0,298.0,314.0,336.0,320.0,326.0,,3,8344582
15.5385,2019-09-08 18:25:27.270780,324.0,308.0,226.0,292.0,268.0,284.0,190.0,276.0,,1,8345704
15.5695,2019-09-08 18:25:27.282960,320.0,232.0,298.0,292.0,378.0,192.0,262.0,276.0,,1,8345901
15.5816,2019-09-08 18:25:27.297530,276.0,242.0,312.0,312.0,252.0,402.0,408.0,284.0,,1,8346648
15.5962,2019-09-08 18:25:27.333691,252.0,350.0,252.0,322.0,208.0,300.0,466.0,304.0,,-1,8348586
15.6324,2019-09-08 18:25:27.344819,234.0,362.0,232.0,328.0,214.0,214.0,308.0,310.0,,-1,8348396
15.6437,2019-09-08 18:25:27.370745,224.0,332.0,266.0,334.0,494.0,180.0,314.0,506.0,,-2,8350634
15.6694,2019-09-08 18:25:27.380104,274.0,338.0,214.0,274.0,316.0,514.0,174.0,174.0,,-2,8351247
15.6786,2019-09-08 18:25:27.390234,212.0,384.0,280.0,212.0,316.0,526.0,316.0,242.0,,-2,8350967
15.6891,2019-09-08 18:25:27.402175,210.0,386.0,286.0,210.0,244.0,170.0,314.0,536.0,,-2,8351423
15.7009,2019-09-08 18:25:27.413396,208.0,380.0,288.0,206.0,538.0,256.0,538.0,310.0,,-2,8351832
15.7118,2019-09-08 18:25:27.431889,206.0,370.0,290.0,324.0,166.0,536.0,270.0,164.0,,-1,8351257
15.7306,2019-09-08 18:25:27.444954,288.0,316.0,288.0,314.0,302.0,530.0,278.0,282.0,,0,8350631
15.7436,2019-09-08 18:25:27.460252,322.0,282.0,300.0,298.0,284.0,162.0,514.0,508.0,,1,8349655
15.7591,2019-09-08 18:25:27.482407,282.0,274.0,276.0,274.0,478.0,472.0,162.0,162.0,,2,8347486
15.7813,2019-09-08 18:25:27.499193,234.0,256.0,252.0,250.0,444.0,162.0,162.0,238.0,,5,8347001
15.7979,2019-09-08 18:25:27.513515,238.0,230.0,234.0,234.0,308.0,162.0,366.0,308.0,,6,8347164
15.8122,2019-09-08 18:25:27.536456,194.0,206.0,220.0,218.0,162.0,208.0,162.0,204.0,,10,8346759
15.8353,2019-09-08 18:25:27.549718,190.0,192.0,194.0,190.0,162.0,200.0,230.0,242.0,,12,8347714
15.8485,2019-09-08 18:25:27.577493,196.0,186.0,182.0,204.0,162.0,194.0,212.0,218.0,,23,8349327
15.8761,2019-09-08 18:25:27.592143,204.0,186.0,196.0,186.0,186.0,162.0,184.0,162.0,,29,8350230
15.891,2019-09-08 18:25:27.603640,196.0,184.0,180.0,202.0,184.0,188.0,172.0,164.0,,35,8351531
15.9026,2019-09-08 18:25:27.616442,196.0,184.0,180.0,202.0,180.0,184.0,184.0,164.0,,41,8351524
15.9154,2019-09-08 18:25:27.632021,196.0,184.0,180.0,202.0,164.0,184.0,184.0,180.0,,46,8352295
15.9309,2019-09-08 18:25:27.648604,196.0,184.0,180.0,202.0,184.0,172.0,184.0,178.0,,54,8352763
15.9473,2019-09-08 18:25:27.664949,180.0,184.0,180.0,196.0,184.0,172.0,172.0,164.0,,58,8354846
15.9636,2019-09-08 18:25:27.686849,196.0,200.0,202.0,200.0,178.0,182.0,172.0,180.0,,62,8354967
15.9856,2019-09-08 18:25:27.701625,184.0,180.0,180.0,200.0,172.0,164.0,178.0,182.0,,63,8354112
16.0004,2019-09-08 18:25:27.730927,180.0,184.0,180.0,200.0,164.0,178.0,182.0,172.0,,64,8351410
16.0296,2019-09-08 18:25:27.742729,180.0,200.0,180.0,196.0,164.0,178.0,182.0,172.0,,64,8349275
16.0414,2019-09-08 18:25:27.754767,196.0,180.0,200.0,200.0,164.0,178.0,182.0,172.0,,63,8346807
16.0535,2019-09-08 18:25:27.771448,196.0,184.0,196.0,184.0,178.0,182.0,172.0,182.0,,62,8344652
16.0701,2019-09-08 18:25:27.791221,196.0,202.0,196.0,200.0,178.0,182.0,172.0,166.0,,60,8342942
16.0901,2019-09-08 18:25:27.810781,196.0,184.0,196.0,196.0,178.0,182.0,172.0,166.0,,56,8342762
16.1097,2019-09-08 18:25:27.823132,196.0,184.0,180.0,200.0,178.0,182.0,172.0,166.0,,54,8343669
16.1216,2019-09-08 18:25:27.840377,196.0,184.0,180.0,200.0,178.0,182.0,172.0,166.0,,51,8343949
16.1394,2019-09-08 18:25:27.868940,196.0,184.0,180.0,200.0,182.0,172.0,166.0,180.0,,42,8343084
16.1678,2019-09-08 18:25:27.880151,200.0,200.0,180.0,200.0,182.0,172.0,164.0,180.0,,39,8343084
16.1787,2019-09-08 18:25:27.893274,200.0,180.0,200.0,200.0,182.0,182.0,172.0,180.0,,36,8343520
16.1917,2019-09-08 18:25:27.929348,180.0,186.0,194.0,180.0,172.0,164.0,164.0,182.0,,27,8345365
16.2278,2019-09-08 18:25:27.935657,194.0,184.0,194.0,200.0,182.0,164.0,180.0,182.0,,24,8346261
16.2344,2019-09-08 18:25:27.949476,194.0,184.0,180.0,200.0,172.0,182.0,182.0,172.0,,22,8347178
16.2482,2019-09-08 18:25:27.968713,194.0,194.0,184.0,200.0,172.0,164.0,180.0,182.0,,18,8347935
16.2674,2019-09-08 18:25:27.997849,180.0,180.0,202.0,194.0,164.0,164.0,182.0,170.0,,15,8350340
16.2965,2019-09-08 18:25:28.023189,180.0,204.0,180.0,180.0,164.0,180.0,182.0,184.0,,13,8351500
16.322,2019-09-08 18:25:28.038979,218.0,184.0,220.0,202.0,172.0,168.0,184.0,172.0,,13,8352780
16.3376,2019-09-08 18:25:28.053702,244.0,186.0,180.0,250.0,180.0,184.0,172.0,172.0,,13,8353579
16.3524,2019-09-08 18:25:28.080712,272.0,186.0,278.0,284.0,182.0,182.0,172.0,180.0,,12,8354711
16.3795,2019-09-08 18:25:28.097991,336.0,184.0,180.0,356.0,180.0,184.0,196.0,180.0,,12,8352849
16.3969,2019-09-08 18:25:28.104817,490.0,210.0,182.0,214.0,182.0,172.0,242.0,182.0,,12,8352465
16.4035,2019-09-08 18:25:28.171389,182.0,194.0,182.0,218.0,172.0,172.0,204.0,172.0,,10,8352250
16.4701,2019-09-08 18:25:28.190668,602.0,602.0,194.0,598.0,172.0,208.0,208.0,188.0,,10,8351894
16.4893,2019-09-08 18:25:28.199308,232.0,196.0,196.0,242.0,468.0,212.0,188.0,172.0,,9,8351631
16.498,2019-09-08 18:25:28.205870,242.0,550.0,250.0,540.0,172.0,500.0,190.0,172.0,,9,8351250
16.5046,2019-09-08 18:25:28.239993,508.0,500.0,204.0,258.0,222.0,222.0,192.0,538.0,,8,8349714
16.5387,2019-09-08 18:25:28.258081,208.0,210.0,276.0,266.0,196.0,172.0,540.0,230.0,,8,8351109
16.5567,2019-09-08 18:25:28.295412,386.0,214.0,214.0,364.0,198.0,174.0,534.0,532.0,,7,8351728
16.5941,2019-09-08 18:25:28.306896,304.0,224.0,288.0,290.0,204.0,174.0,514.0,512.0,,6,8351887
16.6052,2019-09-08 18:25:28.328536,322.0,322.0,298.0,274.0,174.0,486.0,482.0,240.0,,5,8352444
16.6273,2019-09-08 18:25:28.357172,246.0,246.0,312.0,312.0,458.0,244.0,222.0,246.0,,3,8353607
16.6556,2019-09-08 18:25:28.375379,356.0,232.0,358.0,320.0,424.0,252.0,414.0,256.0,,2,8352676
16.6741,2019-09-08 18:25:28.418644,220.0,372.0,270.0,328.0,244.0,258.0,250.0,388.0,,-1,8355299
16.7173,2019-09-08 18:25:28.425196,212.0,384.0,276.0,332.0,180.0,270.0,182.0,344.0,,-1,8356289
16.7238,2019-09-08 18:25:28.434199,212.0,388.0,280.0,334.0,182.0,334.0,278.0,304.0,,-2,8356050
16.7329,2019-09-08 18:25:28.448454,208.0,392.0,284.0,336.0,184.0,312.0,286.0,322.0,,-2,8355247
16.7471,2019-09-08 18:25:28.466537,208.0,390.0,288.0,334.0,190.0,302.0,304.0,368.0,,-3,8356372
16.7652,2019-09-08 18:25:28.480772,206.0,292.0,206.0,330.0,376.0,384.0,234.0,198.0,,-3,8356299
16.7794,2019-09-08 18:25:28.503947,204.0,382.0,326.0,324.0,404.0,202.0,212.0,210.0,,-4,8356164
16.8028,2019-09-08 18:25:28.525427,372.0,298.0,370.0,298.0,204.0,334.0,438.0,210.0,,-5,8355642
16.8241,2019-09-08 18:25:28.536606,200.0,356.0,298.0,308.0,348.0,476.0,220.0,176.0,,-5,8356486
16.8353,2019-09-08 18:25:28.553850,200.0,294.0,294.0,292.0,352.0,490.0,352.0,498.0,,-5,8356472
16.8526,2019-09-08 18:25:28.569658,198.0,302.0,198.0,296.0,502.0,170.0,506.0,170.0,,-5,8354943
16.868,2019-09-08 18:25:28.586927,196.0,276.0,274.0,272.0,168.0,248.0,348.0,514.0,,-5,8354534
16.8856,2019-09-08 18:25:28.609430,194.0,232.0,260.0,256.0,254.0,166.0,166.0,166.0,,-3,8351804
16.9078,2019-09-08 18:25:28.622750,194.0,212.0,238.0,238.0,340.0,514.0,512.0,272.0,,-2,8349707
16.9212,2019-09-08 18:25:28.629088,200.0,194.0,198.0,224.0,320.0,498.0,286.0,490.0,,-1,8349385
16.9276,2019-09-08 18:25:28.644527,192.0,216.0,192.0,214.0,162.0,298.0,438.0,270.0,,1,8348022
16.943,2019-09-08 18:25:28.662252,194.0,194.0,188.0,182.0,420.0,306.0,306.0,308.0,,4,8348752
16.9607,2019-09-08 18:25:28.676248,194.0,184.0,180.0,204.0,308.0,162.0,308.0,162.0,,6,8349333
16.975,2019-09-08 18:25:28.704693,180.0,204.0,180.0,204.0,290.0,162.0,162.0,208.0,,10,8352008
17.0031,2019-09-08 18:25:28.713112,196.0,204.0,184.0,180.0,246.0,162.0,202.0,226.0,,12,8352368
17.0115,2019-09-08 18:25:28.726278,196.0,184.0,180.0,202.0,220.0,228.0,162.0,194.0,,19,8352922
17.0247,2019-09-08 18:25:28.741432,196.0,184.0,180.0,200.0,160.0,162.0,190.0,200.0,,25,8354122
17.0402,2019-09-08 18:25:28.756971,196.0,184.0,180.0,200.0,162.0,180.0,164.0,174.0,,31,8353462
17.0557,2019-09-08 18:25:28.773625,196.0,184.0,180.0,200.0,172.0,172.0,184.0,172.0,,43,8350991
17.0721,2019-09-08 18:25:28.789012,202.0,184.0,180.0,202.0,164.0,164.0,184.0,172.0,,48,8350915
17.0874,2019-09-08 18:25:28.834107,180.0,184.0,180.0,202.0,164.0,178.0,182.0,164.0,,60,8349690
17.1325,2019-09-08 18:25:28.840353,196.0,184.0,180.0,200.0,164.0,182.0,182.0,172.0,,61,8350150
17.139,2019-09-08 18:25:28.857533,180.0,200.0,180.0,200.0,164.0,178.0,180.0,172.0,,62,8349489
17.1559,2019-09-08 18:25:28.872115,196.0,184.0,196.0,184.0,178.0,182.0,182.0,172.0,,62,8349143
17.1706,2019-09-08 18:25:28.885470,196.0,184.0,184.0,196.0,164.0,182.0,172.0,166.0,,62,8348873
17.1839,2019-09-08 18:25:28.924685,196.0,184.0,180.0,198.0,180.0,172.0,166.0,176.0,,58,8346821
17.2233,2019-09-08 18:25:28.931279,196.0,184.0,196.0,200.0,180.0,172.0,164.0,178.0,,57,8346084
17.2298,2019-09-08 18:25:28.941523,196.0,184.0,196.0,184.0,182.0,172.0,166.0,178.0,,55,8345454
17.24,2019-09-08 18:25:28.952969,196.0,184.0,180.0,200.0,182.0,166.0,166.0,178.0,,53,8345271
17.2515,2019-09-08 18:25:28.969309,196.0,184.0,180.0,200.0,182.0,164.0,178.0,182.0,,51,8346572
17.2677,2019-09-08 18:25:28.981303,196.0,184.0,180.0,180.0,172.0,166.0,180.0,182.0,,46,8346787
17.2804,2019-09-08 18:25:29.020774,202.0,184.0,180.0,180.0,172.0,164.0,180.0,182.0,,37,8350451
17.3197,2019-09-08 18:25:29.027628,194.0,200.0,194.0,184.0,166.0,180.0,182.0,172.0,,34,8351489
17.3265,2019-09-08 18:25:29.035553,194.0,196.0,180.0,200.0,164.0,182.0,182.0,172.0,,31,8352430
17.3344,2019-09-08 18:25:29.052313,194.0,194.0,180.0,186.0,164.0,180.0,182.0,172.0,,27,8354399
17.3507,2019-09-08 18:25:29.088432,194.0,186.0,200.0,194.0,182.0,182.0,182.0,164.0,,20,8357095
17.387,2019-09-08 18:25:29.124215,194.0,194.0,180.0,186.0,182.0,172.0,166.0,182.0,,13,8357458
17.4227,2019-09-08 18:25:29.146508,202.0,186.0,180.0,200.0,182.0,172.0,172.0,166.0,,12,8357389
17.445,2019-09-08 18:25:29.153026,194.0,184.0,180.0,202.0,184.0,184.0,172.0,182.0,,11,8357614
17.4515,2019-09-08 18:25:29.173073,194.0,186.0,180.0,202.0,180.0,184.0,170.0,184.0,,10,8358074
17.4718,2019-09-08 18:25:29.179766,202.0,186.0,180.0,202.0,180.0,172.0,172.0,180.0,,10,8357929
17.4782,2019-09-08 18:25:29.188276,180.0,186.0,180.0,202.0,180.0,184.0,176.0,180.0,,10,8357749
17.4867,2019-09-08 18:25:29.255646,228.0,202.0,180.0,202.0,182.0,182.0,172.0,298.0,,10,8354455
17.554,2019-09-08 18:25:29.283296,184.0,186.0,180.0,546.0,182.0,334.0,184.0,364.0,,10,8354077
17.5817,2019-09-08 18:25:29.290786,688.0,186.0,692.0,182.0,172.0,188.0,172.0,416.0,,10,8353451
17.5896,2019-09-08 18:25:29.303034,212.0,188.0,704.0,704.0,418.0,210.0,206.0,172.0,,10,8353226
17.6014,2019-09-08 18:25:29.323600,710.0,188.0,710.0,188.0,414.0,220.0,226.0,224.0,,11,8352282
17.622,2019-09-08 18:25:29.333081,718.0,194.0,184.0,218.0,404.0,178.0,398.0,180.0,,11,8354185
17.6315,2019-09-08 18:25:29.348127,718.0,196.0,186.0,218.0,264.0,238.0,282.0,184.0,,11,8356143
17.6466,2019-09-08 18:25:29.362986,218.0,220.0,186.0,220.0,366.0,190.0,332.0,192.0,,11,8356385
17.6614,2019-09-08 18:25:29.384619,186.0,220.0,186.0,186.0,342.0,348.0,196.0,196.0,,10,8354531
17.683,2019-09-08 18:25:29.396521,670.0,220.0,186.0,222.0,252.0,366.0,346.0,252.0,,10,8355711
17.6949,2019-09-08 18:25:29.429477,202.0,222.0,186.0,612.0,252.0,200.0,340.0,252.0,,9,8356078
17.7279,2019-09-08 18:25:29.461197,590.0,588.0,232.0,186.0,252.0,392.0,250.0,330.0,,7,8355815
17.7596,2019-09-08 18:25:29.481680,186.0,552.0,214.0,188.0,204.0,204.0,308.0,236.0,,6,8356489
17.7802,2019-09-08 18:25:29.502016,512.0,508.0,224.0,190.0,304.0,234.0,234.0,206.0,,4,8356669
17.8004,2019-09-08 18:25:29.711928,192.0,258.0,238.0,242.0,296.0,234.0,234.0,428.0,,-4,8363514
18.0105,2019-09-08 18:25:29.718361,208.0,398.0,288.0,396.0,222.0,218.0,242.0,484.0,,-4,8362777
18.0167,2019-09-08 18:25:29.741399,204.0,390.0,292.0,334.0,232.0,246.0,506.0,236.0,,-3,8362880
18.0398,2019-09-08 18:25:29.747736,202.0,368.0,294.0,318.0,532.0,312.0,164.0,164.0,,-2,8363303
18.0464,2019-09-08 18:25:29.756846,198.0,332.0,292.0,302.0,520.0,162.0,238.0,498.0,,-1,8361552
18.0552,2019-09-08 18:25:29.789674,262.0,262.0,268.0,258.0,452.0,162.0,432.0,330.0,,3,8357015
18.0881,2019-09-08 18:25:29.801534,242.0,214.0,236.0,234.0,332.0,222.0,396.0,386.0,,4,8354039
18.1,2019-09-08 18:25:29.829368,210.0,222.0,192.0,198.0,276.0,162.0,200.0,252.0,,8,8351115
18.1278,2019-09-08 18:25:29.840803,192.0,192.0,188.0,208.0,278.0,162.0,194.0,192.0,,11,8349001
18.1392,2019-09-08 18:25:29.853462,192.0,186.0,180.0,204.0,218.0,216.0,232.0,208.0,,14,8349887
18.1519,2019-09-08 18:25:29.901710,192.0,186.0,180.0,204.0,188.0,180.0,172.0,180.0,,41,8351344
18.2003,2019-09-08 18:25:29.911175,186.0,182.0,204.0,204.0,180.0,184.0,172.0,164.0,,47,8351728
18.2096,2019-09-08 18:25:29.931360,202.0,186.0,194.0,186.0,186.0,166.0,166.0,166.0,,51,8352430
18.2299,2019-09-08 18:25:29.942207,194.0,194.0,196.0,186.0,184.0,172.0,178.0,178.0,,56,8352050
18.2409,2019-09-08 18:25:29.948899,194.0,194.0,194.0,184.0,184.0,172.0,166.0,178.0,,59,8352399
18.2473,2019-09-08 18:25:29.961135,194.0,184.0,196.0,200.0,184.0,172.0,182.0,172.0,,62,8353237
18.2595,2019-09-08 18:25:30.005455,196.0,184.0,180.0,200.0,182.0,172.0,166.0,172.0,,65,8351745
18.304,2019-09-08 18:25:30.011888,184.0,180.0,200.0,200.0,172.0,164.0,182.0,172.0,,65,8352320
18.3103,2019-09-08 18:25:30.034124,202.0,184.0,180.0,200.0,172.0,166.0,178.0,182.0,,64,8351776
18.3326,2019-09-08 18:25:30.046268,200.0,184.0,196.0,200.0,172.0,180.0,172.0,166.0,,62,8351572
18.345,2019-09-08 18:25:30.061531,194.0,184.0,194.0,200.0,166.0,178.0,180.0,180.0,,61,8350150
18.3603,2019-09-08 18:25:30.075511,200.0,180.0,180.0,198.0,166.0,176.0,180.0,172.0,,58,8350029
18.3739,2019-09-08 18:25:30.098308,194.0,194.0,184.0,180.0,182.0,172.0,182.0,172.0,,54,8348648
18.3969,2019-09-08 18:25:30.109296,180.0,194.0,184.0,180.0,182.0,172.0,182.0,178.0,,52,8348070
18.4077,2019-09-08 18:25:30.126543,194.0,184.0,180.0,200.0,178.0,172.0,182.0,178.0,,50,8347437
18.4249,2019-09-08 18:25:30.146255,200.0,184.0,180.0,200.0,166.0,182.0,172.0,172.0,,44,8347230
18.4447,2019-09-08 18:25:30.156615,194.0,186.0,180.0,200.0,180.0,180.0,172.0,166.0,,40,8348185
18.4551,2019-09-08 18:25:30.172422,200.0,184.0,180.0,200.0,180.0,182.0,172.0,166.0,,37,8348641
18.4709,2019-09-08 18:25:30.189321,194.0,200.0,200.0,200.0,172.0,164.0,180.0,182.0,,30,8350981
18.4878,2019-09-08 18:25:30.203431,194.0,180.0,200.0,200.0,180.0,182.0,172.0,164.0,,27,8352071
18.5023,2019-09-08 18:25:30.246052,184.0,180.0,180.0,200.0,182.0,182.0,170.0,164.0,,17,8355586
18.5444,2019-09-08 18:25:30.255940,194.0,192.0,184.0,192.0,172.0,166.0,170.0,182.0,,15,8355507
18.5543,2019-09-08 18:25:30.267726,180.0,186.0,180.0,186.0,182.0,172.0,166.0,182.0,,13,8355714
18.5665,2019-09-08 18:25:30.284999,192.0,184.0,194.0,202.0,182.0,172.0,166.0,182.0,,11,8355434
18.5835,2019-09-08 18:25:30.299464,194.0,186.0,202.0,180.0,170.0,172.0,166.0,182.0,,10,8354590
18.5979,2019-09-08 18:25:30.310460,194.0,186.0,180.0,178.0,172.0,168.0,168.0,180.0,,10,8355237
18.6091,2019-09-08 18:25:30.327994,212.0,216.0,180.0,184.0,172.0,170.0,180.0,172.0,,9,8355077
18.6265,2019-09-08 18:25:30.360956,290.0,184.0,180.0,180.0,172.0,174.0,180.0,182.0,,10,8353019
18.6594,2019-09-08 18:25:30.374752,432.0,444.0,458.0,180.0,180.0,178.0,180.0,182.0,,10,8352147
18.6748,2019-09-08 18:25:30.382811,582.0,184.0,180.0,206.0,202.0,178.0,214.0,180.0,,10,8349136
18.6816,2019-09-08 18:25:30.393547,748.0,186.0,770.0,208.0,182.0,170.0,182.0,180.0,,9,8347904
18.692,2019-09-08 18:25:30.405783,208.0,186.0,840.0,186.0,182.0,182.0,182.0,170.0,,9,8346226
18.7043,2019-09-08 18:25:30.423835,208.0,186.0,182.0,208.0,188.0,404.0,192.0,430.0,,9,8345641
18.723,2019-09-08 18:25:30.447035,816.0,186.0,182.0,214.0,186.0,186.0,170.0,462.0,,9,8347171
18.7461,2019-09-08 18:25:30.464859,786.0,184.0,184.0,218.0,208.0,208.0,214.0,174.0,,9,8346465
18.7633,2019-09-08 18:25:30.492082,758.0,184.0,220.0,750.0,176.0,484.0,178.0,258.0,,9,8345465
18.791,2019-09-08 18:25:30.503851,728.0,198.0,224.0,186.0,180.0,478.0,274.0,280.0,,9,8346368
18.8023,2019-09-08 18:25:30.516182,696.0,202.0,202.0,186.0,182.0,470.0,294.0,184.0,,9,8346576
18.8147,2019-09-08 18:25:30.533615,666.0,664.0,660.0,206.0,304.0,230.0,450.0,186.0,,8,8347423
18.8321,2019-09-08 18:25:30.565715,632.0,208.0,188.0,234.0,442.0,326.0,188.0,426.0,,7,8347641
18.8641,2019-09-08 18:25:30.577926,240.0,218.0,190.0,242.0,236.0,350.0,192.0,384.0,,7,8348250
18.8763,2019-09-08 18:25:30.595567,538.0,226.0,248.0,248.0,360.0,194.0,370.0,194.0,,6,8349039
18.8944,2019-09-08 18:25:30.624856,254.0,196.0,258.0,258.0,238.0,386.0,238.0,388.0,,4,8350918
18.9235,2019-09-08 18:25:30.655266,454.0,264.0,200.0,436.0,198.0,296.0,240.0,402.0,,1,8350721
18.9537,2019-09-08 18:25:30.675198,276.0,208.0,276.0,286.0,200.0,274.0,242.0,418.0,,1,8351237
18.9736,2019-09-08 18:25:30.697980,356.0,302.0,216.0,288.0,202.0,264.0,244.0,426.0,,-1,8352396
18.9964,2019-09-08 18:25:30.721910,294.0,306.0,330.0,336.0,204.0,244.0,250.0,446.0,,-2,8352600
19.0209,2019-09-08 18:25:30.743198,274.0,348.0,240.0,308.0,210.0,220.0,260.0,262.0,,-3,8354351
19.0416,2019-09-08 18:25:30.764289,254.0,364.0,248.0,318.0,208.0,218.0,496.0,220.0,,-4,8356050
19.0627,2019-09-08 18:25:30.770610,326.0,236.0,380.0,256.0,198.0,270.0,514.0,228.0,,-4,8355738
19.069,2019-09-08 18:25:30.787300,224.0,396.0,266.0,336.0,188.0,274.0,534.0,182.0,,-5,8356984
19.0857,2019-09-08 18:25:30.803750,216.0,338.0,274.0,338.0,278.0,558.0,256.0,176.0,,-5,8357420
19.1021,2019-09-08 18:25:30.822486,282.0,420.0,282.0,338.0,280.0,564.0,264.0,174.0,,-5,8358109
19.1209,2019-09-08 18:25:30.836813,212.0,422.0,210.0,422.0,280.0,568.0,274.0,172.0,,-4,8359700
19.1352,2019-09-08 18:25:30.858971,420.0,296.0,326.0,298.0,278.0,568.0,282.0,170.0,,-4,8359275
19.1573,2019-09-08 18:25:30.872357,206.0,302.0,302.0,302.0,566.0,288.0,290.0,272.0,,-3,8359036
19.1707,2019-09-08 18:25:30.889267,202.0,376.0,302.0,202.0,548.0,302.0,164.0,258.0,,-2,8358406
19.1877,2019-09-08 18:25:30.904475,200.0,336.0,300.0,298.0,308.0,164.0,252.0,508.0,,-1,8357794
19.2028,2019-09-08 18:25:30.920716,196.0,286.0,290.0,262.0,316.0,162.0,234.0,430.0,,0,8354517
19.2191,2019-09-08 18:25:30.936774,194.0,244.0,274.0,242.0,320.0,320.0,162.0,220.0,,3,8353434
19.2351,2019-09-08 18:25:30.975999,230.0,194.0,216.0,246.0,162.0,198.0,256.0,274.0,,9,8351385
19.2744,2019-09-08 18:25:30.984438,194.0,202.0,218.0,216.0,234.0,162.0,192.0,218.0,,11,8351230
19.2828,2019-09-08 18:25:30.996266,194.0,192.0,208.0,208.0,190.0,208.0,188.0,162.0,,15,8351077
19.2948,2019-09-08 18:25:31.007818,194.0,186.0,182.0,202.0,204.0,200.0,194.0,164.0,,19,8351330
19.3062,2019-09-08 18:25:31.022263,194.0,204.0,180.0,204.0,182.0,190.0,174.0,166.0,,25,8352766
19.3207,2019-09-08 18:25:31.039123,204.0,184.0,202.0,184.0,172.0,164.0,178.0,184.0,,38,8353417
19.3376,2019-09-08 18:25:31.064585,184.0,180.0,202.0,180.0,184.0,172.0,164.0,166.0,,49,8355143
19.3633,2019-09-08 18:25:31.071246,196.0,202.0,180.0,180.0,164.0,178.0,166.0,178.0,,54,8355424
19.3696,2019-09-08 18:25:31.087750,180.0,184.0,180.0,202.0,166.0,172.0,166.0,178.0,,58,8355842
19.3862,2019-09-08 18:25:31.107070,196.0,184.0,180.0,184.0,172.0,172.0,164.0,182.0,,63,8355849
19.4054,2019-09-08 18:25:31.133798,196.0,184.0,196.0,196.0,172.0,166.0,178.0,180.0,,66,8355880
19.4322,2019-09-08 18:25:31.172427,184.0,200.0,196.0,184.0,172.0,182.0,172.0,166.0,,65,8352925
19.4709,2019-09-08 18:25:31.181508,196.0,184.0,196.0,184.0,172.0,182.0,172.0,166.0,,64,8352275
19.4803,2019-09-08 18:25:31.192685,196.0,184.0,196.0,184.0,172.0,176.0,180.0,172.0,,63,8351683
19.4915,2019-09-08 18:25:31.204063,196.0,184.0,196.0,184.0,180.0,172.0,182.0,172.0,,62,8350562
19.5025,2019-09-08 18:25:31.251432,196.0,184.0,180.0,200.0,166.0,178.0,172.0,166.0,,56,8345970
19.5499,2019-09-08 18:25:31.260804,196.0,200.0,180.0,200.0,172.0,182.0,172.0,182.0,,54,8345659
19.5595,2019-09-08 18:25:31.272051,180.0,200.0,180.0,200.0,166.0,170.0,166.0,166.0,,51,8345039
19.5704,2019-09-08 18:25:31.289703,200.0,184.0,180.0,200.0,178.0,182.0,182.0,166.0,,44,8344569
19.5882,2019-09-08 18:25:31.302207,194.0,180.0,200.0,180.0,166.0,178.0,182.0,170.0,,40,8344908
19.6006,2019-09-08 18:25:31.324842,184.0,180.0,200.0,180.0,166.0,178.0,182.0,172.0,,32,8345783
19.6233,2019-09-08 18:25:31.346499,194.0,180.0,200.0,200.0,180.0,182.0,172.0,166.0,,25,8346856
19.6449,2019-09-08 18:25:31.366702,194.0,200.0,184.0,202.0,180.0,182.0,180.0,166.0,,19,8348375
19.6654,2019-09-08 18:25:31.377824,194.0,186.0,180.0,196.0,180.0,184.0,172.0,166.0,,15,8350039
19.6764,2019-09-08 18:25:31.396204,184.0,184.0,180.0,200.0,170.0,168.0,172.0,172.0,,12,8352240
19.6947,2019-09-08 18:25:31.413195,194.0,194.0,186.0,180.0,170.0,180.0,184.0,172.0,,9,8352053
19.7118,2019-09-08 18:25:31.430345,180.0,194.0,180.0,202.0,172.0,172.0,172.0,180.0,,7,8352510
19.7291,2019-09-08 18:25:31.446469,194.0,186.0,194.0,194.0,184.0,180.0,174.0,180.0,,5,8352842
19.745,2019-09-08 18:25:31.477238,204.0,184.0,180.0,202.0,184.0,172.0,182.0,180.0,,5,8351129
19.7758,2019-09-08 18:25:31.488768,240.0,184.0,180.0,204.0,180.0,172.0,190.0,194.0,,5,8351247
19.7875,2019-09-08 18:25:31.497928,180.0,202.0,178.0,200.0,200.0,208.0,182.0,182.0,,5,8351351
19.7964,2019-09-08 18:25:31.510905,180.0,202.0,180.0,202.0,172.0,180.0,180.0,184.0,,6,8349240
19.8095,2019-09-08 18:25:31.535110,180.0,204.0,638.0,206.0,184.0,172.0,438.0,190.0,,6,8345191
19.8337,2019-09-08 18:25:31.548743,180.0,208.0,760.0,186.0,194.0,184.0,172.0,496.0,,7,8344596
19.8472,2019-09-08 18:25:31.593370,208.0,790.0,186.0,182.0,498.0,206.0,186.0,172.0,,8,8343818
19.8921,2019-09-08 18:25:31.601237,216.0,188.0,182.0,218.0,176.0,230.0,234.0,212.0,,8,8345063
19.8996,2019-09-08 18:25:31.613453,728.0,728.0,190.0,184.0,474.0,240.0,220.0,178.0,,8,8344953
19.9118,2019-09-08 18:25:31.632653,712.0,196.0,708.0,226.0,464.0,256.0,182.0,456.0,,8,8344275
19.9312,2019-09-08 18:25:31.653081,684.0,204.0,188.0,230.0,184.0,448.0,264.0,184.0,,7,8343185
19.9515,2019-09-08 18:25:31.664608,642.0,208.0,188.0,236.0,184.0,432.0,270.0,272.0,,7,8342780
19.963,2019-09-08 18:25:31.680323,592.0,240.0,190.0,242.0,276.0,278.0,186.0,390.0,,6,8342240
19.9789,2019-09-08 18:25:31.710471,532.0,224.0,196.0,196.0,278.0,370.0,186.0,364.0,,4,8343572
20.0092,2019-09-08 18:25:31.732015,438.0,240.0,198.0,242.0,274.0,284.0,186.0,356.0,,3,8343794
20.0304,2019-09-08 18:25:31.758190,392.0,282.0,204.0,206.0,260.0,294.0,184.0,354.0,,1,8344949
20.0567,2019-09-08 18:25:31.777484,342.0,280.0,212.0,292.0,354.0,184.0,300.0,256.0,,1,8346112
20.076,2019-09-08 18:25:31.799578,312.0,306.0,308.0,302.0,348.0,186.0,344.0,340.0,,-1,8346493
20.0982,2019-09-08 18:25:31.818842,234.0,308.0,236.0,238.0,188.0,334.0,332.0,256.0,,-2,8347420
20.1176,2019-09-08 18:25:31.841570,252.0,352.0,246.0,314.0,314.0,260.0,262.0,194.0,,-3,8348884
20.1405,2019-09-08 18:25:31.868668,318.0,258.0,318.0,262.0,288.0,270.0,414.0,202.0,,-4,8350707
20.1671,2019-09-08 18:25:31.886592,320.0,400.0,270.0,270.0,274.0,434.0,260.0,280.0,,-4,8352226
20.185,2019-09-08 18:25:31.905554,214.0,278.0,322.0,416.0,228.0,222.0,214.0,208.0,,-4,8353448
20.204,2019-09-08 18:25:31.931478,212.0,422.0,286.0,322.0,296.0,198.0,232.0,192.0,,-5,8355119
20.23,2019-09-08 18:25:31.944687,210.0,426.0,292.0,322.0,178.0,298.0,176.0,296.0,,-5,8355039
20.2432,2019-09-08 18:25:31.954070,208.0,424.0,300.0,208.0,564.0,260.0,174.0,294.0,,-5,8356202
20.2525,2019-09-08 18:25:31.981403,206.0,420.0,304.0,314.0,572.0,270.0,170.0,290.0,,-5,8356977
20.28,2019-09-08 18:25:31.989447,310.0,412.0,310.0,308.0,574.0,288.0,168.0,284.0,,-4,8356600
20.2878,2019-09-08 18:25:32.001730,202.0,394.0,312.0,298.0,166.0,282.0,568.0,290.0,,-4,8355548
20.3002,2019-09-08 18:25:32.015554,368.0,288.0,312.0,286.0,164.0,274.0,164.0,296.0,,-3,8355448
20.314,2019-09-08 18:25:32.032969,326.0,320.0,306.0,198.0,252.0,162.0,306.0,492.0,,-1,8355289
20.3313,2019-09-08 18:25:32.049632,196.0,272.0,294.0,264.0,310.0,162.0,230.0,312.0,,0,8352918
20.3481,2019-09-08 18:25:32.065708,196.0,240.0,196.0,236.0,162.0,220.0,418.0,314.0,,3,8351337
20.3641,2019-09-08 18:25:32.090220,194.0,210.0,240.0,220.0,162.0,200.0,162.0,198.0,,7,8350545
20.3888,2019-09-08 18:25:32.103552,194.0,198.0,194.0,194.0,284.0,282.0,162.0,264.0,,10,8351095
20.4019,2019-09-08 18:25:32.117838,194.0,190.0,186.0,194.0,258.0,162.0,190.0,222.0,,13,8351891
20.4162,2019-09-08 18:25:32.129808,194.0,184.0,178.0,200.0,186.0,214.0,218.0,206.0,,17,8353278
20.4282,2019-09-08 18:25:32.146188,194.0,184.0,180.0,202.0,204.0,200.0,194.0,166.0,,28,8354590
20.4446,2019-09-08 18:25:32.170097,200.0,186.0,180.0,200.0,174.0,166.0,178.0,166.0,,41,8356084
20.4686,2019-09-08 18:25:32.205292,180.0,194.0,184.0,180.0,178.0,184.0,174.0,166.0,,59,8358697
20.5043,2019-09-08 18:25:32.231265,180.0,184.0,180.0,200.0,178.0,182.0,166.0,166.0,,64,8359161
20.5298,2019-09-08 18:25:32.243022,196.0,180.0,180.0,200.0,172.0,182.0,172.0,182.0,,65,8358790
20.5416,2019-09-08 18:25:32.256677,180.0,200.0,196.0,200.0,182.0,166.0,178.0,178.0,,66,8357202
20.5551,2019-09-08 18:25:32.268374,196.0,184.0,180.0,200.0,172.0,178.0,182.0,182.0,,66,8356680
20.5668,2019-09-08 18:25:32.288606,196.0,178.0,178.0,196.0,172.0,176.0,176.0,172.0,,65,8356320
20.5872,2019-09-08 18:25:32.301300,178.0,200.0,184.0,196.0,172.0,176.0,182.0,172.0,,62,8355330
20.6,2019-09-08 18:25:32.314346,196.0,184.0,180.0,180.0,166.0,166.0,176.0,166.0,,60,8354763
20.6127,2019-09-08 18:25:32.332732,196.0,184.0,180.0,200.0,166.0,182.0,182.0,172.0,,56,8353814
20.6312,2019-09-08 18:25:32.348694,196.0,184.0,180.0,200.0,166.0,178.0,182.0,172.0,,54,8353133
20.6472,2019-09-08 18:25:32.361766,196.0,184.0,180.0,200.0,166.0,178.0,182.0,166.0,,52,8351859
20.6602,2019-09-08 18:25:32.421862,200.0,184.0,180.0,200.0,180.0,182.0,172.0,166.0,,32,8347299
20.7203,2019-09-08 18:25:32.441465,196.0,184.0,180.0,200.0,180.0,182.0,172.0,166.0,,28,8346437
20.7399,2019-09-08 18:25:32.448923,194.0,184.0,180.0,200.0,172.0,166.0,180.0,180.0,,25,8345769
20.7474,2019-09-08 18:25:32.458832,194.0,186.0,180.0,200.0,182.0,172.0,180.0,180.0,,22,8345548
20.7573,2019-09-08 18:25:32.475443,194.0,184.0,180.0,200.0,172.0,166.0,180.0,182.0,,16,8345994
20.7739,2019-09-08 18:25:32.493578,184.0,180.0,180.0,184.0,166.0,180.0,184.0,172.0,,14,8346579
20.7921,2019-09-08 18:25:32.509991,194.0,184.0,194.0,184.0,182.0,180.0,184.0,172.0,,9,8346994
20.8086,2019-09-08 18:25:32.524608,194.0,186.0,180.0,194.0,166.0,180.0,184.0,172.0,,7,8347147
20.8232,2019-09-08 18:25:32.538800,194.0,184.0,180.0,200.0,172.0,166.0,180.0,172.0,,5,8347160
20.8373,2019-09-08 18:25:32.556702,194.0,186.0,180.0,200.0,180.0,184.0,172.0,170.0,,4,8347576
20.8555,2019-09-08 18:25:32.603647,180.0,202.0,180.0,202.0,178.0,182.0,182.0,236.0,,4,8345794
20.9022,2019-09-08 18:25:32.615215,180.0,200.0,180.0,198.0,178.0,184.0,170.0,172.0,,4,8346178
20.9136,2019-09-08 18:25:32.624828,262.0,270.0,178.0,294.0,178.0,184.0,182.0,170.0,,4,8345008
20.9233,2019-09-08 18:25:32.638555,394.0,184.0,180.0,200.0,180.0,182.0,184.0,430.0,,3,8344396
20.9369,2019-09-08 18:25:32.656120,514.0,184.0,180.0,202.0,182.0,182.0,492.0,184.0,,3,8343278
20.9548,2019-09-08 18:25:32.668164,654.0,186.0,180.0,206.0,182.0,182.0,172.0,546.0,,3,8342382
20.9666,2019-09-08 18:25:32.688083,756.0,186.0,180.0,768.0,190.0,182.0,172.0,558.0,,4,8342001
20.9865,2019-09-08 18:25:32.709445,788.0,186.0,180.0,206.0,172.0,182.0,172.0,550.0,,5,8342621
21.0081,2019-09-08 18:25:32.718894,784.0,186.0,182.0,186.0,188.0,174.0,174.0,222.0,,5,8342551
21.0173,2019-09-08 18:25:32.733763,776.0,186.0,774.0,210.0,222.0,534.0,226.0,198.0,,5,8343544
21.0322,2019-09-08 18:25:32.749584,770.0,186.0,184.0,768.0,202.0,176.0,532.0,176.0,,5,8342928
21.048,2019-09-08 18:25:32.766204,762.0,188.0,182.0,760.0,210.0,212.0,526.0,178.0,,5,8342454
21.0647,2019-09-08 18:25:32.779904,214.0,190.0,184.0,216.0,178.0,520.0,242.0,224.0,,4,8342278
21.0784,2019-09-08 18:25:32.810423,728.0,190.0,182.0,216.0,496.0,494.0,244.0,242.0,,4,8342579
21.1089,2019-09-08 18:25:32.819363,704.0,216.0,698.0,190.0,178.0,490.0,246.0,240.0,,3,8342520
21.1178,2019-09-08 18:25:32.845847,680.0,678.0,182.0,216.0,248.0,178.0,486.0,236.0,,2,8342735
21.1444,2019-09-08 18:25:32.857360,662.0,192.0,658.0,216.0,250.0,178.0,254.0,232.0,,1,8342669
21.1559,2019-09-08 18:25:32.875034,646.0,640.0,196.0,182.0,260.0,178.0,474.0,228.0,,1,8343797
21.1735,2019-09-08 18:25:32.910035,634.0,200.0,182.0,228.0,226.0,270.0,464.0,462.0,,-1,8343662
21.209,2019-09-08 18:25:32.925389,624.0,210.0,184.0,234.0,280.0,178.0,450.0,222.0,,-2,8343935
21.2238,2019-09-08 18:25:32.969776,606.0,222.0,186.0,244.0,318.0,184.0,400.0,392.0,,-4,8347091
21.2685,2019-09-08 18:25:32.981579,558.0,554.0,192.0,190.0,340.0,346.0,374.0,238.0,,-4,8347174
21.2802,2019-09-08 18:25:33.010970,514.0,266.0,506.0,270.0,248.0,324.0,202.0,310.0,,-5,8349493
21.3094,2019-09-08 18:25:33.046013,200.0,270.0,450.0,298.0,270.0,482.0,226.0,228.0,,-6,8352482
21.3444,2019-09-08 18:25:33.080970,330.0,300.0,226.0,302.0,230.0,216.0,236.0,208.0,,-6,8355766
21.3794,2019-09-08 18:25:33.112685,312.0,378.0,240.0,314.0,200.0,532.0,246.0,188.0,,-5,8360185
21.4112,2019-09-08 18:25:33.123406,240.0,402.0,254.0,322.0,546.0,252.0,180.0,276.0,,-4,8360444
21.4218,2019-09-08 18:25:33.131055,218.0,426.0,272.0,320.0,168.0,252.0,546.0,282.0,,-3,8360586
21.4297,2019-09-08 18:25:33.143742,214.0,418.0,278.0,314.0,164.0,284.0,238.0,496.0,,-1,8360873
21.4424,2019-09-08 18:25:33.156728,210.0,398.0,280.0,308.0,232.0,472.0,226.0,162.0,,1,8360351
21.4552,2019-09-08 18:25:33.211330,204.0,364.0,278.0,296.0,290.0,162.0,332.0,284.0,,10,8355334
21.5098,2019-09-08 18:25:33.239412,200.0,310.0,268.0,276.0,162.0,198.0,270.0,262.0,,13,8355742
21.5379,2019-09-08 18:25:33.245912,198.0,256.0,250.0,250.0,162.0,192.0,232.0,226.0,,22,8355600
21.5443,2019-09-08 18:25:33.256728,194.0,200.0,200.0,218.0,162.0,188.0,204.0,212.0,,35,8356375
21.5551,2019-09-08 18:25:33.264702,194.0,190.0,184.0,208.0,180.0,184.0,172.0,164.0,,41,8357167
21.5632,2019-09-08 18:25:33.285679,196.0,186.0,206.0,196.0,180.0,182.0,182.0,164.0,,51,8356389
21.5844,2019-09-08 18:25:33.294439,196.0,186.0,180.0,196.0,180.0,184.0,172.0,164.0,,54,8356282
21.5928,2019-09-08 18:25:33.320944,196.0,186.0,180.0,202.0,178.0,182.0,172.0,164.0,,59,8360479
21.6193,2019-09-08 18:25:33.329862,196.0,180.0,202.0,202.0,166.0,178.0,182.0,172.0,,59,8360932
21.6283,2019-09-08 18:25:33.346928,196.0,184.0,180.0,196.0,166.0,178.0,166.0,178.0,,60,8360164
21.6453,2019-09-08 18:25:33.359705,184.0,184.0,180.0,196.0,182.0,172.0,166.0,178.0,,60,8360766
21.6581,2019-09-08 18:25:33.382088,196.0,184.0,180.0,202.0,166.0,164.0,178.0,182.0,,59,8360666
21.6805,2019-09-08 18:25:33.391567,180.0,184.0,196.0,184.0,172.0,166.0,178.0,182.0,,58,8360001
21.69,2019-09-08 18:25:33.414071,196.0,196.0,184.0,180.0,172.0,166.0,178.0,166.0,,56,8357756
21.7126,2019-09-08 18:25:33.425837,196.0,196.0,184.0,180.0,182.0,178.0,166.0,176.0,,54,8357842
21.7243,2019-09-08 18:25:33.440313,196.0,184.0,180.0,200.0,166.0,178.0,182.0,172.0,,51,8356368
21.7389,2019-09-08 18:25:33.456686,196.0,184.0,196.0,202.0,166.0,178.0,182.0,172.0,,48,8355406
21.7556,2019-09-08 18:25:33.474899,196.0,184.0,202.0,184.0,166.0,178.0,182.0,172.0,,46,8353579
21.7733,2019-09-08 18:25:33.492435,196.0,200.0,180.0,196.0,166.0,178.0,182.0,172.0,,40,8351794
21.7918,2019-09-08 18:25:33.507960,196.0,184.0,180.0,184.0,182.0,172.0,166.0,178.0,,37,8351517
21.8064,2019-09-08 18:25:33.526268,196.0,196.0,184.0,196.0,180.0,182.0,172.0,166.0,,30,8350634
21.8247,2019-09-08 18:25:33.540187,196.0,184.0,180.0,200.0,172.0,166.0,180.0,182.0,,27,8349109
21.8394,2019-09-08 18:25:33.553937,196.0,184.0,180.0,200.0,172.0,166.0,172.0,182.0,,23,8347586
21.8524,2019-09-08 18:25:33.576449,196.0,184.0,180.0,200.0,172.0,166.0,180.0,182.0,,16,8349095
21.8753,2019-09-08 18:25:33.589375,194.0,184.0,180.0,202.0,172.0,180.0,186.0,172.0,,14,8347226
21.8889,2019-09-08 18:25:33.603929,200.0,184.0,200.0,194.0,172.0,182.0,180.0,184.0,,12,8347614
21.9027,2019-09-08 18:25:33.622373,186.0,186.0,202.0,202.0,172.0,172.0,184.0,172.0,,11,8349531
21.9214,2019-09-08 18:25:33.636538,194.0,180.0,202.0,202.0,172.0,176.0,182.0,184.0,,10,8351219
21.935,2019-09-08 18:25:33.652800,194.0,180.0,202.0,202.0,172.0,180.0,184.0,172.0,,10,8352115
21.9516,2019-09-08 18:25:33.666352,186.0,194.0,180.0,202.0,172.0,180.0,184.0,196.0,,10,8352008
21.9648,2019-09-08 18:25:33.684175,186.0,194.0,180.0,202.0,180.0,184.0,172.0,258.0,,10,8352271
21.9826,2019-09-08 18:25:33.697358,196.0,202.0,186.0,198.0,180.0,182.0,172.0,320.0,,11,8351095
21.9958,2019-09-08 18:25:33.741969,238.0,184.0,180.0,202.0,182.0,172.0,408.0,204.0,,12,8349361
22.0404,2019-09-08 18:25:33.750668,202.0,184.0,180.0,202.0,210.0,192.0,416.0,418.0,,12,8348209
22.0491,2019-09-08 18:25:33.761234,608.0,186.0,180.0,206.0,220.0,202.0,228.0,418.0,,11,8348821
22.0599,2019-09-08 18:25:33.780180,744.0,186.0,182.0,208.0,178.0,418.0,240.0,244.0,,10,8347243
22.0787,2019-09-08 18:25:33.792839,798.0,186.0,182.0,206.0,224.0,180.0,252.0,230.0,,10,8346648
22.0914,2019-09-08 18:25:33.809362,798.0,186.0,182.0,210.0,232.0,260.0,236.0,184.0,,10,8345776
22.1078,2019-09-08 18:25:33.827682,790.0,182.0,212.0,212.0,246.0,184.0,376.0,282.0,,9,8345679
22.1261,2019-09-08 18:25:33.844175,780.0,186.0,182.0,214.0,250.0,288.0,254.0,186.0,,8,8345444
22.1426,2019-09-08 18:25:33.862569,184.0,186.0,184.0,216.0,186.0,344.0,294.0,258.0,,8,8345897
22.161,2019-09-08 18:25:33.876245,758.0,188.0,184.0,218.0,186.0,326.0,300.0,260.0,,6,8346375
22.1748,2019-09-08 18:25:33.892658,218.0,188.0,184.0,218.0,314.0,302.0,262.0,304.0,,6,8346589
22.1911,2019-09-08 18:25:33.937165,712.0,188.0,708.0,218.0,300.0,266.0,188.0,292.0,,3,8347240
22.2357,2019-09-08 18:25:33.943694,694.0,190.0,182.0,218.0,308.0,270.0,188.0,282.0,,2,8348019
22.2421,2019-09-08 18:25:33.955695,190.0,182.0,182.0,222.0,312.0,312.0,292.0,190.0,,1,8348150
22.2541,2019-09-08 18:25:33.978272,192.0,222.0,224.0,224.0,306.0,310.0,192.0,320.0,,0,8348413
22.2767,2019-09-08 18:25:34.006580,184.0,184.0,232.0,232.0,326.0,196.0,328.0,344.0,,-2,8348718
22.305,2019-09-08 18:25:34.033195,206.0,184.0,238.0,240.0,198.0,214.0,212.0,336.0,,-3,8349524
22.3316,2019-09-08 18:25:34.055964,572.0,188.0,250.0,252.0,196.0,194.0,346.0,402.0,,-4,8350718
22.3544,2019-09-08 18:25:34.079593,236.0,192.0,262.0,264.0,218.0,180.0,222.0,224.0,,-5,8352686
22.378,2019-09-08 18:25:34.109085,460.0,202.0,284.0,288.0,364.0,460.0,238.0,172.0,,-5,8353396
22.4076,2019-09-08 18:25:34.130748,366.0,214.0,216.0,306.0,170.0,256.0,168.0,260.0,,-5,8353873
22.4293,2019-09-08 18:25:34.148177,314.0,230.0,322.0,296.0,488.0,274.0,166.0,166.0,,-4,8353866
22.4466,2019-09-08 18:25:34.169931,354.0,242.0,336.0,336.0,164.0,484.0,284.0,162.0,,-3,8353680
22.4687,2019-09-08 18:25:34.184531,378.0,234.0,230.0,386.0,326.0,476.0,320.0,162.0,,-2,8354174
22.4832,2019-09-08 18:25:34.209234,266.0,400.0,268.0,352.0,300.0,162.0,290.0,432.0,,0,8354846
22.508,2019-09-08 18:25:34.223681,216.0,410.0,214.0,412.0,424.0,162.0,270.0,268.0,,3,8353731
22.5221,2019-09-08 18:25:34.241436,212.0,212.0,284.0,340.0,348.0,308.0,162.0,232.0,,5,8354465
22.5398,2019-09-08 18:25:34.263544,206.0,288.0,204.0,376.0,162.0,224.0,276.0,290.0,,9,8354870
22.5619,2019-09-08 18:25:34.276166,288.0,348.0,288.0,288.0,282.0,162.0,162.0,206.0,,12,8354465
22.5748,2019-09-08 18:25:34.300180,198.0,302.0,198.0,288.0,220.0,194.0,202.0,204.0,,21,8355413
22.5988,2019-09-08 18:25:34.308142,194.0,258.0,270.0,194.0,162.0,162.0,188.0,192.0,,28,8355628
22.6066,2019-09-08 18:25:34.343085,194.0,226.0,250.0,242.0,172.0,182.0,172.0,164.0,,48,8355894
22.6415,2019-09-08 18:25:34.357540,192.0,226.0,218.0,224.0,180.0,184.0,172.0,164.0,,52,8355894
22.6564,2019-09-08 18:25:34.368376,192.0,192.0,194.0,212.0,182.0,172.0,164.0,172.0,,56,8355593
22.6674,2019-09-08 18:25:34.378289,206.0,204.0,180.0,204.0,172.0,178.0,178.0,182.0,,59,8356078
22.6769,2019-09-08 18:25:34.453002,194.0,186.0,186.0,180.0,172.0,166.0,182.0,172.0,,60,8356057
22.7515,2019-09-08 18:25:34.461678,194.0,184.0,184.0,178.0,166.0,178.0,176.0,182.0,,59,8356091
22.7601,2019-09-08 18:25:34.473603,194.0,194.0,184.0,180.0,172.0,166.0,182.0,172.0,,57,8354787
22.772,2019-09-08 18:25:34.484288,194.0,194.0,180.0,200.0,166.0,182.0,172.0,172.0,,55,8354126
22.7828,2019-09-08 18:25:34.497507,194.0,184.0,184.0,200.0,166.0,182.0,182.0,166.0,,53,8351942
22.7959,2019-09-08 18:25:34.512797,194.0,184.0,194.0,184.0,166.0,178.0,180.0,172.0,,51,8350465
22.8112,2019-09-08 18:25:34.523653,196.0,194.0,194.0,184.0,166.0,172.0,166.0,172.0,,49,8350423
22.8223,2019-09-08 18:25:34.542050,194.0,184.0,178.0,200.0,176.0,182.0,170.0,182.0,,47,8348936
22.8405,2019-09-08 18:25:34.555819,194.0,196.0,184.0,180.0,178.0,182.0,178.0,172.0,,45,8347603
22.8542,2019-09-08 18:25:34.578554,196.0,194.0,184.0,180.0,178.0,182.0,170.0,166.0,,39,8345046
22.877,2019-09-08 18:25:34.587971,194.0,184.0,180.0,184.0,182.0,172.0,172.0,178.0,,35,8345122
22.8864,2019-09-08 18:25:34.603230,194.0,184.0,194.0,184.0,182.0,172.0,182.0,172.0,,29,8344181
22.9016,2019-09-08 18:25:34.619273,194.0,184.0,194.0,184.0,182.0,178.0,166.0,180.0,,26,8344344
22.9177,2019-09-08 18:25:34.634647,194.0,184.0,180.0,184.0,180.0,166.0,172.0,166.0,,23,8343738
22.9331,2019-09-08 18:25:34.652162,194.0,184.0,194.0,184.0,172.0,182.0,180.0,182.0,,17,8345600
22.9506,2019-09-08 18:25:34.666730,192.0,184.0,180.0,200.0,182.0,172.0,174.0,166.0,,15,8345434
22.9651,2019-09-08 18:25:34.681238,194.0,184.0,180.0,200.0,166.0,180.0,184.0,180.0,,13,8346738
22.9799,2019-09-08 18:25:34.697957,200.0,184.0,180.0,202.0,168.0,172.0,170.0,172.0,,11,8348901
22.9968,2019-09-08 18:25:34.716686,192.0,184.0,180.0,194.0,182.0,180.0,184.0,172.0,,10,8350295
23.0156,2019-09-08 18:25:34.734523,194.0,184.0,194.0,202.0,172.0,172.0,180.0,184.0,,9,8352486
23.0334,2019-09-08 18:25:34.750873,194.0,202.0,180.0,194.0,180.0,180.0,172.0,182.0,,8,8353835
23.0497,2019-09-08 18:25:34.763223,200.0,186.0,194.0,194.0,180.0,184.0,192.0,172.0,,8,8355721
23.062,2019-09-08 18:25:34.780111,196.0,202.0,186.0,198.0,202.0,172.0,184.0,172.0,,8,8356821
23.0793,2019-09-08 18:25:34.795527,214.0,186.0,180.0,202.0,184.0,172.0,292.0,180.0,,9,8356593
23.0944,2019-09-08 18:25:34.812965,280.0,184.0,180.0,202.0,172.0,446.0,194.0,180.0,,9,8356493
23.112,2019-09-08 18:25:34.825460,180.0,202.0,180.0,200.0,198.0,470.0,200.0,202.0,,9,8357223
23.1243,2019-09-08 18:25:34.848472,180.0,202.0,180.0,202.0,184.0,184.0,474.0,474.0,,10,8357749
23.1471,2019-09-08 18:25:34.858683,186.0,180.0,206.0,206.0,174.0,474.0,216.0,194.0,,10,8357752
23.1574,2019-09-08 18:25:34.876622,782.0,186.0,794.0,186.0,478.0,232.0,206.0,238.0,,9,8358392
23.1757,2019-09-08 18:25:34.892714,206.0,186.0,806.0,206.0,478.0,242.0,212.0,178.0,,9,8358382
23.1911,2019-09-08 18:25:34.909861,802.0,186.0,800.0,210.0,474.0,250.0,220.0,252.0,,9,8356628
23.2084,2019-09-08 18:25:34.925051,794.0,186.0,212.0,792.0,254.0,224.0,462.0,460.0,,8,8356894
23.2234,2019-09-08 18:25:34.940253,188.0,184.0,216.0,216.0,456.0,454.0,262.0,232.0,,8,8357147
23.2387,2019-09-08 18:25:34.957127,764.0,186.0,218.0,218.0,268.0,238.0,270.0,242.0,,7,8357963
23.2555,2019-09-08 18:25:34.971431,736.0,190.0,186.0,222.0,272.0,414.0,180.0,246.0,,6,8357738
23.2698,2019-09-08 18:25:34.986716,702.0,192.0,186.0,224.0,278.0,248.0,278.0,386.0,,5,8356870
23.2851,2019-09-08 18:25:35.004340,668.0,226.0,186.0,660.0,180.0,376.0,284.0,366.0,,5,8357313
23.3027,2019-09-08 18:25:35.033870,202.0,204.0,188.0,238.0,182.0,316.0,302.0,182.0,,3,8358309
23.3323,2019-09-08 18:25:35.059393,214.0,216.0,244.0,190.0,184.0,286.0,312.0,282.0,,1,8359642
23.3578,2019-09-08 18:25:35.083280,226.0,194.0,256.0,486.0,186.0,258.0,322.0,302.0,,0,8360341
23.3817,2019-09-08 18:25:35.116479,460.0,264.0,200.0,432.0,190.0,234.0,330.0,328.0,,-2,8361649
23.4148,2019-09-08 18:25:35.132195,278.0,390.0,282.0,382.0,336.0,194.0,334.0,346.0,,-3,8363393
23.4306,2019-09-08 18:25:35.155861,360.0,358.0,300.0,302.0,204.0,344.0,378.0,204.0,,-4,8363915
23.4542,2019-09-08 18:25:35.174797,298.0,322.0,324.0,308.0,186.0,360.0,414.0,214.0,,-5,8364849
23.4732,2019-09-08 18:25:35.192383,312.0,278.0,238.0,314.0,180.0,370.0,434.0,220.0,,-6,8365919
23.4908,2019-09-08 18:25:35.207539,322.0,372.0,250.0,324.0,222.0,376.0,452.0,226.0,,-6,8365970
23.5059,2019-09-08 18:25:35.225741,236.0,390.0,260.0,332.0,238.0,170.0,380.0,170.0,,-6,8365925
23.5241,2019-09-08 18:25:35.243010,268.0,222.0,270.0,336.0,378.0,168.0,252.0,492.0,,-6,8367123
23.5414,2019-09-08 18:25:35.260957,218.0,418.0,280.0,336.0,364.0,496.0,268.0,164.0,,-5,8365507
23.5594,2019-09-08 18:25:35.276104,334.0,424.0,286.0,332.0,354.0,494.0,276.0,162.0,,-5,8365022
23.5745,2019-09-08 18:25:35.292763,212.0,424.0,294.0,326.0,342.0,484.0,282.0,162.0,,-3,8363635
23.5911,2019-09-08 18:25:35.305688,208.0,416.0,298.0,206.0,324.0,468.0,288.0,290.0,,-2,8363130
23.6041,2019-09-08 18:25:35.323209,204.0,394.0,302.0,308.0,304.0,446.0,438.0,294.0,,1,8360610
23.6216,2019-09-08 18:25:35.336329,202.0,360.0,302.0,296.0,280.0,414.0,298.0,300.0,,3,8358548
23.6347,2019-09-08 18:25:35.366541,284.0,318.0,296.0,280.0,162.0,232.0,316.0,164.0,,9,8355174
23.6649,2019-09-08 18:25:35.375040,196.0,272.0,286.0,262.0,220.0,278.0,276.0,212.0,,11,8353510
23.6734,2019-09-08 18:25:35.386177,194.0,246.0,266.0,242.0,246.0,252.0,244.0,162.0,,14,8351610
23.6845,2019-09-08 18:25:35.408233,242.0,214.0,238.0,228.0,230.0,162.0,194.0,204.0,,18,8349188
23.7066,2019-09-08 18:25:35.513440,216.0,200.0,212.0,192.0,208.0,162.0,162.0,196.0,,62,8350697
23.8119,2019-09-08 18:25:35.520747,194.0,184.0,180.0,200.0,178.0,182.0,172.0,166.0,,64,8351496
23.8191,2019-09-08 18:25:35.536583,194.0,184.0,180.0,200.0,166.0,178.0,182.0,166.0,,64,8351904
23.835,2019-09-08 18:25:35.550489,194.0,184.0,180.0,194.0,176.0,178.0,182.0,172.0,,65,8351199
23.8492,2019-09-08 18:25:35.571640,194.0,184.0,180.0,200.0,176.0,176.0,182.0,166.0,,64,8351039
23.87,2019-09-08 18:25:35.579434,194.0,184.0,180.0,200.0,166.0,176.0,182.0,172.0,,63,8349839
23.8778,2019-09-08 18:25:35.594919,194.0,184.0,178.0,200.0,176.0,182.0,182.0,172.0,,60,8349396
23.8933,2019-09-08 18:25:35.609846,200.0,184.0,178.0,194.0,166.0,176.0,182.0,176.0,,59,8348548
23.9082,2019-09-08 18:25:35.625234,194.0,184.0,180.0,194.0,166.0,176.0,182.0,170.0,,57,8347918
23.9237,2019-09-08 18:25:35.641324,194.0,184.0,200.0,196.0,176.0,182.0,172.0,166.0,,52,8347050
23.9397,2019-09-08 18:25:35.657856,184.0,184.0,180.0,196.0,182.0,182.0,166.0,176.0,,49,8346416
23.9562,2019-09-08 18:25:35.682208,184.0,178.0,198.0,198.0,182.0,172.0,166.0,178.0,,37,8343935
23.9806,2019-09-08 18:25:35.692043,194.0,180.0,200.0,194.0,182.0,172.0,166.0,178.0,,32,8343053
23.9905,2019-09-08 18:25:35.707762,180.0,198.0,180.0,200.0,184.0,166.0,166.0,178.0,,28,8342856
24.0062,2019-09-08 18:25:35.721860,200.0,184.0,180.0,200.0,184.0,172.0,166.0,172.0,,23,8343240
24.0202,2019-09-08 18:25:35.736677,194.0,184.0,180.0,184.0,174.0,166.0,166.0,184.0,,16,8343333
24.0351,2019-09-08 18:25:35.752409,194.0,184.0,180.0,200.0,174.0,166.0,184.0,174.0,,13,8344098
24.0509,2019-09-08 18:25:35.778903,194.0,184.0,180.0,200.0,172.0,168.0,182.0,184.0,,8,8342915
24.0776,2019-09-08 18:25:35.789009,194.0,184.0,180.0,200.0,174.0,170.0,182.0,184.0,,7,8342998
24.0875,2019-09-08 18:25:35.801996,194.0,186.0,180.0,202.0,182.0,176.0,182.0,184.0,,6,8343652
24.1004,2019-09-08 18:25:35.815852,202.0,202.0,180.0,202.0,172.0,184.0,182.0,184.0,,6,8343361
24.1145,2019-09-08 18:25:35.832281,180.0,202.0,180.0,194.0,172.0,198.0,180.0,184.0,,6,8343963
24.1309,2019-09-08 18:25:35.851990,194.0,186.0,180.0,202.0,180.0,180.0,180.0,184.0,,6,8342641
24.1504,2019-09-08 18:25:35.877784,194.0,186.0,202.0,202.0,434.0,182.0,184.0,172.0,,5,8343319
24.1763,2019-09-08 18:25:35.884273,180.0,202.0,222.0,202.0,586.0,184.0,182.0,186.0,,5,8343319
24.1827,2019-09-08 18:25:35.898330,290.0,202.0,312.0,200.0,182.0,172.0,172.0,186.0,,6,8344468
24.1969,2019-09-08 18:25:35.916015,398.0,184.0,184.0,180.0,188.0,672.0,670.0,192.0,,6,8343285
24.2144,2019-09-08 18:25:35.930449,474.0,184.0,180.0,204.0,170.0,670.0,196.0,182.0,,7,8342544
24.229,2019-09-08 18:25:35.947312,590.0,186.0,614.0,186.0,182.0,172.0,200.0,200.0,,7,8342167
24.2458,2019-09-08 18:25:35.965631,696.0,186.0,706.0,186.0,182.0,172.0,686.0,200.0,,7,8341883
24.2645,2019-09-08 18:25:35.986746,748.0,186.0,754.0,186.0,700.0,702.0,200.0,186.0,,7,8342783
24.2851,2019-09-08 18:25:36.000057,766.0,186.0,182.0,180.0,702.0,702.0,198.0,188.0,,7,8343191
24.2989,2019-09-08 18:25:36.009748,774.0,186.0,182.0,204.0,172.0,700.0,196.0,188.0,,7,8345136
24.3084,2019-09-08 18:25:36.034057,782.0,186.0,182.0,782.0,194.0,194.0,192.0,676.0,,6,8348337
24.3326,2019-09-08 18:25:36.058395,208.0,778.0,184.0,210.0,672.0,192.0,196.0,172.0,,5,8349005
24.3568,2019-09-08 18:25:36.075120,194.0,194.0,184.0,212.0,198.0,172.0,652.0,192.0,,5,8348839
24.3737,2019-09-08 18:25:36.090901,738.0,200.0,732.0,202.0,192.0,208.0,192.0,628.0,,4,8349583
24.3894,2019-09-08 18:25:36.104540,716.0,714.0,186.0,210.0,212.0,172.0,622.0,192.0,,3,8350538
24.403,2019-09-08 18:25:36.127086,216.0,212.0,212.0,212.0,218.0,172.0,614.0,194.0,,3,8353167
24.4255,2019-09-08 18:25:36.150666,186.0,226.0,186.0,214.0,602.0,194.0,196.0,238.0,,2,8351444
24.4492,2019-09-08 18:25:36.181971,616.0,242.0,190.0,218.0,174.0,578.0,200.0,258.0,,1,8354763
24.4804,2019-09-08 18:25:36.198165,218.0,256.0,192.0,260.0,550.0,204.0,280.0,176.0,,1,8356112
24.4967,2019-09-08 18:25:36.224477,196.0,276.0,198.0,226.0,306.0,178.0,486.0,216.0,,0,8355534
24.5229,2019-09-08 18:25:36.246921,230.0,294.0,202.0,232.0,224.0,354.0,186.0,384.0,,-1,8357368
24.5454,2019-09-08 18:25:36.297170,312.0,210.0,318.0,244.0,452.0,208.0,224.0,260.0,,-1,8358379
24.596,2019-09-08 18:25:36.307220,338.0,220.0,342.0,222.0,470.0,214.0,198.0,264.0,,0,8359683
24.6056,2019-09-08 18:25:36.321469,360.0,230.0,364.0,260.0,476.0,220.0,184.0,268.0,,0,8360448
24.6201,2019-09-08 18:25:36.333441,266.0,384.0,306.0,244.0,178.0,266.0,462.0,228.0,,0,8360624
24.6319,2019-09-08 18:25:36.347194,274.0,402.0,268.0,254.0,230.0,170.0,258.0,436.0,,1,8359808
24.6456,2019-09-08 18:25:36.361282,242.0,414.0,238.0,236.0,166.0,248.0,246.0,406.0,,2,8360977
24.6597,2019-09-08 18:25:36.391267,226.0,420.0,266.0,226.0,222.0,344.0,214.0,162.0,,8,8361199
24.69,2019-09-08 18:25:36.399422,222.0,412.0,272.0,266.0,208.0,292.0,240.0,270.0,,10,8361652
24.6978,2019-09-08 18:25:36.411964,260.0,260.0,274.0,258.0,162.0,196.0,236.0,162.0,,13,8361171
24.7105,2019-09-08 18:25:36.426386,212.0,250.0,272.0,248.0,162.0,192.0,208.0,162.0,,17,8362043
24.7248,2019-09-08 18:25:36.436690,318.0,268.0,268.0,234.0,162.0,162.0,190.0,188.0,,22,8362963
24.7351,2019-09-08 18:25:36.453348,202.0,260.0,222.0,222.0,184.0,190.0,178.0,162.0,,28,8364015
24.7518,2019-09-08 18:25:36.468893,198.0,230.0,212.0,212.0,162.0,172.0,184.0,180.0,,40,8364600
24.7673,2019-09-08 18:25:36.486082,198.0,216.0,208.0,208.0,182.0,172.0,164.0,180.0,,44,8365912
24.7845,2019-09-08 18:25:36.502855,198.0,198.0,192.0,190.0,182.0,172.0,164.0,180.0,,50,8365725
24.8014,2019-09-08 18:25:36.518451,198.0,186.0,180.0,200.0,172.0,164.0,178.0,182.0,,53,8367161
24.8168,2019-09-08 18:25:36.534908,200.0,186.0,180.0,198.0,172.0,164.0,178.0,182.0,,55,8367008
24.8333,2019-09-08 18:25:36.551306,198.0,184.0,180.0,200.0,182.0,164.0,178.0,182.0,,56,8365832
24.8497,2019-09-08 18:25:36.566284,198.0,200.0,180.0,200.0,172.0,164.0,178.0,182.0,,55,8365375
24.8647,2019-09-08 18:25:36.586602,198.0,184.0,180.0,198.0,164.0,164.0,178.0,172.0,,54,8366064
24.8851,2019-09-08 18:25:36.599974,198.0,184.0,198.0,184.0,164.0,178.0,182.0,172.0,,52,8363905
24.8985,2019-09-08 18:25:36.708281,180.0,198.0,180.0,200.0,182.0,182.0,172.0,180.0,,29,8347603
25.0067,2019-09-08 18:25:36.717482,198.0,198.0,180.0,200.0,180.0,182.0,164.0,182.0,,26,8347015
25.0159,2019-09-08 18:25:36.731458,198.0,184.0,180.0,200.0,180.0,182.0,164.0,182.0,,23,8346247
25.0299,2019-09-08 18:25:36.739774,198.0,184.0,180.0,200.0,182.0,182.0,172.0,164.0,,21,8345641
25.0382,2019-09-08 18:25:36.757473,198.0,184.0,180.0,200.0,182.0,172.0,164.0,182.0,,18,8344191
25.0559,2019-09-08 18:25:36.769756,196.0,184.0,180.0,200.0,182.0,172.0,164.0,184.0,,17,8344704
25.0684,2019-09-08 18:25:36.797316,196.0,184.0,180.0,200.0,172.0,164.0,182.0,182.0,,11,8344648
25.0964,2019-09-08 18:25:36.804775,200.0,184.0,180.0,200.0,172.0,166.0,182.0,182.0,,10,8346396
25.1036,2019-09-08 18:25:36.863771,196.0,184.0,196.0,184.0,172.0,166.0,182.0,184.0,,8,8353067
25.1624,2019-09-08 18:25:36.870301,186.0,186.0,180.0,200.0,176.0,182.0,184.0,172.0,,7,8353302
25.169,2019-09-08 18:25:36.893852,186.0,186.0,180.0,196.0,188.0,180.0,184.0,172.0,,7,8355354
25.1925,2019-09-08 18:25:36.900805,186.0,184.0,180.0,200.0,222.0,182.0,184.0,170.0,,7,8358064
25.1996,2019-09-08 18:25:36.917010,204.0,184.0,206.0,200.0,496.0,184.0,184.0,594.0,,7,8359375
25.2158,2019-09-08 18:25:36.930071,224.0,184.0,180.0,202.0,186.0,182.0,172.0,638.0,,8,8359469
25.2289,2019-09-08 18:25:36.945126,272.0,184.0,180.0,202.0,190.0,182.0,170.0,636.0,,8,8360389
25.2438,2019-09-08 18:25:36.963628,334.0,180.0,200.0,346.0,194.0,182.0,636.0,200.0,,9,8361001
25.2627,2019-09-08 18:25:36.977918,184.0,180.0,202.0,202.0,182.0,172.0,668.0,210.0,,9,8360621
25.2766,2019-09-08 18:25:37.020833,410.0,180.0,202.0,202.0,182.0,170.0,680.0,214.0,,8,8363067
25.3195,2019-09-08 18:25:37.036293,186.0,186.0,182.0,202.0,184.0,172.0,680.0,218.0,,7,8362797
25.3351,2019-09-08 18:25:37.043204,646.0,188.0,186.0,658.0,172.0,666.0,216.0,184.0,,7,8363770
25.3422,2019-09-08 18:25:37.061119,686.0,194.0,188.0,216.0,172.0,656.0,214.0,182.0,,5,8365929
25.3598,2019-09-08 18:25:37.072109,218.0,726.0,192.0,218.0,172.0,642.0,640.0,182.0,,4,8366652
25.371,2019-09-08 18:25:37.091125,732.0,734.0,194.0,218.0,172.0,626.0,208.0,182.0,,4,8367472
25.3898,2019-09-08 18:25:37.109845,220.0,220.0,196.0,220.0,586.0,210.0,182.0,172.0,,2,8368088
25.4089,2019-09-08 18:25:37.120972,708.0,230.0,196.0,222.0,210.0,182.0,182.0,172.0,,1,8370029
25.4197,2019-09-08 18:25:37.136376,678.0,236.0,198.0,222.0,212.0,182.0,172.0,536.0,,0,8369573
25.4352,2019-09-08 18:25:37.153558,224.0,640.0,242.0,632.0,216.0,182.0,172.0,522.0,,-1,8369500
25.4524,2019-09-08 18:25:37.171259,604.0,246.0,200.0,592.0,508.0,226.0,184.0,502.0,,-3,8370950
25.4702,2019-09-08 18:25:37.184977,564.0,252.0,200.0,554.0,498.0,234.0,492.0,490.0,,-4,8370759
25.4838,2019-09-08 18:25:37.205539,530.0,256.0,202.0,230.0,186.0,188.0,172.0,474.0,,-4,8371012
25.5042,2019-09-08 18:25:37.219304,500.0,262.0,204.0,232.0,188.0,174.0,174.0,454.0,,-5,8370355
25.518,2019-09-08 18:25:37.232058,476.0,268.0,206.0,234.0,192.0,172.0,272.0,196.0,,-6,8370763
25.5308,2019-09-08 18:25:37.248251,456.0,276.0,454.0,240.0,174.0,174.0,406.0,204.0,,-6,8370528
25.5471,2019-09-08 18:25:37.267516,436.0,288.0,434.0,290.0,216.0,178.0,344.0,334.0,,-6,8369026
25.5662,2019-09-08 18:25:37.281482,416.0,250.0,220.0,252.0,180.0,316.0,310.0,242.0,,-7,8369206
25.5802,2019-09-08 18:25:37.304289,394.0,256.0,226.0,258.0,256.0,394.0,290.0,190.0,,-7,8367105
25.603,2019-09-08 18:25:37.315571,372.0,326.0,232.0,264.0,224.0,414.0,326.0,198.0,,-7,8366932
25.6143,2019-09-08 18:25:37.329722,344.0,338.0,236.0,274.0,196.0,430.0,354.0,362.0,,-7,8364604
25.6285,2019-09-08 18:25:37.349456,314.0,354.0,244.0,286.0,208.0,176.0,214.0,174.0,,-7,8363036
25.6483,2019-09-08 18:25:37.366086,294.0,370.0,252.0,296.0,452.0,396.0,220.0,170.0,,-6,8361891
25.6648,2019-09-08 18:25:37.380052,258.0,386.0,260.0,252.0,168.0,454.0,412.0,166.0,,-6,8360157
25.6788,2019-09-08 18:25:37.398928,234.0,398.0,266.0,310.0,438.0,250.0,162.0,426.0,,-5,8357354
25.6973,2019-09-08 18:25:37.412992,220.0,408.0,272.0,312.0,412.0,260.0,410.0,402.0,,-3,8355853
25.7117,2019-09-08 18:25:37.426925,216.0,412.0,276.0,312.0,268.0,270.0,162.0,380.0,,-2,8353583
25.7256,2019-09-08 18:25:37.441883,214.0,408.0,280.0,308.0,278.0,362.0,368.0,282.0,,-1,8351482
25.7409,2019-09-08 18:25:37.459298,210.0,396.0,280.0,302.0,284.0,162.0,326.0,338.0,,2,8348150
25.758,2019-09-08 18:25:37.472828,208.0,370.0,278.0,290.0,292.0,162.0,294.0,308.0,,4,8346333
25.7715,2019-09-08 18:25:37.489823,204.0,328.0,268.0,272.0,290.0,244.0,246.0,276.0,,8,8342634
25.7888,2019-09-08 18:25:37.510701,200.0,276.0,200.0,248.0,268.0,162.0,220.0,216.0,,10,8342551
25.8092,2019-09-08 18:25:37.526641,198.0,238.0,228.0,226.0,242.0,162.0,206.0,162.0,,18,8341520
25.825,2019-09-08 18:25:37.541817,196.0,202.0,208.0,214.0,194.0,190.0,190.0,184.0,,24,8341762
25.8402,2019-09-08 18:25:37.570599,196.0,192.0,208.0,208.0,164.0,182.0,182.0,172.0,,37,8340832
25.8696,2019-09-08 18:25:37.577661,198.0,198.0,186.0,180.0,166.0,180.0,180.0,174.0,,43,8342295
25.876,2019-09-08 18:25:37.591448,202.0,186.0,180.0,198.0,164.0,180.0,182.0,164.0,,48,8342264
25.8899,2019-09-08 18:25:37.615693,198.0,184.0,198.0,184.0,178.0,172.0,172.0,164.0,,55,8341897
25.9144,2019-09-08 18:25:37.622287,198.0,184.0,180.0,202.0,182.0,172.0,164.0,164.0,,57,8341897
25.9207,2019-09-08 18:25:37.637665,198.0,184.0,180.0,202.0,178.0,172.0,172.0,164.0,,59,8341364
25.9361,2019-09-08 18:25:37.652779,198.0,184.0,180.0,202.0,180.0,164.0,164.0,178.0,,60,8341503
25.9512,2019-09-08 18:25:37.725867,202.0,202.0,180.0,202.0,172.0,166.0,176.0,172.0,,57,8342361
26.0244,2019-09-08 18:25:37.735573,198.0,184.0,180.0,200.0,172.0,176.0,178.0,182.0,,55,8341364
26.034,2019-09-08 18:25:37.747150,198.0,184.0,180.0,200.0,166.0,166.0,182.0,172.0,,54,8341077
26.0456,2019-09-08 18:25:37.760335,198.0,200.0,200.0,184.0,178.0,182.0,172.0,172.0,,52,8341326
26.0588,2019-09-08 18:25:37.782683,198.0,198.0,184.0,198.0,166.0,180.0,186.0,174.0,,47,8341534
26.0815,2019-09-08 18:25:37.789431,198.0,184.0,180.0,198.0,168.0,180.0,190.0,168.0,,45,8341762
26.0878,2019-09-08 18:25:37.807535,200.0,184.0,180.0,200.0,204.0,180.0,166.0,168.0,,42,8341932
26.1059,2019-09-08 18:25:37.821488,198.0,184.0,180.0,200.0,180.0,178.0,166.0,166.0,,39,8341894
26.1199,2019-09-08 18:25:37.841503,198.0,184.0,180.0,200.0,180.0,174.0,182.0,166.0,,36,8343520
26.14,2019-09-08 18:25:37.854439,198.0,200.0,180.0,200.0,184.0,172.0,166.0,184.0,,29,8343800
26.1528,2019-09-08 18:25:37.871724,180.0,200.0,180.0,200.0,172.0,172.0,184.0,180.0,,26,8342776
26.1706,2019-09-08 18:25:37.887374,198.0,186.0,180.0,200.0,172.0,166.0,180.0,182.0,,21,8342700
26.1858,2019-09-08 18:25:37.903034,196.0,182.0,198.0,200.0,170.0,166.0,178.0,182.0,,18,8342977
26.2015,2019-09-08 18:25:37.925088,184.0,182.0,180.0,196.0,166.0,180.0,184.0,174.0,,15,8342479
26.2235,2019-09-08 18:25:37.937539,200.0,186.0,180.0,186.0,180.0,180.0,172.0,174.0,,13,8342766
26.2359,2019-09-08 18:25:38.006145,196.0,186.0,182.0,196.0,180.0,172.0,166.0,180.0,,5,8343998
26.3047,2019-09-08 18:25:38.020365,212.0,180.0,180.0,202.0,180.0,182.0,172.0,166.0,,4,8346454
26.319,2019-09-08 18:25:38.026907,184.0,184.0,180.0,200.0,184.0,172.0,180.0,184.0,,3,8348143
26.3253,2019-09-08 18:25:38.039967,360.0,184.0,180.0,200.0,184.0,166.0,168.0,178.0,,2,8348122
26.3385,2019-09-08 18:25:38.058156,454.0,184.0,200.0,200.0,184.0,172.0,174.0,180.0,,2,8348157
26.3566,2019-09-08 18:25:38.069376,578.0,594.0,202.0,628.0,178.0,180.0,186.0,178.0,,2,8347759
26.3679,2019-09-08 18:25:38.087845,692.0,184.0,180.0,202.0,170.0,178.0,184.0,172.0,,2,8348558
26.3862,2019-09-08 18:25:38.105141,726.0,726.0,186.0,182.0,312.0,178.0,184.0,182.0,,2,8348790
26.4035,2019-09-08 18:25:38.123809,740.0,740.0,208.0,208.0,170.0,180.0,180.0,182.0,,2,8345980
26.4224,2019-09-08 18:25:38.140926,750.0,188.0,184.0,188.0,172.0,588.0,184.0,172.0,,3,8345728
26.4394,2019-09-08 18:25:38.156161,192.0,186.0,750.0,194.0,614.0,616.0,172.0,184.0,,4,8345880
26.4545,2019-09-08 18:25:38.174892,188.0,216.0,188.0,216.0,184.0,184.0,172.0,172.0,,5,8346901
26.4733,2019-09-08 18:25:38.187433,188.0,218.0,188.0,724.0,618.0,184.0,182.0,624.0,,6,8347237
26.4859,2019-09-08 18:25:38.206313,706.0,204.0,188.0,220.0,188.0,182.0,172.0,172.0,,6,8347472
26.5047,2019-09-08 18:25:38.230811,682.0,674.0,190.0,220.0,194.0,184.0,172.0,706.0,,6,8348333
26.5296,2019-09-08 18:25:38.263862,224.0,212.0,212.0,190.0,188.0,174.0,718.0,196.0,,6,8350527
26.5623,2019-09-08 18:25:38.276592,230.0,224.0,194.0,562.0,190.0,172.0,196.0,196.0,,6,8350493
26.5752,2019-09-08 18:25:38.303681,198.0,244.0,200.0,246.0,174.0,704.0,198.0,194.0,,5,8351545
26.6022,2019-09-08 18:25:38.331303,256.0,258.0,254.0,256.0,172.0,682.0,198.0,172.0,,4,8351524
26.6297,2019-09-08 18:25:38.345769,430.0,282.0,214.0,418.0,172.0,668.0,200.0,200.0,,4,8352375
26.6442,2019-09-08 18:25:38.367345,390.0,384.0,222.0,268.0,172.0,646.0,198.0,206.0,,3,8353112
26.6657,2019-09-08 18:25:38.394582,348.0,336.0,278.0,278.0,200.0,214.0,200.0,622.0,,2,8354527
26.693,2019-09-08 18:25:38.410741,304.0,284.0,284.0,286.0,174.0,218.0,174.0,174.0,,1,8354825
26.7095,2019-09-08 18:25:38.432298,280.0,356.0,244.0,246.0,206.0,232.0,174.0,584.0,,0,8355534
26.7307,2019-09-08 18:25:38.444568,258.0,372.0,250.0,254.0,238.0,208.0,574.0,210.0,,0,8355700
26.743,2019-09-08 18:25:38.461616,240.0,386.0,258.0,308.0,250.0,176.0,256.0,176.0,,-1,8356340
26.76,2019-09-08 18:25:38.477748,228.0,402.0,264.0,314.0,544.0,538.0,218.0,220.0,,-1,8356832
26.7761,2019-09-08 18:25:38.493094,220.0,220.0,412.0,270.0,178.0,512.0,224.0,496.0,,-2,8357403
26.7915,2019-09-08 18:25:38.507307,318.0,420.0,274.0,318.0,228.0,480.0,232.0,182.0,,-2,8358552
26.8063,2019-09-08 18:25:38.526347,216.0,422.0,278.0,318.0,424.0,244.0,348.0,188.0,,-3,8357887
26.8248,2019-09-08 18:25:38.538946,214.0,320.0,280.0,320.0,360.0,252.0,374.0,256.0,,-3,8357534
26.8377,2019-09-08 18:25:38.555934,210.0,404.0,282.0,318.0,382.0,258.0,342.0,196.0,,-4,8357261
26.8544,2019-09-08 18:25:38.573513,314.0,380.0,282.0,312.0,294.0,204.0,436.0,274.0,,-4,8356583
26.8719,2019-09-08 18:25:38.594367,278.0,300.0,336.0,276.0,266.0,278.0,452.0,280.0,,-4,8355285
26.8928,2019-09-08 18:25:38.608559,280.0,292.0,268.0,268.0,284.0,480.0,218.0,220.0,,-4,8354555
26.907,2019-09-08 18:25:38.634886,196.0,244.0,240.0,244.0,288.0,492.0,226.0,194.0,,-3,8352489
26.9335,2019-09-08 18:25:38.646996,196.0,196.0,234.0,228.0,286.0,510.0,238.0,180.0,,-3,8352448
26.9454,2019-09-08 18:25:38.661886,194.0,196.0,208.0,216.0,512.0,244.0,246.0,174.0,,-2,8354375
26.9603,2019-09-08 18:25:38.676199,194.0,192.0,194.0,192.0,280.0,278.0,504.0,254.0,,-1,8356261
26.9749,2019-09-08 18:25:38.696388,194.0,188.0,186.0,204.0,170.0,272.0,258.0,166.0,,0,8359728
26.9949,2019-09-08 18:25:38.709484,196.0,194.0,180.0,204.0,268.0,264.0,164.0,266.0,,3,8361908
27.0081,2019-09-08 18:25:38.728408,194.0,194.0,186.0,180.0,404.0,274.0,162.0,236.0,,5,8363548
27.0269,2019-09-08 18:25:38.746529,194.0,180.0,202.0,202.0,360.0,278.0,162.0,222.0,,9,8365126
27.045,2019-09-08 18:25:38.760261,194.0,180.0,202.0,200.0,262.0,262.0,162.0,200.0,,11,8366559
27.0589,2019-09-08 18:25:38.774989,196.0,194.0,184.0,180.0,226.0,240.0,162.0,192.0,,17,8364697
27.0735,2019-09-08 18:25:38.791451,194.0,184.0,180.0,200.0,218.0,214.0,190.0,194.0,,21,8362610
27.09,2019-09-08 18:25:38.808286,196.0,184.0,180.0,200.0,192.0,190.0,186.0,162.0,,31,8359164
27.1073,2019-09-08 18:25:38.822508,200.0,184.0,180.0,200.0,182.0,162.0,182.0,186.0,,36,8357081
27.121,2019-09-08 18:25:38.845468,180.0,200.0,180.0,200.0,172.0,164.0,180.0,180.0,,46,8354752
27.1439,2019-09-08 18:25:38.857203,200.0,200.0,180.0,200.0,172.0,162.0,180.0,172.0,,50,8353780
27.1557,2019-09-08 18:25:38.873950,184.0,180.0,180.0,200.0,164.0,164.0,184.0,178.0,,56,8352351
27.1724,2019-09-08 18:25:38.891920,184.0,184.0,180.0,200.0,178.0,182.0,172.0,182.0,,57,8351932
27.1904,2019-09-08 18:25:38.911200,200.0,184.0,200.0,196.0,164.0,178.0,182.0,172.0,,58,8351216
27.2097,2019-09-08 18:25:38.923625,196.0,196.0,180.0,200.0,178.0,172.0,178.0,178.0,,58,8349749
27.2221,2019-09-08 18:25:38.942881,180.0,196.0,196.0,184.0,182.0,172.0,164.0,172.0,,56,8348718
27.2413,2019-09-08 18:25:38.958675,196.0,184.0,180.0,200.0,178.0,178.0,172.0,178.0,,55,8347589
27.2571,2019-09-08 18:25:38.975662,196.0,184.0,180.0,196.0,182.0,164.0,178.0,182.0,,52,8345243
27.274,2019-09-08 18:25:38.992681,196.0,184.0,200.0,196.0,182.0,182.0,172.0,164.0,,50,8344579
27.2913,2019-09-08 18:25:39.008026,196.0,184.0,180.0,200.0,182.0,178.0,164.0,172.0,,47,8342967
27.3065,2019-09-08 18:25:39.071034,196.0,184.0,180.0,200.0,164.0,178.0,164.0,178.0,,29,8342783
27.3695,2019-09-08 18:25:39.085665,196.0,184.0,180.0,200.0,170.0,164.0,178.0,182.0,,26,8342904
27.3841,2019-09-08 18:25:39.095356,194.0,180.0,180.0,202.0,180.0,180.0,184.0,172.0,,24,8342240
27.3938,2019-09-08 18:25:39.108283,196.0,180.0,202.0,200.0,164.0,182.0,172.0,182.0,,21,8343396
27.4068,2019-09-08 18:25:39.123052,194.0,184.0,180.0,202.0,184.0,172.0,164.0,182.0,,18,8342980
27.4222,2019-09-08 18:25:39.171648,186.0,184.0,180.0,200.0,182.0,180.0,166.0,182.0,,8,8348323
27.4708,2019-09-08 18:25:39.181383,198.0,180.0,182.0,200.0,184.0,172.0,184.0,172.0,,7,8349154
27.4808,2019-09-08 18:25:39.194098,180.0,202.0,180.0,202.0,168.0,182.0,184.0,172.0,,6,8350410
27.4934,2019-09-08 18:25:39.209207,202.0,184.0,184.0,308.0,168.0,182.0,184.0,172.0,,5,8354039
27.5085,2019-09-08 18:25:39.225031,200.0,370.0,184.0,384.0,170.0,170.0,180.0,184.0,,5,8355683
27.5239,2019-09-08 18:25:39.250318,440.0,446.0,184.0,460.0,184.0,172.0,174.0,172.0,,5,8357140
27.5491,2019-09-08 18:25:39.260592,538.0,184.0,180.0,206.0,176.0,184.0,172.0,180.0,,6,8358033
27.5593,2019-09-08 18:25:39.274946,612.0,184.0,180.0,628.0,182.0,184.0,180.0,170.0,,6,8358091
27.5742,2019-09-08 18:25:39.290721,186.0,180.0,204.0,204.0,194.0,198.0,180.0,184.0,,6,8355887
27.5902,2019-09-08 18:25:39.305810,182.0,208.0,182.0,208.0,218.0,226.0,184.0,172.0,,6,8355372
27.6053,2019-09-08 18:25:39.322615,670.0,186.0,182.0,208.0,182.0,172.0,344.0,170.0,,6,8354749
27.6213,2019-09-08 18:25:39.337511,182.0,210.0,182.0,210.0,182.0,182.0,182.0,194.0,,6,8355302
27.6367,2019-09-08 18:25:39.358908,182.0,212.0,182.0,212.0,200.0,184.0,172.0,174.0,,7,8357098
27.6582,2019-09-08 18:25:39.372020,182.0,188.0,700.0,188.0,174.0,174.0,208.0,190.0,,7,8356846
27.6712,2019-09-08 18:25:39.389302,182.0,190.0,184.0,700.0,174.0,440.0,212.0,194.0,,7,8357856
27.6886,2019-09-08 18:25:39.403894,694.0,194.0,184.0,218.0,196.0,196.0,468.0,214.0,,6,8356953
27.7031,2019-09-08 18:25:39.433600,194.0,184.0,222.0,222.0,176.0,514.0,204.0,214.0,,5,8354735
27.7328,2019-09-08 18:25:39.462836,632.0,228.0,184.0,184.0,208.0,174.0,554.0,214.0,,4,8354631
27.7618,2019-09-08 18:25:39.485424,204.0,186.0,204.0,186.0,570.0,214.0,576.0,214.0,,4,8355517
27.7843,2019-09-08 18:25:39.515922,208.0,208.0,210.0,188.0,576.0,214.0,238.0,176.0,,3,8354531
27.8152,2019-09-08 18:25:39.533088,190.0,262.0,262.0,264.0,572.0,214.0,240.0,214.0,,2,8355569
27.8328,2019-09-08 18:25:39.558594,192.0,272.0,442.0,274.0,248.0,176.0,566.0,210.0,,1,8354624
27.8579,2019-09-08 18:25:39.578553,194.0,228.0,196.0,290.0,210.0,176.0,562.0,560.0,,0,8355019
27.8773,2019-09-08 18:25:39.594100,370.0,296.0,362.0,242.0,176.0,556.0,210.0,264.0,,0,8356112
27.8933,2019-09-08 18:25:39.611198,302.0,252.0,202.0,338.0,274.0,178.0,278.0,178.0,,-1,8357043
27.9107,2019-09-08 18:25:39.629739,322.0,264.0,320.0,268.0,282.0,178.0,288.0,178.0,,-1,8356704
27.9286,2019-09-08 18:25:39.643278,304.0,280.0,214.0,318.0,178.0,518.0,514.0,214.0,,-2,8356918
27.9419,2019-09-08 18:25:39.660631,286.0,296.0,220.0,328.0,506.0,214.0,308.0,310.0,,-2,8358164
27.9593,2019-09-08 18:25:39.674400,226.0,334.0,228.0,336.0,218.0,330.0,184.0,184.0,,-3,8357936
27.9731,2019-09-08 18:25:39.691857,322.0,322.0,344.0,346.0,224.0,224.0,186.0,432.0,,-4,8359206
27.9906,2019-09-08 18:25:39.712589,236.0,338.0,244.0,354.0,398.0,232.0,384.0,192.0,,-5,8358922
28.0113,2019-09-08 18:25:39.725845,352.0,354.0,252.0,362.0,368.0,402.0,406.0,196.0,,-5,8359292
28.0245,2019-09-08 18:25:39.740446,216.0,368.0,258.0,368.0,342.0,244.0,428.0,322.0,,-5,8359586
28.0393,2019-09-08 18:25:39.765601,212.0,380.0,266.0,374.0,206.0,206.0,270.0,260.0,,-6,8360001
28.0643,2019-09-08 18:25:39.777901,386.0,386.0,272.0,374.0,212.0,214.0,264.0,264.0,,-6,8360756
28.0766,2019-09-08 18:25:39.791546,208.0,388.0,276.0,370.0,512.0,220.0,268.0,524.0,,-6,8360157
28.0902,2019-09-08 18:25:39.807798,206.0,384.0,280.0,362.0,224.0,206.0,536.0,230.0,,-6,8360593
28.1065,2019-09-08 18:25:39.823275,204.0,350.0,278.0,348.0,194.0,270.0,548.0,238.0,,-6,8360503
28.1219,2019-09-08 18:25:39.837646,200.0,342.0,278.0,330.0,184.0,182.0,268.0,554.0,,-6,8359565
28.1364,2019-09-08 18:25:39.854492,198.0,310.0,274.0,306.0,180.0,266.0,264.0,558.0,,-5,8358662
28.1532,2019-09-08 18:25:39.869762,196.0,266.0,278.0,274.0,172.0,252.0,546.0,256.0,,-4,8356552
28.1686,2019-09-08 18:25:39.886461,194.0,230.0,250.0,250.0,170.0,244.0,530.0,260.0,,-2,8353721
28.1852,2019-09-08 18:25:39.902641,194.0,210.0,224.0,228.0,166.0,510.0,264.0,166.0,,-1,8350645
28.2011,2019-09-08 18:25:39.919850,192.0,200.0,204.0,218.0,162.0,424.0,268.0,162.0,,1,8350192
28.2189,2019-09-08 18:25:39.938889,192.0,210.0,210.0,210.0,382.0,268.0,162.0,202.0,,6,8349371
28.2376,2019-09-08 18:25:39.991672,186.0,182.0,182.0,186.0,322.0,306.0,162.0,162.0,,17,8351603
28.2903,2019-09-08 18:25:39.998243,194.0,186.0,180.0,194.0,196.0,162.0,182.0,190.0,,21,8352001
28.2969,2019-09-08 18:25:40.009584,202.0,194.0,184.0,194.0,184.0,180.0,180.0,184.0,,27,8353399
28.3082,2019-09-08 18:25:40.028594,194.0,184.0,180.0,200.0,164.0,164.0,182.0,172.0,,33,8353756
28.327,2019-09-08 18:25:40.037522,200.0,194.0,180.0,200.0,164.0,164.0,178.0,182.0,,39,8354358
28.3365,2019-09-08 18:25:40.050018,194.0,184.0,180.0,194.0,164.0,180.0,182.0,184.0,,45,8354046
28.3488,2019-09-08 18:25:40.071204,194.0,184.0,180.0,200.0,164.0,180.0,184.0,172.0,,53,8352295
28.3699,2019-09-08 18:25:40.080275,194.0,184.0,180.0,200.0,164.0,178.0,182.0,172.0,,56,8352327
28.3788,2019-09-08 18:25:40.095437,194.0,184.0,178.0,200.0,164.0,178.0,182.0,172.0,,60,8351358
28.3941,2019-09-08 18:25:40.148801,196.0,184.0,180.0,200.0,176.0,182.0,172.0,166.0,,62,8348866
28.4479,2019-09-08 18:25:40.172146,184.0,184.0,178.0,200.0,176.0,182.0,172.0,166.0,,61,8348112
28.4705,2019-09-08 18:25:40.182410,180.0,184.0,180.0,200.0,176.0,182.0,172.0,166.0,,60,8348299
28.4812,2019-09-08 18:25:40.203083,196.0,196.0,200.0,196.0,182.0,178.0,166.0,178.0,,58,8347205
28.5023,2019-09-08 18:25:40.214133,196.0,184.0,198.0,200.0,182.0,176.0,166.0,176.0,,56,8345697
28.5125,2019-09-08 18:25:40.231153,194.0,194.0,194.0,200.0,182.0,172.0,172.0,178.0,,54,8344499
28.5309,2019-09-08 18:25:40.239548,180.0,184.0,194.0,184.0,172.0,164.0,178.0,182.0,,51,8345022
28.5382,2019-09-08 18:25:40.252165,194.0,194.0,184.0,180.0,172.0,172.0,178.0,182.0,,48,8343880
28.5508,2019-09-08 18:25:40.271884,194.0,184.0,180.0,200.0,182.0,164.0,164.0,178.0,,45,8343223
28.5704,2019-09-08 18:25:40.287149,194.0,184.0,180.0,200.0,182.0,172.0,164.0,178.0,,39,8343392
28.5855,2019-09-08 18:25:40.296560,194.0,184.0,180.0,200.0,182.0,172.0,164.0,180.0,,35,8342236
28.5951,2019-09-08 18:25:40.311383,194.0,184.0,180.0,200.0,182.0,180.0,182.0,172.0,,32,8342403
28.6101,2019-09-08 18:25:40.329369,194.0,180.0,200.0,200.0,164.0,180.0,182.0,172.0,,25,8342880
28.6278,2019-09-08 18:25:40.347790,200.0,180.0,200.0,202.0,164.0,184.0,172.0,172.0,,20,8342216
28.6464,2019-09-08 18:25:40.367683,194.0,186.0,180.0,202.0,182.0,184.0,184.0,166.0,,17,8342631
28.666,2019-09-08 18:25:40.387633,196.0,184.0,182.0,198.0,182.0,166.0,180.0,166.0,,13,8342178
28.6862,2019-09-08 18:25:40.398661,206.0,186.0,212.0,202.0,182.0,172.0,166.0,166.0,,11,8342531
28.6972,2019-09-08 18:25:40.415690,184.0,180.0,180.0,202.0,182.0,172.0,180.0,184.0,,9,8342807
28.7141,2019-09-08 18:25:40.437963,180.0,200.0,382.0,396.0,182.0,180.0,180.0,172.0,,6,8343236
28.7369,2019-09-08 18:25:40.450631,202.0,184.0,458.0,184.0,172.0,166.0,184.0,182.0,,5,8343461
28.7492,2019-09-08 18:25:40.472499,524.0,186.0,180.0,204.0,180.0,180.0,184.0,172.0,,5,8343146
28.7709,2019-09-08 18:25:40.484178,600.0,184.0,180.0,206.0,172.0,180.0,180.0,182.0,,4,8342790
28.7826,2019-09-08 18:25:40.497347,644.0,184.0,182.0,206.0,172.0,180.0,172.0,172.0,,3,8342724
28.796,2019-09-08 18:25:40.512809,672.0,186.0,182.0,206.0,168.0,180.0,184.0,172.0,,3,8343949
28.8112,2019-09-08 18:25:40.538981,686.0,184.0,182.0,204.0,170.0,172.0,184.0,180.0,,3,8345991
28.8373,2019-09-08 18:25:40.547923,206.0,182.0,208.0,696.0,184.0,170.0,180.0,172.0,,3,8346077
28.8463,2019-09-08 18:25:40.563608,182.0,210.0,182.0,186.0,184.0,180.0,182.0,180.0,,3,8348558
28.862,2019-09-08 18:25:40.587633,702.0,702.0,188.0,184.0,180.0,172.0,196.0,180.0,,4,8346475
28.886,2019-09-08 18:25:40.597477,702.0,190.0,190.0,184.0,248.0,180.0,174.0,288.0,,4,8345974
28.8958,2019-09-08 18:25:40.613304,698.0,194.0,696.0,194.0,196.0,184.0,174.0,332.0,,4,8345562
28.9117,2019-09-08 18:25:40.629202,686.0,684.0,186.0,222.0,198.0,176.0,176.0,176.0,,5,8346721
28.9276,2019-09-08 18:25:40.646350,660.0,204.0,188.0,188.0,194.0,194.0,178.0,362.0,,6,8346551
28.9449,2019-09-08 18:25:40.660262,618.0,210.0,190.0,234.0,366.0,204.0,178.0,376.0,,6,8346468
28.9599,2019-09-08 18:25:40.683646,574.0,218.0,194.0,244.0,202.0,178.0,202.0,178.0,,6,8347084
28.9821,2019-09-08 18:25:40.695071,252.0,226.0,514.0,228.0,454.0,206.0,206.0,206.0,,6,8346544
28.9935,2019-09-08 18:25:40.707281,464.0,236.0,458.0,238.0,492.0,206.0,206.0,206.0,,6,8346603
29.0057,2019-09-08 18:25:40.723949,408.0,250.0,210.0,286.0,180.0,538.0,206.0,206.0,,5,8346344
29.0225,2019-09-08 18:25:40.737965,356.0,354.0,264.0,344.0,206.0,180.0,570.0,204.0,,5,8344818
29.0367,2019-09-08 18:25:40.754622,318.0,278.0,226.0,312.0,596.0,598.0,204.0,206.0,,5,8345839
29.0531,2019-09-08 18:25:40.769994,288.0,290.0,232.0,280.0,602.0,602.0,208.0,178.0,,5,8346219
29.0688,2019-09-08 18:25:40.793330,328.0,300.0,238.0,330.0,178.0,208.0,212.0,212.0,,5,8345738
29.0918,2019-09-08 18:25:40.810045,250.0,308.0,244.0,338.0,178.0,208.0,178.0,584.0,,5,8346178
29.1088,2019-09-08 18:25:40.821294,236.0,316.0,248.0,346.0,214.0,180.0,578.0,574.0,,5,8346001
29.1198,2019-09-08 18:25:40.837447,324.0,252.0,226.0,350.0,572.0,212.0,180.0,562.0,,4,8345877
29.1358,2019-09-08 18:25:40.851885,220.0,334.0,260.0,354.0,220.0,180.0,552.0,216.0,,4,8345527
29.1505,2019-09-08 18:25:40.865931,264.0,356.0,264.0,216.0,224.0,182.0,536.0,222.0,,4,8346257
29.1643,2019-09-08 18:25:40.895610,268.0,358.0,268.0,358.0,230.0,230.0,500.0,498.0,,3,8345285
29.194,2019-09-08 18:25:40.902055,212.0,344.0,270.0,362.0,184.0,488.0,184.0,482.0,,3,8345330
29.2006,2019-09-08 18:25:40.914194,210.0,346.0,272.0,210.0,186.0,474.0,244.0,186.0,,3,8345489
29.2126,2019-09-08 18:25:40.929444,210.0,348.0,208.0,348.0,238.0,186.0,238.0,240.0,,3,8345724
29.228,2019-09-08 18:25:40.947760,208.0,350.0,208.0,350.0,240.0,188.0,252.0,252.0,,2,8344399
29.2466,2019-09-08 18:25:40.962732,208.0,350.0,206.0,350.0,188.0,256.0,248.0,250.0,,2,8345686
29.2614,2019-09-08 18:25:40.990821,206.0,206.0,350.0,284.0,190.0,416.0,256.0,190.0,,1,8344884
29.2893,2019-09-08 18:25:41.005617,204.0,350.0,284.0,372.0,258.0,190.0,406.0,264.0,,1,8345403
29.3046,2019-09-08 18:25:41.018966,204.0,346.0,284.0,204.0,266.0,266.0,192.0,192.0,,0,8345119
29.3174,2019-09-08 18:25:41.032127,204.0,342.0,284.0,368.0,394.0,268.0,192.0,192.0,,0,8345022
29.3306,2019-09-08 18:25:41.052987,204.0,342.0,202.0,202.0,384.0,272.0,268.0,378.0,,-1,8345108
29.3515,2019-09-08 18:25:41.069368,202.0,342.0,202.0,202.0,274.0,194.0,276.0,350.0,,-1,8345538
29.3678,2019-09-08 18:25:41.100716,202.0,336.0,362.0,334.0,198.0,294.0,296.0,286.0,,-2,8345188
29.3992,2019-09-08 18:25:41.107345,200.0,326.0,282.0,354.0,198.0,304.0,302.0,302.0,,-2,8345188
29.4057,2019-09-08 18:25:41.121303,278.0,344.0,276.0,342.0,200.0,284.0,306.0,292.0,,-2,8345610
29.4199,2019-09-08 18:25:41.134947,198.0,270.0,326.0,324.0,202.0,266.0,310.0,292.0,,-2,8344970
29.4335,2019-09-08 18:25:41.154159,196.0,256.0,296.0,294.0,200.0,248.0,314.0,314.0,,-2,8345980
29.4526,2019-09-08 18:25:41.175601,194.0,248.0,266.0,264.0,216.0,312.0,282.0,200.0,,0,8346493
29.4741,2019-09-08 18:25:41.195875,194.0,208.0,228.0,242.0,198.0,196.0,192.0,304.0,,1,8346448
29.4949,2019-09-08 18:25:41.205964,212.0,228.0,210.0,226.0,272.0,198.0,178.0,290.0,,4,8348925
29.5044,2019-09-08 18:25:41.220759,194.0,194.0,198.0,216.0,262.0,196.0,172.0,196.0,,5,8350254
29.5196,2019-09-08 18:25:41.234893,194.0,190.0,190.0,210.0,170.0,226.0,216.0,194.0,,7,8351385
29.5334,2019-09-08 18:25:41.251475,194.0,186.0,184.0,206.0,170.0,170.0,198.0,194.0,,12,8352441
29.5499,2019-09-08 18:25:41.267561,194.0,184.0,202.0,194.0,186.0,170.0,194.0,170.0,,14,8353631
29.566,2019-09-08 18:25:41.285049,180.0,202.0,180.0,194.0,184.0,176.0,170.0,188.0,,20,8352991
29.5837,2019-09-08 18:25:41.301400,194.0,184.0,180.0,202.0,172.0,184.0,172.0,170.0,,22,8352641
29.6,2019-09-08 18:25:41.316176,194.0,184.0,180.0,200.0,182.0,172.0,182.0,182.0,,27,8351742
29.6147,2019-09-08 18:25:41.330725,194.0,184.0,180.0,200.0,182.0,184.0,172.0,170.0,,29,8350309
29.6292,2019-09-08 18:25:41.346476,200.0,184.0,180.0,200.0,172.0,170.0,182.0,172.0,,32,8349482
29.645,2019-09-08 18:25:41.363178,180.0,200.0,180.0,200.0,170.0,170.0,180.0,182.0,,32,8346506
29.6617,2019-09-08 18:25:41.378498,180.0,180.0,200.0,200.0,182.0,172.0,180.0,182.0,,33,8344136
29.677,2019-09-08 18:25:41.408633,196.0,184.0,180.0,200.0,182.0,172.0,170.0,182.0,,32,8342389
29.7071,2019-09-08 18:25:41.419431,196.0,180.0,200.0,196.0,172.0,182.0,180.0,182.0,,32,8341209
29.7187,2019-09-08 18:25:41.434624,180.0,184.0,196.0,184.0,172.0,180.0,182.0,172.0,,31,8341295
29.7331,2019-09-08 18:25:41.446541,196.0,200.0,180.0,184.0,180.0,182.0,172.0,182.0,,31,8341890
29.7452,2019-09-08 18:25:41.463011,200.0,184.0,180.0,196.0,180.0,170.0,172.0,170.0,,30,8342887
29.7615,2019-09-08 18:25:41.475970,200.0,184.0,178.0,200.0,170.0,180.0,182.0,180.0,,28,8341766
29.7749,2019-09-08 18:25:41.495300,196.0,184.0,180.0,200.0,182.0,172.0,170.0,172.0,,25,8341769
29.7938,2019-09-08 18:25:41.514881,196.0,200.0,180.0,200.0,170.0,170.0,170.0,172.0,,21,8341576
29.8137,2019-09-08 18:25:41.527616,196.0,184.0,180.0,200.0,182.0,172.0,170.0,180.0,,19,8340973
29.826,2019-09-08 18:25:41.539783,184.0,180.0,200.0,200.0,170.0,172.0,180.0,172.0,,16,8341659
29.8385,2019-09-08 18:25:41.557853,184.0,180.0,200.0,200.0,168.0,180.0,180.0,182.0,,14,8341205
29.8565,2019-09-08 18:25:41.574263,196.0,184.0,180.0,200.0,168.0,186.0,188.0,186.0,,10,8341804
29.8727,2019-09-08 18:25:41.590040,196.0,184.0,180.0,200.0,204.0,190.0,172.0,200.0,,8,8341140
29.8885,2019-09-08 18:25:41.610412,196.0,184.0,180.0,202.0,190.0,172.0,190.0,192.0,,9,8342326
29.9089,2019-09-08 18:25:41.622849,196.0,180.0,180.0,200.0,188.0,172.0,184.0,190.0,,8,8341364
29.9213,2019-09-08 18:25:41.643635,184.0,180.0,200.0,200.0,194.0,194.0,196.0,172.0,,7,8342780
29.942,2019-09-08 18:25:41.656439,184.0,180.0,200.0,200.0,202.0,174.0,206.0,200.0,,6,8342704
29.9548,2019-09-08 18:25:41.677486,184.0,180.0,180.0,198.0,204.0,204.0,174.0,218.0,,6,8343302
29.9761,2019-09-08 18:25:41.691238,180.0,200.0,180.0,200.0,210.0,206.0,174.0,224.0,,6,8342056
29.9896,2019-09-08 18:25:41.713037,222.0,188.0,180.0,188.0,174.0,174.0,230.0,208.0,,4,8342641
30.0114,2019-09-08 18:25:41.724846,248.0,190.0,180.0,180.0,220.0,174.0,232.0,232.0,,4,8342288
30.0233,2019-09-08 18:25:41.739213,278.0,280.0,182.0,182.0,232.0,224.0,212.0,176.0,,3,8341790
30.0376,2019-09-08 18:25:41.755648,298.0,298.0,182.0,182.0,232.0,228.0,228.0,214.0,,2,8342122
30.054,2019-09-08 18:25:41.772082,308.0,196.0,182.0,210.0,216.0,176.0,228.0,178.0,,1,8342122
30.0709,2019-09-08 18:25:41.785975,310.0,196.0,184.0,212.0,218.0,234.0,218.0,178.0,,0,8341984
30.0844,2019-09-08 18:25:41.815447,212.0,198.0,184.0,212.0,220.0,236.0,228.0,236.0,,0,8342589
30.1138,2019-09-08 18:25:41.821822,184.0,214.0,314.0,214.0,228.0,178.0,222.0,178.0,,-1,8341953
30.1202,2019-09-08 18:25:41.836996,186.0,200.0,186.0,214.0,178.0,178.0,178.0,228.0,,-1,8342368
30.1354,2019-09-08 18:25:41.853596,312.0,214.0,186.0,214.0,240.0,228.0,226.0,180.0,,-2,8342700
30.152,2019-09-08 18:25:41.872014,214.0,202.0,202.0,312.0,240.0,228.0,180.0,228.0,,-2,8341648
30.1705,2019-09-08 18:25:41.889163,312.0,186.0,186.0,202.0,180.0,180.0,228.0,242.0,,-3,8341382
30.1877,2019-09-08 18:25:41.913309,314.0,204.0,314.0,214.0,226.0,226.0,232.0,232.0,,-4,8341223
30.2117,2019-09-08 18:25:41.937912,206.0,188.0,216.0,186.0,182.0,222.0,244.0,234.0,,-4,8341236
30.2363,2019-09-08 18:25:41.974780,318.0,318.0,216.0,188.0,246.0,246.0,182.0,246.0,,-5,8342136
30.2731,2019-09-08 18:25:41.987787,188.0,320.0,188.0,188.0,182.0,220.0,246.0,182.0,,-5,8341018
