time_index,time_stamp,L1,L2,L3,L4,R1,R2,R3,R4,Futek,ENC2
0.0005,2019-09-08 18:41:34.097739,394.0,204.0,394.0,204.0,230.0,222.0,176.0,352.0,,-88,8343659
0.2409,2019-09-08 18:41:34.114849,396.0,204.0,184.0,398.0,230.0,222.0,176.0,352.0,,-88,8343669
0.2579,2019-09-08 18:41:34.132510,232.0,204.0,400.0,232.0,222.0,222.0,352.0,352.0,,-88,8343863
0.2756,2019-09-08 18:41:34.152825,232.0,204.0,184.0,232.0,222.0,176.0,352.0,230.0,,-88,8343264
0.2959,2019-09-08 18:41:34.165200,406.0,406.0,184.0,408.0,224.0,176.0,352.0,230.0,,-88,8342617
0.3083,2019-09-08 18:41:34.184137,230.0,408.0,184.0,408.0,224.0,176.0,352.0,230.0,,-88,8342963
0.3273,2019-09-08 18:41:34.200465,410.0,230.0,184.0,230.0,224.0,176.0,352.0,230.0,,-88,8343136
0.3436,2019-09-08 18:41:34.216491,204.0,184.0,230.0,230.0,224.0,176.0,352.0,232.0,,-88,8343244
0.3596,2019-09-08 18:41:34.234608,230.0,184.0,230.0,412.0,224.0,176.0,232.0,224.0,,-88,8343922
0.3777,2019-09-08 18:41:34.253682,202.0,184.0,230.0,204.0,176.0,176.0,232.0,224.0,,-88,8342756
0.3968,2019-09-08 18:41:34.267313,184.0,230.0,184.0,414.0,224.0,350.0,350.0,226.0,,-88,8343237
0.4104,2019-09-08 18:41:34.283383,416.0,202.0,414.0,414.0,176.0,350.0,350.0,232.0,,-88,8342904
0.4265,2019-09-08 18:41:34.302808,416.0,202.0,184.0,230.0,176.0,350.0,232.0,226.0,,-88,8344088
0.4459,2019-09-08 18:41:34.321877,202.0,202.0,184.0,416.0,350.0,232.0,224.0,176.0,,-88,8344465
0.465,2019-09-08 18:41:34.338647,184.0,230.0,184.0,416.0,176.0,348.0,234.0,226.0,,-88,8343046
0.4817,2019-09-08 18:41:34.357281,416.0,202.0,418.0,204.0,176.0,348.0,226.0,226.0,,-88,8343773
0.5004,2019-09-08 18:41:34.374333,416.0,202.0,416.0,202.0,348.0,232.0,176.0,226.0,,-88,8343302
0.5174,2019-09-08 18:41:34.392193,230.0,416.0,184.0,230.0,232.0,226.0,176.0,348.0,,-88,8343209
0.5353,2019-09-08 18:41:34.409325,184.0,230.0,184.0,416.0,234.0,226.0,176.0,348.0,,-88,8343434
0.5525,2019-09-08 18:41:34.428066,416.0,202.0,184.0,184.0,232.0,226.0,226.0,346.0,,-88,8343181
0.5712,2019-09-08 18:41:34.450092,230.0,202.0,202.0,230.0,232.0,226.0,176.0,348.0,,-88,8342853
0.5936,2019-09-08 18:41:34.466146,414.0,202.0,184.0,416.0,234.0,226.0,176.0,176.0,,-88,8343216
0.6101,2019-09-08 18:41:34.484112,202.0,184.0,230.0,230.0,234.0,226.0,176.0,232.0,,-88,8343413
0.6275,2019-09-08 18:41:34.498037,202.0,184.0,184.0,230.0,226.0,226.0,176.0,176.0,,-88,8343721
0.6417,2019-09-08 18:41:34.517987,202.0,184.0,184.0,230.0,226.0,226.0,346.0,176.0,,-88,8342960
0.6618,2019-09-08 18:41:34.536880,182.0,230.0,184.0,230.0,232.0,176.0,346.0,232.0,,-88,8343327
0.6803,2019-09-08 18:41:34.554095,184.0,230.0,184.0,230.0,176.0,346.0,346.0,232.0,,-88,8342814
0.6975,2019-09-08 18:41:34.573900,230.0,202.0,184.0,412.0,176.0,346.0,232.0,346.0,,-88,8343773
0.7177,2019-09-08 18:41:34.588511,410.0,202.0,184.0,230.0,176.0,226.0,176.0,226.0,,-88,8343690
0.7319,2019-09-08 18:41:34.612452,412.0,202.0,184.0,184.0,346.0,232.0,226.0,176.0,,-88,8342918
0.7561,2019-09-08 18:41:34.629115,410.0,202.0,202.0,182.0,346.0,232.0,226.0,176.0,,-88,8343053
0.7725,2019-09-08 18:41:34.653474,410.0,204.0,410.0,202.0,226.0,176.0,234.0,226.0,,-88,8343908
0.7969,2019-09-08 18:41:34.664494,410.0,230.0,184.0,230.0,176.0,234.0,228.0,176.0,,-88,8343887
0.8078,2019-09-08 18:41:34.681567,230.0,202.0,202.0,182.0,344.0,234.0,228.0,176.0,,-88,8343714
0.8249,2019-09-08 18:41:34.700745,408.0,408.0,182.0,230.0,176.0,234.0,228.0,176.0,,-88,8343486
0.8441,2019-09-08 18:41:34.720309,408.0,408.0,202.0,184.0,344.0,234.0,344.0,234.0,,-88,8343503
0.8638,2019-09-08 18:41:34.733738,408.0,202.0,182.0,230.0,228.0,176.0,176.0,344.0,,-88,8343579
0.8771,2019-09-08 18:41:34.757353,408.0,202.0,408.0,202.0,234.0,176.0,342.0,342.0,,-88,8343316
0.9007,2019-09-08 18:41:34.770348,230.0,184.0,230.0,408.0,236.0,228.0,228.0,234.0,,-88,8343389
0.9138,2019-09-08 18:41:34.789561,202.0,182.0,230.0,230.0,236.0,228.0,342.0,236.0,,-88,8343126
0.9329,2019-09-08 18:41:34.811250,408.0,202.0,230.0,230.0,236.0,228.0,176.0,340.0,,-88,8343749
0.9546,2019-09-08 18:41:34.826013,406.0,202.0,408.0,202.0,236.0,228.0,178.0,230.0,,-88,8343250
0.9693,2019-09-08 18:41:34.863066,202.0,202.0,230.0,406.0,228.0,176.0,340.0,236.0,,-88,8343264
1.0064,2019-09-08 18:41:34.883706,182.0,406.0,202.0,406.0,228.0,178.0,340.0,236.0,,-88,8343711
1.0272,2019-09-08 18:41:34.893450,406.0,406.0,202.0,182.0,176.0,338.0,236.0,236.0,,-88,8343600
1.0368,2019-09-08 18:41:34.899870,406.0,202.0,230.0,406.0,176.0,178.0,338.0,236.0,,-88,8343372
1.0432,2019-09-08 18:41:34.918351,230.0,230.0,182.0,406.0,228.0,236.0,340.0,178.0,,-88,8343742
1.0617,2019-09-08 18:41:34.936717,182.0,202.0,182.0,406.0,340.0,340.0,228.0,178.0,,-88,8343396
1.08,2019-09-08 18:41:34.976112,182.0,406.0,202.0,182.0,176.0,340.0,236.0,340.0,,-89,8343302
1.1195,2019-09-08 18:41:34.990149,182.0,202.0,408.0,408.0,342.0,228.0,176.0,342.0,,-89,8342801
1.1336,2019-09-08 18:41:35.011816,230.0,408.0,202.0,182.0,234.0,234.0,228.0,178.0,,-89,8343693
1.1552,2019-09-08 18:41:35.036984,408.0,202.0,182.0,228.0,228.0,176.0,176.0,176.0,,-89,8343974
1.1803,2019-09-08 18:41:35.043192,410.0,202.0,182.0,410.0,228.0,228.0,176.0,176.0,,-89,8343264
1.1865,2019-09-08 18:41:35.063991,410.0,202.0,182.0,228.0,226.0,234.0,226.0,232.0,,-89,8343569
1.2073,2019-09-08 18:41:35.076057,228.0,228.0,182.0,228.0,232.0,226.0,342.0,344.0,,-89,8342783
1.2194,2019-09-08 18:41:35.091857,228.0,202.0,412.0,228.0,226.0,226.0,176.0,344.0,,-89,8343531
1.2352,2019-09-08 18:41:35.108093,412.0,202.0,412.0,228.0,226.0,226.0,176.0,344.0,,-89,8343368
1.2514,2019-09-08 18:41:35.128584,412.0,202.0,202.0,412.0,232.0,226.0,176.0,346.0,,-89,8343150
1.2719,2019-09-08 18:41:35.143221,412.0,202.0,228.0,182.0,226.0,176.0,346.0,232.0,,-89,8344057
1.2866,2019-09-08 18:41:35.166209,202.0,202.0,412.0,202.0,176.0,346.0,232.0,232.0,,-89,8343264
1.3096,2019-09-08 18:41:35.183119,412.0,414.0,202.0,182.0,176.0,346.0,232.0,224.0,,-89,8343441
1.3265,2019-09-08 18:41:35.196489,228.0,414.0,228.0,202.0,224.0,176.0,224.0,176.0,,-89,8343406
1.3398,2019-09-08 18:41:35.213900,414.0,228.0,182.0,414.0,176.0,232.0,224.0,176.0,,-89,8343392
1.3573,2019-09-08 18:41:35.233538,416.0,416.0,202.0,416.0,176.0,346.0,224.0,176.0,,-89,8343908
1.3769,2019-09-08 18:41:35.282053,416.0,228.0,182.0,414.0,176.0,346.0,224.0,224.0,,-89,8343911
1.4254,2019-09-08 18:41:35.288364,414.0,202.0,416.0,202.0,176.0,348.0,232.0,224.0,,-89,8342655
1.4317,2019-09-08 18:41:35.306752,182.0,228.0,416.0,202.0,348.0,230.0,224.0,348.0,,-89,8343794
1.4506,2019-09-08 18:41:35.317324,182.0,202.0,182.0,202.0,348.0,224.0,224.0,348.0,,-89,8343929
1.4609,2019-09-08 18:41:35.343482,180.0,228.0,182.0,416.0,348.0,224.0,176.0,348.0,,-89,8343354
1.4871,2019-09-08 18:41:35.354378,182.0,202.0,416.0,200.0,230.0,230.0,176.0,348.0,,-89,8342974
1.498,2019-09-08 18:41:35.372500,228.0,182.0,226.0,200.0,230.0,224.0,176.0,230.0,,-89,8343244
1.5158,2019-09-08 18:41:35.388432,416.0,202.0,416.0,226.0,230.0,224.0,350.0,350.0,,-89,8343638
1.5318,2019-09-08 18:41:35.405125,182.0,202.0,182.0,226.0,222.0,176.0,350.0,176.0,,-89,8343686
1.5485,2019-09-08 18:41:35.430432,182.0,226.0,200.0,228.0,222.0,176.0,350.0,230.0,,-89,8343420
1.5739,2019-09-08 18:41:35.443500,416.0,202.0,182.0,228.0,224.0,176.0,350.0,230.0,,-89,8343417
1.5868,2019-09-08 18:41:35.470809,416.0,200.0,182.0,416.0,230.0,350.0,230.0,224.0,,-89,8343434
1.6141,2019-09-08 18:41:35.485274,200.0,416.0,228.0,416.0,176.0,176.0,350.0,222.0,,-89,8344077
1.6286,2019-09-08 18:41:35.497178,228.0,182.0,226.0,226.0,222.0,350.0,350.0,230.0,,-89,8343441
1.6405,2019-09-08 18:41:35.515589,200.0,182.0,228.0,226.0,176.0,348.0,230.0,176.0,,-89,8343631
1.6589,2019-09-08 18:41:35.532909,226.0,180.0,182.0,416.0,350.0,230.0,348.0,230.0,,-89,8343323
1.6762,2019-09-08 18:41:35.553263,226.0,200.0,416.0,200.0,176.0,230.0,230.0,176.0,,-89,8344112
1.6966,2019-09-08 18:41:35.575930,200.0,200.0,226.0,418.0,348.0,230.0,224.0,176.0,,-89,8343721
1.7192,2019-09-08 18:41:35.592473,182.0,226.0,418.0,418.0,348.0,348.0,230.0,176.0,,-89,8343507
1.7358,2019-09-08 18:41:35.603836,226.0,200.0,180.0,226.0,348.0,230.0,222.0,176.0,,-89,8343410
1.7472,2019-09-08 18:41:35.622338,182.0,226.0,418.0,226.0,348.0,224.0,176.0,348.0,,-89,8343953
1.7657,2019-09-08 18:41:35.642311,182.0,418.0,200.0,182.0,176.0,224.0,176.0,348.0,,-89,8343534
1.7856,2019-09-08 18:41:35.660666,418.0,418.0,182.0,182.0,230.0,224.0,176.0,224.0,,-89,8343503
1.8042,2019-09-08 18:41:35.679704,420.0,200.0,420.0,418.0,176.0,348.0,230.0,224.0,,-89,8343489
1.823,2019-09-08 18:41:35.694250,420.0,200.0,182.0,420.0,348.0,224.0,176.0,348.0,,-89,8343569
1.8376,2019-09-08 18:41:35.713114,226.0,200.0,420.0,200.0,222.0,230.0,348.0,230.0,,-89,8343292
1.8565,2019-09-08 18:41:35.732936,420.0,200.0,420.0,420.0,348.0,230.0,348.0,230.0,,-89,8343455
1.8763,2019-09-08 18:41:35.749383,200.0,180.0,420.0,420.0,222.0,176.0,348.0,230.0,,-89,8342776
1.8927,2019-09-08 18:41:35.767255,418.0,200.0,226.0,200.0,348.0,230.0,222.0,350.0,,-89,8343015
1.9106,2019-09-08 18:41:35.795510,200.0,182.0,418.0,200.0,230.0,222.0,176.0,348.0,,-89,8343074
1.9388,2019-09-08 18:41:35.806095,226.0,418.0,226.0,200.0,230.0,176.0,176.0,350.0,,-89,8343617
1.9494,2019-09-08 18:41:35.822281,418.0,200.0,200.0,226.0,350.0,350.0,222.0,176.0,,-89,8343091
1.9656,2019-09-08 18:41:35.844976,418.0,418.0,200.0,182.0,230.0,222.0,176.0,176.0,,-89,8343482
1.9883,2019-09-08 18:41:35.857834,418.0,418.0,418.0,200.0,230.0,350.0,176.0,222.0,,-89,8343361
2.0011,2019-09-08 18:41:35.884096,182.0,226.0,182.0,226.0,176.0,350.0,230.0,222.0,,-89,8343468
2.0274,2019-09-08 18:41:35.897575,200.0,418.0,182.0,226.0,350.0,230.0,350.0,230.0,,-89,8343915
2.0409,2019-09-08 18:41:35.913749,228.0,200.0,180.0,418.0,222.0,176.0,350.0,230.0,,-89,8343520
2.0571,2019-09-08 18:41:35.932955,228.0,200.0,418.0,200.0,350.0,222.0,230.0,176.0,,-89,8344116
2.0763,2019-09-08 18:41:35.950594,416.0,200.0,416.0,226.0,230.0,222.0,176.0,352.0,,-89,8343413
2.0939,2019-09-08 18:41:35.967461,416.0,200.0,182.0,416.0,228.0,228.0,352.0,176.0,,-89,8343541
2.1108,2019-09-08 18:41:35.998316,416.0,200.0,416.0,200.0,230.0,222.0,352.0,352.0,,-89,8343763
2.1417,2019-09-08 18:41:36.007751,414.0,182.0,228.0,226.0,222.0,176.0,352.0,228.0,,-89,8343738
2.1511,2019-09-08 18:41:36.025515,182.0,182.0,414.0,228.0,222.0,228.0,222.0,228.0,,-89,8343199
2.1689,2019-09-08 18:41:36.044847,182.0,200.0,182.0,228.0,220.0,176.0,354.0,176.0,,-89,8343749
2.1882,2019-09-08 18:41:36.060300,200.0,202.0,228.0,414.0,354.0,228.0,228.0,176.0,,-89,8343077
2.2038,2019-09-08 18:41:36.086209,412.0,182.0,412.0,228.0,354.0,228.0,228.0,354.0,,-89,8343884
2.2295,2019-09-08 18:41:36.101187,412.0,182.0,200.0,412.0,220.0,356.0,230.0,220.0,,-89,8343538
2.2445,2019-09-08 18:41:36.117196,228.0,202.0,182.0,228.0,228.0,220.0,176.0,356.0,,-89,8343247
2.2605,2019-09-08 18:41:36.134451,228.0,202.0,410.0,228.0,228.0,220.0,176.0,356.0,,-89,8343707
2.2778,2019-09-08 18:41:36.188837,228.0,202.0,182.0,228.0,220.0,358.0,220.0,176.0,,-89,8343022
2.3323,2019-09-08 18:41:36.199637,228.0,182.0,228.0,410.0,358.0,228.0,218.0,176.0,,-89,8342596
2.343,2019-09-08 18:41:36.209454,410.0,202.0,410.0,202.0,358.0,176.0,358.0,226.0,,-89,8343157
2.3528,2019-09-08 18:41:36.227749,182.0,410.0,202.0,182.0,220.0,220.0,176.0,218.0,,-89,8343164
2.3712,2019-09-08 18:41:36.249720,228.0,228.0,408.0,202.0,360.0,226.0,218.0,218.0,,-89,8343884
2.3931,2019-09-08 18:41:36.266077,182.0,228.0,182.0,408.0,360.0,218.0,226.0,360.0,,-89,8343468
2.4095,2019-09-08 18:41:36.283431,408.0,202.0,408.0,182.0,226.0,226.0,218.0,360.0,,-89,8343278
2.4271,2019-09-08 18:41:36.307454,408.0,408.0,202.0,182.0,226.0,218.0,174.0,360.0,,-89,8343403
2.4515,2019-09-08 18:41:36.320738,408.0,202.0,202.0,182.0,360.0,218.0,218.0,360.0,,-89,8343631
2.4644,2019-09-08 18:41:36.336811,408.0,202.0,228.0,230.0,226.0,218.0,226.0,218.0,,-89,8343569
2.4804,2019-09-08 18:41:36.357962,228.0,230.0,182.0,408.0,176.0,226.0,218.0,218.0,,-89,8343309
2.5018,2019-09-08 18:41:36.374217,230.0,202.0,182.0,408.0,362.0,362.0,226.0,218.0,,-89,8343576
2.5178,2019-09-08 18:41:36.392307,230.0,202.0,182.0,202.0,218.0,176.0,226.0,226.0,,-89,8342898
2.5361,2019-09-08 18:41:36.409974,408.0,202.0,202.0,202.0,176.0,174.0,364.0,224.0,,-89,8343783
2.5537,2019-09-08 18:41:36.430807,182.0,228.0,202.0,202.0,364.0,224.0,216.0,176.0,,-89,8343081
2.5745,2019-09-08 18:41:36.463219,408.0,202.0,408.0,408.0,216.0,224.0,224.0,174.0,,-89,8343361
2.6069,2019-09-08 18:41:36.476662,408.0,202.0,408.0,182.0,364.0,364.0,224.0,216.0,,-89,8343046
2.6206,2019-09-08 18:41:36.488314,230.0,408.0,202.0,228.0,216.0,224.0,216.0,174.0,,-89,8343808
2.632,2019-09-08 18:41:36.506965,408.0,202.0,182.0,230.0,224.0,216.0,176.0,366.0,,-89,8343039
2.6506,2019-09-08 18:41:36.520414,408.0,202.0,182.0,408.0,366.0,366.0,224.0,216.0,,-89,8343095
2.6642,2019-09-08 18:41:36.541278,408.0,182.0,182.0,182.0,176.0,224.0,176.0,366.0,,-89,8343728
2.6849,2019-09-08 18:41:36.562658,408.0,408.0,408.0,408.0,216.0,224.0,216.0,174.0,,-89,8343828
2.706,2019-09-08 18:41:36.577984,408.0,408.0,182.0,182.0,216.0,174.0,368.0,224.0,,-89,8343119
2.7221,2019-09-08 18:41:36.598433,408.0,202.0,182.0,228.0,214.0,174.0,368.0,224.0,,-89,8343109
2.7426,2019-09-08 18:41:36.616279,230.0,202.0,228.0,230.0,176.0,368.0,224.0,224.0,,-89,8342811
2.7596,2019-09-08 18:41:36.636466,202.0,182.0,408.0,202.0,216.0,216.0,174.0,224.0,,-89,8343700
2.7798,2019-09-08 18:41:36.654219,228.0,202.0,182.0,182.0,224.0,216.0,214.0,368.0,,-89,8343012
2.7976,2019-09-08 18:41:36.671317,408.0,202.0,202.0,182.0,222.0,174.0,370.0,370.0,,-89,8343448
2.8147,2019-09-08 18:41:36.694378,408.0,202.0,182.0,228.0,222.0,222.0,216.0,176.0,,-89,8343154
2.8378,2019-09-08 18:41:36.715773,410.0,202.0,182.0,408.0,174.0,372.0,222.0,214.0,,-89,8343444
2.8591,2019-09-08 18:41:36.727012,410.0,202.0,182.0,410.0,214.0,176.0,222.0,214.0,,-89,8343289
2.8703,2019-09-08 18:41:36.743881,182.0,230.0,182.0,230.0,372.0,222.0,222.0,174.0,,-89,8343475
2.8872,2019-09-08 18:41:36.763343,182.0,228.0,182.0,228.0,372.0,214.0,214.0,374.0,,-89,8343105
2.9067,2019-09-08 18:41:36.783384,410.0,200.0,182.0,202.0,222.0,214.0,374.0,222.0,,-89,8343240
2.9268,2019-09-08 18:41:36.804778,412.0,410.0,182.0,228.0,374.0,374.0,222.0,214.0,,-89,8342683
2.9481,2019-09-08 18:41:36.818265,412.0,202.0,410.0,202.0,374.0,222.0,214.0,222.0,,-89,8343202
2.9617,2019-09-08 18:41:36.834801,412.0,202.0,182.0,230.0,374.0,214.0,174.0,222.0,,-89,8342981
2.9781,2019-09-08 18:41:36.854940,228.0,412.0,200.0,228.0,374.0,220.0,374.0,222.0,,-89,8343576
2.9983,2019-09-08 18:41:36.876784,412.0,200.0,412.0,200.0,174.0,376.0,222.0,212.0,,-89,8343289
3.0203,2019-09-08 18:41:36.894517,228.0,412.0,202.0,228.0,214.0,376.0,220.0,214.0,,-89,8343403
3.0379,2019-09-08 18:41:36.918496,412.0,412.0,182.0,228.0,222.0,376.0,220.0,214.0,,-89,8343866
3.0619,2019-09-08 18:41:36.927301,412.0,200.0,182.0,228.0,220.0,214.0,174.0,378.0,,-89,8343994
3.0707,2019-09-08 18:41:36.945366,414.0,412.0,414.0,202.0,220.0,212.0,220.0,212.0,,-89,8343652
3.0888,2019-09-08 18:41:36.962768,228.0,228.0,182.0,228.0,174.0,212.0,174.0,378.0,,-89,8343358
3.1065,2019-09-08 18:41:36.982546,414.0,228.0,228.0,228.0,174.0,220.0,214.0,174.0,,-89,8343250
3.1262,2019-09-08 18:41:37.008991,182.0,182.0,202.0,414.0,212.0,174.0,378.0,220.0,,-89,8343289
3.1526,2019-09-08 18:41:37.021934,414.0,228.0,182.0,414.0,212.0,174.0,380.0,220.0,,-89,8343029
3.1656,2019-09-08 18:41:37.040756,414.0,200.0,414.0,200.0,212.0,174.0,380.0,220.0,,-89,8343410
3.1844,2019-09-08 18:41:37.056554,414.0,412.0,200.0,228.0,212.0,220.0,212.0,380.0,,-89,8343347
3.2002,2019-09-08 18:41:37.078906,414.0,200.0,182.0,228.0,380.0,220.0,212.0,380.0,,-89,8342728
3.2225,2019-09-08 18:41:37.092471,414.0,200.0,414.0,200.0,220.0,212.0,176.0,380.0,,-89,8343534
3.2361,2019-09-08 18:41:37.120013,414.0,228.0,200.0,182.0,220.0,212.0,174.0,174.0,,-89,8343379
3.2635,2019-09-08 18:41:37.129250,414.0,228.0,200.0,182.0,218.0,212.0,174.0,380.0,,-89,8343372
3.2729,2019-09-08 18:41:37.146963,182.0,228.0,182.0,182.0,218.0,212.0,174.0,212.0,,-89,8343195
3.2906,2019-09-08 18:41:37.166866,228.0,200.0,182.0,200.0,174.0,212.0,174.0,212.0,,-89,8343579
3.3105,2019-09-08 18:41:37.186667,182.0,228.0,228.0,412.0,220.0,212.0,218.0,380.0,,-89,8342936
3.3303,2019-09-08 18:41:37.204594,414.0,200.0,414.0,228.0,220.0,212.0,174.0,380.0,,-89,8343458
3.3482,2019-09-08 18:41:37.224956,412.0,228.0,182.0,228.0,220.0,174.0,378.0,378.0,,-89,8343368
3.3687,2019-09-08 18:41:37.239732,412.0,228.0,200.0,182.0,212.0,174.0,174.0,220.0,,-89,8343728
3.3835,2019-09-08 18:41:37.261217,412.0,200.0,182.0,228.0,174.0,378.0,220.0,212.0,,-89,8343292
3.4052,2019-09-08 18:41:37.286328,412.0,182.0,182.0,200.0,212.0,174.0,378.0,174.0,,-89,8343067
3.4301,2019-09-08 18:41:37.298875,412.0,200.0,182.0,228.0,378.0,220.0,378.0,174.0,,-89,8343264
3.4427,2019-09-08 18:41:37.326959,412.0,200.0,182.0,228.0,376.0,220.0,212.0,174.0,,-89,8343458
3.4707,2019-09-08 18:41:37.337001,182.0,412.0,182.0,228.0,376.0,220.0,212.0,174.0,,-89,8343628
3.4813,2019-09-08 18:41:37.351177,412.0,200.0,182.0,412.0,376.0,220.0,214.0,174.0,,-89,8343140
3.4954,2019-09-08 18:41:37.370069,412.0,200.0,182.0,412.0,174.0,374.0,376.0,220.0,,-89,8343091
3.5143,2019-09-08 18:41:37.389403,228.0,200.0,226.0,200.0,214.0,220.0,214.0,174.0,,-89,8343178
3.5338,2019-09-08 18:41:37.409859,412.0,200.0,412.0,200.0,374.0,174.0,214.0,214.0,,-89,8343050
3.5541,2019-09-08 18:41:37.429045,182.0,228.0,200.0,228.0,174.0,374.0,220.0,374.0,,-89,8342932
3.5739,2019-09-08 18:41:37.441546,182.0,228.0,200.0,412.0,222.0,374.0,222.0,374.0,,-89,8342943
3.5857,2019-09-08 18:41:37.463002,412.0,412.0,412.0,182.0,220.0,214.0,174.0,214.0,,-89,8343835
3.6064,2019-09-08 18:41:37.478627,412.0,412.0,200.0,182.0,174.0,174.0,174.0,374.0,,-89,8343479
3.622,2019-09-08 18:41:37.496045,412.0,412.0,182.0,228.0,372.0,372.0,220.0,220.0,,-89,8343209
3.6394,2019-09-08 18:41:37.527940,412.0,200.0,182.0,228.0,174.0,372.0,222.0,214.0,,-89,8343998
3.6713,2019-09-08 18:41:37.536902,412.0,200.0,182.0,228.0,214.0,214.0,222.0,372.0,,-89,8343209
3.6804,2019-09-08 18:41:37.558797,412.0,200.0,182.0,228.0,176.0,372.0,222.0,214.0,,-89,8343237
3.7022,2019-09-08 18:41:37.569434,182.0,228.0,182.0,228.0,174.0,214.0,174.0,214.0,,-89,8343240
3.7129,2019-09-08 18:41:37.591289,200.0,200.0,182.0,410.0,222.0,222.0,174.0,372.0,,-89,8343507
3.7348,2019-09-08 18:41:37.606264,182.0,182.0,410.0,202.0,176.0,372.0,372.0,372.0,,-89,8343164
3.7497,2019-09-08 18:41:37.635385,412.0,182.0,228.0,412.0,222.0,214.0,176.0,372.0,,-89,8342904
3.7797,2019-09-08 18:41:37.646173,228.0,200.0,410.0,228.0,214.0,174.0,372.0,214.0,,-89,8343340
3.7896,2019-09-08 18:41:37.663053,410.0,182.0,228.0,410.0,222.0,372.0,222.0,214.0,,-89,8343302
3.8065,2019-09-08 18:41:37.679121,410.0,182.0,182.0,228.0,222.0,214.0,174.0,174.0,,-89,8343403
3.8231,2019-09-08 18:41:37.699304,230.0,200.0,408.0,228.0,174.0,214.0,214.0,214.0,,-89,8344430
3.8427,2019-09-08 18:41:37.724048,408.0,202.0,182.0,408.0,372.0,174.0,222.0,214.0,,-89,8343801
3.8675,2019-09-08 18:41:37.736953,408.0,200.0,408.0,202.0,174.0,214.0,174.0,372.0,,-89,8343178
3.8808,2019-09-08 18:41:37.752217,406.0,200.0,182.0,408.0,222.0,214.0,176.0,370.0,,-89,8343112
3.8956,2019-09-08 18:41:37.768843,406.0,202.0,406.0,230.0,222.0,216.0,176.0,370.0,,-89,8342821
3.9125,2019-09-08 18:41:37.788884,406.0,406.0,202.0,406.0,222.0,214.0,174.0,370.0,,-89,8342922
3.9327,2019-09-08 18:41:37.806653,406.0,406.0,406.0,202.0,222.0,216.0,176.0,368.0,,-89,8343379
3.9504,2019-09-08 18:41:37.829519,406.0,202.0,200.0,406.0,176.0,368.0,224.0,174.0,,-89,8343641
3.9729,2019-09-08 18:41:37.844653,230.0,230.0,406.0,406.0,368.0,224.0,216.0,174.0,,-89,8343212
3.9881,2019-09-08 18:41:37.860789,182.0,406.0,182.0,182.0,216.0,176.0,216.0,224.0,,-89,8343766
4.0043,2019-09-08 18:41:37.878610,406.0,202.0,182.0,182.0,216.0,176.0,366.0,224.0,,-89,8343174
4.0226,2019-09-08 18:41:37.896730,406.0,202.0,182.0,182.0,216.0,224.0,216.0,176.0,,-89,8343804
4.0401,2019-09-08 18:41:37.915336,202.0,182.0,182.0,406.0,366.0,224.0,174.0,174.0,,-89,8343721
4.0587,2019-09-08 18:41:37.939367,406.0,202.0,406.0,230.0,366.0,224.0,176.0,364.0,,-89,8343721
4.0831,2019-09-08 18:41:37.952458,202.0,202.0,406.0,202.0,224.0,216.0,224.0,218.0,,-89,8343655
4.0968,2019-09-08 18:41:37.970851,406.0,406.0,230.0,182.0,176.0,364.0,176.0,218.0,,-89,8343396
4.115,2019-09-08 18:41:38.009462,406.0,406.0,202.0,182.0,176.0,364.0,224.0,216.0,,-89,8343735
4.154,2019-09-08 18:41:38.017107,406.0,230.0,202.0,230.0,176.0,364.0,224.0,218.0,,-89,8343081
4.1613,2019-09-08 18:41:38.032564,406.0,202.0,182.0,230.0,176.0,364.0,224.0,218.0,,-89,8343029
4.1769,2019-09-08 18:41:38.049352,406.0,406.0,182.0,230.0,174.0,364.0,224.0,218.0,,-89,8343209
4.1932,2019-09-08 18:41:38.070183,406.0,202.0,406.0,230.0,176.0,364.0,224.0,218.0,,-89,8343801
4.2144,2019-09-08 18:41:38.092687,406.0,182.0,230.0,230.0,224.0,364.0,174.0,218.0,,-89,8343244
4.2364,2019-09-08 18:41:38.118084,202.0,200.0,406.0,406.0,224.0,176.0,364.0,224.0,,-89,8343012
4.2622,2019-09-08 18:41:38.137215,404.0,202.0,202.0,406.0,224.0,218.0,176.0,362.0,,-89,8343178
4.2809,2019-09-08 18:41:38.153563,406.0,182.0,230.0,230.0,224.0,218.0,176.0,224.0,,-89,8342548
4.2977,2019-09-08 18:41:38.163996,406.0,202.0,182.0,230.0,218.0,218.0,364.0,218.0,,-89,8342984
4.3077,2019-09-08 18:41:38.183345,406.0,202.0,406.0,202.0,224.0,364.0,224.0,218.0,,-89,8343088
4.3267,2019-09-08 18:41:38.197725,182.0,230.0,182.0,230.0,364.0,174.0,364.0,224.0,,-89,8343185
4.3412,2019-09-08 18:41:38.213757,182.0,202.0,182.0,230.0,362.0,176.0,364.0,224.0,,-89,8343676
4.3572,2019-09-08 18:41:38.239907,202.0,182.0,202.0,406.0,218.0,224.0,364.0,224.0,,-89,8343690
4.3834,2019-09-08 18:41:38.248987,404.0,202.0,182.0,182.0,362.0,224.0,218.0,176.0,,-89,8343638
4.3924,2019-09-08 18:41:38.267666,230.0,202.0,202.0,230.0,224.0,176.0,364.0,362.0,,-89,8343375
4.4112,2019-09-08 18:41:38.287790,404.0,202.0,182.0,230.0,362.0,224.0,218.0,176.0,,-89,8342991
4.4313,2019-09-08 18:41:38.307308,230.0,182.0,202.0,182.0,362.0,224.0,218.0,176.0,,-89,8343704
4.4507,2019-09-08 18:41:38.324245,182.0,404.0,184.0,182.0,362.0,362.0,226.0,218.0,,-89,8343731
4.4677,2019-09-08 18:41:38.346968,202.0,202.0,202.0,182.0,362.0,224.0,218.0,224.0,,-89,8342963
4.4906,2019-09-08 18:41:38.359730,202.0,404.0,182.0,230.0,218.0,224.0,218.0,176.0,,-89,8342686
4.5032,2019-09-08 18:41:38.377359,202.0,202.0,230.0,202.0,218.0,176.0,226.0,218.0,,-89,8343662
4.5208,2019-09-08 18:41:38.405397,230.0,202.0,182.0,230.0,174.0,360.0,226.0,218.0,,-89,8343150
4.5488,2019-09-08 18:41:38.417937,404.0,202.0,182.0,230.0,360.0,360.0,176.0,360.0,,-89,8342659
4.5613,2019-09-08 18:41:38.443181,404.0,202.0,230.0,404.0,360.0,226.0,176.0,176.0,,-89,8343379
4.5866,2019-09-08 18:41:38.455212,404.0,404.0,230.0,182.0,224.0,218.0,176.0,176.0,,-89,8343212
4.5988,2019-09-08 18:41:38.472788,404.0,202.0,182.0,230.0,224.0,218.0,174.0,362.0,,-89,8343697
4.6164,2019-09-08 18:41:38.490160,404.0,404.0,182.0,230.0,364.0,218.0,176.0,364.0,,-89,8342773
4.6337,2019-09-08 18:41:38.512837,404.0,202.0,182.0,230.0,218.0,176.0,218.0,176.0,,-89,8343250
4.6563,2019-09-08 18:41:38.531733,230.0,404.0,202.0,182.0,364.0,224.0,218.0,364.0,,-89,8343898
4.6752,2019-09-08 18:41:38.556865,404.0,200.0,404.0,202.0,218.0,218.0,364.0,224.0,,-89,8343759
4.7003,2019-09-08 18:41:38.568475,404.0,404.0,404.0,182.0,218.0,218.0,176.0,362.0,,-89,8343628
4.7119,2019-09-08 18:41:38.581428,404.0,230.0,182.0,404.0,224.0,218.0,174.0,362.0,,-89,8343133
4.7248,2019-09-08 18:41:38.599873,404.0,202.0,182.0,230.0,224.0,218.0,224.0,362.0,,-89,8342725
4.7433,2019-09-08 18:41:38.621238,230.0,404.0,202.0,202.0,224.0,176.0,176.0,224.0,,-89,8343192
4.765,2019-09-08 18:41:38.644784,404.0,402.0,202.0,182.0,218.0,174.0,362.0,226.0,,-89,8342853
4.7882,2019-09-08 18:41:38.658096,402.0,202.0,202.0,182.0,218.0,176.0,362.0,226.0,,-89,8343486
4.8018,2019-09-08 18:41:38.670106,402.0,402.0,202.0,182.0,176.0,226.0,218.0,176.0,,-89,8343271
4.8146,2019-09-08 18:41:38.688203,230.0,202.0,182.0,230.0,218.0,176.0,220.0,176.0,,-89,8343382
4.8325,2019-09-08 18:41:38.712267,202.0,402.0,202.0,202.0,218.0,176.0,362.0,226.0,,-89,8343219
4.8563,2019-09-08 18:41:38.725819,402.0,402.0,202.0,182.0,218.0,176.0,362.0,226.0,,-89,8343347
4.8697,2019-09-08 18:41:38.749050,402.0,202.0,402.0,202.0,218.0,176.0,362.0,224.0,,-89,8344174
4.8929,2019-09-08 18:41:38.763938,202.0,182.0,402.0,232.0,218.0,226.0,218.0,362.0,,-89,8344382
4.9077,2019-09-08 18:41:38.780035,230.0,202.0,182.0,230.0,224.0,360.0,176.0,360.0,,-89,8343929
4.9242,2019-09-08 18:41:38.798038,230.0,202.0,202.0,400.0,226.0,360.0,176.0,360.0,,-89,8343645
4.9423,2019-09-08 18:41:38.819994,182.0,400.0,230.0,400.0,176.0,360.0,226.0,220.0,,-89,8342929
4.9646,2019-09-08 18:41:38.838685,182.0,202.0,182.0,230.0,176.0,360.0,226.0,220.0,,-89,8342856
4.9831,2019-09-08 18:41:38.866937,400.0,202.0,182.0,182.0,360.0,226.0,220.0,176.0,,-89,8343219
5.0114,2019-09-08 18:41:38.885919,400.0,400.0,202.0,182.0,360.0,226.0,220.0,176.0,,-89,8343780
5.03,2019-09-08 18:41:38.896577,398.0,202.0,182.0,232.0,360.0,226.0,220.0,226.0,,-89,8343423
5.0402,2019-09-08 18:41:38.914076,400.0,202.0,182.0,232.0,358.0,220.0,176.0,176.0,,-89,8343925
5.0584,2019-09-08 18:41:38.929794,202.0,182.0,232.0,232.0,220.0,176.0,220.0,176.0,,-89,8343832
5.0742,2019-09-08 18:41:38.953833,202.0,202.0,398.0,232.0,358.0,226.0,220.0,358.0,,-89,8343385
5.0979,2019-09-08 18:41:38.970672,202.0,182.0,398.0,398.0,226.0,176.0,174.0,358.0,,-89,8343008
5.1144,2019-09-08 18:41:38.986631,182.0,230.0,398.0,202.0,226.0,220.0,176.0,360.0,,-89,8342662
5.1303,2019-09-08 18:41:39.003335,398.0,202.0,182.0,398.0,226.0,220.0,226.0,358.0,,-89,8343309
5.1471,2019-09-08 18:41:39.021300,232.0,232.0,182.0,398.0,226.0,220.0,176.0,358.0,,-89,8343956
5.1655,2019-09-08 18:41:39.040407,182.0,398.0,202.0,398.0,226.0,220.0,176.0,358.0,,-89,8342662
5.1847,2019-09-08 18:41:39.061619,232.0,202.0,182.0,182.0,218.0,176.0,226.0,218.0,,-89,8343264
5.2059,2019-09-08 18:41:39.075222,398.0,202.0,182.0,202.0,176.0,176.0,226.0,220.0,,-89,8343541
5.2194,2019-09-08 18:41:39.091846,232.0,232.0,182.0,398.0,360.0,174.0,226.0,176.0,,-89,8343323
5.236,2019-09-08 18:41:39.111421,232.0,202.0,202.0,184.0,220.0,176.0,226.0,218.0,,-89,8344043
5.2555,2019-09-08 18:41:39.130682,232.0,398.0,202.0,204.0,226.0,226.0,360.0,226.0,,-89,8342866
5.2745,2019-09-08 18:41:39.156958,398.0,202.0,398.0,202.0,226.0,362.0,226.0,218.0,,-89,8343569
5.3006,2019-09-08 18:41:39.171031,232.0,202.0,182.0,232.0,362.0,224.0,218.0,176.0,,-89,8343735
5.3147,2019-09-08 18:41:39.189417,182.0,232.0,182.0,232.0,362.0,174.0,364.0,362.0,,-89,8343174
5.333,2019-09-08 18:41:39.203646,232.0,202.0,400.0,182.0,362.0,224.0,218.0,176.0,,-89,8343330
5.3473,2019-09-08 18:41:39.222012,400.0,202.0,202.0,182.0,362.0,224.0,218.0,174.0,,-89,8342704
5.3657,2019-09-08 18:41:39.237996,400.0,204.0,182.0,182.0,362.0,224.0,218.0,362.0,,-89,8343451
5.3821,2019-09-08 18:41:39.260132,400.0,204.0,182.0,400.0,176.0,362.0,224.0,218.0,,-89,8343458
5.4044,2019-09-08 18:41:39.274056,400.0,400.0,202.0,400.0,176.0,362.0,224.0,218.0,,-89,8343600
5.4186,2019-09-08 18:41:39.289485,400.0,400.0,202.0,184.0,176.0,362.0,174.0,218.0,,-89,8342842
5.4337,2019-09-08 18:41:39.310614,232.0,400.0,182.0,232.0,174.0,362.0,224.0,218.0,,-89,8342849
5.4548,2019-09-08 18:41:39.326600,182.0,400.0,202.0,400.0,176.0,362.0,176.0,362.0,,-89,8343230
5.4707,2019-09-08 18:41:39.346187,400.0,230.0,202.0,202.0,176.0,216.0,226.0,218.0,,-89,8343572
5.4905,2019-09-08 18:41:39.364187,400.0,400.0,182.0,400.0,218.0,364.0,364.0,224.0,,-89,8343185
5.508,2019-09-08 18:41:39.377290,182.0,230.0,400.0,184.0,224.0,218.0,174.0,366.0,,-89,8343458
5.5209,2019-09-08 18:41:39.396141,230.0,230.0,202.0,182.0,364.0,224.0,216.0,174.0,,-89,8343901
5.5403,2019-09-08 18:41:39.417801,230.0,400.0,400.0,202.0,174.0,366.0,216.0,176.0,,-89,8343282
5.5611,2019-09-08 18:41:39.434670,230.0,400.0,400.0,402.0,366.0,176.0,216.0,174.0,,-89,8343586
5.5781,2019-09-08 18:41:39.450920,182.0,202.0,402.0,230.0,216.0,368.0,224.0,216.0,,-89,8343641
5.5943,2019-09-08 18:41:39.466465,230.0,202.0,182.0,230.0,216.0,176.0,368.0,222.0,,-89,8343455
5.6099,2019-09-08 18:41:39.482624,182.0,202.0,182.0,230.0,216.0,216.0,174.0,216.0,,-89,8343347
5.626,2019-09-08 18:41:39.501781,182.0,202.0,182.0,202.0,222.0,216.0,216.0,174.0,,-89,8343226
5.6459,2019-09-08 18:41:39.521348,402.0,202.0,202.0,182.0,174.0,370.0,222.0,222.0,,-89,8342365
5.6648,2019-09-08 18:41:39.538860,202.0,202.0,182.0,402.0,370.0,222.0,370.0,222.0,,-89,8344091
5.6823,2019-09-08 18:41:39.561510,402.0,202.0,230.0,200.0,222.0,216.0,174.0,370.0,,-89,8342925
5.7049,2019-09-08 18:41:39.584177,182.0,230.0,230.0,400.0,370.0,222.0,216.0,176.0,,-89,8343420
5.7276,2019-09-08 18:41:39.598955,402.0,202.0,402.0,202.0,370.0,222.0,216.0,176.0,,-89,8343939
5.7431,2019-09-08 18:41:39.617280,402.0,202.0,182.0,230.0,370.0,222.0,216.0,176.0,,-89,8343579
5.7607,2019-09-08 18:41:39.635740,182.0,230.0,402.0,230.0,370.0,222.0,216.0,176.0,,-89,8343001
5.7794,2019-09-08 18:41:39.652386,402.0,202.0,182.0,202.0,176.0,222.0,216.0,174.0,,-89,8343050
5.7958,2019-09-08 18:41:39.671863,404.0,404.0,182.0,202.0,222.0,222.0,216.0,174.0,,-89,8343558
5.8152,2019-09-08 18:41:39.685943,182.0,230.0,182.0,404.0,370.0,222.0,214.0,370.0,,-89,8343285
5.8293,2019-09-08 18:41:39.703266,202.0,182.0,182.0,230.0,174.0,222.0,214.0,214.0,,-89,8343898
5.8472,2019-09-08 18:41:39.722174,230.0,202.0,230.0,202.0,372.0,222.0,222.0,214.0,,-89,8343500
5.8662,2019-09-08 18:41:39.741843,402.0,182.0,404.0,230.0,214.0,214.0,372.0,374.0,,-89,8343119
5.8853,2019-09-08 18:41:39.766199,402.0,402.0,230.0,200.0,374.0,216.0,214.0,174.0,,-89,8343925
5.9096,2019-09-08 18:41:39.785691,402.0,202.0,182.0,230.0,174.0,174.0,374.0,214.0,,-89,8343444
5.9291,2019-09-08 18:41:39.797118,182.0,228.0,182.0,230.0,214.0,174.0,174.0,374.0,,-89,8343071
5.9409,2019-09-08 18:41:39.816538,182.0,202.0,402.0,202.0,220.0,214.0,174.0,376.0,,-89,8342555
5.96,2019-09-08 18:41:39.836645,402.0,404.0,182.0,184.0,376.0,214.0,220.0,174.0,,-89,8343334
5.9801,2019-09-08 18:41:39.855353,404.0,200.0,182.0,230.0,378.0,378.0,220.0,212.0,,-89,8343261
5.9988,2019-09-08 18:41:39.881597,202.0,404.0,202.0,182.0,174.0,378.0,174.0,220.0,,-89,8343337
6.025,2019-09-08 18:41:39.894897,228.0,230.0,182.0,230.0,214.0,174.0,378.0,218.0,,-89,8343320
6.0383,2019-09-08 18:41:39.913346,230.0,230.0,404.0,228.0,380.0,218.0,212.0,174.0,,-89,8343659
6.0568,2019-09-08 18:41:39.929545,182.0,230.0,230.0,230.0,380.0,220.0,212.0,174.0,,-89,8343468
6.0729,2019-09-08 18:41:39.948948,228.0,200.0,182.0,230.0,174.0,384.0,218.0,212.0,,-89,8343226
6.0928,2019-09-08 18:41:39.965571,404.0,230.0,182.0,404.0,174.0,386.0,218.0,212.0,,-89,8343330
6.11,2019-09-08 18:41:39.993949,202.0,202.0,404.0,182.0,174.0,384.0,216.0,210.0,,-89,8343368
6.1384,2019-09-08 18:41:40.004761,404.0,228.0,182.0,182.0,212.0,174.0,174.0,384.0,,-89,8342863
6.149,2019-09-08 18:41:40.022524,404.0,404.0,182.0,404.0,216.0,210.0,384.0,384.0,,-89,8343202
6.1667,2019-09-08 18:41:40.039496,404.0,230.0,182.0,200.0,210.0,216.0,210.0,384.0,,-89,8342659
6.1838,2019-09-08 18:41:40.062012,228.0,182.0,230.0,404.0,216.0,210.0,174.0,382.0,,-89,8343673
6.2064,2019-09-08 18:41:40.083863,182.0,228.0,182.0,404.0,384.0,214.0,216.0,210.0,,-89,8344309
6.2272,2019-09-08 18:41:40.097307,202.0,182.0,404.0,230.0,174.0,384.0,382.0,382.0,,-89,8343340
6.2411,2019-09-08 18:41:40.117450,182.0,230.0,182.0,202.0,214.0,210.0,214.0,210.0,,-89,8343161
6.2609,2019-09-08 18:41:40.132216,182.0,228.0,182.0,404.0,174.0,384.0,174.0,214.0,,-89,8343067
6.2757,2019-09-08 18:41:40.153240,182.0,230.0,202.0,406.0,208.0,174.0,382.0,212.0,,-89,8343711
6.2971,2019-09-08 18:41:40.169023,230.0,202.0,406.0,230.0,384.0,212.0,208.0,174.0,,-89,8342808
6.3127,2019-09-08 18:41:40.195210,230.0,202.0,182.0,182.0,384.0,212.0,206.0,384.0,,-88,8343662
6.3394,2019-09-08 18:41:40.208403,404.0,406.0,202.0,230.0,212.0,206.0,206.0,386.0,,-88,8342859
6.3525,2019-09-08 18:41:40.226810,230.0,182.0,230.0,202.0,174.0,386.0,206.0,206.0,,-88,8343821
6.3705,2019-09-08 18:41:40.246718,404.0,202.0,182.0,202.0,174.0,210.0,206.0,386.0,,-88,8343043
6.3904,2019-09-08 18:41:40.260475,404.0,202.0,182.0,202.0,386.0,174.0,210.0,206.0,,-88,8342887
6.4042,2019-09-08 18:41:40.285658,202.0,404.0,202.0,182.0,174.0,174.0,388.0,210.0,,-88,8343299
6.4293,2019-09-08 18:41:40.301422,404.0,202.0,182.0,230.0,206.0,174.0,204.0,388.0,,-88,8343500
6.445,2019-09-08 18:41:40.313507,404.0,202.0,182.0,404.0,388.0,390.0,204.0,204.0,,-88,8343282
6.4572,2019-09-08 18:41:40.332587,184.0,230.0,406.0,230.0,174.0,210.0,210.0,204.0,,-88,8342534
6.4762,2019-09-08 18:41:40.353289,228.0,200.0,228.0,404.0,210.0,204.0,174.0,388.0,,-88,8342981
6.4966,2019-09-08 18:41:40.372334,230.0,200.0,182.0,230.0,210.0,388.0,204.0,388.0,,-88,8343441
6.516,2019-09-08 18:41:40.388477,404.0,202.0,182.0,230.0,388.0,208.0,204.0,174.0,,-88,8343562
6.5321,2019-09-08 18:41:40.407008,230.0,182.0,182.0,230.0,386.0,208.0,386.0,204.0,,-88,8343465
6.5508,2019-09-08 18:41:40.427246,406.0,182.0,230.0,406.0,172.0,174.0,386.0,208.0,,-88,8343147
6.5711,2019-09-08 18:41:40.451814,408.0,202.0,182.0,228.0,210.0,172.0,382.0,210.0,,-88,8343538
6.5955,2019-09-08 18:41:40.468424,408.0,408.0,182.0,182.0,210.0,206.0,174.0,210.0,,-88,8343593
6.6121,2019-09-08 18:41:40.502076,408.0,202.0,182.0,228.0,174.0,212.0,210.0,212.0,,-88,8343109
6.6457,2019-09-08 18:41:40.514124,182.0,228.0,182.0,230.0,206.0,372.0,212.0,212.0,,-88,8343185
6.6578,2019-09-08 18:41:40.531309,230.0,200.0,182.0,228.0,212.0,206.0,174.0,212.0,,-88,8343472
6.6753,2019-09-08 18:41:40.550887,408.0,200.0,182.0,230.0,212.0,208.0,212.0,208.0,,-88,8343856
6.6945,2019-09-08 18:41:40.569299,200.0,202.0,406.0,200.0,366.0,212.0,174.0,364.0,,-88,8343247
6.7129,2019-09-08 18:41:40.589776,406.0,228.0,406.0,406.0,208.0,174.0,362.0,214.0,,-88,8343161
6.7335,2019-09-08 18:41:40.607663,182.0,228.0,404.0,404.0,174.0,214.0,210.0,210.0,,-88,8343053
6.7513,2019-09-08 18:41:40.618647,200.0,200.0,200.0,202.0,174.0,210.0,214.0,210.0,,-88,8343804
6.7623,2019-09-08 18:41:40.636044,182.0,404.0,200.0,182.0,214.0,210.0,174.0,356.0,,-88,8343122
6.7797,2019-09-08 18:41:40.653964,404.0,200.0,404.0,404.0,214.0,216.0,354.0,216.0,,-88,8343593
6.7976,2019-09-08 18:41:40.670501,404.0,200.0,200.0,404.0,352.0,216.0,216.0,214.0,,-88,8343306
6.8142,2019-09-08 18:41:40.696156,406.0,200.0,406.0,226.0,174.0,352.0,216.0,214.0,,-87,8343721
6.8398,2019-09-08 18:41:40.712562,406.0,200.0,182.0,226.0,214.0,174.0,350.0,216.0,,-87,8342918
6.8562,2019-09-08 18:41:40.724753,406.0,182.0,226.0,226.0,216.0,214.0,174.0,218.0,,-87,8343510
6.8684,2019-09-08 18:41:40.743414,182.0,226.0,226.0,226.0,174.0,216.0,352.0,218.0,,-87,8343707
6.887,2019-09-08 18:41:40.760703,198.0,200.0,182.0,224.0,174.0,218.0,216.0,350.0,,-87,8343818
6.9043,2019-09-08 18:41:40.777391,198.0,182.0,406.0,224.0,220.0,220.0,348.0,174.0,,-87,8342562
6.921,2019-09-08 18:41:40.799109,198.0,408.0,224.0,182.0,220.0,176.0,346.0,224.0,,-87,8343119
6.9428,2019-09-08 18:41:40.818899,198.0,224.0,410.0,198.0,342.0,224.0,224.0,176.0,,-87,8343541
6.9625,2019-09-08 18:41:40.837485,412.0,198.0,182.0,182.0,340.0,226.0,338.0,176.0,,-87,8342756
6.9811,2019-09-08 18:41:40.859060,416.0,416.0,224.0,182.0,336.0,232.0,234.0,176.0,,-87,8343859
7.0027,2019-09-08 18:41:40.877033,418.0,198.0,418.0,198.0,336.0,234.0,176.0,336.0,,-87,8343711
7.0207,2019-09-08 18:41:40.898998,420.0,224.0,182.0,420.0,176.0,338.0,236.0,238.0,,-87,8342752
7.0428,2019-09-08 18:41:40.914215,182.0,198.0,422.0,200.0,176.0,340.0,236.0,242.0,,-87,8342479
7.0579,2019-09-08 18:41:40.929399,224.0,200.0,224.0,224.0,238.0,242.0,176.0,242.0,,-87,8343662
7.0735,2019-09-08 18:41:40.951541,426.0,200.0,224.0,200.0,176.0,348.0,176.0,350.0,,-87,8343340
7.0953,2019-09-08 18:41:40.971469,182.0,200.0,200.0,200.0,242.0,354.0,176.0,358.0,,-86,8343195
7.1154,2019-09-08 18:41:40.989195,430.0,430.0,182.0,224.0,242.0,246.0,176.0,366.0,,-86,8342894
7.1328,2019-09-08 18:41:41.109250,182.0,226.0,182.0,472.0,250.0,176.0,418.0,244.0,,-85,8343157
7.2529,2019-09-08 18:41:41.115849,226.0,488.0,196.0,196.0,252.0,176.0,424.0,244.0,,-85,8342638
7.2595,2019-09-08 18:41:41.122348,500.0,196.0,182.0,504.0,244.0,254.0,256.0,256.0,,-85,8343219
7.266,2019-09-08 18:41:41.136796,226.0,196.0,182.0,182.0,176.0,434.0,262.0,176.0,,-85,8343313
7.2804,2019-09-08 18:41:41.154464,524.0,228.0,182.0,528.0,176.0,438.0,268.0,270.0,,-85,8343098
7.2983,2019-09-08 18:41:41.184978,532.0,196.0,182.0,194.0,444.0,446.0,250.0,278.0,,-84,8343423
7.3286,2019-09-08 18:41:41.191688,534.0,534.0,182.0,196.0,178.0,252.0,252.0,284.0,,-84,8343721
7.3353,2019-09-08 18:41:41.215863,530.0,196.0,182.0,196.0,250.0,290.0,178.0,452.0,,-84,8344036
7.3595,2019-09-08 18:41:41.226975,196.0,196.0,520.0,228.0,294.0,296.0,452.0,450.0,,-84,8342877
7.3707,2019-09-08 18:41:41.243673,198.0,198.0,182.0,506.0,252.0,302.0,450.0,252.0,,-84,8343441
7.3873,2019-09-08 18:41:41.262624,226.0,182.0,182.0,226.0,448.0,308.0,310.0,444.0,,-84,8342987
7.4065,2019-09-08 18:41:41.282031,198.0,182.0,224.0,456.0,178.0,252.0,252.0,178.0,,-84,8343666
7.4257,2019-09-08 18:41:41.309045,182.0,222.0,182.0,220.0,436.0,318.0,320.0,430.0,,-84,8343783
7.4528,2019-09-08 18:41:41.324242,398.0,194.0,194.0,182.0,420.0,258.0,334.0,180.0,,-84,8343645
7.4679,2019-09-08 18:41:41.341011,366.0,364.0,362.0,214.0,340.0,180.0,260.0,262.0,,-84,8343136
7.4848,2019-09-08 18:41:41.358923,182.0,214.0,180.0,212.0,350.0,182.0,182.0,384.0,,-84,8343825
7.5025,2019-09-08 18:41:41.379405,212.0,326.0,192.0,212.0,264.0,364.0,182.0,370.0,,-84,8343607
7.523,2019-09-08 18:41:41.399088,212.0,190.0,180.0,212.0,364.0,270.0,270.0,184.0,,-84,8343628
7.5427,2019-09-08 18:41:41.452501,302.0,190.0,300.0,190.0,416.0,190.0,284.0,286.0,,-84,8344434
7.5961,2019-09-08 18:41:41.463565,190.0,190.0,288.0,190.0,432.0,194.0,278.0,292.0,,-84,8344361
7.6072,2019-09-08 18:41:41.478938,208.0,188.0,180.0,206.0,446.0,198.0,260.0,298.0,,-84,8343936
7.6227,2019-09-08 18:41:41.496362,180.0,206.0,180.0,206.0,252.0,202.0,302.0,470.0,,-84,8345309
7.64,2019-09-08 18:41:41.523926,180.0,180.0,180.0,204.0,204.0,476.0,478.0,208.0,,-85,8343655
7.6676,2019-09-08 18:41:41.533538,204.0,204.0,254.0,180.0,224.0,310.0,488.0,212.0,,-85,8343936
7.6772,2019-09-08 18:41:41.549925,248.0,188.0,246.0,188.0,214.0,312.0,314.0,496.0,,-85,8344527
7.6937,2019-09-08 18:41:41.569903,204.0,188.0,180.0,188.0,216.0,204.0,314.0,500.0,,-85,8343821
7.7138,2019-09-08 18:41:41.586793,204.0,188.0,236.0,188.0,500.0,220.0,200.0,310.0,,-85,8344811
7.7304,2019-09-08 18:41:41.604276,204.0,188.0,180.0,234.0,500.0,306.0,196.0,302.0,,-85,8344455
7.7479,2019-09-08 18:41:41.630448,204.0,234.0,188.0,180.0,494.0,226.0,190.0,292.0,,-84,8345583
7.7743,2019-09-08 18:41:41.640082,234.0,188.0,234.0,180.0,188.0,480.0,228.0,230.0,,-84,8345562
7.7838,2019-09-08 18:41:41.655222,236.0,188.0,180.0,204.0,186.0,274.0,450.0,184.0,,-84,8346894
7.7988,2019-09-08 18:41:41.676338,242.0,242.0,188.0,244.0,184.0,232.0,258.0,416.0,,-82,8347033
7.82,2019-09-08 18:41:41.692640,252.0,188.0,180.0,206.0,234.0,182.0,182.0,242.0,,-80,8347628
7.8363,2019-09-08 18:41:41.735584,206.0,188.0,206.0,268.0,236.0,368.0,236.0,180.0,,-77,8349929
7.8792,2019-09-08 18:41:41.742135,280.0,208.0,284.0,208.0,180.0,218.0,302.0,296.0,,-75,8350289
7.8858,2019-09-08 18:41:41.756521,304.0,190.0,190.0,210.0,286.0,180.0,276.0,208.0,,-74,8351642
7.9001,2019-09-08 18:41:41.779011,348.0,188.0,180.0,364.0,230.0,178.0,178.0,246.0,,-71,8353392
7.9226,2019-09-08 18:41:41.792290,406.0,190.0,190.0,222.0,222.0,178.0,200.0,230.0,,-69,8355399
7.9359,2019-09-08 18:41:41.821315,226.0,506.0,182.0,182.0,212.0,198.0,218.0,204.0,,-63,8358860
7.9651,2019-09-08 18:41:41.835415,182.0,230.0,192.0,182.0,178.0,178.0,196.0,206.0,,-60,8363078
7.979,2019-09-08 18:41:41.845967,234.0,656.0,182.0,234.0,190.0,178.0,190.0,180.0,,-58,8365856
7.9896,2019-09-08 18:41:41.862928,678.0,680.0,182.0,236.0,188.0,196.0,182.0,180.0,,-55,8371580
8.0066,2019-09-08 18:41:41.890147,678.0,676.0,182.0,238.0,180.0,184.0,192.0,174.0,,-44,8384251
8.034,2019-09-08 18:41:41.901454,664.0,196.0,196.0,240.0,178.0,174.0,180.0,182.0,,-40,8384881
8.0451,2019-09-08 18:41:41.916785,648.0,198.0,182.0,242.0,180.0,188.0,172.0,180.0,,-37,8394445
8.0604,2019-09-08 18:41:41.935410,630.0,200.0,182.0,242.0,180.0,180.0,186.0,180.0,,-35,8401756
8.079,2019-09-08 18:41:41.956828,596.0,182.0,242.0,240.0,180.0,186.0,186.0,172.0,,-34,8407898
8.1004,2019-09-08 18:41:41.969419,546.0,182.0,240.0,240.0,180.0,186.0,180.0,186.0,,-33,8408026
8.113,2019-09-08 18:41:41.985999,476.0,204.0,454.0,204.0,180.0,186.0,172.0,180.0,,-33,8410300
8.1296,2019-09-08 18:41:42.014283,366.0,202.0,182.0,202.0,186.0,186.0,180.0,180.0,,-33,8414027
8.1579,2019-09-08 18:41:42.037767,274.0,200.0,228.0,256.0,186.0,186.0,180.0,178.0,,-33,8410559
8.1814,2019-09-08 18:41:42.044323,182.0,198.0,182.0,216.0,186.0,172.0,180.0,172.0,,-34,8410559
8.1879,2019-09-08 18:41:42.057458,228.0,214.0,226.0,228.0,172.0,180.0,180.0,178.0,,-34,8406026
8.2011,2019-09-08 18:41:42.097453,226.0,190.0,182.0,224.0,172.0,180.0,178.0,186.0,,-35,8382137
8.2411,2019-09-08 18:41:42.103997,224.0,188.0,206.0,206.0,172.0,180.0,178.0,186.0,,-36,8377133
8.2478,2019-09-08 18:41:42.113809,188.0,222.0,222.0,222.0,172.0,180.0,180.0,180.0,,-36,8366697
8.2576,2019-09-08 18:41:42.129589,220.0,188.0,180.0,204.0,180.0,188.0,172.0,180.0,,-37,8357621
8.2735,2019-09-08 18:41:42.147405,204.0,204.0,220.0,204.0,180.0,180.0,180.0,174.0,,-38,8348821
8.2912,2019-09-08 18:41:42.167879,218.0,180.0,204.0,180.0,180.0,180.0,188.0,180.0,,-40,8342804
8.3115,2019-09-08 18:41:42.185245,218.0,180.0,188.0,180.0,182.0,180.0,188.0,190.0,,-40,8342091
8.3288,2019-09-08 18:41:42.204455,188.0,180.0,202.0,180.0,180.0,180.0,188.0,184.0,,-40,8341828
8.3482,2019-09-08 18:41:42.219133,202.0,188.0,218.0,202.0,182.0,182.0,190.0,178.0,,-41,8341804
8.3629,2019-09-08 18:41:42.247468,218.0,202.0,188.0,218.0,184.0,192.0,202.0,180.0,,-44,8342032
8.3914,2019-09-08 18:41:42.263943,202.0,216.0,190.0,180.0,184.0,194.0,208.0,180.0,,-44,8341635
8.4077,2019-09-08 18:41:42.281110,216.0,188.0,180.0,202.0,212.0,186.0,196.0,196.0,,-47,8339683
8.4247,2019-09-08 18:41:42.297489,216.0,188.0,180.0,188.0,188.0,198.0,228.0,178.0,,-48,8342648
8.4411,2019-09-08 18:41:42.315405,218.0,190.0,180.0,216.0,200.0,234.0,180.0,190.0,,-49,8341309
8.459,2019-09-08 18:41:42.341609,216.0,188.0,180.0,202.0,178.0,192.0,200.0,246.0,,-51,8341974
8.4853,2019-09-08 18:41:42.371412,202.0,188.0,180.0,214.0,196.0,206.0,266.0,178.0,,-52,8342531
8.5151,2019-09-08 18:41:42.386001,214.0,188.0,202.0,214.0,270.0,272.0,198.0,198.0,,-52,8341482
8.5296,2019-09-08 18:41:42.402933,188.0,214.0,188.0,180.0,198.0,208.0,178.0,178.0,,-52,8341565
8.5466,2019-09-08 18:41:42.417710,188.0,180.0,214.0,190.0,280.0,178.0,200.0,200.0,,-53,8341195
8.5613,2019-09-08 18:41:42.435982,214.0,214.0,188.0,202.0,282.0,208.0,200.0,208.0,,-53,8341154
8.5796,2019-09-08 18:41:42.452691,214.0,188.0,180.0,202.0,200.0,208.0,286.0,178.0,,-53,8341510
8.5963,2019-09-08 18:41:42.471389,202.0,214.0,188.0,202.0,288.0,288.0,178.0,200.0,,-53,8342233
8.615,2019-09-08 18:41:42.497011,202.0,188.0,180.0,202.0,208.0,200.0,208.0,288.0,,-53,8341555
8.6407,2019-09-08 18:41:42.508429,202.0,180.0,202.0,190.0,178.0,200.0,200.0,208.0,,-54,8342361
8.6521,2019-09-08 18:41:42.539810,180.0,188.0,336.0,180.0,178.0,178.0,200.0,208.0,,-54,8342579
8.6837,2019-09-08 18:41:42.551925,216.0,192.0,182.0,498.0,178.0,200.0,208.0,208.0,,-54,8342247
8.6956,2019-09-08 18:41:42.563256,552.0,220.0,182.0,184.0,290.0,206.0,290.0,178.0,,-54,8341638
8.7069,2019-09-08 18:41:42.580378,552.0,194.0,194.0,552.0,288.0,178.0,288.0,178.0,,-54,8342531
8.7241,2019-09-08 18:41:42.602930,228.0,198.0,186.0,198.0,198.0,178.0,284.0,178.0,,-53,8341904
8.7463,2019-09-08 18:41:42.619779,234.0,186.0,234.0,186.0,282.0,196.0,202.0,278.0,,-53,8341064
8.7635,2019-09-08 18:41:42.639168,574.0,238.0,188.0,238.0,178.0,196.0,274.0,178.0,,-53,8341936
8.7828,2019-09-08 18:41:42.656379,572.0,206.0,188.0,240.0,178.0,272.0,178.0,194.0,,-52,8341541
8.8,2019-09-08 18:41:42.673480,570.0,208.0,188.0,244.0,178.0,200.0,264.0,178.0,,-52,8342053
8.8171,2019-09-08 18:41:42.690811,566.0,208.0,564.0,210.0,260.0,178.0,194.0,178.0,,-51,8341866
8.8346,2019-09-08 18:41:42.714752,558.0,556.0,210.0,190.0,192.0,178.0,190.0,178.0,,-50,8342742
8.8581,2019-09-08 18:41:42.753130,210.0,550.0,210.0,190.0,190.0,194.0,190.0,178.0,,-47,8341797
8.8968,2019-09-08 18:41:42.811442,192.0,194.0,194.0,514.0,190.0,180.0,182.0,182.0,,-38,8342631
8.9551,2019-09-08 18:41:42.826048,196.0,504.0,196.0,272.0,178.0,182.0,188.0,188.0,,-36,8342313
8.9697,2019-09-08 18:41:42.861853,196.0,490.0,226.0,198.0,180.0,180.0,186.0,174.0,,-34,8341856
9.0055,2019-09-08 18:41:42.880330,482.0,226.0,478.0,226.0,180.0,186.0,174.0,178.0,,-33,8342084
9.0241,2019-09-08 18:41:42.911961,276.0,466.0,276.0,224.0,172.0,178.0,178.0,172.0,,-32,8341697
9.0556,2019-09-08 18:41:42.925415,446.0,224.0,196.0,270.0,180.0,178.0,186.0,172.0,,-32,8341970
9.0691,2019-09-08 18:41:42.948178,220.0,264.0,194.0,264.0,178.0,172.0,180.0,178.0,,-32,8342434
9.0918,2019-09-08 18:41:42.966016,216.0,192.0,254.0,192.0,184.0,172.0,186.0,178.0,,-32,8342655
9.1097,2019-09-08 18:41:42.986521,208.0,208.0,244.0,262.0,178.0,184.0,172.0,178.0,,-33,8341911
9.1301,2019-09-08 18:41:43.010757,236.0,202.0,200.0,230.0,184.0,172.0,172.0,180.0,,-34,8341507
9.1546,2019-09-08 18:41:43.026006,228.0,196.0,184.0,184.0,172.0,180.0,172.0,184.0,,-35,8341766
9.1698,2019-09-08 18:41:43.049081,228.0,228.0,182.0,212.0,184.0,172.0,184.0,172.0,,-36,8341759
9.1927,2019-09-08 18:41:43.062243,180.0,180.0,182.0,206.0,172.0,180.0,178.0,172.0,,-36,8341690
9.2059,2019-09-08 18:41:43.083768,206.0,188.0,188.0,230.0,184.0,176.0,180.0,172.0,,-38,8342385
9.2274,2019-09-08 18:41:43.111647,230.0,188.0,180.0,188.0,172.0,172.0,180.0,176.0,,-39,8342853
9.2553,2019-09-08 18:41:43.120703,230.0,230.0,180.0,188.0,180.0,182.0,178.0,184.0,,-40,8342932
9.2644,2019-09-08 18:41:43.136699,180.0,188.0,230.0,188.0,176.0,180.0,172.0,180.0,,-41,8342676
9.2803,2019-09-08 18:41:43.162961,228.0,188.0,228.0,188.0,176.0,178.0,176.0,172.0,,-43,8342475
9.3066,2019-09-08 18:41:43.183191,180.0,204.0,180.0,204.0,184.0,172.0,186.0,176.0,,-45,8342320
9.3268,2019-09-08 18:41:43.193092,224.0,180.0,188.0,204.0,180.0,176.0,184.0,180.0,,-46,8342209
9.3367,2019-09-08 18:41:43.208710,188.0,222.0,188.0,180.0,176.0,172.0,180.0,176.0,,-48,8342005
9.3523,2019-09-08 18:41:43.281398,202.0,180.0,202.0,202.0,176.0,184.0,172.0,184.0,,-56,8343071
9.425,2019-09-08 18:41:43.291645,188.0,188.0,202.0,218.0,172.0,184.0,178.0,180.0,,-57,8342541
9.4353,2019-09-08 18:41:43.309562,180.0,188.0,218.0,202.0,172.0,180.0,180.0,178.0,,-58,8342351
9.4532,2019-09-08 18:41:43.325789,180.0,204.0,218.0,188.0,186.0,172.0,180.0,178.0,,-60,8342859
9.4694,2019-09-08 18:41:43.343067,180.0,218.0,180.0,202.0,186.0,172.0,180.0,178.0,,-62,8342631
9.4867,2019-09-08 18:41:43.361336,180.0,202.0,180.0,218.0,184.0,172.0,180.0,172.0,,-63,8342541
9.505,2019-09-08 18:41:43.382558,218.0,188.0,218.0,202.0,184.0,172.0,180.0,172.0,,-65,8342898
9.5262,2019-09-08 18:41:43.397405,188.0,202.0,188.0,218.0,178.0,184.0,172.0,172.0,,-66,8342884
9.541,2019-09-08 18:41:43.417571,218.0,218.0,218.0,188.0,178.0,178.0,184.0,172.0,,-67,8342859
9.5612,2019-09-08 18:41:43.436138,216.0,216.0,180.0,216.0,172.0,184.0,178.0,184.0,,-67,8342468
9.5798,2019-09-08 18:41:43.450162,202.0,188.0,180.0,202.0,178.0,184.0,184.0,186.0,,-67,8342680
9.5939,2019-09-08 18:41:43.470952,188.0,180.0,204.0,202.0,184.0,172.0,184.0,178.0,,-67,8343015
9.6148,2019-09-08 18:41:43.484159,216.0,188.0,180.0,204.0,186.0,172.0,184.0,176.0,,-67,8343382
9.628,2019-09-08 18:41:43.505461,216.0,188.0,180.0,218.0,178.0,176.0,184.0,196.0,,-67,8342434
9.6491,2019-09-08 18:41:43.524091,202.0,188.0,180.0,216.0,198.0,178.0,184.0,172.0,,-68,8342406
9.6677,2019-09-08 18:41:43.539350,188.0,180.0,180.0,216.0,208.0,176.0,184.0,172.0,,-68,8342624
9.683,2019-09-08 18:41:43.562054,216.0,202.0,180.0,188.0,176.0,176.0,172.0,172.0,,-68,8341455
9.7057,2019-09-08 18:41:43.579380,180.0,190.0,180.0,180.0,178.0,186.0,186.0,172.0,,-69,8342403
9.723,2019-09-08 18:41:43.636395,202.0,188.0,180.0,204.0,336.0,178.0,186.0,172.0,,-70,8342711
9.78,2019-09-08 18:41:43.643061,204.0,188.0,180.0,188.0,186.0,172.0,172.0,418.0,,-70,8342088
9.7867,2019-09-08 18:41:43.664499,254.0,188.0,180.0,188.0,186.0,186.0,436.0,186.0,,-70,8341832
9.8079,2019-09-08 18:41:43.672250,296.0,180.0,302.0,204.0,180.0,186.0,464.0,180.0,,-70,8342340
9.8156,2019-09-08 18:41:43.689548,346.0,188.0,180.0,360.0,172.0,490.0,186.0,186.0,,-70,8341790
9.8329,2019-09-08 18:41:43.707342,180.0,188.0,420.0,190.0,512.0,180.0,186.0,172.0,,-71,8341635
9.8507,2019-09-08 18:41:43.731425,208.0,208.0,180.0,208.0,538.0,180.0,180.0,172.0,,-72,8341569
9.8748,2019-09-08 18:41:43.744902,524.0,190.0,210.0,210.0,186.0,568.0,572.0,182.0,,-72,8341289
9.8882,2019-09-08 18:41:43.769572,182.0,214.0,182.0,212.0,186.0,172.0,590.0,182.0,,-73,8341942
9.9129,2019-09-08 18:41:43.781820,182.0,190.0,182.0,214.0,186.0,172.0,604.0,182.0,,-73,8342448
9.9252,2019-09-08 18:41:43.799265,182.0,214.0,216.0,216.0,186.0,182.0,614.0,182.0,,-74,8341967
9.9426,2019-09-08 18:41:43.816661,216.0,216.0,182.0,216.0,618.0,186.0,182.0,186.0,,-74,8341887
9.96,2019-09-08 18:41:43.835460,218.0,192.0,182.0,640.0,622.0,182.0,172.0,626.0,,-75,8342399
9.979,2019-09-08 18:41:43.851876,196.0,184.0,218.0,218.0,172.0,628.0,182.0,186.0,,-75,8341600
9.9954,2019-09-08 18:41:43.949560,198.0,184.0,220.0,648.0,182.0,186.0,182.0,632.0,,-77,8341783
10.0929,2019-09-08 18:41:43.955916,232.0,626.0,188.0,232.0,186.0,172.0,638.0,180.0,,-78,8342102
10.0992,2019-09-08 18:41:44.077005,612.0,608.0,608.0,236.0,172.0,186.0,172.0,654.0,,-79,8342372
10.2203,2019-09-08 18:41:44.084814,592.0,590.0,230.0,230.0,180.0,186.0,172.0,182.0,,-79,8341859
10.2282,2019-09-08 18:41:44.091114,246.0,196.0,196.0,252.0,788.0,796.0,182.0,184.0,,-80,8341936
10.2345,2019-09-08 18:41:44.101984,250.0,198.0,254.0,254.0,184.0,828.0,172.0,184.0,,-80,8342050
10.2453,2019-09-08 18:41:44.108765,200.0,260.0,258.0,200.0,172.0,826.0,172.0,822.0,,-80,8341403
10.2521,2019-09-08 18:41:44.152289,264.0,498.0,264.0,266.0,818.0,184.0,186.0,172.0,,-80,8341856
10.2957,2019-09-08 18:41:44.158659,476.0,274.0,472.0,276.0,186.0,184.0,800.0,184.0,,-80,8341863
10.302,2019-09-08 18:41:44.265094,458.0,280.0,208.0,278.0,184.0,172.0,788.0,172.0,,-80,8341797
10.4084,2019-09-08 18:41:44.273450,442.0,288.0,210.0,282.0,194.0,194.0,172.0,742.0,,-81,8342960
10.4169,2019-09-08 18:41:44.286325,348.0,312.0,218.0,312.0,172.0,734.0,196.0,200.0,,-81,8342572
10.4297,2019-09-08 18:41:44.298158,314.0,300.0,306.0,300.0,200.0,716.0,202.0,206.0,,-81,8342029
10.4415,2019-09-08 18:41:44.412097,218.0,300.0,314.0,264.0,208.0,172.0,686.0,172.0,,-82,8343074
10.5555,2019-09-08 18:41:44.418948,202.0,218.0,214.0,218.0,230.0,380.0,228.0,330.0,,-81,8343500
10.5622,2019-09-08 18:41:44.436935,214.0,212.0,194.0,212.0,174.0,274.0,174.0,236.0,,-80,8343776
10.5803,2019-09-08 18:41:44.536718,190.0,198.0,188.0,210.0,222.0,240.0,216.0,238.0,,-70,8343444
10.6804,2019-09-08 18:41:44.547754,214.0,214.0,180.0,204.0,190.0,188.0,188.0,186.0,,-66,8343247
10.6913,2019-09-08 18:41:44.554266,190.0,190.0,180.0,216.0,186.0,182.0,172.0,172.0,,-53,8343908
10.6976,2019-09-08 18:41:44.561901,190.0,216.0,188.0,204.0,180.0,186.0,172.0,186.0,,-50,8343368
10.7053,2019-09-08 18:41:44.583856,188.0,190.0,202.0,204.0,178.0,186.0,172.0,186.0,,-46,8342842
10.7272,2019-09-08 18:41:44.598873,216.0,190.0,180.0,204.0,178.0,186.0,180.0,186.0,,-44,8343856
10.7422,2019-09-08 18:41:44.614442,188.0,216.0,188.0,180.0,180.0,184.0,172.0,186.0,,-42,8343306
10.7579,2019-09-08 18:41:44.634465,202.0,188.0,216.0,216.0,172.0,184.0,172.0,184.0,,-41,8343752
10.7778,2019-09-08 18:41:44.661092,188.0,180.0,202.0,188.0,186.0,172.0,184.0,180.0,,-41,8343493
10.8047,2019-09-08 18:41:44.671997,216.0,188.0,218.0,216.0,186.0,172.0,184.0,180.0,,-40,8343545
10.8153,2019-09-08 18:41:44.697765,218.0,202.0,180.0,188.0,186.0,180.0,186.0,172.0,,-40,8343247
10.8411,2019-09-08 18:41:44.711307,180.0,216.0,180.0,202.0,184.0,178.0,184.0,172.0,,-40,8343250
10.8546,2019-09-08 18:41:44.735465,202.0,218.0,180.0,188.0,184.0,172.0,186.0,180.0,,-41,8343548
10.879,2019-09-08 18:41:44.750699,216.0,180.0,188.0,180.0,172.0,184.0,180.0,186.0,,-43,8343250
10.8942,2019-09-08 18:41:44.764024,216.0,188.0,180.0,188.0,172.0,184.0,178.0,186.0,,-44,8343340
10.9076,2019-09-08 18:41:44.791189,216.0,190.0,202.0,188.0,180.0,184.0,172.0,186.0,,-46,8343725
10.9345,2019-09-08 18:41:44.804870,202.0,188.0,188.0,216.0,180.0,186.0,180.0,186.0,,-47,8344562
10.9483,2019-09-08 18:41:44.821283,216.0,188.0,180.0,202.0,180.0,182.0,172.0,182.0,,-50,8344493
10.9648,2019-09-08 18:41:44.840442,216.0,188.0,180.0,180.0,182.0,180.0,186.0,172.0,,-52,8343676
10.9839,2019-09-08 18:41:44.866364,190.0,188.0,180.0,202.0,182.0,180.0,186.0,172.0,,-55,8343725
11.0099,2019-09-08 18:41:44.907999,216.0,180.0,180.0,216.0,186.0,180.0,186.0,172.0,,-60,8343105
11.0514,2019-09-08 18:41:44.922517,180.0,202.0,180.0,202.0,180.0,180.0,180.0,172.0,,-62,8343157
11.0659,2019-09-08 18:41:44.931542,180.0,202.0,180.0,202.0,180.0,180.0,180.0,172.0,,-63,8343285
11.0749,2019-09-08 18:41:44.954742,202.0,214.0,188.0,180.0,180.0,184.0,172.0,180.0,,-65,8343032
11.0981,2019-09-08 18:41:44.980477,180.0,202.0,180.0,202.0,170.0,182.0,180.0,186.0,,-68,8344019
11.1239,2019-09-08 18:41:44.994414,214.0,188.0,202.0,214.0,172.0,184.0,180.0,186.0,,-69,8344240
11.1378,2019-09-08 18:41:45.010071,188.0,188.0,202.0,202.0,172.0,186.0,180.0,186.0,,-70,8342970
11.1539,2019-09-08 18:41:45.026367,202.0,214.0,188.0,214.0,172.0,190.0,190.0,180.0,,-70,8343088
11.1697,2019-09-08 18:41:45.051310,214.0,202.0,180.0,202.0,186.0,194.0,194.0,180.0,,-70,8343022
11.1948,2019-09-08 18:41:45.068649,190.0,190.0,182.0,202.0,186.0,186.0,200.0,180.0,,-69,8343666
11.212,2019-09-08 18:41:45.089886,180.0,212.0,180.0,180.0,186.0,172.0,206.0,178.0,,-69,8344133
11.2332,2019-09-08 18:41:45.108876,212.0,190.0,180.0,204.0,186.0,172.0,218.0,178.0,,-68,8343368
11.2522,2019-09-08 18:41:45.122069,216.0,202.0,180.0,202.0,186.0,172.0,242.0,178.0,,-68,8343603
11.2655,2019-09-08 18:41:45.224400,180.0,204.0,386.0,392.0,172.0,502.0,200.0,190.0,,-70,8343552
11.3678,2019-09-08 18:41:45.231688,188.0,188.0,180.0,208.0,192.0,534.0,204.0,194.0,,-71,8342614
11.3751,2019-09-08 18:41:45.247217,458.0,190.0,468.0,212.0,204.0,194.0,204.0,590.0,,-71,8343738
11.3906,2019-09-08 18:41:45.271354,190.0,182.0,214.0,192.0,198.0,198.0,200.0,624.0,,-72,8342697
11.4147,2019-09-08 18:41:45.284424,546.0,182.0,218.0,218.0,632.0,206.0,202.0,172.0,,-72,8343209
11.4278,2019-09-08 18:41:45.302682,584.0,196.0,182.0,592.0,206.0,172.0,666.0,206.0,,-73,8343012
11.446,2019-09-08 18:41:45.324285,198.0,184.0,616.0,200.0,208.0,172.0,674.0,206.0,,-74,8343247
11.4676,2019-09-08 18:41:45.336072,202.0,224.0,202.0,226.0,212.0,172.0,674.0,672.0,,-74,8342462
11.4794,2019-09-08 18:41:45.354598,184.0,230.0,632.0,230.0,206.0,668.0,172.0,218.0,,-74,8343043
11.4981,2019-09-08 18:41:45.374247,210.0,186.0,628.0,212.0,204.0,220.0,204.0,654.0,,-75,8342735
11.5176,2019-09-08 18:41:45.389748,216.0,186.0,186.0,238.0,172.0,222.0,204.0,648.0,,-76,8342472
11.5331,2019-09-08 18:41:45.418592,594.0,224.0,226.0,188.0,202.0,228.0,172.0,636.0,,-77,8342337
11.5619,2019-09-08 18:41:45.489857,562.0,236.0,556.0,238.0,204.0,172.0,626.0,622.0,,-79,8342987
11.6332,2019-09-08 18:41:45.497441,424.0,288.0,414.0,294.0,588.0,214.0,278.0,174.0,,-79,8342943
11.6408,2019-09-08 18:41:45.507072,380.0,378.0,206.0,284.0,568.0,560.0,220.0,302.0,,-80,8342835
11.6504,2019-09-08 18:41:45.521635,348.0,318.0,290.0,212.0,174.0,176.0,516.0,328.0,,-80,8343510
11.665,2019-09-08 18:41:45.532672,320.0,318.0,216.0,300.0,336.0,178.0,350.0,180.0,,-80,8343167
11.6761,2019-09-08 18:41:45.553769,298.0,294.0,222.0,224.0,368.0,180.0,386.0,184.0,,-81,8342745
11.6974,2019-09-08 18:41:45.571125,278.0,228.0,230.0,316.0,388.0,412.0,420.0,346.0,,-82,8343617
11.7145,2019-09-08 18:41:45.589705,260.0,380.0,236.0,324.0,256.0,322.0,260.0,302.0,,-82,8343956
11.7335,2019-09-08 18:41:45.610289,250.0,392.0,240.0,328.0,206.0,248.0,274.0,522.0,,-82,8342780
11.7545,2019-09-08 18:41:45.629375,400.0,246.0,332.0,332.0,228.0,218.0,278.0,550.0,,-82,8342967
11.7732,2019-09-08 18:41:45.644535,238.0,410.0,252.0,336.0,220.0,202.0,276.0,198.0,,-81,8343645
11.7884,2019-09-08 18:41:45.684912,420.0,258.0,258.0,340.0,572.0,574.0,230.0,194.0,,-80,8342738
11.8287,2019-09-08 18:41:45.691700,232.0,428.0,264.0,232.0,268.0,580.0,236.0,190.0,,-79,8342922
11.8355,2019-09-08 18:41:45.702301,230.0,344.0,230.0,436.0,574.0,260.0,566.0,242.0,,-78,8342358
11.846,2019-09-08 18:41:45.724130,230.0,436.0,230.0,344.0,184.0,254.0,182.0,250.0,,-76,8343430
11.8676,2019-09-08 18:41:45.739871,432.0,342.0,430.0,226.0,180.0,246.0,486.0,252.0,,-74,8344295
11.8834,2019-09-08 18:41:45.752129,336.0,224.0,418.0,224.0,178.0,232.0,430.0,256.0,,-73,8343984
11.8957,2019-09-08 18:41:45.769302,400.0,400.0,288.0,396.0,396.0,256.0,176.0,356.0,,-71,8343150
11.9128,2019-09-08 18:41:45.787947,320.0,318.0,318.0,316.0,254.0,176.0,204.0,292.0,,-67,8343306
11.9313,2019-09-08 18:41:45.809792,216.0,326.0,216.0,314.0,176.0,176.0,194.0,242.0,,-63,8343527
11.9531,2019-09-08 18:41:45.828188,214.0,274.0,214.0,264.0,192.0,224.0,206.0,178.0,,-57,8343244
11.9717,2019-09-08 18:41:45.843820,212.0,238.0,260.0,232.0,194.0,178.0,204.0,178.0,,-53,8343261
11.9872,2019-09-08 18:41:45.860757,210.0,236.0,210.0,238.0,178.0,184.0,194.0,174.0,,-49,8343513
12.0042,2019-09-08 18:41:45.884654,226.0,226.0,210.0,202.0,178.0,180.0,190.0,172.0,,-41,8344645
12.0281,2019-09-08 18:41:45.900899,210.0,194.0,186.0,212.0,180.0,180.0,188.0,172.0,,-36,8343683
12.0444,2019-09-08 18:41:45.935374,190.0,190.0,208.0,208.0,178.0,180.0,178.0,180.0,,-29,8343891
12.0788,2019-09-08 18:41:45.942723,210.0,208.0,180.0,208.0,188.0,172.0,180.0,172.0,,-28,8344593
12.0861,2019-09-08 18:41:45.957898,180.0,208.0,180.0,208.0,186.0,172.0,178.0,178.0,,-27,8345098
12.1013,2019-09-08 18:41:45.972507,212.0,206.0,206.0,206.0,186.0,172.0,186.0,172.0,,-26,8344697
12.1161,2019-09-08 18:41:45.991589,212.0,190.0,180.0,206.0,178.0,178.0,178.0,172.0,,-26,8344974
12.1349,2019-09-08 18:41:46.012058,212.0,190.0,180.0,212.0,178.0,186.0,174.0,178.0,,-26,8344880
12.1554,2019-09-08 18:41:46.032070,212.0,190.0,180.0,212.0,178.0,186.0,174.0,178.0,,-26,8345430
12.1754,2019-09-08 18:41:46.048084,204.0,190.0,180.0,212.0,174.0,178.0,172.0,178.0,,-27,8345662
12.1914,2019-09-08 18:41:46.068387,212.0,204.0,212.0,188.0,172.0,178.0,178.0,186.0,,-28,8346147
12.2119,2019-09-08 18:41:46.081562,204.0,212.0,188.0,180.0,172.0,180.0,178.0,186.0,,-29,8347278
12.2249,2019-09-08 18:41:46.105739,180.0,188.0,180.0,180.0,178.0,174.0,178.0,178.0,,-31,8348223
12.2491,2019-09-08 18:41:46.130774,212.0,212.0,188.0,212.0,186.0,172.0,178.0,178.0,,-33,8348375
12.2742,2019-09-08 18:41:46.250721,204.0,188.0,180.0,212.0,180.0,178.0,186.0,172.0,,-59,8345382
12.3941,2019-09-08 18:41:46.258783,212.0,190.0,180.0,188.0,180.0,186.0,172.0,178.0,,-61,8346095
12.4022,2019-09-08 18:41:46.268144,190.0,204.0,180.0,204.0,180.0,186.0,172.0,178.0,,-63,8343925
12.4117,2019-09-08 18:41:46.287411,190.0,204.0,180.0,180.0,180.0,182.0,180.0,172.0,,-65,8343780
12.4308,2019-09-08 18:41:46.301704,212.0,204.0,180.0,212.0,182.0,180.0,186.0,174.0,,-67,8344576
12.4451,2019-09-08 18:41:46.320739,204.0,212.0,180.0,190.0,184.0,180.0,184.0,174.0,,-71,8344202
12.4641,2019-09-08 18:41:46.337552,210.0,190.0,180.0,210.0,186.0,180.0,186.0,172.0,,-73,8344832
12.4811,2019-09-08 18:41:46.355674,204.0,190.0,180.0,210.0,180.0,180.0,174.0,192.0,,-74,8346569
12.499,2019-09-08 18:41:46.372024,204.0,190.0,212.0,204.0,180.0,186.0,186.0,186.0,,-75,8345382
12.5154,2019-09-08 18:41:46.397978,182.0,210.0,190.0,182.0,174.0,204.0,174.0,212.0,,-76,8344576
12.5414,2019-09-08 18:41:46.412279,214.0,216.0,180.0,220.0,188.0,174.0,228.0,180.0,,-76,8344690
12.5556,2019-09-08 18:41:46.449298,240.0,188.0,188.0,180.0,186.0,172.0,272.0,172.0,,-75,8345918
12.5926,2019-09-08 18:41:46.463544,318.0,330.0,180.0,206.0,306.0,180.0,186.0,172.0,,-75,8344988
12.6072,2019-09-08 18:41:46.472551,392.0,188.0,180.0,206.0,380.0,400.0,422.0,182.0,,-75,8342340
12.616,2019-09-08 18:41:46.484656,508.0,190.0,182.0,208.0,186.0,466.0,186.0,186.0,,-75,8342891
12.6282,2019-09-08 18:41:46.510212,628.0,190.0,210.0,646.0,172.0,526.0,172.0,542.0,,-74,8344019
12.6537,2019-09-08 18:41:46.531432,190.0,182.0,670.0,190.0,196.0,186.0,172.0,570.0,,-74,8343257
12.675,2019-09-08 18:41:46.593435,684.0,190.0,190.0,182.0,218.0,174.0,652.0,216.0,,-75,8342662
12.7368,2019-09-08 18:41:46.603386,688.0,222.0,194.0,184.0,218.0,238.0,174.0,626.0,,-75,8342320
12.7467,2019-09-08 18:41:46.618395,680.0,198.0,198.0,184.0,618.0,610.0,226.0,256.0,,-75,8343278
12.7617,2019-09-08 18:41:46.644765,232.0,652.0,184.0,234.0,178.0,578.0,230.0,268.0,,-76,8343898
12.7882,2019-09-08 18:41:46.679628,186.0,246.0,186.0,250.0,286.0,180.0,496.0,236.0,,-78,8343714
12.823,2019-09-08 18:41:46.717498,550.0,228.0,188.0,268.0,302.0,306.0,182.0,452.0,,-79,8343676
12.8609,2019-09-08 18:41:46.736851,488.0,238.0,482.0,242.0,412.0,242.0,184.0,186.0,,-80,8344520
12.8802,2019-09-08 18:41:46.770957,288.0,426.0,264.0,402.0,188.0,252.0,254.0,334.0,,-81,8342776
12.9145,2019-09-08 18:41:46.786689,382.0,276.0,378.0,372.0,256.0,400.0,194.0,308.0,,-81,8342731
12.93,2019-09-08 18:41:46.819595,202.0,334.0,204.0,326.0,268.0,444.0,202.0,274.0,,-82,8342939
12.9629,2019-09-08 18:41:46.843074,206.0,334.0,206.0,334.0,204.0,276.0,278.0,480.0,,-82,8342759
12.9865,2019-09-08 18:41:46.859159,208.0,282.0,324.0,210.0,488.0,284.0,500.0,288.0,,-82,8342558
13.0025,2019-09-08 18:41:46.880320,332.0,262.0,334.0,214.0,216.0,290.0,520.0,222.0,,-83,8343375
13.0238,2019-09-08 18:41:46.902716,248.0,216.0,246.0,346.0,542.0,236.0,196.0,552.0,,-83,8344534
13.0463,2019-09-08 18:41:46.916000,238.0,350.0,220.0,390.0,556.0,246.0,300.0,250.0,,-83,8344500
13.0594,2019-09-08 18:41:46.965148,354.0,224.0,404.0,404.0,190.0,190.0,300.0,568.0,,-84,8343178
13.1087,2019-09-08 18:41:46.972689,414.0,360.0,228.0,228.0,296.0,562.0,276.0,182.0,,-83,8343662
13.116,2019-09-08 18:41:46.984682,424.0,368.0,236.0,426.0,282.0,548.0,542.0,180.0,,-82,8342963
13.1282,2019-09-08 18:41:47.002805,224.0,224.0,244.0,432.0,178.0,284.0,512.0,296.0,,-82,8344195
13.1462,2019-09-08 18:41:47.018249,224.0,222.0,382.0,258.0,176.0,270.0,482.0,302.0,,-81,8344524
13.1616,2019-09-08 18:41:47.037283,222.0,380.0,270.0,416.0,176.0,252.0,444.0,306.0,,-78,8343707
13.1806,2019-09-08 18:41:47.054163,402.0,370.0,280.0,398.0,176.0,230.0,178.0,306.0,,-76,8342486
13.1977,2019-09-08 18:41:47.070941,288.0,288.0,216.0,366.0,176.0,302.0,336.0,210.0,,-73,8343451
13.2144,2019-09-08 18:41:47.089051,340.0,294.0,330.0,326.0,206.0,288.0,278.0,200.0,,-70,8343154
13.2327,2019-09-08 18:41:47.107513,290.0,296.0,212.0,256.0,198.0,242.0,242.0,192.0,,-65,8343500
13.2509,2019-09-08 18:41:47.125218,236.0,260.0,266.0,210.0,192.0,176.0,190.0,210.0,,-61,8343583
13.2686,2019-09-08 18:41:47.156376,238.0,212.0,238.0,234.0,186.0,204.0,184.0,178.0,,-48,8345185
13.2997,2019-09-08 18:41:47.165689,212.0,222.0,208.0,220.0,178.0,194.0,174.0,180.0,,-43,8344091
13.309,2019-09-08 18:41:47.188222,210.0,210.0,208.0,208.0,174.0,172.0,180.0,180.0,,-34,8344164
13.3316,2019-09-08 18:41:47.208332,206.0,206.0,182.0,206.0,180.0,172.0,186.0,172.0,,-29,8343600
13.3517,2019-09-08 18:41:47.226293,180.0,204.0,180.0,204.0,186.0,178.0,186.0,174.0,,-27,8344998
13.3696,2019-09-08 18:41:47.247150,210.0,188.0,180.0,188.0,180.0,180.0,178.0,186.0,,-24,8343714
13.3905,2019-09-08 18:41:47.270084,210.0,188.0,210.0,188.0,178.0,178.0,186.0,186.0,,-23,8343230
13.4137,2019-09-08 18:41:47.284377,210.0,188.0,180.0,188.0,174.0,180.0,178.0,186.0,,-22,8342244
13.428,2019-09-08 18:41:47.302337,212.0,188.0,180.0,202.0,172.0,186.0,178.0,186.0,,-22,8342859
13.4457,2019-09-08 18:41:47.316533,188.0,180.0,202.0,202.0,172.0,180.0,174.0,180.0,,-22,8342230
13.4599,2019-09-08 18:41:47.332198,180.0,180.0,180.0,202.0,172.0,180.0,186.0,178.0,,-23,8342659
13.4756,2019-09-08 18:41:47.364491,212.0,188.0,180.0,202.0,180.0,178.0,174.0,172.0,,-25,8342372
13.5081,2019-09-08 18:41:47.377724,180.0,180.0,202.0,188.0,178.0,178.0,186.0,174.0,,-27,8342098
13.5211,2019-09-08 18:41:47.394010,212.0,188.0,188.0,212.0,180.0,174.0,186.0,178.0,,-30,8342880
13.5374,2019-09-08 18:41:47.412210,210.0,188.0,210.0,202.0,180.0,178.0,186.0,186.0,,-32,8345157
13.5556,2019-09-08 18:41:47.429787,210.0,210.0,188.0,202.0,178.0,186.0,172.0,180.0,,-38,8346728
13.5734,2019-09-08 18:41:47.447168,180.0,202.0,180.0,188.0,180.0,186.0,172.0,180.0,,-41,8346745
13.5905,2019-09-08 18:41:47.467261,210.0,200.0,210.0,188.0,184.0,174.0,180.0,178.0,,-48,8344877
13.6106,2019-09-08 18:41:47.494194,210.0,188.0,210.0,188.0,174.0,180.0,180.0,180.0,,-55,8344181
13.6377,2019-09-08 18:41:47.503323,210.0,188.0,210.0,210.0,180.0,178.0,186.0,180.0,,-58,8345448
13.6467,2019-09-08 18:41:47.524132,202.0,188.0,180.0,202.0,180.0,172.0,184.0,178.0,,-65,8346870
13.6678,2019-09-08 18:41:47.541921,202.0,188.0,180.0,202.0,174.0,186.0,186.0,186.0,,-68,8348693
13.6856,2019-09-08 18:41:47.560881,210.0,190.0,180.0,202.0,174.0,174.0,180.0,186.0,,-73,8348060
13.7047,2019-09-08 18:41:47.579976,210.0,188.0,180.0,210.0,186.0,174.0,188.0,180.0,,-75,8346579
13.7239,2019-09-08 18:41:47.599955,180.0,202.0,202.0,210.0,174.0,174.0,180.0,186.0,,-78,8346164
13.7434,2019-09-08 18:41:47.617652,190.0,180.0,182.0,204.0,180.0,186.0,174.0,186.0,,-79,8346804
13.7613,2019-09-08 18:41:47.635256,190.0,180.0,204.0,204.0,180.0,196.0,180.0,186.0,,-80,8347278
13.7791,2019-09-08 18:41:47.662188,190.0,182.0,202.0,204.0,180.0,180.0,174.0,186.0,,-79,8346306
13.806,2019-09-08 18:41:47.676078,182.0,188.0,182.0,182.0,228.0,186.0,174.0,264.0,,-79,8345458
13.8194,2019-09-08 18:41:47.696456,254.0,204.0,180.0,204.0,180.0,186.0,174.0,372.0,,-78,8344396
13.84,2019-09-08 18:41:47.711075,202.0,188.0,180.0,202.0,186.0,174.0,186.0,172.0,,-78,8344261
13.8544,2019-09-08 18:41:47.728204,204.0,188.0,180.0,204.0,464.0,184.0,186.0,174.0,,-76,8343372
13.8715,2019-09-08 18:41:47.746935,452.0,190.0,180.0,206.0,186.0,186.0,172.0,518.0,,-76,8342956
13.8906,2019-09-08 18:41:47.766037,206.0,554.0,182.0,206.0,192.0,196.0,186.0,186.0,,-75,8342109
13.9096,2019-09-08 18:41:47.781279,618.0,624.0,184.0,212.0,546.0,186.0,172.0,172.0,,-75,8342614
13.9247,2019-09-08 18:41:47.815129,648.0,190.0,184.0,216.0,570.0,190.0,172.0,592.0,,-74,8344320
13.9585,2019-09-08 18:41:47.836458,664.0,666.0,192.0,218.0,216.0,198.0,218.0,174.0,,-74,8343991
13.9798,2019-09-08 18:41:47.843988,680.0,682.0,194.0,186.0,206.0,210.0,630.0,222.0,,-74,8344704
13.9873,2019-09-08 18:41:47.864046,692.0,198.0,186.0,222.0,174.0,638.0,222.0,226.0,,-74,8344091
14.0074,2019-09-08 18:41:47.876464,690.0,202.0,188.0,224.0,176.0,638.0,224.0,238.0,,-73,8343849
14.0201,2019-09-08 18:41:47.913077,678.0,208.0,188.0,188.0,226.0,252.0,254.0,176.0,,-73,8345143
14.0564,2019-09-08 18:41:47.938270,640.0,640.0,636.0,214.0,576.0,228.0,262.0,176.0,,-74,8346981
14.0816,2019-09-08 18:41:47.981000,234.0,612.0,190.0,188.0,176.0,500.0,284.0,178.0,,-76,8344309
14.1244,2019-09-08 18:41:47.996395,590.0,230.0,578.0,238.0,478.0,238.0,292.0,178.0,,-77,8343887
14.1398,2019-09-08 18:41:48.017106,194.0,252.0,196.0,254.0,454.0,244.0,300.0,246.0,,-78,8344396
14.1606,2019-09-08 18:41:48.060282,266.0,200.0,266.0,280.0,258.0,318.0,180.0,378.0,,-81,8344396
14.2037,2019-09-08 18:41:48.080934,292.0,294.0,278.0,280.0,266.0,270.0,336.0,350.0,,-82,8344946
14.2243,2019-09-08 18:41:48.097749,384.0,314.0,212.0,292.0,278.0,346.0,350.0,184.0,,-82,8346264
14.2411,2019-09-08 18:41:48.121372,334.0,336.0,302.0,346.0,188.0,278.0,314.0,396.0,,-83,8346026
14.2647,2019-09-08 18:41:48.140697,226.0,362.0,228.0,288.0,400.0,252.0,332.0,420.0,,-83,8344673
14.2843,2019-09-08 18:41:48.157251,268.0,326.0,238.0,328.0,198.0,228.0,222.0,352.0,,-83,8345053
14.3006,2019-09-08 18:41:48.183662,336.0,406.0,244.0,338.0,358.0,458.0,210.0,366.0,,-84,8346441
14.3274,2019-09-08 18:41:48.194103,238.0,426.0,426.0,428.0,470.0,474.0,194.0,374.0,,-84,8347524
14.3374,2019-09-08 18:41:48.211397,346.0,234.0,264.0,346.0,376.0,222.0,188.0,378.0,,-84,8346870
14.3548,2019-09-08 18:41:48.246204,232.0,344.0,232.0,448.0,228.0,186.0,380.0,494.0,,-83,8346340
14.3896,2019-09-08 18:41:48.252547,340.0,228.0,450.0,228.0,236.0,184.0,376.0,492.0,,-83,8346334
14.3966,2019-09-08 18:41:48.272068,226.0,440.0,280.0,328.0,246.0,182.0,372.0,486.0,,-82,8345808
14.4154,2019-09-08 18:41:48.287589,222.0,412.0,220.0,280.0,266.0,268.0,356.0,354.0,,-81,8344943
14.4309,2019-09-08 18:41:48.304290,218.0,368.0,278.0,216.0,434.0,178.0,342.0,408.0,,-80,8344565
14.4476,2019-09-08 18:41:48.415997,294.0,312.0,270.0,286.0,178.0,326.0,380.0,286.0,,-58,8344012
14.5593,2019-09-08 18:41:48.424567,210.0,190.0,180.0,206.0,220.0,176.0,202.0,206.0,,-53,8344012
14.5679,2019-09-08 18:41:48.451106,180.0,206.0,180.0,210.0,198.0,176.0,194.0,198.0,,-43,8344289
14.5945,2019-09-08 18:41:48.501742,180.0,190.0,210.0,204.0,180.0,180.0,174.0,180.0,,-22,8343039
14.6451,2019-09-08 18:41:48.511280,210.0,190.0,212.0,188.0,186.0,172.0,186.0,172.0,,-20,8342444
14.6546,2019-09-08 18:41:48.519063,210.0,188.0,180.0,212.0,180.0,172.0,186.0,180.0,,-18,8341925
14.6624,2019-09-08 18:41:48.539476,212.0,188.0,180.0,202.0,186.0,172.0,186.0,172.0,,-17,8341614
14.6828,2019-09-08 18:41:48.551496,212.0,188.0,180.0,202.0,186.0,172.0,180.0,178.0,,-16,8341804
14.6948,2019-09-08 18:41:48.583043,202.0,188.0,212.0,202.0,178.0,186.0,180.0,186.0,,-16,8342441
14.7264,2019-09-08 18:41:48.593773,202.0,180.0,202.0,212.0,172.0,180.0,178.0,178.0,,-17,8342984
14.7371,2019-09-08 18:41:48.616157,212.0,212.0,188.0,180.0,174.0,174.0,180.0,178.0,,-19,8344648
14.7595,2019-09-08 18:41:48.634348,188.0,180.0,180.0,204.0,184.0,174.0,178.0,178.0,,-20,8344289
14.7777,2019-09-08 18:41:48.656884,212.0,212.0,212.0,188.0,184.0,180.0,178.0,178.0,,-23,8343607
14.8002,2019-09-08 18:41:48.784456,210.0,188.0,180.0,202.0,178.0,184.0,172.0,180.0,,-62,8345012
14.928,2019-09-08 18:41:48.793659,180.0,202.0,190.0,180.0,180.0,186.0,184.0,186.0,,-65,8346448
14.937,2019-09-08 18:41:48.801315,210.0,210.0,202.0,180.0,192.0,170.0,184.0,172.0,,-68,8346251
14.9446,2019-09-08 18:41:48.818179,210.0,190.0,210.0,212.0,194.0,200.0,186.0,180.0,,-70,8345801
14.9615,2019-09-08 18:41:48.834382,212.0,190.0,180.0,212.0,188.0,180.0,172.0,180.0,,-71,8345268
14.9777,2019-09-08 18:41:48.851326,182.0,204.0,182.0,182.0,180.0,174.0,224.0,180.0,,-73,8345877
14.9947,2019-09-08 18:41:48.872135,182.0,190.0,190.0,182.0,234.0,180.0,188.0,174.0,,-72,8347206
15.0155,2019-09-08 18:41:48.899976,242.0,246.0,190.0,206.0,332.0,372.0,182.0,186.0,,-71,8345832
15.0434,2019-09-08 18:41:48.909334,318.0,330.0,188.0,188.0,174.0,488.0,184.0,186.0,,-71,8345586
15.0527,2019-09-08 18:41:48.927624,206.0,418.0,188.0,182.0,172.0,534.0,186.0,186.0,,-71,8343455
15.071,2019-09-08 18:41:48.952005,504.0,190.0,180.0,544.0,172.0,172.0,190.0,186.0,,-70,8342181
15.0954,2019-09-08 18:41:48.967802,616.0,190.0,210.0,210.0,172.0,542.0,194.0,188.0,,-69,8341780
15.1112,2019-09-08 18:41:48.983297,694.0,190.0,210.0,210.0,172.0,188.0,172.0,562.0,,-69,8343022
15.1266,2019-09-08 18:41:49.006987,728.0,190.0,190.0,210.0,568.0,202.0,194.0,172.0,,-69,8341690
15.1503,2019-09-08 18:41:49.020843,740.0,190.0,182.0,742.0,172.0,592.0,210.0,202.0,,-69,8341704
15.1642,2019-09-08 18:41:49.037256,750.0,208.0,190.0,210.0,602.0,214.0,208.0,172.0,,-70,8341538
15.1806,2019-09-08 18:41:49.058120,182.0,190.0,188.0,182.0,218.0,172.0,608.0,220.0,,-70,8341199
15.2015,2019-09-08 18:41:49.075243,760.0,210.0,182.0,208.0,222.0,222.0,220.0,174.0,,-71,8342219
15.2186,2019-09-08 18:41:49.096719,752.0,190.0,182.0,210.0,224.0,598.0,224.0,594.0,,-71,8342683
15.2401,2019-09-08 18:41:49.150480,734.0,188.0,182.0,210.0,174.0,590.0,222.0,230.0,,-73,8342932
15.2939,2019-09-08 18:41:49.158190,698.0,190.0,214.0,190.0,234.0,222.0,238.0,174.0,,-74,8343655
15.3015,2019-09-08 18:41:49.169546,688.0,182.0,214.0,684.0,228.0,254.0,176.0,500.0,,-75,8343185
15.3129,2019-09-08 18:41:49.195935,674.0,190.0,670.0,218.0,492.0,234.0,266.0,236.0,,-76,8342468
15.3393,2019-09-08 18:41:49.213018,656.0,182.0,182.0,224.0,468.0,274.0,178.0,452.0,,-77,8343216
15.3564,2019-09-08 18:41:49.223144,634.0,196.0,196.0,232.0,446.0,290.0,292.0,180.0,,-77,8343641
15.3665,2019-09-08 18:41:49.240342,182.0,200.0,184.0,238.0,422.0,306.0,180.0,316.0,,-78,8342814
15.3838,2019-09-08 18:41:49.266223,584.0,580.0,574.0,206.0,322.0,384.0,264.0,336.0,,-79,8342835
15.4095,2019-09-08 18:41:49.306642,550.0,210.0,184.0,258.0,182.0,358.0,274.0,360.0,,-80,8342877
15.45,2019-09-08 18:41:49.312838,266.0,186.0,270.0,186.0,392.0,300.0,294.0,286.0,,-80,8343140
15.4561,2019-09-08 18:41:49.600005,462.0,230.0,450.0,232.0,300.0,272.0,306.0,442.0,,-79,8342974
15.7435,2019-09-08 18:41:49.606364,210.0,226.0,248.0,306.0,230.0,228.0,178.0,216.0,,-56,8343368
15.7496,2019-09-08 18:41:49.634138,276.0,212.0,228.0,264.0,176.0,194.0,198.0,192.0,,-40,8342842
15.7775,2019-09-08 18:41:49.640414,208.0,200.0,206.0,234.0,192.0,172.0,178.0,182.0,,-35,8342991
15.7839,2019-09-08 18:41:49.650313,194.0,220.0,194.0,218.0,172.0,180.0,182.0,186.0,,-31,8343095
15.7937,2019-09-08 18:41:49.668765,182.0,182.0,208.0,180.0,186.0,180.0,180.0,186.0,,-28,8343482
15.8121,2019-09-08 18:41:49.686748,208.0,206.0,180.0,208.0,172.0,180.0,180.0,186.0,,-24,8343891
15.8301,2019-09-08 18:41:49.893367,206.0,208.0,180.0,180.0,172.0,172.0,180.0,180.0,,-31,8351562
16.0367,2019-09-08 18:41:49.908004,180.0,188.0,180.0,202.0,174.0,178.0,184.0,172.0,,-34,8351562
16.0514,2019-09-08 18:41:49.914259,202.0,202.0,210.0,188.0,180.0,180.0,178.0,184.0,,-38,8351143
16.0576,2019-09-08 18:41:49.924398,202.0,188.0,180.0,202.0,178.0,184.0,172.0,180.0,,-41,8350406
16.0678,2019-09-08 18:41:49.941404,188.0,180.0,180.0,202.0,180.0,184.0,172.0,172.0,,-45,8351147
16.0847,2019-09-08 18:41:49.961014,210.0,202.0,210.0,210.0,178.0,184.0,172.0,180.0,,-52,8352559
16.1043,2019-09-08 18:41:49.978547,210.0,188.0,208.0,208.0,184.0,172.0,180.0,180.0,,-58,8354015
16.1219,2019-09-08 18:41:49.999585,180.0,188.0,188.0,202.0,180.0,172.0,172.0,180.0,,-60,8354202
16.1431,2019-09-08 18:41:50.017679,208.0,180.0,180.0,180.0,186.0,172.0,172.0,182.0,,-66,8355482
16.161,2019-09-08 18:41:50.035612,182.0,188.0,180.0,188.0,186.0,172.0,180.0,182.0,,-70,8358316
16.1789,2019-09-08 18:41:50.053035,208.0,188.0,208.0,204.0,186.0,172.0,172.0,180.0,,-72,8361116
16.1965,2019-09-08 18:41:50.074169,208.0,188.0,204.0,208.0,182.0,186.0,180.0,180.0,,-75,8363531
16.2175,2019-09-08 18:41:50.087557,188.0,188.0,204.0,204.0,182.0,172.0,172.0,180.0,,-77,8364244
16.2309,2019-09-08 18:41:50.107643,204.0,214.0,180.0,182.0,182.0,186.0,180.0,182.0,,-78,8366320
16.251,2019-09-08 18:41:50.127369,224.0,204.0,230.0,188.0,186.0,172.0,182.0,182.0,,-79,8368472
16.2707,2019-09-08 18:41:50.147303,204.0,270.0,188.0,288.0,186.0,172.0,188.0,190.0,,-78,8372102
16.2906,2019-09-08 18:41:50.164247,346.0,188.0,180.0,204.0,180.0,186.0,208.0,182.0,,-77,8373535
16.3077,2019-09-08 18:41:50.184130,204.0,188.0,448.0,188.0,180.0,240.0,172.0,264.0,,-76,8371666
16.3276,2019-09-08 18:41:50.202413,530.0,190.0,206.0,206.0,172.0,282.0,174.0,300.0,,-75,8371324
16.3459,2019-09-08 18:41:50.226454,190.0,184.0,216.0,630.0,186.0,174.0,340.0,182.0,,-74,8372417
16.3698,2019-09-08 18:41:50.236519,190.0,192.0,186.0,656.0,174.0,396.0,184.0,186.0,,-73,8372417
16.3799,2019-09-08 18:41:50.255287,222.0,222.0,674.0,200.0,172.0,462.0,186.0,186.0,,-72,8369860
16.399,2019-09-08 18:41:50.272915,204.0,204.0,224.0,224.0,494.0,186.0,186.0,172.0,,-72,8369213
16.4166,2019-09-08 18:41:50.291154,226.0,210.0,192.0,212.0,522.0,528.0,184.0,172.0,,-70,8371389
16.4346,2019-09-08 18:41:50.307743,228.0,664.0,192.0,230.0,546.0,172.0,562.0,206.0,,-69,8374576
16.4514,2019-09-08 18:41:50.330032,232.0,234.0,196.0,234.0,580.0,172.0,598.0,210.0,,-69,8373524
16.4738,2019-09-08 18:41:50.348697,604.0,234.0,198.0,236.0,174.0,212.0,210.0,174.0,,-69,8374144
16.4923,2019-09-08 18:41:50.368166,244.0,242.0,244.0,200.0,632.0,216.0,224.0,176.0,,-70,8375521
16.5119,2019-09-08 18:41:50.388482,204.0,250.0,254.0,204.0,626.0,622.0,220.0,244.0,,-70,8376628
16.5321,2019-09-08 18:41:50.403136,206.0,206.0,266.0,258.0,610.0,222.0,224.0,260.0,,-70,8376144
16.5465,2019-09-08 18:41:50.422496,450.0,276.0,278.0,440.0,228.0,554.0,228.0,282.0,,-70,8376386
16.5661,2019-09-08 18:41:50.445695,414.0,294.0,218.0,274.0,230.0,528.0,228.0,290.0,,-71,8377344
16.5894,2019-09-08 18:41:50.457204,222.0,376.0,224.0,226.0,230.0,296.0,182.0,494.0,,-71,8377054
16.601,2019-09-08 18:41:50.477307,344.0,230.0,288.0,330.0,302.0,476.0,470.0,310.0,,-72,8377306
16.6212,2019-09-08 18:41:50.495497,310.0,344.0,238.0,300.0,454.0,234.0,320.0,184.0,,-73,8378213
16.6393,2019-09-08 18:41:50.509892,244.0,362.0,244.0,300.0,326.0,236.0,416.0,238.0,,-74,8378614
16.6539,2019-09-08 18:41:50.530617,306.0,306.0,252.0,254.0,186.0,396.0,240.0,352.0,,-75,8378175
16.6743,2019-09-08 18:41:50.549646,258.0,310.0,398.0,400.0,356.0,360.0,246.0,358.0,,-76,8379203
16.6934,2019-09-08 18:41:50.571920,236.0,236.0,268.0,236.0,352.0,250.0,252.0,384.0,,-77,8379313
16.7156,2019-09-08 18:41:50.588649,234.0,320.0,318.0,318.0,294.0,270.0,420.0,206.0,,-78,8379839
16.7323,2019-09-08 18:41:50.609047,278.0,432.0,280.0,232.0,268.0,262.0,444.0,212.0,,-79,8380158
16.7528,2019-09-08 18:41:50.628856,284.0,316.0,286.0,230.0,240.0,234.0,298.0,476.0,,-79,8381431
16.7725,2019-09-08 18:41:50.652802,314.0,438.0,226.0,312.0,484.0,306.0,208.0,312.0,,-80,8380659
16.7964,2019-09-08 18:41:50.667616,226.0,436.0,290.0,306.0,314.0,512.0,248.0,318.0,,-80,8380953
16.8112,2019-09-08 18:41:50.682135,224.0,290.0,304.0,304.0,196.0,318.0,262.0,264.0,,-80,8380898
16.8258,2019-09-08 18:41:50.700407,284.0,306.0,218.0,366.0,194.0,536.0,276.0,538.0,,-80,8379555
16.8441,2019-09-08 18:41:50.718547,216.0,328.0,306.0,270.0,282.0,188.0,314.0,188.0,,-79,8376099
16.8622,2019-09-08 18:41:50.741496,214.0,276.0,270.0,294.0,530.0,298.0,184.0,306.0,,-76,8371050
16.8851,2019-09-08 18:41:50.757633,240.0,236.0,272.0,268.0,510.0,306.0,180.0,302.0,,-75,8365628
16.9013,2019-09-08 18:41:50.772997,214.0,250.0,210.0,246.0,300.0,316.0,318.0,178.0,,-74,8361119
16.9168,2019-09-08 18:41:50.791677,198.0,204.0,198.0,228.0,292.0,324.0,284.0,280.0,,-71,8359697
16.9355,2019-09-08 18:41:50.813657,198.0,190.0,218.0,210.0,178.0,268.0,364.0,352.0,,-68,8355230
16.9573,2019-09-08 18:41:50.835666,182.0,210.0,210.0,190.0,290.0,306.0,178.0,224.0,,-64,8353261
16.9794,2019-09-08 18:41:50.853047,182.0,208.0,190.0,180.0,278.0,268.0,176.0,206.0,,-62,8350901
16.9969,2019-09-08 18:41:50.870307,212.0,188.0,180.0,206.0,238.0,228.0,176.0,196.0,,-55,8349742
17.014,2019-09-08 18:41:50.885962,206.0,212.0,182.0,206.0,176.0,178.0,190.0,196.0,,-50,8347925
17.0296,2019-09-08 18:41:50.907948,212.0,188.0,182.0,204.0,188.0,192.0,190.0,174.0,,-37,8345444
17.0516,2019-09-08 18:41:50.922884,212.0,182.0,188.0,180.0,180.0,186.0,186.0,184.0,,-32,8344036
17.0666,2019-09-08 18:41:50.946869,204.0,180.0,180.0,204.0,180.0,180.0,180.0,172.0,,-24,8344219
17.0905,2019-09-08 18:41:50.959930,212.0,204.0,204.0,188.0,172.0,180.0,186.0,186.0,,-18,8343603
17.1038,2019-09-08 18:41:50.984289,188.0,182.0,202.0,202.0,180.0,180.0,186.0,172.0,,-15,8343340
17.1279,2019-09-08 18:41:50.998904,202.0,188.0,180.0,212.0,174.0,178.0,184.0,174.0,,-14,8343548
17.1423,2019-09-08 18:41:51.020267,202.0,188.0,212.0,188.0,178.0,186.0,172.0,174.0,,-14,8343434
17.1641,2019-09-08 18:41:51.039923,180.0,202.0,214.0,202.0,186.0,172.0,180.0,178.0,,-15,8343704
17.1836,2019-09-08 18:41:51.056006,212.0,188.0,188.0,202.0,178.0,184.0,172.0,180.0,,-16,8342420
17.1997,2019-09-08 18:41:51.074780,214.0,212.0,180.0,202.0,178.0,186.0,172.0,180.0,,-18,8342479
17.2184,2019-09-08 18:41:51.088802,202.0,202.0,180.0,204.0,178.0,184.0,174.0,180.0,,-20,8344015
17.2326,2019-09-08 18:41:51.108374,212.0,188.0,180.0,204.0,184.0,172.0,180.0,180.0,,-23,8344091
17.252,2019-09-08 18:41:51.132394,212.0,188.0,180.0,204.0,186.0,184.0,172.0,180.0,,-28,8344835
17.276,2019-09-08 18:41:51.152550,188.0,180.0,202.0,188.0,186.0,186.0,180.0,180.0,,-34,8344365
17.2962,2019-09-08 18:41:51.164441,212.0,202.0,212.0,188.0,180.0,174.0,172.0,180.0,,-37,8344641
17.3081,2019-09-08 18:41:51.186133,204.0,204.0,182.0,204.0,186.0,174.0,180.0,182.0,,-44,8344742
17.3299,2019-09-08 18:41:51.201549,180.0,202.0,212.0,190.0,174.0,180.0,182.0,180.0,,-48,8344693
17.3452,2019-09-08 18:41:51.220683,212.0,188.0,210.0,188.0,186.0,180.0,180.0,186.0,,-55,8344932
17.3643,2019-09-08 18:41:51.242760,204.0,188.0,204.0,204.0,172.0,180.0,182.0,184.0,,-60,8345368
17.3864,2019-09-08 18:41:51.257590,204.0,212.0,188.0,204.0,172.0,180.0,182.0,184.0,,-63,8345846
17.4012,2019-09-08 18:41:51.274264,204.0,188.0,212.0,190.0,186.0,172.0,180.0,174.0,,-67,8346375
17.4181,2019-09-08 18:41:51.292455,206.0,188.0,182.0,204.0,186.0,182.0,186.0,174.0,,-71,8345361
17.4361,2019-09-08 18:41:51.312960,190.0,204.0,188.0,180.0,188.0,180.0,186.0,174.0,,-72,8345569
17.4568,2019-09-08 18:41:51.329655,212.0,190.0,182.0,206.0,192.0,180.0,186.0,174.0,,-73,8346385
17.4734,2019-09-08 18:41:51.353254,186.0,188.0,204.0,246.0,200.0,180.0,186.0,174.0,,-73,8346534
17.4969,2019-09-08 18:41:51.372522,188.0,180.0,206.0,188.0,252.0,180.0,186.0,174.0,,-72,8345617
17.5162,2019-09-08 18:41:51.386234,422.0,206.0,452.0,188.0,174.0,340.0,174.0,374.0,,-72,8344368
17.53,2019-09-08 18:41:51.407413,208.0,190.0,190.0,182.0,182.0,186.0,174.0,454.0,,-72,8342749
17.551,2019-09-08 18:41:51.424149,182.0,190.0,190.0,182.0,184.0,186.0,174.0,530.0,,-73,8342116
17.5678,2019-09-08 18:41:51.440758,712.0,190.0,190.0,182.0,544.0,174.0,562.0,190.0,,-72,8343129
17.5844,2019-09-08 18:41:51.466529,718.0,716.0,190.0,182.0,188.0,188.0,172.0,198.0,,-72,8342870
17.6102,2019-09-08 18:41:51.478211,714.0,190.0,182.0,214.0,186.0,174.0,600.0,206.0,,-72,8343112
17.622,2019-09-08 18:41:51.495912,190.0,182.0,190.0,182.0,186.0,172.0,618.0,212.0,,-71,8344593
17.6397,2019-09-08 18:41:51.514625,182.0,216.0,216.0,728.0,190.0,172.0,638.0,218.0,,-71,8343731
17.6584,2019-09-08 18:41:51.534018,182.0,216.0,182.0,728.0,172.0,646.0,222.0,196.0,,-71,8343261
17.6777,2019-09-08 18:41:51.552584,218.0,190.0,720.0,718.0,196.0,174.0,654.0,224.0,,-71,8343205
17.6962,2019-09-08 18:41:51.570877,190.0,192.0,182.0,706.0,198.0,650.0,648.0,200.0,,-72,8343555
17.7154,2019-09-08 18:41:51.603568,218.0,686.0,192.0,220.0,624.0,232.0,202.0,174.0,,-72,8343233
17.7472,2019-09-08 18:41:51.653638,182.0,194.0,182.0,646.0,240.0,240.0,174.0,174.0,,-74,8344264
17.7973,2019-09-08 18:41:51.672827,620.0,202.0,184.0,606.0,242.0,208.0,174.0,522.0,,-75,8343295
17.8162,2019-09-08 18:41:51.696551,210.0,546.0,266.0,266.0,246.0,210.0,210.0,174.0,,-76,8343451
17.8399,2019-09-08 18:41:51.713615,222.0,494.0,188.0,188.0,250.0,176.0,176.0,500.0,,-77,8343565
17.857,2019-09-08 18:41:51.748787,456.0,446.0,240.0,192.0,222.0,176.0,472.0,268.0,,-79,8343735
17.8923,2019-09-08 18:41:51.767057,392.0,314.0,196.0,266.0,234.0,176.0,450.0,276.0,,-79,8343538
17.9105,2019-09-08 18:41:51.783223,198.0,348.0,286.0,342.0,178.0,178.0,422.0,288.0,,-80,8343513
17.927,2019-09-08 18:41:51.800232,304.0,306.0,346.0,346.0,180.0,180.0,296.0,292.0,,-80,8342728
17.9441,2019-09-08 18:41:51.818246,328.0,330.0,210.0,284.0,182.0,364.0,308.0,318.0,,-80,8343379
17.9617,2019-09-08 18:41:51.834191,216.0,350.0,262.0,368.0,184.0,330.0,320.0,352.0,,-81,8342832
17.9776,2019-09-08 18:41:51.855755,222.0,376.0,244.0,376.0,190.0,298.0,378.0,194.0,,-81,8342949
17.9997,2019-09-08 18:41:51.872957,236.0,390.0,234.0,386.0,196.0,198.0,344.0,418.0,,-81,8343621
18.0164,2019-09-08 18:41:51.889857,232.0,406.0,244.0,390.0,202.0,234.0,352.0,448.0,,-81,8344472
18.0334,2019-09-08 18:41:51.905742,230.0,414.0,414.0,254.0,214.0,360.0,360.0,476.0,,-81,8345074
18.0491,2019-09-08 18:41:51.924046,260.0,388.0,260.0,386.0,196.0,194.0,496.0,192.0,,-80,8343911
18.0674,2019-09-08 18:41:51.942643,224.0,268.0,270.0,414.0,192.0,508.0,230.0,234.0,,-80,8343700
18.086,2019-09-08 18:41:51.967295,222.0,366.0,276.0,276.0,190.0,514.0,514.0,242.0,,-79,8343572
18.1106,2019-09-08 18:41:51.978862,218.0,218.0,280.0,338.0,354.0,352.0,248.0,184.0,,-79,8344635
18.1225,2019-09-08 18:41:51.993767,280.0,216.0,280.0,280.0,346.0,498.0,256.0,258.0,,-77,8344164
18.1371,2019-09-08 18:41:52.012568,274.0,286.0,272.0,272.0,482.0,262.0,178.0,178.0,,-76,8343704
18.1559,2019-09-08 18:41:52.033031,212.0,250.0,246.0,252.0,450.0,270.0,178.0,310.0,,-73,8342278
18.1764,2019-09-08 18:41:52.055308,210.0,210.0,218.0,214.0,302.0,404.0,278.0,178.0,,-70,8343244
18.1989,2019-09-08 18:41:52.073200,210.0,204.0,204.0,202.0,372.0,362.0,280.0,178.0,,-69,8344652
18.2168,2019-09-08 18:41:52.085047,190.0,212.0,210.0,194.0,280.0,316.0,242.0,290.0,,-65,8344448
18.2284,2019-09-08 18:41:52.104207,208.0,208.0,180.0,206.0,268.0,178.0,222.0,248.0,,-63,8345230
18.2475,2019-09-08 18:41:52.130473,210.0,206.0,190.0,206.0,218.0,210.0,178.0,198.0,,-56,8345174
18.274,2019-09-08 18:41:52.147031,210.0,188.0,210.0,204.0,206.0,188.0,178.0,190.0,,-45,8345766
18.2905,2019-09-08 18:41:52.165945,212.0,190.0,190.0,210.0,178.0,188.0,186.0,174.0,,-39,8346738
18.3093,2019-09-08 18:41:52.185603,202.0,190.0,188.0,202.0,174.0,180.0,182.0,186.0,,-28,8345970
18.329,2019-09-08 18:41:52.197496,202.0,212.0,188.0,180.0,186.0,184.0,186.0,188.0,,-24,8346140
18.3409,2019-09-08 18:41:52.215417,212.0,188.0,188.0,180.0,182.0,180.0,180.0,186.0,,-18,8345237
18.3588,2019-09-08 18:41:52.233741,212.0,188.0,188.0,180.0,180.0,186.0,172.0,186.0,,-16,8345437
18.3771,2019-09-08 18:41:52.253517,180.0,202.0,212.0,180.0,172.0,186.0,174.0,180.0,,-15,8346780
18.3969,2019-09-08 18:41:52.270004,212.0,212.0,188.0,202.0,180.0,180.0,186.0,174.0,,-14,8347427
18.4134,2019-09-08 18:41:52.286843,180.0,188.0,188.0,180.0,180.0,178.0,186.0,174.0,,-14,8348680
18.4303,2019-09-08 18:41:52.308789,212.0,188.0,180.0,188.0,180.0,180.0,186.0,174.0,,-16,8349849
18.4522,2019-09-08 18:41:52.322219,212.0,212.0,188.0,180.0,180.0,184.0,180.0,172.0,,-17,8349552
18.4656,2019-09-08 18:41:52.343006,212.0,188.0,180.0,202.0,180.0,184.0,180.0,180.0,,-20,8348735
18.4863,2019-09-08 18:41:52.363588,212.0,188.0,180.0,202.0,178.0,184.0,172.0,180.0,,-24,8348853
18.5069,2019-09-08 18:41:52.381479,212.0,212.0,188.0,180.0,174.0,180.0,180.0,186.0,,-27,8347136
18.5249,2019-09-08 18:41:52.393931,212.0,212.0,188.0,180.0,174.0,180.0,172.0,180.0,,-29,8346624
18.5374,2019-09-08 18:41:52.411768,212.0,212.0,188.0,202.0,186.0,174.0,180.0,182.0,,-35,8346143
18.5553,2019-09-08 18:41:52.430768,210.0,210.0,188.0,180.0,186.0,174.0,180.0,182.0,,-41,8345981
18.5741,2019-09-08 18:41:52.448307,210.0,188.0,180.0,202.0,180.0,182.0,186.0,174.0,,-45,8346375
18.5917,2019-09-08 18:41:52.474928,210.0,188.0,180.0,202.0,186.0,174.0,180.0,182.0,,-51,8346759
18.6183,2019-09-08 18:41:52.486940,210.0,188.0,182.0,204.0,186.0,172.0,180.0,186.0,,-56,8346697
18.6303,2019-09-08 18:41:52.503441,212.0,182.0,190.0,202.0,172.0,180.0,180.0,186.0,,-59,8347846
18.6468,2019-09-08 18:41:52.523070,210.0,182.0,182.0,204.0,182.0,180.0,182.0,184.0,,-63,8350195
18.6664,2019-09-08 18:41:52.542000,210.0,188.0,204.0,204.0,182.0,182.0,182.0,186.0,,-65,8352078
18.6853,2019-09-08 18:41:52.560752,188.0,182.0,204.0,204.0,186.0,182.0,186.0,174.0,,-67,8351835
18.7041,2019-09-08 18:41:52.584159,210.0,188.0,182.0,210.0,182.0,186.0,196.0,198.0,,-68,8350046
18.7275,2019-09-08 18:41:52.599543,188.0,188.0,204.0,222.0,200.0,180.0,172.0,206.0,,-69,8351711
18.7429,2019-09-08 18:41:52.618128,182.0,204.0,260.0,188.0,174.0,186.0,174.0,186.0,,-69,8353745
18.7615,2019-09-08 18:41:52.659664,180.0,188.0,354.0,180.0,174.0,228.0,182.0,186.0,,-68,8352282
18.803,2019-09-08 18:41:52.665902,206.0,434.0,444.0,180.0,174.0,266.0,180.0,186.0,,-68,8350562
18.8093,2019-09-08 18:41:52.677154,532.0,546.0,180.0,182.0,186.0,172.0,354.0,372.0,,-68,8348856
18.8205,2019-09-08 18:41:52.689469,640.0,190.0,182.0,208.0,184.0,174.0,414.0,194.0,,-68,8346984
18.8328,2019-09-08 18:41:52.708474,210.0,208.0,190.0,182.0,438.0,444.0,200.0,190.0,,-68,8347417
18.8518,2019-09-08 18:41:52.727247,184.0,212.0,184.0,214.0,192.0,472.0,206.0,206.0,,-67,8349520
18.8706,2019-09-08 18:41:52.759780,726.0,190.0,728.0,218.0,202.0,174.0,494.0,210.0,,-67,8351213
18.9031,2019-09-08 18:41:52.771374,194.0,186.0,220.0,198.0,216.0,234.0,176.0,520.0,,-67,8350963
18.9147,2019-09-08 18:41:52.790381,718.0,202.0,186.0,224.0,178.0,516.0,226.0,262.0,,-68,8349147
18.9338,2019-09-08 18:41:52.804584,204.0,204.0,188.0,686.0,508.0,230.0,232.0,180.0,,-68,8349029
18.9479,2019-09-08 18:41:52.820620,206.0,232.0,208.0,188.0,500.0,496.0,236.0,182.0,,-68,8347545
18.964,2019-09-08 18:41:52.854069,188.0,214.0,216.0,188.0,484.0,240.0,304.0,184.0,,-69,8349451
18.9974,2019-09-08 18:41:52.896479,222.0,190.0,190.0,444.0,342.0,188.0,390.0,250.0,,-71,8348683
19.0398,2019-09-08 18:41:52.921789,410.0,240.0,396.0,246.0,372.0,254.0,360.0,190.0,,-73,8348112
19.0651,2019-09-08 18:41:52.955723,254.0,256.0,322.0,198.0,264.0,382.0,194.0,292.0,,-75,8348600
19.0991,2019-09-08 18:41:52.985390,338.0,200.0,280.0,350.0,198.0,406.0,198.0,252.0,,-77,8350174
19.1287,2019-09-08 18:41:53.007741,208.0,260.0,308.0,212.0,288.0,422.0,202.0,294.0,,-78,8351455
19.1512,2019-09-08 18:41:53.025673,244.0,242.0,216.0,326.0,436.0,206.0,218.0,304.0,,-78,8351199
19.169,2019-09-08 18:41:53.043668,236.0,340.0,234.0,342.0,452.0,308.0,462.0,212.0,,-79,8351517
19.187,2019-09-08 18:41:53.059346,232.0,392.0,232.0,232.0,214.0,200.0,482.0,486.0,,-79,8353046
19.2027,2019-09-08 18:41:53.087071,366.0,240.0,400.0,400.0,222.0,196.0,326.0,502.0,,-79,8354164
19.2304,2019-09-08 18:41:53.100106,374.0,248.0,226.0,378.0,244.0,190.0,336.0,524.0,,-80,8353015
19.2435,2019-09-08 18:41:53.118945,226.0,384.0,224.0,224.0,256.0,188.0,338.0,528.0,,-80,8353098
19.2623,2019-09-08 18:41:53.135549,224.0,390.0,268.0,410.0,336.0,528.0,276.0,184.0,,-80,8352351
19.2789,2019-09-08 18:41:53.156227,222.0,406.0,276.0,222.0,334.0,182.0,330.0,296.0,,-80,8352206
19.2996,2019-09-08 18:41:53.186642,222.0,388.0,386.0,284.0,180.0,322.0,510.0,310.0,,-78,8351386
19.33,2019-09-08 18:41:53.201555,382.0,366.0,380.0,376.0,180.0,310.0,178.0,304.0,,-77,8350403
19.345,2019-09-08 18:41:53.215727,216.0,328.0,324.0,216.0,478.0,326.0,464.0,330.0,,-76,8348337
19.3591,2019-09-08 18:41:53.233699,214.0,274.0,320.0,316.0,442.0,332.0,178.0,274.0,,-73,8346043
19.377,2019-09-08 18:41:53.250895,212.0,242.0,260.0,212.0,396.0,388.0,378.0,178.0,,-71,8344974
19.3942,2019-09-08 18:41:53.269005,258.0,254.0,230.0,210.0,348.0,330.0,328.0,178.0,,-68,8346358
19.4123,2019-09-08 18:41:53.290060,208.0,204.0,204.0,202.0,320.0,280.0,304.0,260.0,,-64,8346195
19.4337,2019-09-08 18:41:53.306530,208.0,194.0,188.0,212.0,222.0,178.0,260.0,178.0,,-61,8346254
19.4499,2019-09-08 18:41:53.326552,208.0,208.0,208.0,180.0,198.0,206.0,180.0,192.0,,-51,8345631
19.4699,2019-09-08 18:41:53.352147,210.0,188.0,180.0,188.0,198.0,180.0,180.0,186.0,,-40,8344735
19.4955,2019-09-08 18:41:53.361635,204.0,188.0,210.0,210.0,182.0,172.0,180.0,186.0,,-35,8344406
19.5049,2019-09-08 18:41:53.378508,210.0,188.0,202.0,210.0,174.0,180.0,180.0,182.0,,-31,8343586
19.5219,2019-09-08 18:41:53.399188,210.0,210.0,210.0,210.0,186.0,180.0,180.0,180.0,,-23,8342866
19.5425,2019-09-08 18:41:53.415565,212.0,202.0,188.0,180.0,180.0,180.0,186.0,174.0,,-18,8342631
19.5589,2019-09-08 18:41:53.431691,210.0,210.0,188.0,180.0,182.0,180.0,180.0,184.0,,-16,8342160
19.575,2019-09-08 18:41:53.453330,202.0,188.0,182.0,212.0,174.0,180.0,178.0,184.0,,-15,8342095
19.5967,2019-09-08 18:41:53.466746,210.0,188.0,210.0,188.0,174.0,180.0,178.0,184.0,,-14,8342164
19.6101,2019-09-08 18:41:53.486624,212.0,188.0,180.0,188.0,172.0,180.0,178.0,184.0,,-15,8341655
19.6299,2019-09-08 18:41:53.507513,202.0,188.0,212.0,188.0,174.0,180.0,178.0,174.0,,-17,8343209
19.6508,2019-09-08 18:41:53.518990,210.0,188.0,212.0,180.0,180.0,178.0,184.0,172.0,,-18,8342441
19.6623,2019-09-08 18:41:53.541926,180.0,210.0,180.0,202.0,180.0,178.0,184.0,172.0,,-20,8343427
19.6853,2019-09-08 18:41:53.555880,212.0,212.0,188.0,188.0,180.0,178.0,184.0,174.0,,-22,8342974
19.6994,2019-09-08 18:41:53.574536,202.0,210.0,188.0,188.0,182.0,180.0,184.0,172.0,,-26,8343804
19.7179,2019-09-08 18:41:53.598733,202.0,188.0,210.0,188.0,180.0,184.0,172.0,180.0,,-31,8344714
19.7421,2019-09-08 18:41:53.612745,210.0,188.0,212.0,210.0,184.0,174.0,174.0,180.0,,-34,8345510
19.7561,2019-09-08 18:41:53.625519,202.0,188.0,210.0,188.0,180.0,184.0,174.0,180.0,,-38,8344403
19.7689,2019-09-08 18:41:53.646136,180.0,210.0,210.0,202.0,184.0,174.0,180.0,180.0,,-44,8344915
19.7895,2019-09-08 18:41:53.666382,180.0,210.0,188.0,202.0,186.0,172.0,180.0,180.0,,-51,8344770
19.8097,2019-09-08 18:41:53.684183,210.0,210.0,188.0,182.0,186.0,174.0,180.0,182.0,,-54,8346109
19.8275,2019-09-08 18:41:53.731249,210.0,188.0,210.0,188.0,180.0,180.0,182.0,186.0,,-63,8347617
19.8746,2019-09-08 18:41:53.737686,210.0,204.0,182.0,210.0,196.0,200.0,182.0,186.0,,-64,8346780
19.8814,2019-09-08 18:41:53.745771,204.0,190.0,210.0,190.0,174.0,206.0,182.0,188.0,,-65,8346064
19.8892,2019-09-08 18:41:53.759959,182.0,210.0,190.0,182.0,174.0,212.0,180.0,186.0,,-65,8346994
19.9039,2019-09-08 18:41:53.777176,214.0,214.0,188.0,216.0,180.0,186.0,186.0,174.0,,-65,8348385
19.9211,2019-09-08 18:41:53.795639,228.0,188.0,182.0,204.0,236.0,180.0,186.0,188.0,,-65,8347579
19.9393,2019-09-08 18:41:53.811877,204.0,188.0,180.0,204.0,180.0,280.0,180.0,186.0,,-65,8348700
19.9553,2019-09-08 18:41:53.827685,204.0,188.0,396.0,188.0,350.0,182.0,186.0,172.0,,-64,8348697
19.9713,2019-09-08 18:41:53.847169,206.0,482.0,190.0,208.0,422.0,186.0,186.0,172.0,,-65,8344116
19.9908,2019-09-08 18:41:53.871390,594.0,188.0,182.0,208.0,196.0,186.0,172.0,202.0,,-65,8343268
20.015,2019-09-08 18:41:53.885210,656.0,190.0,182.0,668.0,202.0,194.0,172.0,494.0,,-65,8343704
20.0288,2019-09-08 18:41:53.906063,190.0,190.0,184.0,210.0,210.0,204.0,208.0,174.0,,-65,8343268
20.0497,2019-09-08 18:41:53.920704,700.0,190.0,184.0,212.0,502.0,218.0,174.0,504.0,,-65,8343766
20.064,2019-09-08 18:41:53.938748,710.0,192.0,184.0,216.0,174.0,502.0,230.0,240.0,,-67,8343953
20.0821,2019-09-08 18:41:53.955748,718.0,194.0,186.0,216.0,236.0,176.0,176.0,488.0,,-67,8344742
20.0991,2019-09-08 18:41:53.980807,196.0,186.0,196.0,186.0,244.0,176.0,176.0,474.0,,-68,8344396
20.1242,2019-09-08 18:41:53.998677,698.0,198.0,186.0,694.0,252.0,262.0,178.0,256.0,,-69,8344240
20.142,2019-09-08 18:41:54.016994,678.0,198.0,220.0,198.0,266.0,178.0,446.0,264.0,,-70,8343749
20.1603,2019-09-08 18:41:54.029151,200.0,200.0,186.0,638.0,178.0,430.0,266.0,278.0,,-71,8344147
20.1725,2019-09-08 18:41:54.047523,186.0,202.0,610.0,204.0,414.0,270.0,272.0,178.0,,-72,8343610
20.1911,2019-09-08 18:41:54.069782,206.0,206.0,188.0,238.0,180.0,180.0,284.0,298.0,,-73,8342946
20.2131,2019-09-08 18:41:54.091997,188.0,246.0,248.0,544.0,300.0,334.0,292.0,306.0,,-74,8343482
20.2353,2019-09-08 18:41:54.112682,524.0,258.0,190.0,260.0,294.0,312.0,300.0,312.0,,-76,8343624
20.256,2019-09-08 18:41:54.128501,488.0,228.0,228.0,192.0,302.0,296.0,306.0,288.0,,-76,8342877
20.2718,2019-09-08 18:41:54.144091,450.0,240.0,196.0,438.0,184.0,280.0,316.0,272.0,,-77,8345053
20.2874,2019-09-08 18:41:54.161535,254.0,256.0,292.0,294.0,268.0,324.0,340.0,186.0,,-78,8345828
20.3049,2019-09-08 18:41:54.184386,376.0,204.0,204.0,306.0,254.0,332.0,356.0,190.0,,-79,8347088
20.3277,2019-09-08 18:41:54.203026,206.0,336.0,208.0,330.0,240.0,340.0,374.0,192.0,,-79,8346278
20.3464,2019-09-08 18:41:54.236988,310.0,302.0,212.0,306.0,228.0,350.0,398.0,356.0,,-80,8346046
20.3803,2019-09-08 18:41:54.243222,282.0,322.0,276.0,326.0,216.0,360.0,210.0,366.0,,-80,8346524
20.3865,2019-09-08 18:41:54.255698,258.0,346.0,354.0,350.0,206.0,442.0,210.0,198.0,,-80,8346742
20.399,2019-09-08 18:41:54.274634,366.0,234.0,240.0,364.0,378.0,464.0,468.0,194.0,,-80,8347392
20.418,2019-09-08 18:41:54.288788,236.0,234.0,242.0,374.0,384.0,482.0,228.0,192.0,,-81,8348289
20.4321,2019-09-08 18:41:54.306592,252.0,230.0,230.0,406.0,236.0,190.0,380.0,496.0,,-81,8348344
20.4499,2019-09-08 18:41:54.325352,260.0,230.0,416.0,228.0,498.0,250.0,186.0,372.0,,-81,8348953
20.4687,2019-09-08 18:41:54.343141,228.0,228.0,426.0,270.0,498.0,264.0,184.0,364.0,,-80,8347084
20.4865,2019-09-08 18:41:54.361443,382.0,428.0,276.0,276.0,360.0,490.0,180.0,180.0,,-79,8345970
20.5048,2019-09-08 18:41:54.381030,222.0,414.0,278.0,408.0,480.0,288.0,180.0,330.0,,-77,8345704
20.5244,2019-09-08 18:41:54.397525,218.0,380.0,280.0,278.0,178.0,320.0,178.0,300.0,,-76,8345320
20.5409,2019-09-08 18:41:54.416443,338.0,274.0,350.0,348.0,300.0,294.0,288.0,304.0,,-74,8344520
20.5598,2019-09-08 18:41:54.431876,214.0,280.0,260.0,312.0,392.0,270.0,370.0,304.0,,-71,8343586
20.5752,2019-09-08 18:41:54.452201,288.0,210.0,240.0,276.0,290.0,178.0,224.0,256.0,,-69,8344226
20.5956,2019-09-08 18:41:54.472956,220.0,220.0,246.0,216.0,254.0,178.0,210.0,226.0,,-65,8344655
20.6164,2019-09-08 18:41:54.488546,206.0,204.0,198.0,208.0,222.0,178.0,200.0,212.0,,-58,8344032
20.6323,2019-09-08 18:41:54.506074,212.0,212.0,184.0,208.0,194.0,180.0,194.0,200.0,,-54,8344697
20.6499,2019-09-08 18:41:54.525879,206.0,188.0,210.0,206.0,176.0,180.0,188.0,192.0,,-46,8344880
20.6693,2019-09-08 18:41:54.540948,180.0,188.0,210.0,188.0,174.0,180.0,184.0,188.0,,-37,8344510
20.6844,2019-09-08 18:41:54.556743,210.0,188.0,182.0,210.0,180.0,188.0,188.0,174.0,,-34,8344455
20.7002,2019-09-08 18:41:54.575009,188.0,180.0,182.0,208.0,180.0,182.0,188.0,174.0,,-29,8342859
20.7188,2019-09-08 18:41:54.594173,188.0,180.0,202.0,188.0,180.0,180.0,186.0,174.0,,-27,8343475
20.7376,2019-09-08 18:41:54.615660,188.0,210.0,188.0,210.0,180.0,180.0,186.0,174.0,,-25,8342524
20.759,2019-09-08 18:41:54.636134,188.0,210.0,210.0,188.0,180.0,180.0,188.0,174.0,,-24,8342455
20.7795,2019-09-08 18:41:54.649781,180.0,202.0,180.0,202.0,188.0,186.0,180.0,182.0,,-25,8342596
20.7931,2019-09-08 18:41:54.691294,180.0,202.0,180.0,202.0,180.0,186.0,174.0,180.0,,-27,8342603
20.8346,2019-09-08 18:41:54.697539,180.0,202.0,210.0,202.0,180.0,186.0,180.0,180.0,,-28,8342814
20.8408,2019-09-08 18:41:54.710403,212.0,210.0,180.0,210.0,180.0,188.0,174.0,180.0,,-29,8343143
20.8539,2019-09-08 18:41:54.736259,202.0,210.0,188.0,180.0,180.0,186.0,174.0,182.0,,-32,8343946
20.8796,2019-09-08 18:41:54.745534,210.0,182.0,202.0,210.0,186.0,182.0,182.0,182.0,,-33,8344538
20.8888,2019-09-08 18:41:54.762665,202.0,188.0,180.0,202.0,186.0,174.0,180.0,182.0,,-37,8345413
20.906,2019-09-08 18:41:54.780478,210.0,188.0,202.0,202.0,188.0,174.0,180.0,184.0,,-40,8346503
20.924,2019-09-08 18:41:54.798521,180.0,202.0,180.0,188.0,188.0,174.0,180.0,184.0,,-45,8345904
20.9419,2019-09-08 18:41:54.818856,202.0,188.0,210.0,188.0,180.0,174.0,180.0,184.0,,-50,8345188
20.9622,2019-09-08 18:41:54.840070,210.0,188.0,182.0,210.0,174.0,180.0,186.0,188.0,,-55,8344621
20.9837,2019-09-08 18:41:54.855453,210.0,202.0,210.0,188.0,174.0,180.0,186.0,188.0,,-57,8345358
20.9988,2019-09-08 18:41:54.873179,210.0,182.0,182.0,202.0,176.0,182.0,186.0,188.0,,-62,8346472
21.0165,2019-09-08 18:41:54.895897,210.0,188.0,182.0,202.0,174.0,186.0,186.0,188.0,,-64,8346797
21.0393,2019-09-08 18:41:54.930485,210.0,202.0,182.0,202.0,184.0,188.0,174.0,188.0,,-69,8345057
21.0742,2019-09-08 18:41:54.939222,204.0,190.0,182.0,204.0,186.0,188.0,174.0,190.0,,-70,8345057
21.0826,2019-09-08 18:41:54.953550,212.0,190.0,182.0,212.0,190.0,184.0,188.0,174.0,,-70,8346943
21.0969,2019-09-08 18:41:54.972133,190.0,190.0,182.0,224.0,184.0,188.0,188.0,174.0,,-71,8347711
21.1155,2019-09-08 18:41:54.990238,188.0,182.0,204.0,204.0,184.0,188.0,174.0,184.0,,-71,8348749
21.1337,2019-09-08 18:41:55.009172,188.0,188.0,204.0,368.0,184.0,186.0,174.0,338.0,,-71,8345645
21.1525,2019-09-08 18:41:55.031051,188.0,188.0,206.0,206.0,188.0,174.0,174.0,464.0,,-71,8341610
21.1744,2019-09-08 18:41:55.044863,542.0,554.0,188.0,182.0,186.0,188.0,174.0,188.0,,-71,8341707
21.1882,2019-09-08 18:41:55.064085,190.0,182.0,630.0,190.0,188.0,634.0,646.0,190.0,,-71,8341493
21.2074,2019-09-08 18:41:55.079292,652.0,652.0,184.0,652.0,188.0,664.0,664.0,188.0,,-71,8342638
21.2227,2019-09-08 18:41:55.098907,218.0,192.0,192.0,220.0,188.0,660.0,658.0,200.0,,-71,8343597
21.2423,2019-09-08 18:41:55.117192,668.0,198.0,222.0,222.0,174.0,654.0,206.0,190.0,,-70,8343929
21.2606,2019-09-08 18:41:55.137897,202.0,670.0,670.0,224.0,174.0,646.0,190.0,174.0,,-70,8343392
21.2813,2019-09-08 18:41:55.154366,666.0,226.0,206.0,190.0,174.0,636.0,190.0,174.0,,-71,8343597
21.2978,2019-09-08 18:41:55.171691,190.0,228.0,210.0,190.0,626.0,624.0,230.0,194.0,,-71,8343825
21.315,2019-09-08 18:41:55.190214,212.0,628.0,624.0,190.0,232.0,608.0,234.0,196.0,,-72,8342908
21.3339,2019-09-08 18:41:55.208674,216.0,190.0,234.0,192.0,236.0,236.0,196.0,174.0,,-73,8342763
21.3521,2019-09-08 18:41:55.227276,570.0,240.0,192.0,240.0,574.0,240.0,196.0,174.0,,-74,8344126
21.3706,2019-09-08 18:41:55.254406,534.0,234.0,196.0,248.0,544.0,196.0,174.0,520.0,,-75,8343344
21.3977,2019-09-08 18:41:55.260752,504.0,256.0,198.0,256.0,196.0,250.0,198.0,254.0,,-76,8344603
21.4041,2019-09-08 18:41:55.279299,476.0,256.0,200.0,266.0,256.0,198.0,176.0,260.0,,-76,8344368
21.4227,2019-09-08 18:41:55.298050,266.0,268.0,204.0,438.0,264.0,198.0,176.0,270.0,,-77,8342552
21.4415,2019-09-08 18:41:55.316797,206.0,282.0,284.0,208.0,272.0,198.0,176.0,418.0,,-78,8343970
21.4601,2019-09-08 18:41:55.336610,292.0,294.0,212.0,296.0,282.0,176.0,408.0,404.0,,-78,8343648
21.4801,2019-09-08 18:41:55.354834,304.0,308.0,306.0,306.0,204.0,176.0,378.0,314.0,,-79,8343372
21.4982,2019-09-08 18:41:55.371590,308.0,320.0,218.0,316.0,178.0,206.0,358.0,328.0,,-79,8343351
21.515,2019-09-08 18:41:55.392445,222.0,222.0,222.0,336.0,178.0,342.0,336.0,212.0,,-79,8344057
21.5359,2019-09-08 18:41:55.412396,336.0,224.0,260.0,338.0,212.0,320.0,314.0,216.0,,-80,8343396
21.5559,2019-09-08 18:41:55.427932,250.0,352.0,354.0,228.0,178.0,296.0,292.0,226.0,,-80,8343742
21.5719,2019-09-08 18:41:55.449209,230.0,362.0,238.0,232.0,178.0,272.0,390.0,240.0,,-80,8343147
21.5927,2019-09-08 18:41:55.463434,372.0,234.0,236.0,380.0,178.0,180.0,244.0,414.0,,-80,8344119
21.6069,2019-09-08 18:41:55.481388,232.0,230.0,244.0,392.0,180.0,180.0,428.0,278.0,,-80,8343133
21.6248,2019-09-08 18:41:55.514834,388.0,402.0,250.0,392.0,186.0,456.0,340.0,192.0,,-80,8343725
21.6584,2019-09-08 18:41:55.526595,226.0,258.0,226.0,414.0,192.0,460.0,374.0,382.0,,-80,8344327
21.67,2019-09-08 18:41:55.543663,420.0,266.0,396.0,226.0,206.0,188.0,452.0,412.0,,-81,8344340
21.6871,2019-09-08 18:41:55.560483,224.0,422.0,422.0,390.0,218.0,422.0,222.0,184.0,,-81,8344486
21.704,2019-09-08 18:41:55.579386,222.0,222.0,382.0,280.0,184.0,438.0,236.0,182.0,,-80,8343728
21.7228,2019-09-08 18:41:55.596676,220.0,392.0,284.0,218.0,182.0,442.0,246.0,250.0,,-79,8343465
21.7401,2019-09-08 18:41:55.616419,352.0,284.0,348.0,348.0,180.0,384.0,434.0,260.0,,-78,8343379
21.7598,2019-09-08 18:41:55.641028,214.0,310.0,278.0,322.0,178.0,362.0,416.0,268.0,,-77,8343666
21.7849,2019-09-08 18:41:55.653884,294.0,290.0,266.0,286.0,402.0,330.0,178.0,278.0,,-74,8343690
21.7976,2019-09-08 18:41:55.666859,250.0,234.0,210.0,228.0,366.0,280.0,178.0,280.0,,-71,8344046
21.8106,2019-09-08 18:41:55.684778,210.0,238.0,210.0,236.0,322.0,278.0,178.0,252.0,,-69,8344015
21.8282,2019-09-08 18:41:55.711672,202.0,202.0,198.0,220.0,272.0,178.0,234.0,242.0,,-65,8344545
21.8551,2019-09-08 18:41:55.726337,186.0,210.0,186.0,192.0,234.0,224.0,178.0,210.0,,-58,8345420
21.8698,2019-09-08 18:41:55.750239,204.0,188.0,182.0,206.0,214.0,200.0,178.0,178.0,,-49,8344974
21.8937,2019-09-08 18:41:55.760398,208.0,204.0,182.0,204.0,198.0,200.0,178.0,192.0,,-43,8344787
21.9039,2019-09-08 18:41:55.776667,204.0,210.0,208.0,210.0,192.0,174.0,186.0,186.0,,-38,8344427
21.92,2019-09-08 18:41:55.795807,210.0,188.0,182.0,202.0,174.0,182.0,186.0,174.0,,-29,8342998
21.9392,2019-09-08 18:41:55.815696,210.0,188.0,180.0,210.0,174.0,180.0,186.0,186.0,,-26,8341932
21.959,2019-09-08 18:41:55.830914,210.0,188.0,180.0,188.0,172.0,180.0,180.0,186.0,,-21,8342451
21.9742,2019-09-08 18:41:55.851874,210.0,188.0,180.0,180.0,174.0,180.0,180.0,180.0,,-18,8342323
21.9952,2019-09-08 18:41:55.866830,202.0,188.0,212.0,180.0,180.0,186.0,174.0,174.0,,-17,8342212
22.0102,2019-09-08 18:41:55.886681,212.0,188.0,180.0,200.0,180.0,180.0,186.0,174.0,,-17,8342513
22.03,2019-09-08 18:41:55.910995,210.0,188.0,212.0,188.0,180.0,186.0,174.0,180.0,,-18,8342077
22.0543,2019-09-08 18:41:55.962425,212.0,182.0,202.0,188.0,180.0,186.0,186.0,174.0,,-22,8343195
22.1058,2019-09-08 18:41:55.968638,180.0,188.0,182.0,212.0,180.0,186.0,174.0,174.0,,-24,8343126
22.1119,2019-09-08 18:41:55.982336,180.0,202.0,202.0,202.0,182.0,186.0,174.0,180.0,,-26,8342645
22.1256,2019-09-08 18:41:56.000102,180.0,180.0,210.0,202.0,182.0,184.0,180.0,182.0,,-30,8342925
22.1435,2019-09-08 18:41:56.019019,188.0,180.0,188.0,210.0,182.0,174.0,174.0,186.0,,-33,8343372
22.1624,2019-09-08 18:41:56.036813,202.0,210.0,180.0,212.0,174.0,180.0,180.0,184.0,,-38,8343628
22.1801,2019-09-08 18:41:56.054845,202.0,180.0,180.0,202.0,186.0,180.0,184.0,184.0,,-42,8343714
22.1982,2019-09-08 18:41:56.072936,188.0,182.0,202.0,202.0,186.0,174.0,180.0,186.0,,-48,8343486
22.2163,2019-09-08 18:41:56.093664,210.0,188.0,202.0,202.0,174.0,174.0,180.0,186.0,,-55,8344714
22.237,2019-09-08 18:41:56.112331,182.0,188.0,180.0,182.0,174.0,180.0,186.0,186.0,,-57,8345112
22.2557,2019-09-08 18:41:56.129676,212.0,188.0,210.0,188.0,184.0,180.0,186.0,174.0,,-63,8345316
22.273,2019-09-08 18:41:56.146009,210.0,190.0,182.0,204.0,180.0,186.0,186.0,172.0,,-65,8345524
22.2893,2019-09-08 18:41:56.165353,204.0,190.0,182.0,188.0,182.0,186.0,186.0,176.0,,-69,8345763
22.3087,2019-09-08 18:41:56.186937,204.0,214.0,182.0,182.0,174.0,186.0,186.0,174.0,,-72,8346185
22.3303,2019-09-08 18:41:56.206755,226.0,182.0,234.0,188.0,184.0,186.0,174.0,194.0,,-74,8346472
22.3501,2019-09-08 18:41:56.226098,182.0,188.0,302.0,188.0,196.0,184.0,186.0,174.0,,-74,8347161
22.3694,2019-09-08 18:41:56.242778,386.0,188.0,182.0,204.0,184.0,186.0,174.0,174.0,,-74,8346507
22.3861,2019-09-08 18:41:56.264172,466.0,190.0,182.0,206.0,184.0,186.0,186.0,174.0,,-75,8342278
22.4075,2019-09-08 18:41:56.279115,570.0,188.0,188.0,182.0,182.0,188.0,188.0,430.0,,-74,8341998
22.4225,2019-09-08 18:41:56.296625,674.0,208.0,182.0,208.0,466.0,186.0,186.0,548.0,,-74,8341686
22.44,2019-09-08 18:41:56.315683,726.0,210.0,184.0,212.0,174.0,594.0,174.0,628.0,,-74,8342212
22.459,2019-09-08 18:41:56.333928,738.0,188.0,184.0,736.0,188.0,174.0,650.0,192.0,,-74,8342375
22.4773,2019-09-08 18:41:56.356049,184.0,218.0,218.0,192.0,192.0,188.0,186.0,174.0,,-73,8342690
22.4994,2019-09-08 18:41:56.372542,194.0,194.0,220.0,220.0,174.0,186.0,186.0,174.0,,-73,8343275
22.5159,2019-09-08 18:41:56.388787,198.0,184.0,720.0,222.0,676.0,200.0,204.0,204.0,,-73,8342700
22.5321,2019-09-08 18:41:56.407705,704.0,702.0,200.0,184.0,188.0,174.0,698.0,190.0,,-73,8343019
22.551,2019-09-08 18:41:56.424801,670.0,228.0,204.0,184.0,174.0,702.0,210.0,194.0,,-73,8343482
22.5681,2019-09-08 18:41:56.444905,628.0,206.0,622.0,208.0,174.0,698.0,696.0,212.0,,-73,8343368
22.5884,2019-09-08 18:41:56.466149,596.0,592.0,186.0,186.0,198.0,200.0,174.0,216.0,,-74,8343323
22.6095,2019-09-08 18:41:56.481892,572.0,186.0,186.0,244.0,174.0,218.0,202.0,654.0,,-74,8343693
22.6252,2019-09-08 18:41:56.498674,220.0,220.0,252.0,252.0,644.0,640.0,202.0,202.0,,-75,8343448
22.642,2019-09-08 18:41:56.516413,224.0,186.0,260.0,260.0,174.0,222.0,222.0,174.0,,-76,8342635
22.6597,2019-09-08 18:41:56.534416,510.0,268.0,188.0,270.0,592.0,226.0,228.0,206.0,,-77,8343036
22.6778,2019-09-08 18:41:56.554847,280.0,242.0,190.0,474.0,174.0,558.0,234.0,208.0,,-78,8343064
22.6982,2019-09-08 18:41:56.573443,190.0,250.0,190.0,294.0,238.0,210.0,174.0,512.0,,-79,8343756
22.7169,2019-09-08 18:41:56.587768,192.0,304.0,192.0,306.0,216.0,174.0,218.0,176.0,,-79,8344299
22.7311,2019-09-08 18:41:56.606484,192.0,372.0,192.0,318.0,464.0,226.0,228.0,176.0,,-80,8345922
22.7498,2019-09-08 18:41:56.624045,342.0,270.0,336.0,272.0,234.0,176.0,410.0,288.0,,-81,8344929
22.7674,2019-09-08 18:41:56.640702,196.0,340.0,308.0,280.0,292.0,382.0,178.0,260.0,,-81,8344631
22.7841,2019-09-08 18:41:56.661642,350.0,284.0,288.0,198.0,286.0,180.0,334.0,338.0,,-82,8343998
22.805,2019-09-08 18:41:56.682039,264.0,296.0,200.0,372.0,182.0,348.0,322.0,186.0,,-83,8344129
22.8254,2019-09-08 18:41:56.699369,246.0,310.0,242.0,314.0,336.0,364.0,352.0,192.0,,-83,8344351
22.8427,2019-09-08 18:41:56.717851,206.0,406.0,408.0,234.0,376.0,374.0,224.0,390.0,,-83,8345067
22.8612,2019-09-08 18:41:56.736409,422.0,338.0,212.0,424.0,396.0,210.0,394.0,396.0,,-83,8344638
22.8797,2019-09-08 18:41:56.752764,434.0,220.0,436.0,228.0,208.0,210.0,196.0,402.0,,-82,8343981
22.8961,2019-09-08 18:41:56.774674,226.0,366.0,230.0,446.0,192.0,402.0,192.0,192.0,,-82,8343870
22.918,2019-09-08 18:41:56.796117,226.0,448.0,376.0,246.0,398.0,190.0,394.0,486.0,,-81,8344233
22.9398,2019-09-08 18:41:56.808975,222.0,378.0,222.0,442.0,240.0,386.0,486.0,248.0,,-80,8343493
22.9526,2019-09-08 18:41:56.825192,220.0,370.0,264.0,430.0,184.0,374.0,476.0,470.0,,-80,8344188
22.9688,2019-09-08 18:41:56.845829,270.0,218.0,342.0,404.0,260.0,180.0,350.0,342.0,,-78,8344576
22.9895,2019-09-08 18:41:56.865970,376.0,368.0,272.0,358.0,336.0,424.0,272.0,178.0,,-75,8344628
23.0096,2019-09-08 18:41:56.890457,212.0,314.0,212.0,254.0,272.0,338.0,276.0,274.0,,-71,8342904
23.0339,2019-09-08 18:41:56.985154,234.0,244.0,210.0,226.0,178.0,234.0,230.0,254.0,,-40,8344164
23.1288,2019-09-08 18:41:56.991715,188.0,182.0,208.0,190.0,192.0,192.0,174.0,186.0,,-36,8344292
23.1351,2019-09-08 18:41:57.000501,208.0,210.0,210.0,188.0,184.0,186.0,188.0,186.0,,-33,8344735
23.1442,2019-09-08 18:41:57.017178,210.0,188.0,180.0,188.0,174.0,188.0,182.0,188.0,,-30,8343624
23.1608,2019-09-08 18:41:57.037358,182.0,202.0,180.0,210.0,174.0,174.0,180.0,186.0,,-26,8342645
23.181,2019-09-08 18:41:57.052256,182.0,202.0,180.0,202.0,182.0,174.0,174.0,180.0,,-25,8342967
23.1956,2019-09-08 18:41:57.071316,180.0,202.0,180.0,210.0,174.0,180.0,180.0,186.0,,-24,8343690
23.2149,2019-09-08 18:41:57.090247,180.0,202.0,180.0,182.0,186.0,174.0,180.0,180.0,,-24,8343237
23.234,2019-09-08 18:41:57.107917,210.0,188.0,210.0,188.0,174.0,174.0,180.0,186.0,,-25,8343039
23.2515,2019-09-08 18:41:57.123558,200.0,188.0,210.0,180.0,180.0,180.0,186.0,174.0,,-26,8342174
23.2672,2019-09-08 18:41:57.142711,202.0,210.0,182.0,188.0,180.0,180.0,186.0,174.0,,-29,8342783
23.2861,2019-09-08 18:41:57.161891,200.0,186.0,180.0,210.0,180.0,182.0,186.0,174.0,,-30,8342164
23.3055,2019-09-08 18:41:57.192360,210.0,188.0,180.0,202.0,182.0,180.0,174.0,180.0,,-35,8342849
23.336,2019-09-08 18:41:57.204076,212.0,188.0,180.0,200.0,180.0,186.0,174.0,180.0,,-38,8343835
23.3477,2019-09-08 18:41:57.221120,200.0,210.0,188.0,200.0,182.0,188.0,188.0,174.0,,-42,8344610
23.3645,2019-09-08 18:41:57.244188,188.0,180.0,202.0,202.0,180.0,186.0,174.0,180.0,,-47,8347887
23.3878,2019-09-08 18:41:57.256205,188.0,180.0,210.0,188.0,180.0,184.0,188.0,174.0,,-50,8346496
23.3998,2019-09-08 18:41:57.277470,202.0,200.0,180.0,202.0,180.0,184.0,188.0,174.0,,-54,8344648
23.4214,2019-09-08 18:41:57.302338,210.0,202.0,210.0,210.0,184.0,188.0,174.0,178.0,,-58,8344638
23.446,2019-09-08 18:41:57.312710,202.0,210.0,188.0,188.0,190.0,172.0,182.0,174.0,,-60,8345839
23.4563,2019-09-08 18:41:57.331701,210.0,202.0,182.0,180.0,188.0,174.0,188.0,184.0,,-63,8345846
23.4753,2019-09-08 18:41:57.350765,210.0,188.0,182.0,188.0,174.0,174.0,184.0,188.0,,-65,8344458
23.4941,2019-09-08 18:41:57.369620,210.0,188.0,182.0,188.0,174.0,188.0,184.0,194.0,,-66,8344718
23.5131,2019-09-08 18:41:57.389185,188.0,190.0,182.0,182.0,188.0,188.0,196.0,182.0,,-67,8344832
23.5325,2019-09-08 18:41:57.409876,210.0,188.0,182.0,206.0,188.0,198.0,182.0,182.0,,-67,8345244
23.5532,2019-09-08 18:41:57.425817,210.0,188.0,182.0,204.0,174.0,182.0,188.0,174.0,,-67,8345112
23.5694,2019-09-08 18:41:57.510452,478.0,182.0,208.0,508.0,466.0,186.0,186.0,174.0,,-66,8341918
23.6541,2019-09-08 18:41:57.521054,580.0,190.0,182.0,620.0,174.0,188.0,174.0,498.0,,-66,8342987
23.6644,2019-09-08 18:41:57.539155,210.0,188.0,188.0,182.0,174.0,508.0,200.0,198.0,,-65,8341884
23.6828,2019-09-08 18:41:57.559131,182.0,728.0,182.0,730.0,172.0,534.0,202.0,208.0,,-65,8342019
23.7028,2019-09-08 18:41:57.576033,738.0,740.0,740.0,188.0,174.0,562.0,216.0,174.0,,-65,8342361
23.7194,2019-09-08 18:41:57.597416,744.0,188.0,184.0,182.0,576.0,578.0,212.0,174.0,,-66,8341538
23.7414,2019-09-08 18:41:57.618495,190.0,184.0,218.0,190.0,214.0,234.0,174.0,574.0,,-68,8341382
23.7618,2019-09-08 18:41:57.635472,184.0,192.0,218.0,752.0,564.0,248.0,174.0,174.0,,-68,8343081
23.7791,2019-09-08 18:41:57.655882,184.0,196.0,184.0,220.0,548.0,230.0,252.0,176.0,,-69,8342337
23.7995,2019-09-08 18:41:57.696419,184.0,198.0,222.0,222.0,238.0,258.0,176.0,478.0,,-73,8343271
23.8398,2019-09-08 18:41:57.733690,200.0,186.0,184.0,232.0,262.0,176.0,430.0,256.0,,-76,8345752
23.8775,2019-09-08 18:41:57.757805,212.0,186.0,186.0,238.0,268.0,270.0,276.0,274.0,,-78,8345621
23.902,2019-09-08 18:41:57.796100,568.0,230.0,234.0,258.0,284.0,334.0,326.0,292.0,,-79,8343458
23.9402,2019-09-08 18:41:57.814461,506.0,502.0,192.0,252.0,314.0,308.0,320.0,304.0,,-80,8345358
23.9583,2019-09-08 18:41:57.844518,276.0,442.0,276.0,424.0,292.0,288.0,334.0,182.0,,-80,8344095
23.9884,2019-09-08 18:41:57.860870,400.0,292.0,200.0,202.0,182.0,264.0,352.0,334.0,,-81,8344237
24.0049,2019-09-08 18:41:57.881370,204.0,356.0,312.0,206.0,230.0,380.0,370.0,376.0,,-81,8343943
24.0252,2019-09-08 18:41:57.900405,322.0,318.0,212.0,320.0,196.0,210.0,400.0,394.0,,-82,8344188
24.0446,2019-09-08 18:41:57.918452,216.0,330.0,282.0,358.0,202.0,410.0,414.0,412.0,,-82,8344697
24.0621,2019-09-08 18:41:57.934485,264.0,372.0,222.0,344.0,194.0,422.0,424.0,426.0,,-82,8344368
24.0786,2019-09-08 18:41:57.954308,352.0,392.0,232.0,232.0,218.0,428.0,436.0,224.0,,-82,8344808
24.0984,2019-09-08 18:41:57.972519,238.0,410.0,414.0,362.0,186.0,426.0,444.0,234.0,,-81,8344302
24.1162,2019-09-08 18:41:57.992916,236.0,428.0,236.0,366.0,184.0,446.0,242.0,182.0,,-80,8343700
24.137,2019-09-08 18:41:58.011746,234.0,232.0,258.0,442.0,442.0,442.0,254.0,180.0,,-80,8344067
24.1562,2019-09-08 18:41:58.024897,368.0,448.0,268.0,268.0,396.0,430.0,266.0,178.0,,-79,8343922
24.1687,2019-09-08 18:41:58.044058,364.0,450.0,228.0,360.0,374.0,410.0,276.0,178.0,,-77,8344015
24.1878,2019-09-08 18:41:58.094873,332.0,418.0,288.0,326.0,312.0,350.0,178.0,178.0,,-72,8343870
24.239,2019-09-08 18:41:58.107543,216.0,368.0,286.0,302.0,280.0,282.0,178.0,286.0,,-70,8343375
24.2512,2019-09-08 18:41:58.120411,214.0,310.0,278.0,276.0,272.0,178.0,178.0,234.0,,-65,8343922
24.2651,2019-09-08 18:41:58.135717,212.0,264.0,212.0,252.0,238.0,230.0,178.0,212.0,,-63,8344143
24.2798,2019-09-08 18:41:58.154372,210.0,210.0,232.0,228.0,210.0,178.0,204.0,210.0,,-59,8344029
24.298,2019-09-08 18:41:58.182933,208.0,210.0,204.0,216.0,176.0,180.0,188.0,190.0,,-44,8345095
24.3266,2019-09-08 18:41:58.203502,208.0,208.0,184.0,204.0,174.0,180.0,184.0,188.0,,-36,8344022
24.3477,2019-09-08 18:41:58.218144,188.0,182.0,204.0,204.0,176.0,180.0,182.0,188.0,,-33,8343655
24.362,2019-09-08 18:41:58.231032,190.0,182.0,202.0,210.0,174.0,180.0,182.0,188.0,,-30,8344067
24.3748,2019-09-08 18:41:58.318875,188.0,180.0,202.0,210.0,180.0,180.0,186.0,174.0,,-28,8343264
24.4623,2019-09-08 18:41:58.332260,210.0,188.0,202.0,188.0,182.0,180.0,186.0,174.0,,-30,8342596
24.4756,2019-09-08 18:41:58.347938,188.0,180.0,202.0,212.0,182.0,180.0,180.0,174.0,,-32,8342929
24.4914,2019-09-08 18:41:58.368787,188.0,188.0,180.0,212.0,186.0,180.0,186.0,174.0,,-35,8343808
24.5122,2019-09-08 18:41:58.383720,188.0,210.0,188.0,182.0,180.0,182.0,186.0,174.0,,-37,8342645
24.5272,2019-09-08 18:41:58.403144,212.0,212.0,188.0,212.0,182.0,188.0,174.0,180.0,,-41,8344558
24.5466,2019-09-08 18:41:58.420495,212.0,188.0,180.0,212.0,182.0,182.0,174.0,180.0,,-46,8347147
24.564,2019-09-08 18:41:58.436814,202.0,188.0,182.0,200.0,174.0,180.0,180.0,182.0,,-48,8348157
24.5808,2019-09-08 18:41:58.454729,188.0,180.0,202.0,210.0,186.0,174.0,180.0,182.0,,-52,8347309
24.5982,2019-09-08 18:41:58.472698,212.0,188.0,180.0,200.0,182.0,174.0,180.0,182.0,,-57,8346219
24.6171,2019-09-08 18:41:58.487834,188.0,180.0,180.0,202.0,180.0,174.0,190.0,184.0,,-59,8345320
24.6312,2019-09-08 18:41:58.508384,180.0,180.0,200.0,202.0,188.0,176.0,196.0,174.0,,-60,8347482
24.6518,2019-09-08 18:41:58.530893,180.0,202.0,210.0,200.0,198.0,174.0,200.0,174.0,,-64,8346693
24.6744,2019-09-08 18:41:58.548867,202.0,180.0,202.0,180.0,204.0,206.0,184.0,188.0,,-65,8347420
24.6927,2019-09-08 18:41:58.567961,210.0,210.0,188.0,210.0,174.0,174.0,214.0,182.0,,-67,8348517
24.7114,2019-09-08 18:41:58.585524,210.0,210.0,188.0,202.0,188.0,174.0,182.0,188.0,,-68,8349053
24.7292,2019-09-08 18:41:58.603770,210.0,188.0,182.0,210.0,174.0,174.0,184.0,188.0,,-68,8350469
24.7472,2019-09-08 18:41:58.625390,210.0,182.0,204.0,182.0,174.0,268.0,184.0,188.0,,-67,8351884
24.7688,2019-09-08 18:41:58.642798,210.0,210.0,182.0,204.0,174.0,186.0,188.0,174.0,,-67,8357126
24.7867,2019-09-08 18:41:58.660803,210.0,190.0,182.0,204.0,440.0,196.0,188.0,174.0,,-67,8360728
24.8042,2019-09-08 18:41:58.678867,188.0,188.0,182.0,204.0,460.0,206.0,192.0,174.0,,-68,8365424
24.8223,2019-09-08 18:41:58.696228,204.0,182.0,182.0,204.0,482.0,214.0,196.0,174.0,,-68,8370102
24.8398,2019-09-08 18:41:58.716429,218.0,188.0,226.0,238.0,498.0,220.0,202.0,174.0,,-68,8374995
24.8602,2019-09-08 18:41:58.734366,182.0,302.0,186.0,204.0,512.0,228.0,208.0,176.0,,-69,8376216
24.878,2019-09-08 18:41:58.754423,370.0,380.0,182.0,390.0,174.0,234.0,238.0,216.0,,-69,8377881
24.8981,2019-09-08 18:41:58.766851,448.0,204.0,182.0,204.0,522.0,522.0,218.0,176.0,,-70,8379839
24.9102,2019-09-08 18:41:58.785787,182.0,206.0,540.0,182.0,176.0,518.0,222.0,176.0,,-71,8384791
24.9294,2019-09-08 18:41:58.806612,182.0,188.0,646.0,188.0,512.0,176.0,502.0,176.0,,-72,8388839
24.9503,2019-09-08 18:41:58.824701,700.0,706.0,190.0,188.0,492.0,178.0,480.0,474.0,,-72,8389659
24.9681,2019-09-08 18:41:58.843408,190.0,736.0,188.0,740.0,266.0,266.0,248.0,178.0,,-74,8390306
24.987,2019-09-08 18:41:58.859928,748.0,750.0,184.0,210.0,438.0,272.0,178.0,420.0,,-74,8391438
25.0037,2019-09-08 18:41:58.880729,756.0,190.0,186.0,212.0,282.0,280.0,180.0,368.0,,-75,8392127
25.0241,2019-09-08 18:41:58.896229,190.0,190.0,214.0,758.0,362.0,298.0,292.0,306.0,,-76,8392407
25.0399,2019-09-08 18:41:58.921449,752.0,190.0,186.0,750.0,182.0,314.0,298.0,320.0,,-77,8392037
25.0651,2019-09-08 18:41:58.933537,186.0,190.0,732.0,192.0,302.0,308.0,306.0,340.0,,-77,8391518
25.0769,2019-09-08 18:41:58.970988,698.0,196.0,188.0,224.0,360.0,188.0,266.0,262.0,,-78,8388808
25.1146,2019-09-08 18:41:59.008607,648.0,204.0,188.0,190.0,402.0,196.0,232.0,334.0,,-80,8388659
25.1522,2019-09-08 18:41:59.024741,608.0,216.0,190.0,604.0,224.0,340.0,434.0,202.0,,-80,8388158
25.1684,2019-09-08 18:41:59.061053,236.0,226.0,228.0,232.0,350.0,474.0,214.0,216.0,,-80,8388355
25.2044,2019-09-08 18:41:59.077206,238.0,196.0,248.0,248.0,490.0,220.0,194.0,358.0,,-80,8387919
25.2208,2019-09-08 18:41:59.107495,252.0,200.0,252.0,200.0,242.0,190.0,352.0,518.0,,-79,8386646
25.2511,2019-09-08 18:41:59.132877,202.0,262.0,264.0,204.0,256.0,188.0,346.0,518.0,,-79,8382493
25.2767,2019-09-08 18:41:59.155287,456.0,272.0,208.0,276.0,516.0,274.0,184.0,332.0,,-77,8376978
25.2992,2019-09-08 18:41:59.187021,406.0,212.0,212.0,288.0,298.0,306.0,462.0,304.0,,-75,8369230
25.3307,2019-09-08 18:41:59.202145,216.0,354.0,218.0,312.0,178.0,284.0,420.0,406.0,,-72,8363604
25.3458,2019-09-08 18:41:59.221296,312.0,310.0,314.0,314.0,264.0,376.0,178.0,250.0,,-69,8360444
25.365,2019-09-08 18:41:59.235009,272.0,344.0,230.0,328.0,244.0,320.0,304.0,178.0,,-67,8356358
25.3786,2019-09-08 18:41:59.251695,340.0,356.0,236.0,342.0,226.0,268.0,270.0,178.0,,-62,8350642
25.3953,2019-09-08 18:41:59.271782,356.0,358.0,360.0,366.0,212.0,232.0,234.0,178.0,,-59,8346507
25.4154,2019-09-08 18:41:59.293558,240.0,240.0,370.0,368.0,218.0,200.0,198.0,208.0,,-50,8346109
25.4372,2019-09-08 18:41:59.314541,224.0,362.0,224.0,360.0,204.0,186.0,180.0,190.0,,-39,8346603
25.4583,2019-09-08 18:41:59.332505,222.0,348.0,222.0,346.0,194.0,174.0,182.0,186.0,,-35,8346711
25.4762,2019-09-08 18:41:59.355636,326.0,218.0,238.0,320.0,174.0,180.0,182.0,174.0,,-29,8345413
25.4994,2019-09-08 18:41:59.368257,216.0,278.0,234.0,292.0,174.0,180.0,180.0,186.0,,-28,8342655
25.5116,2019-09-08 18:41:59.386974,268.0,236.0,226.0,260.0,174.0,182.0,180.0,180.0,,-26,8342486
25.5307,2019-09-08 18:41:59.402182,242.0,216.0,212.0,236.0,180.0,180.0,184.0,174.0,,-26,8343216
25.5458,2019-09-08 18:41:59.420081,210.0,204.0,222.0,222.0,180.0,180.0,186.0,174.0,,-25,8343126
25.5639,2019-09-08 18:41:59.447387,214.0,194.0,188.0,194.0,182.0,186.0,174.0,182.0,,-28,8343877
25.5908,2019-09-08 18:41:59.463773,182.0,188.0,188.0,180.0,178.0,186.0,174.0,182.0,,-29,8345697
25.6078,2019-09-08 18:41:59.477398,210.0,212.0,180.0,188.0,178.0,184.0,174.0,182.0,,-30,8346154
25.6212,2019-09-08 18:41:59.498677,210.0,188.0,182.0,204.0,182.0,186.0,174.0,182.0,,-33,8348282
25.6423,2019-09-08 18:41:59.512492,204.0,188.0,212.0,212.0,178.0,186.0,174.0,182.0,,-35,8350531
25.6558,2019-09-08 18:41:59.536831,188.0,180.0,202.0,188.0,180.0,186.0,174.0,182.0,,-41,8352351
25.6802,2019-09-08 18:41:59.550055,212.0,188.0,180.0,180.0,180.0,186.0,174.0,182.0,,-43,8353739
25.6936,2019-09-08 18:41:59.567704,202.0,188.0,212.0,188.0,180.0,186.0,174.0,182.0,,-45,8355130
25.7115,2019-09-08 18:41:59.585561,180.0,188.0,180.0,202.0,186.0,174.0,182.0,180.0,,-50,8355444
25.7289,2019-09-08 18:41:59.603165,212.0,188.0,180.0,204.0,186.0,174.0,182.0,182.0,,-54,8357143
25.7466,2019-09-08 18:41:59.620126,212.0,188.0,182.0,204.0,186.0,174.0,182.0,182.0,,-56,8357566
25.7636,2019-09-08 18:41:59.640400,212.0,188.0,204.0,212.0,182.0,180.0,174.0,184.0,,-59,8354130
25.7838,2019-09-08 18:41:59.655818,186.0,212.0,188.0,212.0,174.0,186.0,182.0,186.0,,-61,8350541
25.7992,2019-09-08 18:41:59.673757,202.0,188.0,180.0,202.0,174.0,188.0,182.0,186.0,,-63,8346448
25.8171,2019-09-08 18:41:59.693247,202.0,202.0,212.0,186.0,174.0,190.0,182.0,186.0,,-65,8343610
25.8366,2019-09-08 18:41:59.712067,212.0,188.0,180.0,202.0,174.0,190.0,180.0,186.0,,-66,8343704
25.8561,2019-09-08 18:41:59.734051,212.0,212.0,180.0,202.0,186.0,192.0,192.0,186.0,,-68,8343216
25.8778,2019-09-08 18:41:59.761288,212.0,180.0,202.0,202.0,174.0,174.0,196.0,180.0,,-69,8343693
25.9059,2019-09-08 18:41:59.769148,188.0,182.0,202.0,202.0,174.0,206.0,182.0,188.0,,-70,8344223
25.9134,2019-09-08 18:41:59.785612,188.0,180.0,202.0,202.0,218.0,180.0,174.0,232.0,,-70,8346510
25.9295,2019-09-08 18:41:59.804085,180.0,188.0,202.0,202.0,240.0,246.0,188.0,174.0,,-70,8345735
25.9476,2019-09-08 18:41:59.820730,188.0,188.0,180.0,204.0,282.0,186.0,320.0,332.0,,-69,8344071
25.9641,2019-09-08 18:41:59.845648,188.0,182.0,204.0,212.0,182.0,186.0,174.0,390.0,,-68,8344527
25.9891,2019-09-08 18:41:59.858466,188.0,182.0,204.0,188.0,184.0,184.0,184.0,424.0,,-68,8347773
26.0018,2019-09-08 18:41:59.873809,188.0,182.0,204.0,212.0,428.0,190.0,174.0,444.0,,-68,8349223
26.0172,2019-09-08 18:41:59.890736,212.0,188.0,210.0,188.0,188.0,172.0,188.0,202.0,,-68,8349337
26.0342,2019-09-08 18:41:59.908968,212.0,190.0,182.0,212.0,472.0,206.0,194.0,174.0,,-68,8349493
26.0527,2019-09-08 18:41:59.926461,212.0,188.0,182.0,182.0,212.0,198.0,214.0,518.0,,-68,8349306
26.0703,2019-09-08 18:41:59.947975,220.0,220.0,184.0,226.0,208.0,174.0,528.0,528.0,,-69,8349531
26.0919,2019-09-08 18:41:59.962665,276.0,188.0,290.0,204.0,222.0,174.0,530.0,530.0,,-69,8350344
26.1063,2019-09-08 18:41:59.981668,340.0,188.0,354.0,188.0,238.0,528.0,176.0,526.0,,-70,8351410
26.1253,2019-09-08 18:41:59.999082,406.0,188.0,180.0,206.0,238.0,240.0,260.0,178.0,,-70,8351759
26.1428,2019-09-08 18:42:00.020238,496.0,188.0,188.0,182.0,514.0,242.0,276.0,178.0,,-70,8353358
26.1641,2019-09-08 18:42:00.033920,188.0,594.0,602.0,182.0,498.0,244.0,288.0,178.0,,-70,8354652
26.1775,2019-09-08 18:42:00.051672,654.0,658.0,182.0,208.0,296.0,180.0,464.0,248.0,,-71,8354794
26.1953,2019-09-08 18:42:00.071663,212.0,188.0,182.0,188.0,180.0,448.0,442.0,250.0,,-72,8354074
26.215,2019-09-08 18:42:00.088840,716.0,184.0,184.0,184.0,180.0,422.0,254.0,326.0,,-73,8355521
26.2322,2019-09-08 18:42:00.109223,738.0,740.0,188.0,182.0,182.0,396.0,390.0,338.0,,-74,8356496
26.2526,2019-09-08 18:42:00.126367,752.0,752.0,752.0,190.0,182.0,372.0,260.0,262.0,,-75,8357496
26.2698,2019-09-08 18:42:00.143589,220.0,752.0,190.0,184.0,354.0,356.0,184.0,338.0,,-76,8357469
26.287,2019-09-08 18:42:00.161890,742.0,190.0,184.0,220.0,332.0,270.0,376.0,186.0,,-77,8357202
26.3052,2019-09-08 18:42:00.204056,722.0,190.0,184.0,222.0,262.0,258.0,430.0,198.0,,-78,8357496
26.3475,2019-09-08 18:42:00.227954,690.0,690.0,184.0,222.0,200.0,306.0,450.0,202.0,,-78,8356832
26.3715,2019-09-08 18:42:00.254747,184.0,224.0,184.0,224.0,204.0,218.0,324.0,474.0,,-78,8355178
26.3981,2019-09-08 18:42:00.290790,194.0,184.0,184.0,230.0,194.0,360.0,494.0,226.0,,-77,8352275
26.4342,2019-09-08 18:42:00.307051,636.0,196.0,184.0,236.0,192.0,362.0,496.0,234.0,,-77,8351918
26.4505,2019-09-08 18:42:00.341014,198.0,244.0,202.0,594.0,184.0,484.0,246.0,182.0,,-75,8348430
26.4844,2019-09-08 18:42:00.366218,260.0,564.0,212.0,184.0,468.0,252.0,338.0,256.0,,-72,8346801
26.5096,2019-09-08 18:42:00.380463,218.0,522.0,220.0,512.0,444.0,260.0,180.0,320.0,,-70,8344641
26.5239,2019-09-08 18:42:00.400007,478.0,472.0,292.0,462.0,410.0,266.0,178.0,298.0,,-67,8343898
26.5436,2019-09-08 18:42:00.418819,246.0,188.0,190.0,418.0,178.0,272.0,178.0,274.0,,-66,8343403
26.5622,2019-09-08 18:42:00.435549,260.0,262.0,192.0,328.0,336.0,274.0,178.0,248.0,,-63,8343614
26.5789,2019-09-08 18:42:00.452073,278.0,280.0,198.0,350.0,242.0,284.0,262.0,178.0,,-60,8343590
26.5954,2019-09-08 18:42:00.473712,294.0,202.0,204.0,204.0,224.0,242.0,178.0,214.0,,-55,8344752
26.617,2019-09-08 18:42:00.486676,256.0,318.0,252.0,322.0,228.0,178.0,218.0,206.0,,-52,8344406
26.6301,2019-09-08 18:42:00.505741,240.0,418.0,218.0,422.0,202.0,210.0,206.0,180.0,,-43,8344122
26.6491,2019-09-08 18:42:00.522986,234.0,232.0,228.0,228.0,180.0,200.0,178.0,180.0,,-39,8344763
26.6664,2019-09-08 18:42:00.541867,438.0,236.0,438.0,238.0,188.0,174.0,182.0,184.0,,-31,8344956
26.6855,2019-09-08 18:42:00.561664,226.0,226.0,370.0,250.0,174.0,180.0,180.0,182.0,,-26,8345686
26.7053,2019-09-08 18:42:00.577083,224.0,222.0,222.0,364.0,186.0,174.0,180.0,174.0,,-24,8347794
26.7207,2019-09-08 18:42:00.593374,414.0,350.0,268.0,218.0,186.0,174.0,180.0,186.0,,-22,8348673
26.7372,2019-09-08 18:42:00.612590,216.0,312.0,270.0,380.0,174.0,186.0,180.0,180.0,,-22,8350856
26.7559,2019-09-08 18:42:00.635136,214.0,274.0,214.0,334.0,180.0,174.0,186.0,186.0,,-23,8353306
26.7788,2019-09-08 18:42:00.651398,304.0,240.0,210.0,234.0,174.0,180.0,178.0,174.0,,-24,8353828
26.795,2019-09-08 18:42:00.667820,210.0,210.0,214.0,228.0,174.0,180.0,178.0,186.0,,-26,8355669
26.8115,2019-09-08 18:42:00.688034,204.0,210.0,208.0,202.0,174.0,180.0,178.0,186.0,,-28,8355368
26.8314,2019-09-08 18:42:00.702236,220.0,194.0,208.0,192.0,174.0,182.0,178.0,186.0,,-30,8355531
26.846,2019-09-08 18:42:00.723717,208.0,208.0,188.0,208.0,174.0,180.0,178.0,184.0,,-35,8356344
26.8673,2019-09-08 18:42:00.741324,208.0,208.0,208.0,188.0,174.0,180.0,180.0,186.0,,-37,8356524
26.8849,2019-09-08 18:42:00.759499,208.0,188.0,182.0,204.0,186.0,174.0,182.0,186.0,,-43,8357053
26.9031,2019-09-08 18:42:00.776273,210.0,188.0,180.0,188.0,174.0,180.0,182.0,186.0,,-45,8358403
26.9201,2019-09-08 18:42:00.794674,210.0,188.0,188.0,204.0,174.0,186.0,174.0,186.0,,-50,8359642
26.9383,2019-09-08 18:42:00.814230,188.0,188.0,188.0,202.0,182.0,186.0,174.0,182.0,,-54,8357877
26.958,2019-09-08 18:42:00.835322,188.0,182.0,210.0,202.0,192.0,182.0,186.0,184.0,,-57,8352420
26.979,2019-09-08 18:42:00.852031,180.0,210.0,210.0,202.0,196.0,198.0,182.0,174.0,,-58,8345077
26.9957,2019-09-08 18:42:00.870978,188.0,210.0,186.0,202.0,174.0,182.0,186.0,174.0,,-59,8342884
27.0146,2019-09-08 18:42:00.888011,202.0,210.0,188.0,180.0,174.0,182.0,180.0,186.0,,-60,8342911
27.0316,2019-09-08 18:42:00.903176,210.0,188.0,202.0,180.0,198.0,198.0,186.0,186.0,,-60,8341825
27.0468,2019-09-08 18:42:00.922550,182.0,210.0,210.0,186.0,174.0,182.0,200.0,174.0,,-60,8341472
27.0662,2019-09-08 18:42:00.940310,180.0,210.0,180.0,180.0,174.0,174.0,204.0,186.0,,-59,8342745
27.0841,2019-09-08 18:42:00.962001,202.0,186.0,202.0,210.0,182.0,186.0,174.0,216.0,,-59,8343126
27.1056,2019-09-08 18:42:00.978945,188.0,182.0,202.0,210.0,182.0,226.0,174.0,188.0,,-59,8347046
27.1226,2019-09-08 18:42:00.995409,210.0,188.0,180.0,202.0,174.0,250.0,192.0,190.0,,-59,8343610
27.1388,2019-09-08 18:42:01.015498,210.0,202.0,182.0,202.0,174.0,280.0,172.0,302.0,,-58,8343621
27.159,2019-09-08 18:42:01.035804,210.0,188.0,182.0,202.0,200.0,200.0,172.0,348.0,,-58,8344334
27.1795,2019-09-08 18:42:01.054670,210.0,180.0,180.0,188.0,174.0,228.0,232.0,176.0,,-59,8345946
27.1983,2019-09-08 18:42:01.075184,210.0,188.0,182.0,202.0,370.0,240.0,374.0,178.0,,-60,8348057
27.219,2019-09-08 18:42:01.089773,188.0,182.0,204.0,204.0,248.0,178.0,380.0,258.0,,-60,8349469
27.2335,2019-09-08 18:42:01.108659,210.0,188.0,182.0,204.0,250.0,178.0,386.0,268.0,,-62,8351839
27.2525,2019-09-08 18:42:01.128048,210.0,188.0,182.0,204.0,254.0,178.0,386.0,274.0,,-63,8358600
27.2717,2019-09-08 18:42:01.142434,210.0,188.0,182.0,204.0,256.0,256.0,178.0,382.0,,-65,8363386
27.2861,2019-09-08 18:42:01.167552,182.0,202.0,180.0,202.0,286.0,258.0,178.0,376.0,,-66,8377888
27.3112,2019-09-08 18:42:01.186692,186.0,202.0,180.0,290.0,178.0,372.0,292.0,262.0,,-66,8381995
27.3307,2019-09-08 18:42:01.197845,186.0,186.0,202.0,202.0,180.0,362.0,294.0,264.0,,-68,8382389
27.3416,2019-09-08 18:42:01.225686,392.0,204.0,188.0,206.0,264.0,298.0,180.0,342.0,,-69,8387909
27.3693,2019-09-08 18:42:01.235880,188.0,182.0,206.0,204.0,268.0,180.0,332.0,304.0,,-70,8392313
27.3796,2019-09-08 18:42:01.250772,204.0,492.0,188.0,182.0,326.0,306.0,276.0,180.0,,-70,8396338
27.3944,2019-09-08 18:42:01.270122,516.0,204.0,520.0,188.0,180.0,310.0,284.0,182.0,,-71,8397258
27.4138,2019-09-08 18:42:01.288735,204.0,188.0,188.0,182.0,182.0,300.0,318.0,296.0,,-72,8397480
27.4322,2019-09-08 18:42:01.306501,574.0,182.0,188.0,182.0,322.0,290.0,182.0,286.0,,-73,8398781
27.4501,2019-09-08 18:42:01.324217,188.0,190.0,212.0,184.0,328.0,318.0,278.0,276.0,,-73,8398701
27.4679,2019-09-08 18:42:01.344102,636.0,188.0,184.0,214.0,334.0,332.0,186.0,266.0,,-73,8397781
27.4882,2019-09-08 18:42:01.358480,186.0,218.0,186.0,218.0,342.0,352.0,188.0,256.0,,-73,8397372
27.5023,2019-09-08 18:42:01.381494,686.0,220.0,186.0,690.0,350.0,372.0,376.0,242.0,,-74,8396961
27.5253,2019-09-08 18:42:01.414601,190.0,676.0,192.0,188.0,406.0,220.0,216.0,204.0,,-74,8393729
27.5583,2019-09-08 18:42:01.453378,188.0,646.0,188.0,190.0,444.0,214.0,450.0,400.0,,-74,8389469
27.5967,2019-09-08 18:42:01.483008,606.0,204.0,190.0,242.0,468.0,228.0,188.0,470.0,,-73,8384213
27.6267,2019-09-08 18:42:01.509400,192.0,554.0,550.0,218.0,376.0,242.0,246.0,364.0,,-72,8377005
27.653,2019-09-08 18:42:01.539014,532.0,196.0,256.0,230.0,248.0,180.0,346.0,430.0,,-70,8370988
27.6824,2019-09-08 18:42:01.564203,262.0,200.0,242.0,204.0,260.0,298.0,290.0,352.0,,-67,8358579
27.7076,2019-09-08 18:42:01.582986,458.0,252.0,206.0,272.0,258.0,180.0,256.0,304.0,,-64,8353666
27.7264,2019-09-08 18:42:01.598977,278.0,280.0,210.0,280.0,290.0,246.0,178.0,224.0,,-62,8347752
27.7426,2019-09-08 18:42:01.620477,268.0,404.0,272.0,212.0,178.0,216.0,212.0,228.0,,-56,8342787
27.764,2019-09-08 18:42:01.641543,214.0,300.0,364.0,286.0,200.0,194.0,178.0,202.0,,-52,8342493
27.7851,2019-09-08 18:42:01.662503,310.0,332.0,302.0,222.0,178.0,198.0,202.0,176.0,,-39,8342444
27.8059,2019-09-08 18:42:01.688271,304.0,302.0,226.0,322.0,186.0,188.0,174.0,174.0,,-32,8342541
27.8316,2019-09-08 18:42:01.704726,272.0,336.0,330.0,262.0,174.0,182.0,188.0,174.0,,-30,8342195
27.848,2019-09-08 18:42:01.719804,250.0,354.0,236.0,336.0,180.0,186.0,172.0,180.0,,-28,8342510
27.8631,2019-09-08 18:42:01.737117,236.0,236.0,334.0,334.0,180.0,186.0,174.0,180.0,,-26,8341558
27.8804,2019-09-08 18:42:01.759735,364.0,234.0,234.0,230.0,180.0,180.0,186.0,178.0,,-27,8341901
27.9031,2019-09-08 18:42:01.781418,356.0,230.0,302.0,228.0,180.0,180.0,186.0,180.0,,-28,8341216
27.9248,2019-09-08 18:42:01.800748,224.0,280.0,222.0,276.0,180.0,178.0,186.0,174.0,,-30,8341313
27.9441,2019-09-08 18:42:01.817449,270.0,220.0,262.0,256.0,180.0,186.0,186.0,180.0,,-31,8342264
27.961,2019-09-08 18:42:01.835172,218.0,226.0,208.0,216.0,180.0,186.0,174.0,180.0,,-34,8342787
27.9785,2019-09-08 18:42:01.853722,200.0,216.0,202.0,202.0,180.0,186.0,174.0,180.0,,-36,8343624
27.9972,2019-09-08 18:42:01.874782,214.0,196.0,214.0,194.0,174.0,174.0,180.0,186.0,,-40,8344590
28.0181,2019-09-08 18:42:01.894676,184.0,214.0,190.0,182.0,186.0,180.0,180.0,182.0,,-44,8347787
28.038,2019-09-08 18:42:01.916382,206.0,188.0,216.0,206.0,174.0,180.0,182.0,186.0,,-49,8352963
28.0601,2019-09-08 18:42:01.928501,206.0,188.0,180.0,204.0,174.0,180.0,182.0,182.0,,-51,8354756
28.0719,2019-09-08 18:42:01.943610,214.0,186.0,188.0,204.0,174.0,180.0,186.0,174.0,,-53,8358026
28.0874,2019-09-08 18:42:01.963245,216.0,188.0,180.0,204.0,174.0,176.0,184.0,186.0,,-57,8359721
28.1069,2019-09-08 18:42:01.980695,204.0,214.0,188.0,204.0,174.0,182.0,186.0,174.0,,-59,8360105
28.1242,2019-09-08 18:42:02.000668,216.0,180.0,204.0,204.0,174.0,190.0,182.0,174.0,,-60,8362420
28.144,2019-09-08 18:42:02.019222,216.0,216.0,188.0,180.0,190.0,182.0,186.0,174.0,,-62,8363939
28.1626,2019-09-08 18:42:02.039974,214.0,204.0,180.0,180.0,180.0,186.0,186.0,174.0,,-63,8356465
28.1834,2019-09-08 18:42:02.057111,216.0,214.0,188.0,216.0,180.0,186.0,174.0,192.0,,-63,8348732
28.2007,2019-09-08 18:42:02.070909,214.0,186.0,188.0,202.0,180.0,186.0,174.0,194.0,,-64,8343877
28.2143,2019-09-08 18:42:02.090863,202.0,214.0,204.0,204.0,194.0,180.0,186.0,196.0,,-64,8343275
28.2343,2019-09-08 18:42:02.109349,214.0,188.0,180.0,202.0,198.0,180.0,174.0,200.0,,-64,8343507
28.2527,2019-09-08 18:42:02.130190,180.0,188.0,202.0,214.0,180.0,186.0,186.0,212.0,,-64,8341987
28.2737,2019-09-08 18:42:02.145865,214.0,188.0,180.0,202.0,214.0,180.0,186.0,174.0,,-64,8341808
28.2892,2019-09-08 18:42:02.164863,188.0,180.0,202.0,202.0,232.0,180.0,186.0,174.0,,-65,8341904
28.3082,2019-09-08 18:42:02.186144,202.0,186.0,182.0,202.0,326.0,186.0,172.0,366.0,,-65,8341378
28.3295,2019-09-08 18:42:02.205152,214.0,180.0,202.0,188.0,184.0,186.0,172.0,410.0,,-65,8343399
28.3485,2019-09-08 18:42:02.222630,214.0,204.0,188.0,180.0,188.0,174.0,436.0,196.0,,-66,8341742
28.366,2019-09-08 18:42:02.241227,212.0,188.0,182.0,202.0,198.0,194.0,172.0,480.0,,-66,8341856
28.3846,2019-09-08 18:42:02.261084,204.0,188.0,180.0,182.0,204.0,202.0,172.0,510.0,,-66,8342731
28.4044,2019-09-08 18:42:02.278026,212.0,188.0,182.0,204.0,174.0,174.0,212.0,214.0,,-66,8343216
28.4214,2019-09-08 18:42:02.309971,212.0,188.0,182.0,204.0,220.0,548.0,224.0,226.0,,-67,8344022
28.4535,2019-09-08 18:42:02.321973,212.0,188.0,180.0,204.0,226.0,228.0,554.0,176.0,,-68,8344545
28.4653,2019-09-08 18:42:02.338582,188.0,188.0,216.0,188.0,554.0,230.0,230.0,176.0,,-68,8344365
28.4819,2019-09-08 18:42:02.356726,188.0,182.0,180.0,188.0,550.0,232.0,230.0,176.0,,-68,8343752
28.5001,2019-09-08 18:42:02.377846,182.0,204.0,188.0,244.0,544.0,230.0,230.0,538.0,,-69,8343943
28.5213,2019-09-08 18:42:02.401170,204.0,204.0,188.0,304.0,536.0,230.0,176.0,176.0,,-70,8343680
28.5445,2019-09-08 18:42:02.411970,180.0,188.0,374.0,188.0,230.0,230.0,176.0,520.0,,-70,8343399
28.5555,2019-09-08 18:42:02.426360,206.0,452.0,188.0,212.0,518.0,230.0,176.0,176.0,,-71,8342991
28.5697,2019-09-08 18:42:02.445693,212.0,212.0,528.0,188.0,232.0,176.0,508.0,234.0,,-72,8344313
28.5893,2019-09-08 18:42:02.464853,214.0,214.0,182.0,540.0,230.0,176.0,504.0,236.0,,-72,8343624
28.6082,2019-09-08 18:42:02.481653,544.0,192.0,184.0,218.0,230.0,176.0,176.0,498.0,,-73,8343863
28.625,2019-09-08 18:42:02.498424,184.0,218.0,184.0,554.0,230.0,176.0,176.0,494.0,,-73,8343230
28.6418,2019-09-08 18:42:02.518215,184.0,220.0,220.0,220.0,230.0,494.0,492.0,236.0,,-74,8343458
28.6617,2019-09-08 18:42:02.545087,186.0,224.0,186.0,224.0,176.0,488.0,236.0,226.0,,-74,8342949
28.6884,2019-09-08 18:42:02.560141,188.0,592.0,204.0,596.0,226.0,480.0,476.0,234.0,,-74,8343517
28.7036,2019-09-08 18:42:02.569973,606.0,208.0,188.0,232.0,222.0,174.0,456.0,232.0,,-74,8343275
28.7135,2019-09-08 18:42:02.586594,614.0,616.0,190.0,234.0,442.0,434.0,230.0,174.0,,-73,8343323
28.7299,2019-09-08 18:42:02.609905,616.0,236.0,216.0,190.0,402.0,228.0,218.0,174.0,,-70,8343825
28.7533,2019-09-08 18:42:02.629312,236.0,608.0,218.0,190.0,322.0,290.0,218.0,174.0,,-69,8343462
28.7728,2019-09-08 18:42:02.641281,600.0,220.0,192.0,236.0,218.0,220.0,174.0,192.0,,-65,8343005
28.7846,2019-09-08 18:42:02.658719,594.0,220.0,192.0,190.0,192.0,200.0,212.0,174.0,,-63,8344102
28.8021,2019-09-08 18:42:02.676944,222.0,588.0,192.0,236.0,192.0,192.0,204.0,174.0,,-58,8343558
28.8205,2019-09-08 18:42:02.695099,574.0,226.0,192.0,240.0,190.0,194.0,174.0,190.0,,-56,8342994
28.8385,2019-09-08 18:42:02.722108,552.0,230.0,192.0,544.0,184.0,182.0,174.0,190.0,,-52,8342448
28.8655,2019-09-08 18:42:02.735572,532.0,236.0,524.0,240.0,182.0,186.0,174.0,188.0,,-49,8342275
28.8792,2019-09-08 18:42:02.752085,242.0,194.0,258.0,506.0,182.0,186.0,188.0,190.0,,-48,8342638
28.8955,2019-09-08 18:42:02.771887,196.0,248.0,196.0,264.0,182.0,186.0,172.0,188.0,,-48,8342635
28.9154,2019-09-08 18:42:02.787283,252.0,198.0,198.0,272.0,186.0,174.0,188.0,182.0,,-48,8342825
28.9308,2019-09-08 18:42:02.807174,262.0,262.0,444.0,280.0,186.0,188.0,188.0,182.0,,-48,8342641
28.9508,2019-09-08 18:42:02.827034,202.0,420.0,272.0,412.0,186.0,174.0,188.0,180.0,,-50,8342787
28.9704,2019-09-08 18:42:02.844421,204.0,394.0,280.0,280.0,186.0,174.0,180.0,186.0,,-52,8342742
28.988,2019-09-08 18:42:02.860028,376.0,286.0,372.0,286.0,174.0,186.0,180.0,186.0,,-53,8342413
29.0035,2019-09-08 18:42:02.880024,292.0,354.0,210.0,318.0,186.0,186.0,180.0,180.0,,-56,8342936
29.0238,2019-09-08 18:42:02.895492,334.0,300.0,212.0,330.0,172.0,180.0,180.0,186.0,,-59,8343126
29.0388,2019-09-08 18:42:02.915738,336.0,308.0,308.0,214.0,186.0,186.0,172.0,186.0,,-60,8344693
29.0593,2019-09-08 18:42:02.934645,290.0,316.0,286.0,354.0,182.0,180.0,172.0,204.0,,-61,8345728
29.078,2019-09-08 18:42:02.950475,272.0,324.0,218.0,326.0,206.0,188.0,174.0,174.0,,-61,8346482
29.0939,2019-09-08 18:42:02.967093,254.0,218.0,370.0,372.0,200.0,182.0,188.0,172.0,,-61,8346635
29.1106,2019-09-08 18:42:02.988479,240.0,338.0,220.0,236.0,188.0,188.0,196.0,184.0,,-63,8346410
29.1318,2019-09-08 18:42:03.005378,376.0,222.0,376.0,230.0,184.0,188.0,200.0,184.0,,-63,8346856
29.1488,2019-09-08 18:42:03.027030,332.0,222.0,368.0,366.0,188.0,188.0,174.0,208.0,,-64,8345292
29.1704,2019-09-08 18:42:03.044795,354.0,312.0,308.0,218.0,186.0,172.0,212.0,212.0,,-64,8343562
29.1883,2019-09-08 18:42:03.061220,220.0,288.0,220.0,216.0,172.0,190.0,172.0,192.0,,-65,8343091
29.2046,2019-09-08 18:42:03.080756,218.0,218.0,258.0,212.0,192.0,172.0,222.0,192.0,,-65,8342178
29.2241,2019-09-08 18:42:03.098489,276.0,230.0,208.0,266.0,192.0,172.0,192.0,192.0,,-65,8341866
29.2418,2019-09-08 18:42:03.120127,214.0,210.0,204.0,246.0,194.0,172.0,252.0,196.0,,-66,8342406
29.2636,2019-09-08 18:42:03.137095,200.0,198.0,232.0,230.0,174.0,260.0,198.0,196.0,,-66,8342032
29.2806,2019-09-08 18:42:03.156689,194.0,224.0,188.0,188.0,262.0,200.0,196.0,174.0,,-66,8341309
29.3,2019-09-08 18:42:03.183065,186.0,192.0,186.0,216.0,262.0,262.0,204.0,198.0,,-67,8342704
29.3264,2019-09-08 18:42:03.201185,214.0,212.0,184.0,212.0,262.0,262.0,206.0,174.0,,-67,8342084
29.3447,2019-09-08 18:42:03.211684,210.0,188.0,214.0,188.0,174.0,262.0,208.0,198.0,,-67,8342375
29.3552,2019-09-08 18:42:03.234309,208.0,188.0,182.0,188.0,174.0,264.0,210.0,200.0,,-67,8343109
29.3777,2019-09-08 18:42:03.248993,214.0,188.0,182.0,180.0,266.0,212.0,198.0,174.0,,-67,8341981
29.3923,2019-09-08 18:42:03.264945,214.0,188.0,188.0,204.0,266.0,212.0,174.0,266.0,,-67,8342763
29.4085,2019-09-08 18:42:03.286666,204.0,212.0,188.0,204.0,266.0,212.0,200.0,266.0,,-67,8342742
29.4303,2019-09-08 18:42:03.298616,214.0,186.0,188.0,180.0,266.0,200.0,200.0,174.0,,-67,8342527
29.4422,2019-09-08 18:42:03.320287,204.0,188.0,180.0,188.0,262.0,212.0,200.0,174.0,,-66,8342600
29.4637,2019-09-08 18:42:03.338172,204.0,214.0,180.0,180.0,260.0,212.0,200.0,172.0,,-66,8342797
29.4823,2019-09-08 18:42:03.353148,182.0,214.0,182.0,204.0,258.0,212.0,200.0,174.0,,-66,8342659
29.4965,2019-09-08 18:42:03.374747,204.0,186.0,182.0,186.0,258.0,212.0,200.0,260.0,,-66,8342410
29.5181,2019-09-08 18:42:03.396518,214.0,188.0,182.0,214.0,214.0,202.0,214.0,202.0,,-66,8342261
29.5403,2019-09-08 18:42:03.413390,214.0,204.0,214.0,186.0,214.0,264.0,174.0,204.0,,-66,8342534
29.5568,2019-09-08 18:42:03.431975,214.0,188.0,182.0,204.0,174.0,206.0,174.0,270.0,,-66,8342977
29.5762,2019-09-08 18:42:03.453915,214.0,204.0,212.0,188.0,214.0,280.0,284.0,240.0,,-67,8343666
29.5973,2019-09-08 18:42:03.470478,212.0,186.0,180.0,204.0,220.0,176.0,296.0,252.0,,-67,8344424
29.6145,2019-09-08 18:42:03.490227,212.0,182.0,212.0,188.0,300.0,260.0,232.0,266.0,,-68,8344389
29.6338,2019-09-08 18:42:03.505617,204.0,182.0,182.0,204.0,306.0,272.0,308.0,278.0,,-68,8344406
29.649,2019-09-08 18:42:03.522692,212.0,188.0,182.0,204.0,308.0,178.0,310.0,286.0,,-68,8344178
29.6661,2019-09-08 18:42:03.541064,188.0,182.0,202.0,202.0,308.0,290.0,246.0,308.0,,-69,8345963
29.6845,2019-09-08 18:42:03.556245,212.0,188.0,182.0,212.0,306.0,296.0,250.0,178.0,,-69,8346230
29.6997,2019-09-08 18:42:03.575503,212.0,188.0,212.0,188.0,304.0,250.0,180.0,180.0,,-69,8346918
29.7189,2019-09-08 18:42:03.599999,188.0,182.0,202.0,180.0,298.0,252.0,294.0,300.0,,-70,8348126
29.7435,2019-09-08 18:42:03.614279,188.0,188.0,182.0,188.0,252.0,300.0,252.0,180.0,,-70,8348545
29.7577,2019-09-08 18:42:03.632269,262.0,272.0,182.0,208.0,252.0,252.0,278.0,296.0,,-71,8348967
29.7757,2019-09-08 18:42:03.651239,330.0,194.0,182.0,194.0,180.0,270.0,292.0,250.0,,-72,8350520
29.7947,2019-09-08 18:42:03.668320,366.0,196.0,366.0,212.0,248.0,180.0,260.0,246.0,,-72,8351271
29.8122,2019-09-08 18:42:03.685723,370.0,196.0,182.0,214.0,254.0,282.0,280.0,242.0,,-72,8350693
29.8302,2019-09-08 18:42:03.703938,184.0,368.0,182.0,368.0,276.0,242.0,178.0,240.0,,-71,8350541
29.8474,2019-09-08 18:42:03.722701,366.0,364.0,184.0,182.0,236.0,266.0,238.0,238.0,,-71,8349001
29.8661,2019-09-08 18:42:03.747322,364.0,196.0,364.0,214.0,250.0,214.0,244.0,210.0,,-71,8347839
29.8907,2019-09-08 18:42:03.759482,364.0,196.0,182.0,214.0,242.0,228.0,228.0,202.0,,-70,8346427
29.9028,2019-09-08 18:42:03.776316,366.0,196.0,184.0,214.0,200.0,234.0,226.0,176.0,,-70,8347084
29.9198,2019-09-08 18:42:03.795710,366.0,196.0,182.0,214.0,196.0,224.0,224.0,176.0,,-70,8345462
29.9391,2019-09-08 18:42:03.811906,370.0,214.0,182.0,182.0,196.0,224.0,194.0,222.0,,-70,8345974
29.9554,2019-09-08 18:42:03.832898,182.0,198.0,198.0,184.0,224.0,176.0,218.0,218.0,,-70,8345379
29.9764,2019-09-08 18:42:03.852950,380.0,380.0,216.0,182.0,218.0,224.0,176.0,216.0,,-70,8345631
29.9963,2019-09-08 18:42:03.883042,198.0,198.0,388.0,216.0,176.0,222.0,176.0,192.0,,-70,8344783
30.0278,2019-09-08 18:42:03.890771,184.0,218.0,184.0,218.0,176.0,192.0,222.0,176.0,,-70,8343527
30.0342,2019-09-08 18:42:03.903929,400.0,400.0,198.0,218.0,176.0,190.0,212.0,176.0,,-70,8343576
30.0477,2019-09-08 18:42:03.922333,402.0,182.0,198.0,216.0,222.0,176.0,212.0,212.0,,-70,8343974
30.0658,2019-09-08 18:42:03.945413,404.0,198.0,184.0,404.0,190.0,212.0,222.0,176.0,,-70,8342738
30.0889,2019-09-08 18:42:03.959932,406.0,198.0,184.0,406.0,190.0,210.0,190.0,210.0,,-70,8343081
30.1034,2019-09-08 18:42:03.977245,198.0,198.0,218.0,218.0,190.0,208.0,176.0,190.0,,-70,8342756
30.1206,2019-09-08 18:42:03.994547,412.0,182.0,218.0,412.0,176.0,188.0,220.0,176.0,,-70,8342212
30.1381,2019-09-08 18:42:04.012795,198.0,198.0,182.0,218.0,190.0,208.0,218.0,176.0,,-70,8343181
30.1563,2019-09-08 18:42:04.030046,198.0,184.0,218.0,200.0,176.0,190.0,176.0,216.0,,-69,8343524
30.1735,2019-09-08 18:42:04.052053,200.0,200.0,220.0,428.0,188.0,206.0,216.0,188.0,,-69,8342482
30.1955,2019-09-08 18:42:04.066262,432.0,200.0,184.0,200.0,204.0,214.0,214.0,188.0,,-69,8342804
30.2098,2019-09-08 18:42:04.083797,184.0,222.0,184.0,434.0,202.0,190.0,202.0,188.0,,-69,8343178
30.2274,2019-09-08 18:42:04.105527,434.0,184.0,202.0,202.0,200.0,210.0,210.0,190.0,,-69,8342780
30.2491,2019-09-08 18:42:04.121050,434.0,184.0,204.0,184.0,198.0,174.0,206.0,196.0,,-69,8343399
30.2644,2019-09-08 18:42:04.144878,432.0,226.0,204.0,184.0,206.0,174.0,188.0,194.0,,-69,8342887
30.2883,2019-09-08 18:42:04.156397,432.0,432.0,184.0,226.0,194.0,192.0,202.0,188.0,,-69,8342264
30.2998,2019-09-08 18:42:04.183510,430.0,228.0,206.0,184.0,174.0,190.0,174.0,198.0,,-69,8342410
30.3273,2019-09-08 18:42:04.198442,186.0,230.0,184.0,230.0,174.0,188.0,188.0,188.0,,-69,8342770
30.3418,2019-09-08 18:42:04.216566,426.0,208.0,208.0,232.0,198.0,172.0,198.0,188.0,,-69,8342697
30.36,2019-09-08 18:42:04.234280,210.0,186.0,230.0,230.0,172.0,188.0,188.0,196.0,,-69,8342728
30.3776,2019-09-08 18:42:04.253508,232.0,210.0,186.0,232.0,186.0,196.0,188.0,188.0,,-69,8342306
30.3969,2019-09-08 18:42:04.270051,210.0,186.0,410.0,232.0,188.0,196.0,172.0,190.0,,-69,8341877
30.4135,2019-09-08 18:42:04.286624,212.0,402.0,212.0,186.0,186.0,196.0,172.0,188.0,,-69,8342711
30.43,2019-09-08 18:42:04.308438,394.0,236.0,214.0,236.0,186.0,196.0,172.0,172.0,,-68,8342846
30.4518,2019-09-08 18:42:04.322259,186.0,238.0,216.0,186.0,188.0,184.0,196.0,172.0,,-68,8342430
30.4656,2019-09-08 18:42:04.342496,372.0,218.0,186.0,238.0,188.0,188.0,172.0,188.0,,-68,8342908
30.4858,2019-09-08 18:42:04.361759,186.0,240.0,218.0,240.0,184.0,194.0,174.0,188.0,,-68,8343081
30.5051,2019-09-08 18:42:04.376462,188.0,352.0,218.0,188.0,184.0,174.0,174.0,188.0,,-68,8343109
30.5198,2019-09-08 18:42:04.397542,338.0,218.0,336.0,334.0,188.0,182.0,174.0,188.0,,-67,8342808
30.5409,2019-09-08 18:42:04.415668,216.0,218.0,236.0,186.0,182.0,188.0,182.0,188.0,,-67,8342690
30.5593,2019-09-08 18:42:04.434093,300.0,298.0,234.0,234.0,182.0,188.0,182.0,182.0,,-67,8343226
30.5774,2019-09-08 18:42:04.512106,280.0,232.0,186.0,230.0,186.0,174.0,188.0,180.0,,-66,8344074
30.6557,2019-09-08 18:42:04.519373,234.0,218.0,182.0,232.0,190.0,180.0,180.0,174.0,,-65,8343019
30.6627,2019-09-08 18:42:04.533832,202.0,182.0,214.0,200.0,186.0,174.0,180.0,186.0,,-65,8343188
30.6772,2019-09-08 18:42:04.557290,226.0,198.0,182.0,210.0,180.0,188.0,182.0,186.0,,-65,8344223
30.7006,2019-09-08 18:42:04.568540,182.0,196.0,182.0,182.0,174.0,190.0,186.0,186.0,,-64,8343295
30.7119,2019-09-08 18:42:04.586176,226.0,194.0,182.0,192.0,174.0,186.0,172.0,194.0,,-64,8342804
30.7298,2019-09-08 18:42:04.602843,204.0,192.0,182.0,190.0,198.0,190.0,190.0,172.0,,-64,8342513
30.7462,2019-09-08 18:42:04.619620,226.0,190.0,226.0,188.0,208.0,198.0,194.0,172.0,,-64,8343648
30.7629,2019-09-08 18:42:04.635592,224.0,188.0,188.0,182.0,224.0,196.0,196.0,174.0,,-64,8343759
30.7789,2019-09-08 18:42:04.660240,224.0,186.0,224.0,188.0,198.0,212.0,200.0,218.0,,-65,8344313
30.804,2019-09-08 18:42:04.672010,224.0,186.0,180.0,202.0,202.0,222.0,206.0,174.0,,-66,8343880
30.8153,2019-09-08 18:42:04.689030,222.0,224.0,186.0,180.0,334.0,230.0,208.0,174.0,,-66,8344382
30.8324,2019-09-08 18:42:04.707672,222.0,222.0,180.0,202.0,370.0,210.0,174.0,396.0,,-66,8344074
30.851,2019-09-08 18:42:04.724734,222.0,222.0,186.0,202.0,402.0,244.0,176.0,422.0,,-67,8345690
30.8682,2019-09-08 18:42:04.743154,188.0,188.0,180.0,202.0,248.0,214.0,442.0,252.0,,-67,8347285
30.8865,2019-09-08 18:42:04.765286,180.0,180.0,180.0,202.0,252.0,212.0,176.0,254.0,,-67,8349849
30.9086,2019-09-08 18:42:04.779789,182.0,202.0,180.0,202.0,174.0,214.0,176.0,254.0,,-68,8351863
30.9231,2019-09-08 18:42:04.796803,188.0,186.0,202.0,202.0,214.0,174.0,494.0,498.0,,-68,8355330
30.9401,2019-09-08 18:42:04.821414,188.0,180.0,202.0,202.0,252.0,176.0,176.0,514.0,,-68,8362701
30.9652,2019-09-08 18:42:04.836001,218.0,218.0,202.0,180.0,252.0,176.0,520.0,522.0,,-68,8365759
30.9794,2019-09-08 18:42:04.871275,188.0,182.0,218.0,188.0,212.0,176.0,248.0,248.0,,-69,8373632
31.0147,2019-09-08 18:42:04.885938,200.0,188.0,186.0,180.0,212.0,536.0,536.0,212.0,,-69,8376853
31.0293,2019-09-08 18:42:04.898270,188.0,182.0,218.0,188.0,176.0,174.0,244.0,212.0,,-69,8378012
31.0416,2019-09-08 18:42:04.915715,218.0,188.0,180.0,218.0,174.0,544.0,242.0,210.0,,-69,8380780
31.0591,2019-09-08 18:42:04.931941,218.0,188.0,180.0,188.0,242.0,208.0,208.0,174.0,,-69,8382434
31.0753,2019-09-08 18:42:04.951033,218.0,188.0,180.0,202.0,174.0,238.0,236.0,206.0,,-69,8381843
31.0946,2019-09-08 18:42:04.972503,188.0,182.0,180.0,218.0,174.0,564.0,206.0,206.0,,-69,8381389
31.1158,2019-09-08 18:42:04.992367,202.0,202.0,218.0,188.0,174.0,568.0,234.0,206.0,,-68,8378735
31.1359,2019-09-08 18:42:05.010600,202.0,220.0,188.0,220.0,174.0,570.0,206.0,206.0,,-68,8376846
31.1539,2019-09-08 18:42:05.029129,226.0,228.0,230.0,188.0,174.0,208.0,174.0,208.0,,-68,8373832
31.1727,2019-09-08 18:42:05.046355,248.0,190.0,254.0,190.0,232.0,230.0,208.0,174.0,,-68,8372469
31.1897,2019-09-08 18:42:05.068069,206.0,286.0,290.0,206.0,572.0,230.0,174.0,568.0,,-68,8371175
31.2114,2019-09-08 18:42:05.084848,326.0,332.0,336.0,212.0,568.0,174.0,174.0,228.0,,-67,8370081
31.2282,2019-09-08 18:42:05.102648,376.0,218.0,390.0,208.0,228.0,174.0,558.0,226.0,,-67,8369801
31.2461,2019-09-08 18:42:05.123070,224.0,192.0,192.0,192.0,214.0,222.0,528.0,174.0,,-67,8367919
31.2665,2019-09-08 18:42:05.142098,216.0,492.0,216.0,502.0,514.0,174.0,494.0,478.0,,-67,8366327
31.2854,2019-09-08 18:42:05.170791,234.0,196.0,196.0,234.0,212.0,206.0,174.0,414.0,,-66,8364874
31.3141,2019-09-08 18:42:05.187216,556.0,238.0,198.0,238.0,208.0,202.0,172.0,202.0,,-65,8361545
31.3306,2019-09-08 18:42:05.201610,218.0,198.0,242.0,242.0,200.0,172.0,172.0,196.0,,-64,8359887
31.3451,2019-09-08 18:42:05.238337,198.0,218.0,240.0,218.0,172.0,172.0,228.0,186.0,,-62,8355296
31.3817,2019-09-08 18:42:05.248797,546.0,240.0,196.0,216.0,192.0,172.0,214.0,184.0,,-62,8352033
31.3921,2019-09-08 18:42:05.258694,542.0,216.0,196.0,540.0,190.0,182.0,206.0,182.0,,-62,8349226
31.402,2019-09-08 18:42:05.279422,538.0,234.0,194.0,538.0,204.0,182.0,188.0,188.0,,-61,8343811
31.4227,2019-09-08 18:42:05.293188,234.0,212.0,538.0,234.0,174.0,198.0,180.0,188.0,,-61,8342372
31.4367,2019-09-08 18:42:05.314206,546.0,548.0,548.0,210.0,172.0,188.0,188.0,172.0,,-60,8342593
31.4576,2019-09-08 18:42:05.333250,548.0,546.0,190.0,190.0,196.0,180.0,188.0,172.0,,-60,8342486
31.4766,2019-09-08 18:42:05.348243,228.0,510.0,204.0,188.0,194.0,180.0,190.0,172.0,,-60,8342527
31.4917,2019-09-08 18:42:05.375985,444.0,200.0,200.0,186.0,182.0,190.0,172.0,194.0,,-61,8342783
31.5193,2019-09-08 18:42:05.386261,352.0,196.0,184.0,214.0,186.0,186.0,172.0,172.0,,-61,8342991
31.5297,2019-09-08 18:42:05.402431,280.0,192.0,182.0,208.0,192.0,198.0,172.0,206.0,,-61,8342894
31.546,2019-09-08 18:42:05.419559,244.0,206.0,206.0,206.0,172.0,172.0,206.0,206.0,,-62,8342714
31.5629,2019-09-08 18:42:05.437333,188.0,190.0,182.0,204.0,174.0,242.0,174.0,260.0,,-62,8343520
31.5807,2019-09-08 18:42:05.457273,188.0,182.0,202.0,202.0,216.0,222.0,296.0,222.0,,-63,8345098
31.6007,2019-09-08 18:42:05.479992,188.0,180.0,202.0,180.0,222.0,230.0,338.0,228.0,,-64,8343105
31.6234,2019-09-08 18:42:05.493570,180.0,186.0,180.0,202.0,234.0,176.0,232.0,232.0,,-65,8342707
31.6369,2019-09-08 18:42:05.509727,202.0,188.0,182.0,202.0,378.0,234.0,236.0,176.0,,-65,8342558
31.6531,2019-09-08 18:42:05.530696,180.0,202.0,202.0,228.0,240.0,178.0,408.0,240.0,,-65,8342105
31.674,2019-09-08 18:42:05.548720,226.0,228.0,202.0,226.0,178.0,420.0,246.0,242.0,,-65,8342790
31.6922,2019-09-08 18:42:05.566397,182.0,188.0,188.0,180.0,432.0,434.0,250.0,244.0,,-66,8343278
31.7097,2019-09-08 18:42:05.590771,226.0,188.0,180.0,186.0,250.0,246.0,178.0,458.0,,-66,8343136
31.7341,2019-09-08 18:42:05.601109,224.0,224.0,182.0,180.0,178.0,250.0,178.0,470.0,,-66,8343448
31.7446,2019-09-08 18:42:05.620462,188.0,186.0,180.0,202.0,178.0,248.0,246.0,178.0,,-66,8343586
31.7639,2019-09-08 18:42:05.640465,182.0,224.0,188.0,180.0,178.0,488.0,244.0,178.0,,-67,8343873
31.784,2019-09-08 18:42:05.657448,188.0,182.0,180.0,224.0,246.0,242.0,240.0,178.0,,-67,8344392
31.8008,2019-09-08 18:42:05.686746,224.0,224.0,180.0,202.0,242.0,242.0,236.0,178.0,,-67,8346154
31.8301,2019-09-08 18:42:05.693483,224.0,188.0,182.0,202.0,496.0,238.0,232.0,176.0,,-67,8346860
31.8368,2019-09-08 18:42:05.710199,182.0,202.0,180.0,202.0,230.0,176.0,480.0,478.0,,-67,8351399
31.8536,2019-09-08 18:42:05.729078,222.0,186.0,182.0,188.0,230.0,176.0,466.0,228.0,,-67,8353770
31.8724,2019-09-08 18:42:05.753211,202.0,186.0,222.0,188.0,218.0,174.0,440.0,222.0,,-66,8357929
31.8966,2019-09-08 18:42:05.767041,188.0,186.0,202.0,188.0,220.0,208.0,174.0,380.0,,-66,8360348
31.9104,2019-09-08 18:42:05.784267,224.0,188.0,180.0,202.0,174.0,344.0,206.0,198.0,,-65,8362296
31.9276,2019-09-08 18:42:05.801963,202.0,188.0,180.0,222.0,174.0,288.0,198.0,194.0,,-64,8365261
31.9453,2019-09-08 18:42:05.819882,188.0,182.0,180.0,224.0,194.0,248.0,236.0,192.0,,-63,8366964
31.9635,2019-09-08 18:42:05.837858,188.0,202.0,182.0,228.0,190.0,216.0,186.0,184.0,,-63,8364400
31.9812,2019-09-08 18:42:05.854224,182.0,188.0,182.0,202.0,204.0,184.0,188.0,172.0,,-62,8359808
31.9977,2019-09-08 18:42:05.872550,202.0,188.0,202.0,204.0,174.0,196.0,180.0,186.0,,-62,8353330
32.0159,2019-09-08 18:42:05.898204,278.0,182.0,206.0,296.0,174.0,194.0,180.0,184.0,,-61,8346043
32.0415,2019-09-08 18:42:05.912972,190.0,324.0,328.0,190.0,174.0,180.0,180.0,186.0,,-61,8342994
32.0563,2019-09-08 18:42:05.931897,210.0,194.0,368.0,212.0,172.0,180.0,186.0,174.0,,-61,8342898
32.0752,2019-09-08 18:42:05.951147,400.0,198.0,406.0,412.0,194.0,196.0,184.0,172.0,,-61,8344223
32.0945,2019-09-08 18:42:05.967067,440.0,204.0,188.0,220.0,198.0,182.0,188.0,208.0,,-63,8344590
32.1104,2019-09-08 18:42:05.987171,190.0,210.0,496.0,212.0,218.0,190.0,188.0,172.0,,-63,8344116
32.1305,2019-09-08 18:42:06.012600,522.0,214.0,194.0,530.0,192.0,192.0,172.0,304.0,,-64,8344112
32.156,2019-09-08 18:42:06.027624,216.0,218.0,240.0,218.0,330.0,200.0,172.0,386.0,,-65,8343600
32.1711,2019-09-08 18:42:06.051864,220.0,196.0,244.0,552.0,208.0,174.0,468.0,472.0,,-66,8342292
32.1952,2019-09-08 18:42:06.065270,550.0,222.0,196.0,548.0,212.0,174.0,490.0,224.0,,-66,8342652
32.2086,2019-09-08 18:42:06.091115,544.0,222.0,196.0,250.0,228.0,214.0,174.0,214.0,,-66,8344271
32.2345,2019-09-08 18:42:06.106780,224.0,196.0,196.0,252.0,216.0,174.0,524.0,236.0,,-67,8343673
32.2501,2019-09-08 18:42:06.118939,224.0,196.0,254.0,196.0,216.0,176.0,536.0,238.0,,-67,8343548
32.2623,2019-09-08 18:42:06.154491,194.0,256.0,222.0,194.0,176.0,550.0,236.0,218.0,,-68,8342614
32.2979,2019-09-08 18:42:06.168370,258.0,222.0,194.0,194.0,176.0,552.0,234.0,218.0,,-68,8342936
32.3118,2019-09-08 18:42:06.192384,194.0,220.0,192.0,258.0,548.0,234.0,216.0,176.0,,-69,8343513
32.3358,2019-09-08 18:42:06.203275,538.0,218.0,192.0,544.0,540.0,230.0,212.0,176.0,,-69,8343420
32.3467,2019-09-08 18:42:06.220087,556.0,190.0,560.0,216.0,530.0,226.0,208.0,176.0,,-70,8343545
32.3636,2019-09-08 18:42:06.236159,572.0,190.0,574.0,214.0,510.0,222.0,202.0,174.0,,-70,8343548
32.3796,2019-09-08 18:42:06.255181,574.0,212.0,574.0,252.0,476.0,214.0,196.0,174.0,,-70,8343901
32.3986,2019-09-08 18:42:06.269537,562.0,560.0,210.0,188.0,430.0,204.0,194.0,172.0,,-70,8343448
32.413,2019-09-08 18:42:06.290201,532.0,208.0,206.0,186.0,198.0,196.0,190.0,172.0,,-69,8343493
32.4337,2019-09-08 18:42:06.306794,480.0,472.0,204.0,184.0,192.0,190.0,188.0,280.0,,-68,8343731
32.4505,2019-09-08 18:42:06.321455,392.0,382.0,200.0,184.0,186.0,188.0,174.0,244.0,,-67,8343770
32.4648,2019-09-08 18:42:06.339940,304.0,198.0,198.0,182.0,182.0,186.0,174.0,216.0,,-66,8343821
32.4834,2019-09-08 18:42:06.356311,248.0,244.0,240.0,182.0,180.0,186.0,174.0,204.0,,-65,8343614
32.4996,2019-09-08 18:42:06.373899,232.0,194.0,182.0,220.0,178.0,186.0,172.0,200.0,,-64,8343500
32.5172,2019-09-08 18:42:06.390163,230.0,230.0,192.0,182.0,178.0,184.0,172.0,208.0,,-64,8343770
32.5338,2019-09-08 18:42:06.408574,228.0,190.0,190.0,182.0,178.0,184.0,172.0,232.0,,-63,8344181
32.5519,2019-09-08 18:42:06.427386,228.0,188.0,188.0,208.0,186.0,186.0,172.0,270.0,,-63,8344012
32.5707,2019-09-08 18:42:06.444224,228.0,228.0,180.0,180.0,192.0,192.0,172.0,356.0,,-63,8347545
32.5876,2019-09-08 18:42:06.464750,206.0,186.0,180.0,186.0,198.0,196.0,172.0,202.0,,-65,8349410
32.6081,2019-09-08 18:42:06.479945,226.0,186.0,180.0,180.0,204.0,174.0,486.0,494.0,,-65,8350469
32.6234,2019-09-08 18:42:06.500989,202.0,186.0,186.0,188.0,208.0,174.0,510.0,214.0,,-66,8350604
32.6443,2019-09-08 18:42:06.518328,202.0,186.0,180.0,204.0,212.0,174.0,528.0,222.0,,-66,8351195
32.6617,2019-09-08 18:42:06.536143,224.0,224.0,180.0,202.0,216.0,176.0,546.0,226.0,,-66,8352489
32.6795,2019-09-08 18:42:06.553330,222.0,204.0,180.0,202.0,218.0,176.0,560.0,230.0,,-66,8355074
32.6967,2019-09-08 18:42:06.571010,220.0,186.0,180.0,202.0,218.0,176.0,566.0,232.0,,-67,8359597
32.7143,2019-09-08 18:42:06.588911,220.0,220.0,180.0,182.0,214.0,176.0,570.0,234.0,,-68,8361195
32.7323,2019-09-08 18:42:06.607804,220.0,188.0,182.0,202.0,212.0,176.0,574.0,234.0,,-68,8361161
32.7513,2019-09-08 18:42:06.625593,182.0,202.0,182.0,180.0,210.0,176.0,234.0,234.0,,-69,8364223
32.7689,2019-09-08 18:42:06.642994,202.0,186.0,182.0,186.0,208.0,174.0,234.0,206.0,,-69,8367095
32.7864,2019-09-08 18:42:06.662978,218.0,218.0,218.0,218.0,206.0,176.0,566.0,230.0,,-70,8369759
32.8064,2019-09-08 18:42:06.679139,218.0,188.0,188.0,218.0,174.0,562.0,230.0,202.0,,-70,8371199
32.8225,2019-09-08 18:42:06.697770,218.0,188.0,218.0,180.0,174.0,550.0,224.0,198.0,,-70,8373922
32.8411,2019-09-08 18:42:06.717475,218.0,218.0,182.0,218.0,174.0,530.0,218.0,194.0,,-69,8376351
32.8609,2019-09-08 18:42:06.734104,180.0,188.0,182.0,202.0,172.0,402.0,200.0,190.0,,-69,8376884
32.8774,2019-09-08 18:42:06.777840,182.0,202.0,182.0,202.0,172.0,314.0,188.0,172.0,,-66,8373978
32.9212,2019-09-08 18:42:06.784159,216.0,188.0,180.0,188.0,218.0,180.0,186.0,174.0,,-66,8370891
32.9275,2019-09-08 18:42:06.801605,216.0,182.0,182.0,202.0,198.0,180.0,186.0,172.0,,-65,8366770
32.9451,2019-09-08 18:42:06.818697,218.0,186.0,218.0,180.0,180.0,184.0,184.0,174.0,,-64,8359517
32.9621,2019-09-08 18:42:06.833624,220.0,180.0,182.0,220.0,194.0,178.0,184.0,174.0,,-64,8350853
32.9771,2019-09-08 18:42:06.852429,188.0,180.0,202.0,202.0,180.0,184.0,172.0,194.0,,-64,8347078
32.9958,2019-09-08 18:42:06.870500,188.0,182.0,232.0,186.0,178.0,186.0,174.0,194.0,,-64,8343050
33.0141,2019-09-08 18:42:06.887874,188.0,180.0,182.0,204.0,180.0,178.0,184.0,196.0,,-65,8342901
33.0312,2019-09-08 18:42:06.913311,264.0,190.0,182.0,192.0,180.0,184.0,172.0,198.0,,-66,8343776
33.0567,2019-09-08 18:42:06.926752,194.0,184.0,206.0,290.0,178.0,172.0,172.0,216.0,,-66,8345109
33.0701,2019-09-08 18:42:06.942553,296.0,196.0,186.0,206.0,180.0,186.0,258.0,278.0,,-67,8344998
33.0862,2019-09-08 18:42:06.962667,186.0,208.0,310.0,208.0,188.0,172.0,376.0,190.0,,-67,8343655
33.1061,2019-09-08 18:42:06.982133,188.0,210.0,210.0,204.0,192.0,172.0,172.0,198.0,,-68,8343410
33.1255,2019-09-08 18:42:07.006393,366.0,208.0,376.0,190.0,196.0,172.0,552.0,202.0,,-69,8342271
33.1497,2019-09-08 18:42:07.044596,414.0,212.0,422.0,430.0,196.0,586.0,206.0,206.0,,-70,8345275
33.1881,2019-09-08 18:42:07.054200,464.0,220.0,470.0,220.0,174.0,174.0,212.0,198.0,,-70,8344396
33.1975,2019-09-08 18:42:07.065078,224.0,226.0,198.0,198.0,174.0,646.0,212.0,196.0,,-70,8343828
33.2084,2019-09-08 18:42:07.080472,544.0,198.0,198.0,230.0,174.0,644.0,210.0,196.0,,-70,8343226
33.2241,2019-09-08 18:42:07.109199,560.0,234.0,198.0,232.0,194.0,634.0,630.0,206.0,,-71,8343071
33.2525,2019-09-08 18:42:07.132995,200.0,236.0,236.0,570.0,600.0,202.0,192.0,172.0,,-71,8343697
33.2764,2019-09-08 18:42:07.145788,574.0,574.0,200.0,238.0,570.0,198.0,190.0,172.0,,-71,8343617
33.2892,2019-09-08 18:42:07.162322,574.0,572.0,240.0,238.0,514.0,192.0,188.0,172.0,,-71,8344185
33.3057,2019-09-08 18:42:07.182403,566.0,240.0,240.0,240.0,172.0,186.0,188.0,172.0,,-70,8343565
33.3259,2019-09-08 18:42:07.198462,238.0,242.0,242.0,240.0,366.0,348.0,184.0,186.0,,-69,8343455
33.342,2019-09-08 18:42:07.219169,548.0,548.0,242.0,242.0,172.0,282.0,186.0,186.0,,-67,8343673
33.3626,2019-09-08 18:42:07.231603,542.0,202.0,244.0,238.0,180.0,186.0,172.0,172.0,,-66,8343527
33.3751,2019-09-08 18:42:07.262717,544.0,246.0,548.0,238.0,178.0,186.0,174.0,206.0,,-65,8343493
33.4061,2019-09-08 18:42:07.269128,246.0,236.0,200.0,236.0,204.0,186.0,172.0,200.0,,-65,8343984
33.4124,2019-09-08 18:42:07.285080,248.0,250.0,200.0,560.0,178.0,186.0,174.0,178.0,,-64,8343887
33.4284,2019-09-08 18:42:07.301739,250.0,248.0,198.0,250.0,186.0,174.0,200.0,178.0,,-63,8343122
33.4451,2019-09-08 18:42:07.323990,510.0,498.0,192.0,192.0,184.0,174.0,202.0,206.0,,-63,8343593
33.4674,2019-09-08 18:42:07.341076,404.0,212.0,190.0,374.0,186.0,172.0,228.0,186.0,,-64,8343887
33.4844,2019-09-08 18:42:07.360331,312.0,186.0,294.0,186.0,190.0,172.0,280.0,188.0,,-64,8344088
33.5038,2019-09-08 18:42:07.381169,252.0,200.0,184.0,222.0,172.0,370.0,194.0,200.0,,-66,8344507
33.5245,2019-09-08 18:42:07.394320,234.0,234.0,196.0,196.0,174.0,492.0,202.0,202.0,,-67,8345448
33.5377,2019-09-08 18:42:07.413660,230.0,232.0,194.0,212.0,174.0,552.0,204.0,206.0,,-68,8344666
33.557,2019-09-08 18:42:07.433628,230.0,190.0,182.0,190.0,174.0,582.0,206.0,206.0,,-68,8344783
33.5771,2019-09-08 18:42:07.449084,230.0,228.0,188.0,182.0,174.0,210.0,206.0,174.0,,-68,8344372
33.5924,2019-09-08 18:42:07.468085,186.0,182.0,206.0,206.0,612.0,212.0,204.0,174.0,,-69,8344084
33.6116,2019-09-08 18:42:07.488829,228.0,188.0,182.0,204.0,616.0,214.0,202.0,174.0,,-69,8346078
33.6322,2019-09-08 18:42:07.506001,228.0,188.0,180.0,228.0,608.0,214.0,198.0,598.0,,-70,8346669
33.6495,2019-09-08 18:42:07.524358,226.0,202.0,226.0,202.0,596.0,210.0,196.0,174.0,,-70,8348226
33.6677,2019-09-08 18:42:07.543849,182.0,202.0,180.0,226.0,576.0,208.0,194.0,172.0,,-70,8349081
33.6872,2019-09-08 18:42:07.563915,226.0,188.0,180.0,202.0,204.0,192.0,172.0,198.0,,-70,8350860
33.7073,2019-09-08 18:42:07.580391,224.0,188.0,180.0,202.0,190.0,190.0,408.0,390.0,,-69,8351676
33.7241,2019-09-08 18:42:07.598513,224.0,186.0,182.0,202.0,188.0,188.0,172.0,324.0,,-68,8351036
33.7419,2019-09-08 18:42:07.620183,202.0,188.0,182.0,202.0,186.0,174.0,280.0,270.0,,-67,8350749
33.7645,2019-09-08 18:42:07.637153,202.0,222.0,186.0,182.0,172.0,248.0,182.0,186.0,,-65,8350559
33.7809,2019-09-08 18:42:07.653586,222.0,222.0,188.0,222.0,186.0,172.0,214.0,186.0,,-65,8351787
33.797,2019-09-08 18:42:07.670486,182.0,204.0,182.0,202.0,172.0,204.0,178.0,186.0,,-64,8350136
33.8144,2019-09-08 18:42:07.690084,220.0,222.0,188.0,188.0,202.0,178.0,178.0,186.0,,-64,8348576
33.8343,2019-09-08 18:42:07.708828,220.0,188.0,188.0,188.0,208.0,180.0,186.0,174.0,,-64,8347313
33.8522,2019-09-08 18:42:07.728749,180.0,220.0,188.0,202.0,218.0,226.0,184.0,188.0,,-64,8348299
33.8722,2019-09-08 18:42:07.748657,220.0,188.0,188.0,186.0,172.0,260.0,188.0,172.0,,-65,8350046
33.8925,2019-09-08 18:42:07.761395,182.0,222.0,186.0,182.0,172.0,338.0,196.0,174.0,,-66,8351112
33.9052,2019-09-08 18:42:07.778362,226.0,188.0,226.0,202.0,418.0,198.0,174.0,476.0,,-67,8351749
33.9218,2019-09-08 18:42:07.799277,202.0,232.0,182.0,188.0,204.0,200.0,174.0,530.0,,-68,8350984
33.9427,2019-09-08 18:42:07.815542,202.0,188.0,188.0,182.0,206.0,200.0,174.0,568.0,,-68,8351437
33.959,2019-09-08 18:42:07.841633,302.0,188.0,182.0,208.0,210.0,202.0,202.0,174.0,,-69,8351832
33.9851,2019-09-08 18:42:07.854849,360.0,190.0,182.0,210.0,204.0,174.0,174.0,612.0,,-69,8352136
33.9983,2019-09-08 18:42:07.871533,404.0,410.0,192.0,182.0,212.0,204.0,174.0,174.0,,-70,8351901
34.015,2019-09-08 18:42:07.891099,438.0,192.0,182.0,214.0,204.0,174.0,612.0,212.0,,-70,8350804
34.0345,2019-09-08 18:42:07.908448,476.0,480.0,182.0,216.0,202.0,174.0,602.0,212.0,,-70,8350320
34.0522,2019-09-08 18:42:07.935109,512.0,196.0,184.0,218.0,200.0,174.0,592.0,210.0,,-71,8349662
34.0785,2019-09-08 18:42:07.944092,550.0,196.0,220.0,220.0,210.0,200.0,580.0,208.0,,-71,8349662
34.0876,2019-09-08 18:42:07.995164,198.0,198.0,184.0,222.0,196.0,450.0,200.0,196.0,,-71,8348804
34.139,2019-09-08 18:42:08.004486,204.0,186.0,226.0,226.0,196.0,174.0,400.0,196.0,,-71,8348870
34.1478,2019-09-08 18:42:08.026613,208.0,188.0,594.0,232.0,386.0,196.0,196.0,196.0,,-71,8349057
34.17,2019-09-08 18:42:08.050841,216.0,586.0,236.0,584.0,372.0,196.0,196.0,174.0,,-72,8349569
34.1942,2019-09-08 18:42:08.058714,582.0,582.0,192.0,578.0,172.0,194.0,196.0,172.0,,-72,8349427
34.202,2019-09-08 18:42:08.079482,244.0,226.0,194.0,192.0,366.0,366.0,196.0,174.0,,-73,8350399
34.2228,2019-09-08 18:42:08.095607,250.0,230.0,230.0,558.0,196.0,198.0,198.0,372.0,,-73,8350548
34.239,2019-09-08 18:42:08.112486,552.0,234.0,196.0,256.0,196.0,196.0,174.0,374.0,,-74,8351022
34.2558,2019-09-08 18:42:08.134058,544.0,236.0,198.0,542.0,376.0,198.0,200.0,374.0,,-74,8351171
34.2774,2019-09-08 18:42:08.150656,238.0,238.0,198.0,260.0,200.0,174.0,372.0,174.0,,-74,8351067
34.294,2019-09-08 18:42:08.166647,198.0,262.0,528.0,238.0,372.0,200.0,372.0,200.0,,-75,8350545
34.31,2019-09-08 18:42:08.185702,524.0,238.0,198.0,264.0,202.0,174.0,370.0,370.0,,-75,8350469
34.329,2019-09-08 18:42:08.204815,198.0,240.0,264.0,198.0,174.0,370.0,202.0,206.0,,-75,8350244
34.3481,2019-09-08 18:42:08.223382,240.0,198.0,266.0,266.0,174.0,174.0,204.0,204.0,,-75,8350088
34.3667,2019-09-08 18:42:08.251630,198.0,508.0,266.0,198.0,174.0,204.0,210.0,174.0,,-75,8350420
34.395,2019-09-08 18:42:08.268355,200.0,506.0,504.0,238.0,358.0,206.0,210.0,174.0,,-75,8350469
34.4117,2019-09-08 18:42:08.285665,506.0,506.0,238.0,198.0,174.0,174.0,356.0,208.0,,-75,8351181
